Workbook

Sheet 1.7
A1: 45474 | C1: Stock
A2: TÊN SẢN PHẨM VR | B2: ĐVT | C2: TỒN TRƯỚC | D2: GIÁ NHẬP | E2: THÀNH TIỀN
A4: BẮP CẢI TÍM | B4: Kg
A5: BẮP CẢI TÍM (BẮP) | B5: BẮP
A6: BẮP CẢI TÍM SUSHI | B6: Kg
A7: BẮP CẢI TRẮNG | B7: Kg
A8: BẮP CẢI TRẮNG (BẮP) | B8: BẮP
A9: BẮP CẢI TRẮNG MỘC CHÂU | B9: Kg
A10: BẮP CẢI TRẮNG SÓI BIỂN | B10: Kg
A11: BẮP CẢI TRẮNG SUSHI | B11: Kg
A12: BẮP MỸ CẶP | B12: CẶP
A13: BẦU | B13: Kg
A14: BÍ ĐAO XANH | B14: Kg
A15: BÍ ĐAO XANH 400G | B15: TRÁI
A16: BÍ ĐỎ HỒ LÔ | B16: Kg | C16: 7 | D16: 18000 | E16: =+D16*C16 -> 126000
A17: BÍ ĐỎ MINI | B17: Kg
A18: BÍ ĐỎ NON (KG)KQ | B18: Kg
A19: BÍ ĐỎ NON TRÁI VR | B19: TRÁI
A20: BÍ ĐỎ NON( KG) VR | B20: Kg
A21: BÍ ĐỎ TRÒN | B21: Kg | C21: 140 | D21: 13000 | E21: =+D21*C21 -> 1820000
A22: BÍ MINI VÀNG 300GR | B22: TRÁI
A23: BÍ MINI VÀNG KG | B23: Kg
A24: BÍ NGÒI VÀNG | B24: Kg
A25: BÍ NGÒI VÀNG (TRÁI) | B25: TRÁI
A26: BÍ NGÒI XANH | B26: Kg | C26: 70 | D26: 13000 | E26: =+D26*C26 -> 910000
A27: BÍ NGÒI XANH(TRÁI) | B27: TRÁI | C27: 235 | D27: 3900 | E27: =+D27*C27 -> 916500
A28: BÍ NHẬT | B28: Kg
A29: BƠ 034 | B29: Kg | C29: 89 | D29: 12500 | E29: =+D29*C29 -> 1112500
A30: BƠ 034 COOP | B30: Kg
A31: BƠ BOOTH | B31: Kg
A32: BO HOA CHUONG | B32: BÓ
A33: BO HOA CUC TANA | B33: BÓ
A34: BO HOA DONG TIEN HN | B34: BÓ
A35: BO HOA LOA KEN | B35: BÓ
A36: BO HOA PHANG | B36: BÓ
A37: BO HOA SEN QUAN AM | B37: BÓ
A38: BO HOA SEN SUPER | B38: BÓ
A39: BƠ SÁP | B39: Kg | C39: 30 | D39: 11000 | E39: =+D39*C39 -> 330000
A40: BÓ XÔI | B40: Kg
A41: BÓ XÔI 300G VR | B41: TÚI
A42: BÓ XÔI-NA | B42: Kg
A43: BÔNG ATISO | B43: Kg
A44: BÔNG BÍ | B44: Kg
A45: BÔNG BÍ TÚI 300GR | B45: VỈ
A46: BÔNG CẢI TRẮNG | B46: Kg
A47: BÔNG CẢI TRẮNG (CÂY) | B47: CÂY
A48: BÔNG CẢI XANH 10P | B48: Kg
A49: BÔNG CẢI XANH AEON | B49: Kg
A50: BÔNG CẢI XANH AEON (CÂY) | B50: CÂY
A51: BÔNG CẢI XANH BABY (KG) | B51: Kg
... A57: CÀ CHUA BI (HỘP) 300GR KQ | B57: HỘP
A58: CÀ CHUA BI (HỘP) 300GR VR | B58: HỘP | C58: 45 | D58: 9000 | E58: =+D58*C58 -> 405000
A59: CÀ CHUA BI 300GR KQ (KG) | B59: Kg
A60: CÀ CHUA BI 300GR VR (KG) | B60: Kg
A61: CÀ CHUA BI CAM SỮA (KG) VR | B61: Kg
A62: CÀ CHUA BI COOP | B62: Kg | C62: 2.5 | D62: 28000 | E62: =+D62*C62 -> 70000
A63: CÀ CHUA BI-NA | B63: Kg
A64: CÀ CHUA CHERRY MIX 300G | B64: HỘP
A65: CÀ CHUA L1 | B65: TÚI
A66: CÀ CHUA MỘC CHÂU | B66: Kg
A67: CÀ CHUA NGỌT | B67: Kg
A68: CÀ CHUA NGỌT 300GR (KG) | B68: Kg
A69: CÀ CHUA NGỌT XÁ | B69: Kg
A70: CÀ CHUA ROSEBERRY 300G | B70: Kg
A71: CÀ CHUA SÔCOLA 250GR (HỘP) VR | B71: HỘP
A72: CÀ CHUA SÔCOLA 250GR (KG) -NA | B72: Kg
A73: CÀ CHUA SÔCOLA 250GR (KG) VR | B73: Kg
A74: CÀ CHUA SÔCOLA 250GR(KG) KQ | B74: Kg
... A80: CÀ CHUA Ý 500G | B80: VỈ
A81: CÀ CHUA Ý CHÙM | B81: KG | C81: 60 | D81: 30000 | E81: =+D81*C81 -> 1800000
A82: CÀ CHUA Ý(VỈ) KG | B82: Kg | C82: 36 | D82: 23000 | E82: =+D82*C82 -> 828000
A83: CÀ CHUA Ý(VỈ) KG KQ | B83: Kg
A84: CÀ RỐT BABY | B84: Kg
A85: CÀ RỐT BABY (KG) KQ | B85: Kg
A86: CÀ RỐT BABY 200GR | B86: VỈ | C86: 2 | D86: 3600 | E86: =+D86*C86 -> 7200
A87: CÀ RỐT DL | B87: Kg
A88: CÀ RỐT DL L1 | B88: Kg
A89: CÀ RỐT DL TÚI LƯỚI 500GR VR | B89: TÚI
A90: CÀ RỐT TRUNG | B90: Kg
A91: CÀ RỐT TÚI LƯỚI 800G KQ | B91: TÚI
A92: CÀ TÍM | B92: Kg | C92: 50 | D92: 10000 | E92: =+D92*C92 -> 500000
A93: CÀ TÍM CẶP 400G | B93: CẶP
A94: CÀ TÍM SỌC PHA LÊ 300G | B94: HỘP
A95: CÀ TÍM SỌC PHA LÊ HỘP 500GR VR | B95: HỘP
A96: CÀ TÍM SỌC PHA LÊ TÍM (KG) VR | B96: Kg
A97: CÀ Ý VỈ 650GR | B97: VỈ
A98: CẢI CẦU VỒNG | B98: Kg
A99: CẢI CẦU VỒNG 300GR | B99: TÚI
A100: CẢI CÚC 300GR | B100: TÚI
A101: CẢI KALE | B101: Kg
A102: CẢI KALE 150GR | B102: TÚI
A103: CẢI KALE 300GR | B103: TÚI
A104: CẢI MÈO MỘC CHÂU | B104: Kg
... A111: CẢI THẢO VR | B111: Kg
A112: CẦN TÂY (KG) | B112: Kg | C112: 60 | D112: 17000 | E112: =+D112*C112 -> 1020000
A113: CẦN TÂY THUỶ CANH | B113: Kg
A114: CẦN TÂY(CÂY) | B114: CÂY
A115: CHANH DÂY | B115: Kg
A116: CHANH DÂY NGỌT L2 | B116: Kg
A117: CHANH DÂY NGỌT VỈ 300GR | B117: VỈ
...

Sheet 2.7
A1: 45475 | C1: Stock
A2: TÊN SẢN PHẨM VR | B2: ĐVT | C2: TỒN TRƯỚC | D2: GIÁ NHẬP | E2: THÀNH TIỀN
A4: BẮP CẢI TÍM | B4: Kg | C4: 4 | D4: 16000 | E4: =+D4*C4 -> 64000
A5: BẮP CẢI TÍM (BẮP) | B5: BẮP
A6: BẮP CẢI TÍM SUSHI | B6: Kg
A7: BẮP CẢI TRẮNG | B7: Kg
A8: BẮP CẢI TRẮNG (BẮP) | B8: BẮP
A9: BẮP CẢI TRẮNG MỘC CHÂU | B9: Kg
A10: BẮP CẢI TRẮNG SÓI BIỂN | B10: Kg
A11: BẮP CẢI TRẮNG SUSHI | B11: Kg
A12: BẮP MỸ CẶP | B12: CẶP
A13: BẦU | B13: Kg
A14: BÍ ĐAO XANH | B14: Kg
A15: BÍ ĐAO XANH 400G | B15: TRÁI
A16: BÍ ĐỎ HỒ LÔ | B16: Kg | C16: 15 | D16: 18000 | E16: =+D16*C16 -> 270000
A17: BÍ ĐỎ MINI | B17: Kg
A18: BÍ ĐỎ NON (KG)KQ | B18: Kg
A19: BÍ ĐỎ NON TRÁI VR | B19: TRÁI
A20: BÍ ĐỎ NON( KG) VR | B20: Kg | C20: 6 | D20: 13000 | E20: =+D20*C20 -> 78000
A21: BÍ ĐỎ TRÒN | B21: Kg | C21: 100 | D21: 13000 | E21: =+D21*C21 -> 1300000
A22: BÍ MINI VÀNG 300GR | B22: TRÁI
A23: BÍ MINI VÀNG KG | B23: Kg
A24: BÍ NGÒI VÀNG | B24: Kg
A25: BÍ NGÒI VÀNG (TRÁI) | B25: TRÁI
A26: BÍ NGÒI XANH | B26: Kg | C26: 120 | D26: 13000 | E26: =+D26*C26 -> 1560000
A27: BÍ NGÒI XANH(TRÁI) | B27: TRÁI | C27: 135 | D27: 3900 | E27: =+D27*C27 -> 526500
A28: BÍ NHẬT | B28: Kg
A29: BƠ 034 | B29: Kg | C29: 69 | D29: 12500 | E29: =+D29*C29 -> 862500
A30: BƠ 034 COOP | B30: Kg
A31: BƠ BOOTH | B31: Kg
A32: BO HOA CHUONG | B32: BÓ
A33: BO HOA CUC TANA | B33: BÓ
A34: BO HOA DONG TIEN HN | B34: BÓ
A35: BO HOA LOA KEN | B35: BÓ
A36: BO HOA PHANG | B36: BÓ
A37: BO HOA SEN QUAN AM | B37: BÓ
A38: BO HOA SEN SUPER | B38: BÓ
A39: BƠ SÁP | B39: Kg | C39: 29 | D39: 11000 | E39: =+D39*C39 -> 319000
A40: BÓ XÔI | B40: Kg
A41: BÓ XÔI 300G VR | B41: TÚI
A42: BÓ XÔI-NA | B42: Kg
A43: BÔNG ATISO | B43: Kg
A44: BÔNG BÍ | B44: Kg
A45: BÔNG BÍ TÚI 300GR | B45: VỈ
A46: BÔNG CẢI TRẮNG | B46: Kg
A47: BÔNG CẢI TRẮNG (CÂY) | B47: CÂY
A48: BÔNG CẢI XANH 10P | B48: Kg
A49: BÔNG CẢI XANH AEON | B49: Kg
A50: BÔNG CẢI XANH AEON (CÂY) | B50: CÂY
A51: BÔNG CẢI XANH BABY (KG) | B51: Kg
... A63: CÀ CHUA BI-NA | B63: Kg
A64: CÀ CHUA CHERRY MIX 300G | B64: HỘP | C64: 5 | D64: 15600 | E64: =+D64*C64 -> 78000
A65: CÀ CHUA L1 | B65: TÚI | C65: 200 | D65: 10000 | E65: =+D65*C65 -> 2000000
A66: CÀ CHUA MỘC CHÂU | B66: Kg
A67: CÀ CHUA NGỌT | B67: Kg
A68: CÀ CHUA NGỌT 300GR (KG) | B68: Kg
A69: CÀ CHUA NGỌT XÁ | B69: Kg
A70: CÀ CHUA ROSEBERRY 300G | B70: Kg
A71: CÀ CHUA SÔCOLA 250GR (HỘP) VR | B71: HỘP
A72: CÀ CHUA SÔCOLA 250GR (KG) -NA | B72: Kg
A73: CÀ CHUA SÔCOLA 250GR (KG) VR | B73: Kg | C73: 3 | D73: 40000 | E73: =+D73*C73 -> 120000
A74: CÀ CHUA SÔCOLA 250GR(KG) KQ | B74: Kg
A75: CÀ CHUA SÔCOLA 300GR (HỘP) VR | B75: HỘP
A76: CÀ CHUA SOCOLA XÁ | B76: Kg
A77: CÀ CHUA SÔCOLA(HỘP) KQ | B77: HỘP
A78: CÀ CHUA VỈ 400GR | B78: VỈ
A79: CÀ CHUA Ý | B79: Kg
A80: CÀ CHUA Ý 500G | B80: VỈ
A81: CÀ CHUA Ý CHÙM | B81: KG
A82: CÀ CHUA Ý(VỈ) KG | B82: Kg | C82: 11 | D82: 23000 | E82: =+D82*C82 -> 253000
A83: CÀ CHUA Ý(VỈ) KG KQ | B83: Kg
A84: CÀ RỐT BABY | B84: Kg
A85: CÀ RỐT BABY (KG) KQ | B85: Kg
A86: CÀ RỐT BABY 200GR | B86: VỈ | C86: 2 | D86: 3600 | E86: =+D86*C86 -> 7200
A87: CÀ RỐT DL | B87: Kg
A88: CÀ RỐT DL L1 | B88: Kg | C88: 8 | D88: 20000 | E88: =+D88*C88 -> 160000
A89: CÀ RỐT DL TÚI LƯỚI 500GR VR | B89: TÚI
A90: CÀ RỐT TRUNG | B90: Kg
A91: CÀ RỐT TÚI LƯỚI 800G KQ | B91: TÚI
A92: CÀ TÍM | B92: Kg
A93: CÀ TÍM CẶP 400G | B93: CẶP
A94: CÀ TÍM SỌC PHA LÊ 300G | B94: HỘP
A95: CÀ TÍM SỌC PHA LÊ HỘP 500GR VR | B95: HỘP
A96: CÀ TÍM SỌC PHA LÊ TÍM (KG) VR | B96: Kg
A97: CÀ Ý VỈ 650GR | B97: VỈ
A98: CẢI CẦU VỒNG | B98: Kg
A99: CẢI CẦU VỒNG 300GR | B99: TÚI
A100: CẢI CÚC 300GR | B100: TÚI
... A138: CỦ DỀN 600G | B138: TÚI
A139: CỦ HÀNH ĐỎ | B139: Kg | C139: 3 | D139: 42000 | E139: =+D139*C139 -> 126000
A140: CỦ HÀNH ĐỎ 500GR | B140: TÚI
A141: CỦ NGHỆ | B141: Kg
A142: ĐÀO VN | B142: Kg
A143: ĐẬU BO | B143: Kg
A144: ĐẬU BO 250GR | B144: VỈ
A145: ĐẬU COVE MỘC CHÂU
A146: ĐẬU CÚC | B146: Kg
A147: ĐẬU CÚC 250GR | B147: VỈ
A148: ĐẬU ĐỎ | B148: Kg
A149: ĐẬU ĐỎ 250GR | B149: VỈ
...

Sheet 3.7
A1: 45476 | C1: Stock
A2: TÊN SẢN PHẨM VR | B2: ĐVT | C2: TỒN TRƯỚC | D2: GIÁ NHẬP | E2: THÀNH TIỀN
A4: BẮP CẢI TÍM | B4: Kg | C4: 5 | D4: =VLOOKUP(A4,'2.7'!A4:D289,4,) -> 16000 | E4: =+D4*C4 -> 80000
A5: BẮP CẢI TÍM (BẮP) | B5: BẮP
A6: BẮP CẢI TÍM SUSHI | B6: Kg
A7: BẮP CẢI TRẮNG | B7: Kg
A8: BẮP CẢI TRẮNG (BẮP) | B8: BẮP
A9: BẮP CẢI TRẮNG MỘC CHÂU | B9: Kg
A10: BẮP CẢI TRẮNG SÓI BIỂN | B10: Kg
A11: BẮP CẢI TRẮNG SUSHI | B11: Kg
A12: BẮP MỸ CẶP | B12: CẶP
A13: BẦU | B13: Kg
A14: BÍ ĐAO XANH | B14: Kg
A15: BÍ ĐAO XANH 400G | B15: TRÁI
A16: BÍ ĐỎ HỒ LÔ | B16: Kg | C16: 20 | D16: =VLOOKUP(A16,'2.7'!A16:D301,4,) -> 18000 | E16: =+D16*C16 -> 360000
A17: BÍ ĐỎ MINI | B17: Kg
A18: BÍ ĐỎ NON (KG)KQ | B18: Kg
A19: BÍ ĐỎ NON TRÁI VR | B19: TRÁI | C19: 107 | D19: =13000*0.3 -> 3900 | E19: =+D19*C19 -> 417300
A20: BÍ ĐỎ NON( KG) VR | B20: Kg
A21: BÍ ĐỎ TRÒN | B21: Kg | C21: 200 | D21: =VLOOKUP(A21,'2.7'!A21:D306,4,) -> 13000 | E21: =+D21*C21 -> 2600000
A22: BÍ MINI VÀNG 300GR | B22: TRÁI
A23: BÍ MINI VÀNG KG | B23: Kg
A24: BÍ NGÒI VÀNG | B24: Kg
A25: BÍ NGÒI VÀNG (TRÁI) | B25: TRÁI
A26: BÍ NGÒI XANH | B26: Kg | C26: 162 | D26: =VLOOKUP(A26,'2.7'!A26:D311,4,) -> 13000 | E26: =+D26*C26 -> 2106000
A27: BÍ NGÒI XANH(TRÁI) | B27: TRÁI
A28: BÍ NHẬT | B28: Kg
A29: BƠ 034 | B29: Kg | C29: 90 | D29: =VLOOKUP(A29,'2.7'!A29:D314,4,) -> 12500 | E29: =+D29*C29 -> 1125000
A30: BƠ 034 COOP | B30: Kg
A31: BƠ BOOTH | B31: Kg
A32: BO HOA CHUONG | B32: BÓ
A33: BO HOA CUC TANA | B33: BÓ
A34: BO HOA DONG TIEN HN | B34: BÓ
A35: BO HOA LOA KEN | B35: BÓ
A36: BO HOA PHANG | B36: BÓ
A37: BO HOA SEN QUAN AM | B37: BÓ
A38: BO HOA SEN SUPER | B38: BÓ
A39: BƠ SÁP | B39: Kg | C39: 25 | D39: =VLOOKUP(A39,'2.7'!A39:D324,4,) -> 11000 | E39: =+D39*C39 -> 275000
A40: BÓ XÔI | B40: Kg
A41: BÓ XÔI 300G VR | B41: TÚI | C41: 6 | D41: 12000 | E41: =+D41*C41 -> 72000
A42: BÓ XÔI-NA | B42: Kg
A43: BÔNG ATISO | B43: Kg
A44: BÔNG BÍ | B44: Kg
A45: BÔNG BÍ TÚI 300GR | B45: VỈ
A46: BÔNG CẢI TRẮNG | B46: Kg | C46: 5 | D46: 13000 | E46: =+D46*C46 -> 65000
A47: BÔNG CẢI TRẮNG (CÂY) | B47: CÂY
A48: BÔNG CẢI XANH 10P | B48: Kg | C48: 8 | D48: 27000 | E48: =+D48*C48 -> 216000
A49: BÔNG CẢI XANH AEON | B49: Kg
A50: BÔNG CẢI XANH AEON (CÂY) | B50: CÂY
A51: BÔNG CẢI XANH BABY (KG) | B51: Kg
A52: BÔNG CẢI XANH BABY 200G | B52: VỈ
A53: BÔNG CẢI XANH BIGC | B53: Kg
A54: BÔNG CẢI XANH CITI | B54: Kg
A55: CÀ CHUA | B55: Kg
A56: CÀ CHUA BI | B56: Kg
A57: CÀ CHUA BI (HỘP) 300GR KQ | B57: HỘP
A58: CÀ CHUA BI (HỘP) 300GR VR | B58: HỘP | C58: 11 | D58: 8400 | E58: =+D58*C58 -> 92400
A59: CÀ CHUA BI 300GR KQ (KG) | B59: Kg
A60: CÀ CHUA BI 300GR VR (KG) | B60: Kg
A61: CÀ CHUA BI CAM SỮA (KG) VR | B61: Kg
A62: CÀ CHUA BI COOP | B62: Kg
A63: CÀ CHUA BI-NA | B63: Kg
A64: CÀ CHUA CHERRY MIX 300G | B64: HỘP
A65: CÀ CHUA L1 | B65: TÚI | C65: 80 | D65: =VLOOKUP(A65,'2.7'!A65:D350,4,) -> 10000 | E65: =+D65*C65 -> 800000
A66: CÀ CHUA MỘC CHÂU | B66: Kg
A67: CÀ CHUA NGỌT | B67: Kg
A68: CÀ CHUA NGỌT 300GR (KG) | B68: Kg
A69: CÀ CHUA NGỌT XÁ | B69: Kg
A70: CÀ CHUA ROSEBERRY 300G | B70: Kg
A71: CÀ CHUA SÔCOLA 250GR (HỘP) VR | B71: HỘP
A72: CÀ CHUA SÔCOLA 250GR (KG) -NA | B72: Kg
A73: CÀ CHUA SÔCOLA 250GR (KG) VR | B73: Kg
A74: CÀ CHUA SÔCOLA 250GR(KG) KQ | B74: Kg
A75: CÀ CHUA SÔCOLA 300GR (HỘP) VR | B75: HỘP
A76: CÀ CHUA SOCOLA XÁ | B76: Kg
A77: CÀ CHUA SÔCOLA(HỘP) KQ | B77: HỘP
... A80: CÀ CHUA Ý 500G | B80: VỈ
A81: CÀ CHUA Ý CHÙM | B81: KG | C81: 60 | D81: 26000 | E81: =+D81*C81 -> 1560000
A82: CÀ CHUA Ý(VỈ) KG | B82: Kg
A83: CÀ CHUA Ý(VỈ) KG KQ | B83: Kg
A84: CÀ RỐT BABY | B84: Kg
A85: CÀ RỐT BABY (KG) KQ | B85: Kg
A86: CÀ RỐT BABY 200GR | B86: VỈ
A87: CÀ RỐT DL | B87: Kg
A88: CÀ RỐT DL L1 | B88: Kg
A89: CÀ RỐT DL TÚI LƯỚI 500GR VR | B89: TÚI
A90: CÀ RỐT TRUNG | B90: Kg
A91: CÀ RỐT TÚI LƯỚI 800G KQ | B91: TÚI
A92: CÀ TÍM | B92: Kg
A93: CÀ TÍM CẶP 400G | B93: CẶP
... A104: CẢI MÈO MỘC CHÂU | B104: Kg
A105: CẢI THẢO DL | B105: Kg | C105: 190 | D105: 7000 | E105: =+D105*C105 -> 1330000
A106: CẢI THẢO DL(BẮP) | B106: BẮP
A107: CẢI THẢO HỎA TIỄN | B107: Kg
A108: CẢI THẢO HỎA TIỄN 250GR | B108: BẮP
A109: CẢI THẢO KIM CHI | B109: Kg
A110: CẢI THẢO MỘC CHÂU | B110: BÓ
A111: CẢI THẢO VR | B111: Kg
A112: CẦN TÂY (KG) | B112: Kg
A113: CẦN TÂY THUỶ CANH | B113: Kg
...

Sheet 4.7
A1: 45477 | C1: Stock
A2: TÊN SẢN PHẨM VR | B2: ĐVT | C2: TỒN TRƯỚC | D2: GIÁ NHẬP | E2: THÀNH TIỀN
A4: BẮP CẢI TÍM | B4: Kg
A5: BẮP CẢI TÍM (BẮP) | B5: BẮP
A6: BẮP CẢI TÍM SUSHI | B6: Kg
A7: BẮP CẢI TRẮNG | B7: Kg
A8: BẮP CẢI TRẮNG (BẮP) | B8: BẮP
A9: BẮP CẢI TRẮNG MỘC CHÂU | B9: Kg
A10: BẮP CẢI TRẮNG SÓI BIỂN | B10: Kg
A11: BẮP CẢI TRẮNG SUSHI | B11: Kg
A12: BẮP MỸ CẶP | B12: CẶP
A13: BẦU | B13: Kg
A14: BÍ ĐAO XANH | B14: Kg
A15: BÍ ĐAO XANH 400G | B15: TRÁI
A16: BÍ ĐỎ HỒ LÔ | B16: Kg | C16: 18 | D16: 18000 | E16: =+D16*C16 -> 324000
A17: BÍ ĐỎ MINI | B17: Kg
A18: BÍ ĐỎ NON (KG)KQ | B18: Kg
A19: BÍ ĐỎ NON TRÁI VR | B19: TRÁI | C19: 71 | D19: 3900 | E19: =+D19*C19 -> 276900
A20: BÍ ĐỎ NON( KG) VR | B20: Kg
A21: BÍ ĐỎ TRÒN | B21: Kg | C21: 100 | D21: 13000 | E21: =+D21*C21 -> 1300000
A22: BÍ MINI VÀNG 300GR | B22: TRÁI
A23: BÍ MINI VÀNG KG | B23: Kg
A24: BÍ NGÒI VÀNG | B24: Kg
A25: BÍ NGÒI VÀNG (TRÁI) | B25: TRÁI
A26: BÍ NGÒI XANH | B26: Kg | C26: 120 | D26: 13000 | E26: =+D26*C26 -> 1560000
A27: BÍ NGÒI XANH(TRÁI) | B27: TRÁI
A28: BÍ NHẬT | B28: Kg
A29: BƠ 034 | B29: Kg
A30: BƠ 034 COOP | B30: Kg
A31: BƠ BOOTH | B31: Kg
A32: BO HOA CHUONG | B32: BÓ
A33: BO HOA CUC TANA | B33: BÓ
A34: BO HOA DONG TIEN HN | B34: BÓ
A35: BO HOA LOA KEN | B35: BÓ
A36: BO HOA PHANG | B36: BÓ
A37: BO HOA SEN QUAN AM | B37: BÓ
A38: BO HOA SEN SUPER | B38: BÓ
A39: BƠ SÁP | B39: Kg | C39: 35 | D39: 11000 | E39: =+D39*C39 -> 385000
A40: BÓ XÔI | B40: Kg
A41: BÓ XÔI 300G VR | B41: TÚI
A42: BÓ XÔI-NA | B42: Kg
A43: BÔNG ATISO | B43: Kg
A44: BÔNG BÍ | B44: Kg
A45: BÔNG BÍ TÚI 300GR | B45: VỈ
A46: BÔNG CẢI TRẮNG | B46: Kg
A47: BÔNG CẢI TRẮNG (CÂY) | B47: CÂY
A48: BÔNG CẢI XANH 10P | B48: Kg
A49: BÔNG CẢI XANH AEON | B49: Kg
A50: BÔNG CẢI XANH AEON (CÂY) | B50: CÂY
A51: BÔNG CẢI XANH BABY (KG) | B51: Kg
... A53: BÔNG CẢI XANH BIGC | B53: Kg
A54: BÔNG CẢI XANH CITI | B54: Kg | C54: 15 | D54: 22000 | E54: =+D54*C54 -> 330000
A55: CÀ CHUA | B55: Kg
A56: CÀ CHUA BI | B56: Kg
A57: CÀ CHUA BI (HỘP) 300GR KQ | B57: HỘP
A58: CÀ CHUA BI (HỘP) 300GR VR | B58: HỘP
A59: CÀ CHUA BI 300GR KQ (KG) | B59: Kg
A60: CÀ CHUA BI 300GR VR (KG) | B60: Kg
A61: CÀ CHUA BI CAM SỮA (KG) VR | B61: Kg
A62: CÀ CHUA BI COOP | B62: Kg
A63: CÀ CHUA BI-NA | B63: Kg
A64: CÀ CHUA CHERRY MIX 300G | B64: HỘP
A65: CÀ CHUA L1 | B65: TÚI | C65: 150 | D65: 10000 | E65: =+D65*C65 -> 1500000
A66: CÀ CHUA MỘC CHÂU | B66: Kg
A67: CÀ CHUA NGỌT | B67: Kg
A68: CÀ CHUA NGỌT 300GR (KG) | B68: Kg
A69: CÀ CHUA NGỌT XÁ | B69: Kg
A70: CÀ CHUA ROSEBERRY 300G | B70: Kg
A71: CÀ CHUA SÔCOLA 250GR (HỘP) VR | B71: HỘP | C71: 15 | D71: 11000 | E71: =+D71*C71 -> 165000
A72: CÀ CHUA SÔCOLA 250GR (KG) -NA | B72: Kg
A73: CÀ CHUA SÔCOLA 250GR (KG) VR | B73: Kg
A74: CÀ CHUA SÔCOLA 250GR(KG) KQ | B74: Kg
A75: CÀ CHUA SÔCOLA 300GR (HỘP) VR | B75: HỘP
A76: CÀ CHUA SOCOLA XÁ | B76: Kg
A77: CÀ CHUA SÔCOLA(HỘP) KQ | B77: HỘP
A78: CÀ CHUA VỈ 400GR | B78: VỈ
A79: CÀ CHUA Ý | B79: Kg
A80: CÀ CHUA Ý 500G | B80: VỈ
A81: CÀ CHUA Ý CHÙM | B81: KG | C81: 40 | D81: 26000 | E81: =+D81*C81 -> 1040000
A82: CÀ CHUA Ý(VỈ) KG | B82: Kg | C82: 24 | D82: 23000 | E82: =+D82*C82 -> 552000
A83: CÀ CHUA Ý(VỈ) KG KQ | B83: Kg
A84: CÀ RỐT BABY | B84: Kg
A85: CÀ RỐT BABY (KG) KQ | B85: Kg
A86: CÀ RỐT BABY 200GR | B86: VỈ
A87: CÀ RỐT DL | B87: Kg
A88: CÀ RỐT DL L1 | B88: Kg | C88: 44 | D88: 20000 | E88: =+D88*C88 -> 880000
A89: CÀ RỐT DL TÚI LƯỚI 500GR VR | B89: TÚI
A90: CÀ RỐT TRUNG | B90: Kg
A91: CÀ RỐT TÚI LƯỚI 800G KQ | B91: TÚI
A92: CÀ TÍM | B92: Kg
A93: CÀ TÍM CẶP 400G | B93: CẶP
A94: CÀ TÍM SỌC PHA LÊ 300G | B94: HỘP
A95: CÀ TÍM SỌC PHA LÊ HỘP 500GR VR | B95: HỘP
A96: CÀ TÍM SỌC PHA LÊ TÍM (KG) VR | B96: Kg
A97: CÀ Ý VỈ 650GR | B97: VỈ
A98: CẢI CẦU VỒNG | B98: Kg
A99: CẢI CẦU VỒNG 300GR | B99: TÚI
A100: CẢI CÚC 300GR | B100: TÚI
... A144: ĐẬU BO 250GR | B144: VỈ
A145: ĐẬU COVE MỘC CHÂU
...

Sheet 5.7
A1: hàng tồn cuối ngày 5/7 vr
A2: TÊN SẢN PHẨM | B2: TỒN TRƯỚC | C2: GIÁ NHẬP | D2: THÀNH TIỀN
A3: BẮP CẢI TÍM | D3: =B3*C3 -> 0
A4: BẮP CẢI TÍM (BẮP) | D4: =B4*C4 -> 0
A5: BẮP CẢI TÍM SUSHI | D5: =B5*C5 -> 0
A6: BẮP CẢI TRẮNG | D6: =B6*C6 -> 0
A7: BẮP CẢI TRẮNG (BẮP) | D7: =B7*C7 -> 0
A8: BẮP CẢI TRẮNG MỘC CHÂU | D8: =B8*C8 -> 0
A9: BẮP CẢI TRẮNG SÓI BIỂN | D9: =B9*C9 -> 0
A10: BẮP CẢI TRẮNG SUSHI | D10: =B10*C10 -> 0
A11: BẮP MỸ CẶP | D11: =B11*C11 -> 0
A12: BẦU | D12: =B12*C12 -> 0
A13: BÍ ĐAO XANH | D13: =B13*C13 -> 0
A14: BÍ ĐAO XANH 400G | D14: =B14*C14 -> 0
A15: BÍ ĐỎ HỒ LÔ | B15: 20 | C15: 18000 | D15: =B15*C15 -> 360000
A16: BÍ ĐỎ MINI | D16: =B16*C16 -> 0
A17: BÍ ĐỎ NON (KG)KQ | D17: =B17*C17 -> 0
A18: BÍ ĐỎ NON TRÁI VR | B18: 33 | C18: 4000 | D18: =B18*C18 -> 132000
A19: BÍ ĐỎ NON( KG) VR | D19: =B19*C19 -> 0
A20: BÍ ĐỎ TRÒN | B20: 200 | C20: 13000 | D20: =B20*C20 -> 2600000
A21: BÍ MINI VÀNG 300GR | D21: =B21*C21 -> 0
A22: BÍ MINI VÀNG KG | D22: =B22*C22 -> 0
A23: BÍ NGÒI VÀNG | D23: =B23*C23 -> 0
A24: BÍ NGÒI VÀNG (TRÁI) | D24: =B24*C24 -> 0
A25: BÍ NGÒI XANH | B25: 170 | C25: 12500 | D25: =B25*C25 -> 2125000
A26: BÍ NGÒI XANH(TRÁI) | D26: =B26*C26 -> 0
A27: BÍ NHẬT | D27: =B27*C27 -> 0
A28: BƠ 034 | D28: =B28*C28 -> 0
A29: BƠ 034 COOP | D29: =B29*C29 -> 0
A30: BƠ BOOTH | D30: =B30*C30 -> 0
A31: BO HOA CHUONG | D31: =B31*C31 -> 0
A32: BO HOA CUC TANA | D32: =B32*C32 -> 0
A33: BO HOA DONG TIEN HN | D33: =B33*C33 -> 0
A34: BO HOA LOA KEN | D34: =B34*C34 -> 0
A35: BO HOA PHANG | D35: =B35*C35 -> 0
A36: BO HOA SEN QUAN AM | D36: =B36*C36 -> 0
A37: BO HOA SEN SUPER | D37: =B37*C37 -> 0
A38: BƠ SÁP | B38: 20 | C38: 11000 | D38: =B38*C38 -> 220000
A39: BÓ XÔI | D39: =B39*C39 -> 0
A40: BÓ XÔI 300G VR | D40: =B40*C40 -> 0
A41: BÓ XÔI-NA | D41: =B41*C41 -> 0
A42: BÔNG ATISO | D42: =B42*C42 -> 0
A43: BÔNG BÍ | D43: =B43*C43 -> 0
A44: BÔNG BÍ TÚI 300GR | D44: =B44*C44 -> 0
A45: BÔNG CẢI TRẮNG | D45: =B45*C45 -> 0
A46: BÔNG CẢI TRẮNG (CÂY) | D46: =B46*C46 -> 0
A47: BÔNG CẢI XANH 10P | D47: =B47*C47 -> 0
A48: BÔNG CẢI XANH AEON | D48: =B48*C48 -> 0
A49: BÔNG CẢI XANH AEON (CÂY) | D49: =B49*C49 -> 0
A50: BÔNG CẢI XANH BABY (KG) | D50: =B50*C50 -> 0
... A63: CÀ CHUA CHERRY MIX 300G | D63: =B63*C63 -> 0
A64: CÀ CHUA L1 | B64: =170+30 -> 200 | C64: 13000 | D64: =B64*C64 -> 2600000
A65: CÀ CHUA MỘC CHÂU | D65: =B65*C65 -> 0
A66: CÀ CHUA NGỌT | D66: =B66*C66 -> 0
A67: CÀ CHUA NGỌT 300GR (KG) | D67: =B67*C67 -> 0
A68: CÀ CHUA NGỌT XÁ | D68: =B68*C68 -> 0
A69: CÀ CHUA ROSEBERRY 300G | D69: =B69*C69 -> 0
A70: CÀ CHUA SÔCOLA 250GR (HỘP) VR | D70: =B70*C70 -> 0
A71: CÀ CHUA SÔCOLA 250GR (KG) -NA | D71: =B71*C71 -> 0
A72: CÀ CHUA SÔCOLA 250GR (KG) VR | D72: =B72*C72 -> 0
A73: CÀ CHUA SÔCOLA 250GR(KG) KQ | D73: =B73*C73 -> 0
A74: CÀ CHUA SÔCOLA 300GR (HỘP) VR | D74: =B74*C74 -> 0
A75: CÀ CHUA SOCOLA XÁ | D75: =B75*C75 -> 0
A76: CÀ CHUA SÔCOLA(HỘP) KQ | D76: =B76*C76 -> 0
... A80: CÀ CHUA Ý CHÙM | D80: =B80*C80 -> 0
A81: CÀ CHUA Ý(VỈ) KG | B81: 20 | C81: 21000 | D81: =B81*C81 -> 420000
A82: CÀ CHUA Ý(VỈ) KG KQ | D82: =B82*C82 -> 0
A83: CÀ RỐT BABY | D83: =B83*C83 -> 0
A84: CÀ RỐT BABY (KG) KQ | D84: =B84*C84 -> 0
A85: CÀ RỐT BABY 200GR | D85: =B85*C85 -> 0
A86: CÀ RỐT DL | D86: =B86*C86 -> 0
A87: CÀ RỐT DL L1 | D87: =B87*C87 -> 0
A88: CÀ RỐT DL TÚI LƯỚI 500GR VR | D88: =B88*C88 -> 0
A89: CÀ RỐT TRUNG | D89: =B89*C89 -> 0
A90: CÀ RỐT TÚI LƯỚI 800G KQ | D90: =B90*C90 -> 0
A91: CÀ TÍM | D91: =B91*C91 -> 0
A92: CÀ TÍM CẶP 400G | D92: =B92*C92 -> 0
A93: CÀ TÍM SỌC PHA LÊ 300G | D93: =B93*C93 -> 0
... A103: CẢI MÈO MỘC CHÂU | D103: =B103*C103 -> 0
A104: CẢI THẢO DL | B104: 28 | C104: 7000 | D104: =B104*C104 -> 196000
A105: CẢI THẢO DL(BẮP) | D105: =B105*C105 -> 0
A106: CẢI THẢO HỎA TIỄN | D106: =B106*C106 -> 0
A107: CẢI THẢO HỎA TIỄN 250GR | D107: =B107*C107 -> 0
A108: CẢI THẢO KIM CHI | D108: =B108*C108 -> 0
A109: CẢI THẢO MỘC CHÂU | D109: =B109*C109 -> 0
A110: CẢI THẢO VR | D110: =B110*C110 -> 0
A111: CẦN TÂY (KG) | B111: 16 | C111: 17000 | D111: =B111*C111 -> 272000
A112: CẦN TÂY THUỶ CANH | D112: =B112*C112 -> 0
A113: CẦN TÂY(CÂY) | D113: =B113*C113 -> 0
A114: CHANH DÂY | D114: =B114*C114 -> 0
A115: CHANH DÂY NGỌT L2 | D115: =B115*C115 -> 0
A116: CHANH DÂY NGỌT VỈ 300GR | D116: =B116*C116 -> 0
A117: CHANH KHÔNG HẠT | D117: =B117*C117 -> 0
A118: CHANH VÀNG (KG) | D118: =B118*C118 -> 0
A119: CHANH VÀNG TRÁI 180UP | D119: =B119*C119 -> 0
A120: CHẬU CÂY CẢI CẦU VỒNG | D120: =B120*C120 -> 0
A121: CHẬU CÂY CẢI KALE | D121: =B121*C121 -> 0
A122: CHẬU CÂY CẦN TÂY | D122: =B122*C122 -> 0
A123: CHUỐI LABA | D123: =B123*C123 -> 0
... A131: CỦ CẢI MUỐI (VỈ) 250G KQ | D131: =B131*C131 -> 0
...

Sheet 6.7 
A1: hàng tồn cuối ngày 6/7 vr
A2: TÊN SẢN PHẨM | B2: TỒN TRƯỚC | C2: GIÁ NHẬP | D2: THÀNH TIỀN
A3: BẮP CẢI TÍM | B3: 6 | C3: 14000 | D3: =B3*C3 -> 84000
A4: BẮP CẢI TÍM (BẮP) | D4: =B4*C4 -> 0
A5: BẮP CẢI TÍM SUSHI | D5: =B5*C5 -> 0
A6: BẮP CẢI TRẮNG | D6: =B6*C6 -> 0
A7: BẮP CẢI TRẮNG (BẮP) | D7: =B7*C7 -> 0
A8: BẮP CẢI TRẮNG MỘC CHÂU | D8: =B8*C8 -> 0
A9: BẮP CẢI TRẮNG SÓI BIỂN | D9: =B9*C9 -> 0
A10: BẮP CẢI TRẮNG SUSHI | D10: =B10*C10 -> 0
A11: BẮP MỸ CẶP | D11: =B11*C11 -> 0
A12: BẦU | D12: =B12*C12 -> 0
A13: BÍ ĐAO XANH | D13: =B13*C13 -> 0
A14: BÍ ĐAO XANH 400G | D14: =B14*C14 -> 0
A15: BÍ ĐỎ HỒ LÔ | B15: 28 | C15: 18000 | D15: =B15*C15 -> 504000
A16: BÍ ĐỎ MINI | D16: =B16*C16 -> 0
A17: BÍ ĐỎ NON (KG)KQ | D17: =B17*C17 -> 0
A18: BÍ ĐỎ NON TRÁI VR | B18: 5 | C18: 4000 | D18: =B18*C18 -> 20000
A19: BÍ ĐỎ NON( KG) VR | D19: =B19*C19 -> 0
A20: BÍ ĐỎ TRÒN | B20: 75 | C20: 13000 | D20: =B20*C20 -> 975000
A21: BÍ MINI VÀNG 300GR | D21: =B21*C21 -> 0
A22: BÍ MINI VÀNG KG | D22: =B22*C22 -> 0
A23: BÍ NGÒI VÀNG | D23: =B23*C23 -> 0
A24: BÍ NGÒI VÀNG (TRÁI) | D24: =B24*C24 -> 0
A25: BÍ NGÒI XANH | B25: 125 | C25: 13000 | D25: =B25*C25 -> 1625000
A26: BÍ NGÒI XANH(TRÁI) | D26: =B26*C26 -> 0
A27: BÍ NHẬT | D27: =B27*C27 -> 0
A28: BƠ 034 | B28: =34 -> 34 | C28: 12500 | D28: =B28*C28 -> 425000
A29: BƠ 034 COOP | D29: =B29*C29 -> 0
A30: BƠ BOOTH | D30: =B30*C30 -> 0
A31: BO HOA CHUONG | D31: =B31*C31 -> 0
A32: BO HOA CUC TANA | D32: =B32*C32 -> 0
A33: BO HOA DONG TIEN HN | D33: =B33*C33 -> 0
A34: BO HOA LOA KEN | D34: =B34*C34 -> 0
A35: BO HOA PHANG | D35: =B35*C35 -> 0
A36: BO HOA SEN QUAN AM | D36: =B36*C36 -> 0
A37: BO HOA SEN SUPER | D37: =B37*C37 -> 0
A38: BƠ SÁP | B38: 26 | C38: 11000 | D38: =B38*C38 -> 286000
A39: BÓ XÔI | D39: =B39*C39 -> 0
A40: BÓ XÔI 300G VR | D40: =B40*C40 -> 0
A41: BÓ XÔI-NA | D41: =B41*C41 -> 0
A42: BÔNG ATISO | D42: =B42*C42 -> 0
A43: BÔNG BÍ | D43: =B43*C43 -> 0
A44: BÔNG BÍ TÚI 300GR | D44: =B44*C44 -> 0
A45: BÔNG CẢI TRẮNG | D45: =B45*C45 -> 0
A46: BÔNG CẢI TRẮNG (CÂY) | D46: =B46*C46 -> 0
A47: BÔNG CẢI XANH 10P | D47: =B47*C47 -> 0
A48: BÔNG CẢI XANH AEON | D48: =B48*C48 -> 0
A49: BÔNG CẢI XANH AEON (CÂY) | D49: =B49*C49 -> 0
A50: BÔNG CẢI XANH BABY (KG) | D50: =B50*C50 -> 0
... A63: CÀ CHUA CHERRY MIX 300G | D63: =B63*C63 -> 0
A64: CÀ CHUA L1 | B64: 10 | C64: 13000 | D64: =B64*C64 -> 130000
A65: CÀ CHUA MỘC CHÂU | D65: =B65*C65 -> 0
A66: CÀ CHUA NGỌT | D66: =B66*C66 -> 0
A67: CÀ CHUA NGỌT 300GR (KG) | D67: =B67*C67 -> 0
A68: CÀ CHUA NGỌT XÁ | D68: =B68*C68 -> 0
A69: CÀ CHUA ROSEBERRY 300G | D69: =B69*C69 -> 0
A70: CÀ CHUA SÔCOLA 250GR (HỘP) VR | B70: 6 | C70: 12000 | D70: =B70*C70 -> 72000
A71: CÀ CHUA SÔCOLA 250GR (KG) -NA | D71: =B71*C71 -> 0
A72: CÀ CHUA SÔCOLA 250GR (KG) VR | D72: =B72*C72 -> 0
A73: CÀ CHUA SÔCOLA 250GR(KG) KQ | D73: =B73*C73 -> 0
A74: CÀ CHUA SÔCOLA 300GR (HỘP) VR | D74: =B74*C74 -> 0
A75: CÀ CHUA SOCOLA XÁ | D75: =B75*C75 -> 0
A76: CÀ CHUA SÔCOLA(HỘP) KQ | D76: =B76*C76 -> 0
A77: CÀ CHUA VỈ 400GR | D77: =B77*C77 -> 0
A78: CÀ CHUA Ý | D78: =B78*C78 -> 0
A79: CÀ CHUA Ý 500G | D79: =B79*C79 -> 0
A80: CÀ CHUA Ý CHÙM | D80: =B80*C80 -> 0
A81: CÀ CHUA Ý(VỈ) KG | B81: 5 | C81: 21000 | D81: =B81*C81 -> 105000
A82: CÀ CHUA Ý(VỈ) KG KQ | D82: =B82*C82 -> 0
A83: CÀ RỐT BABY | D83: =B83*C83 -> 0
A84: CÀ RỐT BABY (KG) KQ | D84: =B84*C84 -> 0
A85: CÀ RỐT BABY 200GR | D85: =B85*C85 -> 0
A86: CÀ RỐT DL | D86: =B86*C86 -> 0
A87: CÀ RỐT DL L1 | D87: =B87*C87 -> 0
A88: CÀ RỐT DL TÚI LƯỚI 500GR VR | D88: =B88*C88 -> 0
A89: CÀ RỐT TRUNG | D89: =B89*C89 -> 0
A90: CÀ RỐT TÚI LƯỚI 800G KQ | D90: =B90*C90 -> 0
A91: CÀ TÍM | B91: 60 | C91: 9000 | D91: =B91*C91 -> 540000
A92: CÀ TÍM CẶP 400G | D92: =B92*C92 -> 0
A93: CÀ TÍM SỌC PHA LÊ 300G | D93: =B93*C93 -> 0
A94: CÀ TÍM SỌC PHA LÊ HỘP 500GR VR | D94: =B94*C94 -> 0
A95: CÀ TÍM SỌC PHA LÊ TÍM (KG) VR | D95: =B95*C95 -> 0
A96: CÀ Ý VỈ 650GR | D96: =B96*C96 -> 0
A97: CẢI CẦU VỒNG | D97: =B97*C97 -> 0
A98: CẢI CẦU VỒNG 300GR | D98: =B98*C98 -> 0
A99: CẢI CÚC 300GR | D99: =B99*C99 -> 0
A100: CẢI KALE | D100: =B100*C100 -> 0
A101: CẢI KALE 150GR | D101: =B101*C101 -> 0
A102: CẢI KALE 300GR | D102: =B102*C102 -> 0
A103: CẢI MÈO MỘC CHÂU | D103: =B103*C103 -> 0
... A113: CẦN TÂY(CÂY) | D113: =B113*C113 -> 0
A114: CHANH DÂY | B114: 2 | C114: 22000 | D114: =B114*C114 -> 44000
A115: CHANH DÂY NGỌT L2 | D115: =B115*C115 -> 0
A116: CHANH DÂY NGỌT VỈ 300GR | D116: =B116*C116 -> 0
A117: CHANH KHÔNG HẠT | D117: =B117*C117 -> 0
A118: CHANH VÀNG (KG) | D118: =B118*C118 -> 0
A119: CHANH VÀNG TRÁI 180UP | D119: =B119*C119 -> 0
A120: CHẬU CÂY CẢI CẦU VỒNG | D120: =B120*C120 -> 0
A121: CHẬU CÂY CẢI KALE | D121: =B121*C121 -> 0
...

Sheet 7.7
A1: hàng tồn cuối ngày 7/7 vr
A2: TÊN SẢN PHẨM | B2: TỒN TRƯỚC | C2: GIÁ NHẬP | D2: THÀNH TIỀN
A3: BẮP CẢI TÍM | D3: =B3*C3 -> 0
A4: BẮP CẢI TÍM (BẮP) | D4: =B4*C4 -> 0
A5: BẮP CẢI TÍM SUSHI | D5: =B5*C5 -> 0
A6: BẮP CẢI TRẮNG | D6: =B6*C6 -> 0
A7: BẮP CẢI TRẮNG (BẮP) | D7: =B7*C7 -> 0
A8: BẮP CẢI TRẮNG MỘC CHÂU | D8: =B8*C8 -> 0
A9: BẮP CẢI TRẮNG SÓI BIỂN | D9: =B9*C9 -> 0
A10: BẮP CẢI TRẮNG SUSHI | D10: =B10*C10 -> 0
A11: BẮP MỸ CẶP | D11: =B11*C11 -> 0
A12: BẦU | D12: =B12*C12 -> 0
A13: BÍ ĐAO XANH | D13: =B13*C13 -> 0
A14: BÍ ĐAO XANH 400G | D14: =B14*C14 -> 0
A15: BÍ ĐỎ HỒ LÔ | B15: 15 | C15: 18000 | D15: =B15*C15 -> 270000
A16: BÍ ĐỎ MINI | D16: =B16*C16 -> 0
A17: BÍ ĐỎ NON (KG)KQ | D17: =B17*C17 -> 0
A18: BÍ ĐỎ NON TRÁI VR | B18: 33 | C18: 4000 | D18: =B18*C18 -> 132000
A19: BÍ ĐỎ NON( KG) VR | D19: =B19*C19 -> 0
A20: BÍ ĐỎ TRÒN | B20: 100 | C20: 13000 | D20: =B20*C20 -> 1300000
A21: BÍ MINI VÀNG 300GR | D21: =B21*C21 -> 0
A22: BÍ MINI VÀNG KG | D22: =B22*C22 -> 0
A23: BÍ NGÒI VÀNG | D23: =B23*C23 -> 0
A24: BÍ NGÒI VÀNG (TRÁI) | D24: =B24*C24 -> 0
A25: BÍ NGÒI XANH | B25: 70 | C25: 13000 | D25: =B25*C25 -> 910000
A26: BÍ NGÒI XANH(TRÁI) | D26: =B26*C26 -> 0
A27: BÍ NHẬT | D27: =B27*C27 -> 0
A28: BƠ 034 | B28: 33 | C28: 12000 | D28: =B28*C28 -> 396000
A29: BƠ 034 COOP | D29: =B29*C29 -> 0
A30: BƠ BOOTH | D30: =B30*C30 -> 0
A31: BO HOA CHUONG | D31: =B31*C31 -> 0
A32: BO HOA CUC TANA | D32: =B32*C32 -> 0
A33: BO HOA DONG TIEN HN | D33: =B33*C33 -> 0
A34: BO HOA LOA KEN | D34: =B34*C34 -> 0
A35: BO HOA PHANG | D35: =B35*C35 -> 0
A36: BO HOA SEN QUAN AM | D36: =B36*C36 -> 0
A37: BO HOA SEN SUPER | D37: =B37*C37 -> 0
A38: BƠ SÁP | B38: 25 | C38: 10000 | D38: =B38*C38 -> 250000
A39: BÓ XÔI | D39: =B39*C39 -> 0
A40: BÓ XÔI 300G VR | D40: =B40*C40 -> 0
A41: BÓ XÔI-NA | D41: =B41*C41 -> 0
A42: BÔNG ATISO | D42: =B42*C42 -> 0
A43: BÔNG BÍ | D43: =B43*C43 -> 0
A44: BÔNG BÍ TÚI 300GR | D44: =B44*C44 -> 0
A45: BÔNG CẢI TRẮNG | D45: =B45*C45 -> 0
A46: BÔNG CẢI TRẮNG (CÂY) | D46: =B46*C46 -> 0
A47: BÔNG CẢI XANH 10P | D47: =B47*C47 -> 0
A48: BÔNG CẢI XANH AEON | D48: =B48*C48 -> 0
A49: BÔNG CẢI XANH AEON (CÂY) | D49: =B49*C49 -> 0
A50: BÔNG CẢI XANH BABY (KG) | D50: =B50*C50 -> 0
... A63: CÀ CHUA CHERRY MIX 300G | D63: =B63*C63 -> 0
A64: CÀ CHUA L1 | B64: 300 | C64: 14000 | D64: =B64*C64 -> 4200000
A65: CÀ CHUA MỘC CHÂU | D65: =B65*C65 -> 0
A66: CÀ CHUA NGỌT | D66: =B66*C66 -> 0
A67: CÀ CHUA NGỌT 300GR (KG) | D67: =B67*C67 -> 0
A68: CÀ CHUA NGỌT XÁ | D68: =B68*C68 -> 0
A69: CÀ CHUA ROSEBERRY 300G | D69: =B69*C69 -> 0
A70: CÀ CHUA SÔCOLA 250GR (HỘP) VR | B70: =32+39 -> 71 | C70: 10000 | D70: =B70*C70 -> 710000
A71: CÀ CHUA SÔCOLA 250GR (KG) -NA | D71: =B71*C71 -> 0
A72: CÀ CHUA SÔCOLA 250GR (KG) VR | D72: =B72*C72 -> 0
A73: CÀ CHUA SÔCOLA 250GR(KG) KQ | D73: =B73*C73 -> 0
A74: CÀ CHUA SÔCOLA 300GR (HỘP) VR | D74: =B74*C74 -> 0
A75: CÀ CHUA SOCOLA XÁ | D75: =B75*C75 -> 0
A76: CÀ CHUA SÔCOLA(HỘP) KQ | D76: =B76*C76 -> 0
A77: CÀ CHUA VỈ 400GR | D77: =B77*C77 -> 0
A78: CÀ CHUA Ý | D78: =B78*C78 -> 0
A79: CÀ CHUA Ý 500G | D79: =B79*C79 -> 0
A80: CÀ CHUA Ý CHÙM | D80: =B80*C80 -> 0
A81: CÀ CHUA Ý(VỈ) KG | D81: =B81*C81 -> 0
A82: CÀ CHUA Ý(VỈ) KG KQ | D82: =B82*C82 -> 0
... A86: CÀ RỐT DL | D86: =B86*C86 -> 0
A87: CÀ RỐT DL L1 | B87: 80 | C87: 20000 | D87: =B87*C87 -> 1600000
A88: CÀ RỐT DL TÚI LƯỚI 500GR VR | D88: =B88*C88 -> 0
A89: CÀ RỐT TRUNG | D89: =B89*C89 -> 0
A90: CÀ RỐT TÚI LƯỚI 800G KQ | D90: =B90*C90 -> 0
A91: CÀ TÍM | D91: =B91*C91 -> 0
A92: CÀ TÍM CẶP 400G | D92: =B92*C92 -> 0
A93: CÀ TÍM SỌC PHA LÊ 300G | D93: =B93*C93 -> 0
A94: CÀ TÍM SỌC PHA LÊ HỘP 500GR VR | D94: =B94*C94 -> 0
A95: CÀ TÍM SỌC PHA LÊ TÍM (KG) VR | D95: =B95*C95 -> 0
A96: CÀ Ý VỈ 650GR | D96: =B96*C96 -> 0
A97: CẢI CẦU VỒNG | D97: =B97*C97 -> 0
A98: CẢI CẦU VỒNG 300GR | D98: =B98*C98 -> 0
A99: CẢI CÚC 300GR | D99: =B99*C99 -> 0
... A183: HÀNH TÂY DL BABY | D183: =B183*C183 -> 0
A184: HÀNH TÂY DL L1 | B184: 120 | C184: 6800 | D184: =B184*C184 -> 816000
A185: HÀNH TÂY DL L1 TÚI LƯỚI 300GR | B185: 140 | C185: 3000 | D185: =B185*C185 -> 420000
A186: HÀNH TÂY DL TRUNG | D186: =B186*C186 -> 0
A187: HANH TAY TIM | B187: 5 | C187: 20000 | D187: =B187*C187 -> 100000
A188: HANH TAY TIM ĐL (TÚI LƯỚI) | D188: =B188*C188 -> 0
A189: HÀNH TÂY TÚI LƯỚI 300GR | D189: =B189*C189 -> 0
A190: HẠT DẺ TƯƠI BẮC KINH | D190: =B190*C190 -> 0
A191: HẠT DẺ TƯƠI SIZE 24 | D191: =B191*C191 -> 0
A192: HẠT DẺ TƯƠI SIZE 26 | D192: =B192*C192 -> 0
A193: HẠT DẺ TƯƠI TÚI 500GR | D193: =B193*C193 -> 0
A194: HỒNG GIÒN | D194: =B194*C194 -> 0
A195: HỒNG TREO GIÓ | D195: =B195*C195 -> 0
A196: HÚNG CAY 50G VR | D196: =B196*C196 -> 0
A197: HÚNG LỦI TA 50G VR | D197: =B197*C197 -> 0
A198: HÚNG QUẾ 50G VR | D198: =B198*C198 -> 0
...

Sheet 8.7
A1: hàng tồn cuối ngày 8/7 vr
A2: TÊN SẢN PHẨM | B2: TỒN TRƯỚC | C2: GIÁ NHẬP | D2: THÀNH TIỀN
A3: BẮP CẢI TÍM | D3: =B3*C3 -> 0
A4: BẮP CẢI TÍM (BẮP) | D4: =B4*C4 -> 0
A5: BẮP CẢI TÍM SUSHI | D5: =B5*C5 -> 0
A6: BẮP CẢI TRẮNG | D6: =B6*C6 -> 0
A7: BẮP CẢI TRẮNG (BẮP) | D7: =B7*C7 -> 0
A8: BẮP CẢI TRẮNG MỘC CHÂU | D8: =B8*C8 -> 0
A9: BẮP CẢI TRẮNG SÓI BIỂN | D9: =B9*C9 -> 0
A10: BẮP CẢI TRẮNG SUSHI | D10: =B10*C10 -> 0
A11: BẮP MỸ CẶP | D11: =B11*C11 -> 0
A12: BẦU | B12: 1 | C12: 10000 | D12: =B12*C12 -> 10000
A13: BÍ ĐAO XANH | D13: =B13*C13 -> 0
A14: BÍ ĐAO XANH 400G | D14: =B14*C14 -> 0
A15: BÍ ĐỎ HỒ LÔ | B15: 9 | C15: 18000 | D15: =B15*C15 -> 162000
A16: BÍ ĐỎ MINI | D16: =B16*C16 -> 0
A17: BÍ ĐỎ NON (KG)KQ | D17: =B17*C17 -> 0
A18: BÍ ĐỎ NON TRÁI VR | B18: 38 | C18: 4000 | D18: =B18*C18 -> 152000
A19: BÍ ĐỎ NON( KG) VR | B19: 50 | C19: 14000 | D19: =B19*C19 -> 700000
A20: BÍ ĐỎ TRÒN | B20: 120 | C20: 13000 | D20: =B20*C20 -> 1560000
A21: BÍ MINI VÀNG 300GR | D21: =B21*C21 -> 0
A22: BÍ MINI VÀNG KG | D22: =B22*C22 -> 0
A23: BÍ NGÒI VÀNG | D23: =B23*C23 -> 0
A24: BÍ NGÒI VÀNG (TRÁI) | D24: =B24*C24 -> 0
A25: BÍ NGÒI XANH | B25: =18+135 -> 153 | C25: 13000 | D25: =B25*C25 -> 1989000
A26: BÍ NGÒI XANH(TRÁI) | D26: =B26*C26 -> 0
A27: BÍ NHẬT | D27: =B27*C27 -> 0
A28: BƠ 034 | B28: 57 | C28: 12000 | D28: =B28*C28 -> 684000
A29: BƠ 034 COOP | D29: =B29*C29 -> 0
A30: BƠ BOOTH | D30: =B30*C30 -> 0
A31: BO HOA CHUONG | D31: =B31*C31 -> 0
A32: BO HOA CUC TANA | D32: =B32*C32 -> 0
A33: BO HOA DONG TIEN HN | D33: =B33*C33 -> 0
A34: BO HOA LOA KEN | D34: =B34*C34 -> 0
A35: BO HOA PHANG | D35: =B35*C35 -> 0
A36: BO HOA SEN QUAN AM | D36: =B36*C36 -> 0
A37: BO HOA SEN SUPER | D37: =B37*C37 -> 0
A38: BƠ SÁP | B38: 17 | C38: 10000 | D38: =B38*C38 -> 170000
A39: BÓ XÔI | D39: =B39*C39 -> 0
A40: BÓ XÔI 300G VR | D40: =B40*C40 -> 0
A41: BÓ XÔI-NA | D41: =B41*C41 -> 0
A42: BÔNG ATISO | D42: =B42*C42 -> 0
A43: BÔNG BÍ | D43: =B43*C43 -> 0
A44: BÔNG BÍ TÚI 300GR | D44: =B44*C44 -> 0
A45: BÔNG CẢI TRẮNG | D45: =B45*C45 -> 0
A46: BÔNG CẢI TRẮNG (CÂY) | D46: =B46*C46 -> 0
A47: BÔNG CẢI XANH 10P | B47: =28+15 -> 43 | C47: 27000 | D47: =B47*C47 -> 1161000
A48: BÔNG CẢI XANH AEON | D48: =B48*C48 -> 0
A49: BÔNG CẢI XANH AEON (CÂY) | D49: =B49*C49 -> 0
A50: BÔNG CẢI XANH BABY (KG) | D50: =B50*C50 -> 0
A51: BÔNG CẢI XANH BABY 200G | D51: =B51*C51 -> 0
A52: BÔNG CẢI XANH BIGC | D52: =B52*C52 -> 0
A53: BÔNG CẢI XANH CITI | D53: =B53*C53 -> 0
A54: CÀ CHUA | D54: =B54*C54 -> 0
A55: CÀ CHUA BI | B55: 3 | C55: 14000 | D55: =B55*C55 -> 42000
A56: CÀ CHUA BI (HỘP) 300GR KQ | D56: =B56*C56 -> 0
A57: CÀ CHUA BI (HỘP) 300GR VR | B57: 1 | C57: 8400 | D57: =B57*C57 -> 8400
A58: CÀ CHUA BI 300GR KQ (KG) | D58: =B58*C58 -> 0
A59: CÀ CHUA BI 300GR VR (KG) | D59: =B59*C59 -> 0
A60: CÀ CHUA BI CAM SỮA (KG) VR | D60: =B60*C60 -> 0
A61: CÀ CHUA BI COOP | D61: =B61*C61 -> 0
A62: CÀ CHUA BI-NA | D62: =B62*C62 -> 0
A63: CÀ CHUA CHERRY MIX 300G | D63: =B63*C63 -> 0
A64: CÀ CHUA L1 | B64: 220 | C64: 17000 | D64: =B64*C64 -> 3740000
A65: CÀ CHUA MỘC CHÂU | D65: =B65*C65 -> 0
A66: CÀ CHUA NGỌT | D66: =B66*C66 -> 0
A67: CÀ CHUA NGỌT 300GR (KG) | D67: =B67*C67 -> 0
A68: CÀ CHUA NGỌT XÁ | D68: =B68*C68 -> 0
A69: CÀ CHUA ROSEBERRY 300G | D69: =B69*C69 -> 0
A70: CÀ CHUA SÔCOLA 250GR (HỘP) VR | D70: =B70*C70 -> 0
A71: CÀ CHUA SÔCOLA 250GR (KG) -NA | D71: =B71*C71 -> 0
A72: CÀ CHUA SÔCOLA 250GR (KG) VR | D72: =B72*C72 -> 0
A73: CÀ CHUA SÔCOLA 250GR(KG) KQ | D73: =B73*C73 -> 0
A74: CÀ CHUA SÔCOLA 300GR (HỘP) VR | D74: =B74*C74 -> 0
A75: CÀ CHUA SOCOLA XÁ | D75: =B75*C75 -> 0
A76: CÀ CHUA SÔCOLA(HỘP) KQ | D76: =B76*C76 -> 0
... A86: CÀ RỐT DL | D86: =B86*C86 -> 0
A87: CÀ RỐT DL L1 | B87: 30 | C87: 20000 | D87: =B87*C87 -> 600000
A88: CÀ RỐT DL TÚI LƯỚI 500GR VR | D88: =B88*C88 -> 0
A89: CÀ RỐT TRUNG | D89: =B89*C89 -> 0
A90: CÀ RỐT TÚI LƯỚI 800G KQ | D90: =B90*C90 -> 0
A91: CÀ TÍM | D91: =B91*C91 -> 0
A92: CÀ TÍM CẶP 400G | D92: =B92*C92 -> 0
A93: CÀ TÍM SỌC PHA LÊ 300G | D93: =B93*C93 -> 0
A94: CÀ TÍM SỌC PHA LÊ HỘP 500GR VR | D94: =B94*C94 -> 0
A95: CÀ TÍM SỌC PHA LÊ TÍM (KG) VR | D95: =B95*C95 -> 0
A96: CÀ Ý VỈ 650GR | D96: =B96*C96 -> 0
A97: CẢI CẦU VỒNG | D97: =B97*C97 -> 0
A98: CẢI CẦU VỒNG 300GR | D98: =B98*C98 -> 0
A99: CẢI CÚC 300GR | D99: =B99*C99 -> 0
... A110: CẢI THẢO VR | D110: =B110*C110 -> 0
A111: CẦN TÂY (KG) | B111: 20 | C111: 15000 | D111: =B111*C111 -> 300000
A112: CẦN TÂY THUỶ CANH | D112: =B112*C112 -> 0
A113: CẦN TÂY(CÂY) | D113: =B113*C113 -> 0
A114: CHANH DÂY | D114: =B114*C114 -> 0
A115: CHANH DÂY NGỌT L2 | D115: =B115*C115 -> 0
A116: CHANH DÂY NGỌT VỈ 300GR | D116: =B116*C116 -> 0
A117: CHANH KHÔNG HẠT | D117: =B117*C117 -> 0
A118: CHANH VÀNG (KG) | D118: =B118*C118 -> 0
A119: CHANH VÀNG TRÁI 180UP | D119: =B119*C119 -> 0
...

Sheet 9.7
A1: hàng tồn cuối ngày 9/7 vr
A2: TÊN SẢN PHẨM | B2: TỒN TRƯỚC | C2: GIÁ NHẬP | D2: THÀNH TIỀN
A3: CÀ CHUA SÔCOLA 250GR (HỘP) VR | B3: 40 | C3: 10000 | D3: =B3*C3 -> 400000
A4: CÀ CHUA SÔCOLA 250GR (KG) VR | D4: =B4*C4 -> 0
A5: CÀ CHUA SÔCOLA 300GR (HỘP) VR | D5: =B5*C5 -> 0
A6: CÀ RỐT BABY | D6: =B6*C6 -> 0
A7: CÀ RỐT BABY 200GR | D7: =B7*C7 -> 0
A8: CẢI CẦU VỒNG | D8: =B8*C8 -> 0
A9: CẢI CẦU VỒNG 300GR | D9: =B9*C9 -> 0
A10: CẢI KALE | D10: =B10*C10 -> 0
A11: CẢI KALE 150GR | D11: =B11*C11 -> 0
A12: CẢI KALE 300GR | D12: =B12*C12 -> 0
A13: CHANH VÀNG (KG) | D13: =B13*C13 -> 0
A14: CHANH VÀNG TRÁI 180UP | D14: =B14*C14 -> 0
A15: CẦN TÂY (KG) | B15: 75 | C15: 15000 | D15: =B15*C15 -> 1125000
A16: CẦN TÂY(CÂY) | D16: =B16*C16 -> 0
A17: ỚT CHUÔNG 3 MÀU(KG)VR | D17: =B17*C17 -> 0
A18: ỚT CHUÔNG ĐỎ | B18: 40 | C18: 24000 | D18: =B18*C18 -> 960000
A19: ỚT CHUÔNG ĐỎ(TRÁI) | D19: =B19*C19 -> 0
A20: ỚT CHUÔNG 3 MÀU 350G | B20: 5 | C20: 10000 | D20: =B20*C20 -> 50000
A21: ỚT CHUÔNG VÀNG | D21: =B21*C21 -> 0
A22: ỚT CHUÔNG VÀNG(TRÁI) | D22: =B22*C22 -> 0
A23: ỚT CHUÔNG XANH | B23: 40 | C23: 18000 | D23: =B23*C23 -> 720000
A24: ỚT CHUÔNG XANH(TRÁI) | D24: =B24*C24 -> 0
A25: KHOAI TÂY VÀNG ĐL | B25: 100 | C25: 16000 | D25: =B25*C25 -> 1600000
A26: KHOAI TÂY VÀNG LỚN TÚI LƯỚI 500G | D26: =B26*C26 -> 0
A27: KHOAI TÂY VÀNG TRUNG TÚI LƯỚI 500G | D27: =B27*C27 -> 0
A28: CẢI THẢO DL | D28: =B28*C28 -> 0
A29: CỦ DỀN | D29: =B29*C29 -> 0
A30: CỦ DỀN 600G | D30: =B30*C30 -> 0
A31: XÀ LÁCH MỸ | D31: =B31*C31 -> 0
A32: BẦU | D32: =B32*C32 -> 0
A33: BÍ ĐAO XANH | D33: =B33*C33 -> 0
A34: DƯA LEO | D34: =B34*C34 -> 0
A35: DƯA LEO KG (VỈ) | D35: =B35*C35 -> 0
A36: KHỔ QUA KG(VỈ) | D36: =B36*C36 -> 0
A37: BƠ 034 | D37: =B37*C37 -> 0
A38: BƠ 034 COOP | B38: 18 | C38: 11000 | D38: =B38*C38 -> 198000
A39: BƠ SÁP | B39: 35 | C39: 11000 | D39: =B39*C39 -> 385000
A40: KHOAI LANG MẬT (KG) 2-3 CỦ | B40: 545 | C40: 19000 | D40: =B40*C40 -> 10355000
A41: KHOAI LANG MẬT (KG) 4-6 CỦ | B41: 120 | C41: 19000 | D41: =B41*C41 -> 2280000
A42: KHOAI LANG MẬT 500G VR | D42: =B42*C42 -> 0
A43: PARO | D43: =B43*C43 -> 0
A44: PARO (CÂY) | D44: =B44*C44 -> 0
A45: DƯA LEO GIỐNG NHẬT 600GR | D45: =B45*C45 -> 0
A46: DƯA LEO GIỐNG NHẬT KG | B46: 6 | C46: 18000 | D46: =B46*C46 -> 108000
A47: BẮP CẢI TÍM | B47: 8 | C47: 14000 | D47: =B47*C47 -> 112000
A48: CÀ CHUA CHERRY MIX 300G | B48: 5 | C48: 13000 | D48: =B48*C48 -> 65000
A49: TÍA TÔ 50G | D49: =B49*C49 -> 0
A50: XÀ LÁCH LOLO XANH | D50: =B50*C50 -> 0
A51: XÀ LÁCH ROMEN THUỶ CANH (KG) VR | D51: =B51*C51 -> 0
A52: CÀ RỐT DL L1 | D52: =B52*C52 -> 0
A53: CÀ RỐT DL TÚI LƯỚI 500GR VR | D53: =B53*C53 -> 0
A54: GỪNG | D54: =B54*C54 -> 0
A55: NGÒ RÍ TÚI 50GR | D55: =B55*C55 -> 0
A56: THÌ LÀ | D56: =B56*C56 -> 0
A57: CHUỐI LABA | D57: =B57*C57 -> 0
A58: BÔNG CẢI TRẮNG | D58: =B58*C58 -> 0
A59: SET ỚT CHUÔNG BABY 250G | D59: =B59*C59 -> 0
A60: ĐẬU ĐỎ | D60: =B60*C60 -> 0
... A63: CÀ CHUA | D63: =B63*C63 -> 0
A64: CÀ CHUA L1 | B64: 50 | C64: 10000 | D64: =B64*C64 -> 500000
A65: CÀ CHUA VỈ 400GR | D65: =B65*C65 -> 0
A66: BÍ ĐỎ TRÒN | B66: 60 | C66: 13000 | D66: =B66*C66 -> 780000
A67: BÔNG CẢI XANH BABY (KG) | D67: =B67*C67 -> 0
A68: BÔNG CẢI XANH BABY 200G | D68: =B68*C68 -> 0
A69: CỦ CẢI ĐỎ 300GR (KG) VR | D69: =B69*C69 -> 0
A70: CỦ CẢI ĐỎ HỘP 300GR | D70: =B70*C70 -> 0
A71: ĐẬU HÀ LAN | D71: =B71*C71 -> 0
A72: LÁ GIANG | B72: 0.5 | C72: 45000 | D72: =B72*C72 -> 22500
A73: LÁ MÈ TÚI 50G | D73: =B73*C73 -> 0
A74: ROCKET | D74: =B74*C74 -> 0
A75: ROCKET 200G | D75: =B75*C75 -> 0
A76: SÚ TRÁI TIM | D76: =B76*C76 -> 0
A77: KHOAI LANG NHẬT | B77: 90 | C77: 14000 | D77: =B77*C77 -> 1260000
A78: BÔNG BÍ | D78: =B78*C78 -> 0
A79: CÀ CHUA BI | D79: =B79*C79 -> 0
A80: CÀ CHUA BI (HỘP) 300GR VR | D80: =B80*C80 -> 0
A81: CÀ CHUA BI CAM SỮA (KG) VR | D81: =B81*C81 -> 0
A82: CÀ CHUA BI COOP | D82: =B82*C82 -> 0
A83: CÀ CHUA BI-NA | D83: =B83*C83 -> 0
A84: CÀ CHUA NGỌT 300GR (KG) | D84: =B84*C84 -> 0
A85: ĐẬU QUE TRẮNG (KG) VR | D85: =B85*C85 -> 0
A86: ĐẬU QUE TRẮNG (TÚI) VR | B86: 16 | C86: 12000 | D86: =B86*C86 -> 192000
A87: ĐẬU QUE TRẮNG (TÚI) VR 300gr | D87: =B87*C87 -> 0
A88: CÀ CHUA Ý | D88: =B88*C88 -> 0
A89: CÀ CHUA Ý 500G | D89: =B89*C89 -> 0
A90: CÀ CHUA Ý CHÙM | B90: 98 | C90: 29000 | D90: =B90*C90 -> 2842000
A91: CÀ CHUA Ý(VỈ) KG | D91: =B91*C91 -> 0
A92: CÀ Ý VỈ 650GR | D92: =B92*C92 -> 0
A93: XÀ LÁCH CAROL | D93: =B93*C93 -> 0
A94: XÀ LÁCH ROMEN (KG) | D94: =B94*C94 -> 0
A95: HÀNH TÂY DL L1 | B95: 25 | C95: 6800 | D95: =B95*C95 -> 170000
A96: HÀNH TÂY DL L1 TÚI LƯỚI 300GR | B96: 165 | C96: 3000 | D96: =B96*C96 -> 495000
A97: HANH TAY TIM | B97: 20 | C97: 20000 | D97: =B97*C97 -> 400000
A98: KHOAI TÂY BI | D98: =B98*C98 -> 0
A99: KHOAI TÂY BI 500G VR | D99: =B99*C99 -> 0
A100: CẢI THẢO HỎA TIỄN | D100: =B100*C100 -> 0
A101: BÍ ĐỎ HỒ LÔ | B101: 5 | C101: 18000 | D101: =B101*C101 -> 90000
A102: CẢI CÚC 300GR | D102: =B102*C102 -> 0
...

Sheet 10.7
A1: hàng tồn cuối ngày 10/7 vr
A2: TÊN SẢN PHẨM | B2: TỒN TRƯỚC | C2: GIÁ NHẬP | D2: THÀNH TIỀN
A3: BẮP CẢI TÍM | B3: 5 | C3: 14000 | D3: =B3*C3 -> 70000
A4: BẮP CẢI TÍM (BẮP) | D4: =B4*C4 -> 0
A5: BẮP CẢI TÍM SUSHI | D5: =B5*C5 -> 0
A6: BẮP CẢI TRẮNG | B6: 120 | C6: 6500 | D6: =B6*C6 -> 780000
A7: BẮP CẢI TRẮNG (BẮP) | D7: =B7*C7 -> 0
A8: BẮP CẢI TRẮNG MỘC CHÂU | D8: =B8*C8 -> 0
A9: BẮP CẢI TRẮNG SÓI BIỂN | D9: =B9*C9 -> 0
A10: BẮP CẢI TRẮNG SUSHI | D10: =B10*C10 -> 0
A11: BẮP MỸ CẶP | D11: =B11*C11 -> 0
A12: BẦU | D12: =B12*C12 -> 0
A13: BÍ ĐAO XANH | D13: =B13*C13 -> 0
A14: BÍ ĐAO XANH 400G | D14: =B14*C14 -> 0
A15: BÍ ĐỎ HỒ LÔ | D15: =B15*C15 -> 0
A16: BÍ ĐỎ MINI | D16: =B16*C16 -> 0
A17: BÍ ĐỎ NON (KG)KQ | D17: =B17*C17 -> 0
A18: BÍ ĐỎ NON TRÁI VR | D18: =B18*C18 -> 0
A19: BÍ ĐỎ NON( KG) VR | B19: 10 | C19: 4000 | D19: =B19*C19 -> 40000
A20: BÍ ĐỎ TRÒN | B20: 300 | C20: 13000 | D20: =B20*C20 -> 3900000
A21: BÍ MINI VÀNG 300GR | D21: =B21*C21 -> 0
A22: BÍ MINI VÀNG KG | D22: =B22*C22 -> 0
A23: BÍ NGÒI VÀNG | D23: =B23*C23 -> 0
A24: BÍ NGÒI VÀNG (TRÁI) | D24: =B24*C24 -> 0
A25: BÍ NGÒI XANH | B25: =35+80 -> 115 | C25: 13000 | D25: =B25*C25 -> 1495000
A26: BÍ NGÒI XANH(TRÁI) | D26: =B26*C26 -> 0
A27: BÍ NHẬT | D27: =B27*C27 -> 0
A28: BƠ 034 | B28: 27 | C28: 12000 | D28: =B28*C28 -> 324000
A29: BƠ 034 COOP | D29: =B29*C29 -> 0
A30: BƠ BOOTH | D30: =B30*C30 -> 0
A31: BO HOA CHUONG | D31: =B31*C31 -> 0
A32: BO HOA CUC TANA | D32: =B32*C32 -> 0
A33: BO HOA DONG TIEN HN | D33: =B33*C33 -> 0
A34: BO HOA LOA KEN | D34: =B34*C34 -> 0
A35: BO HOA PHANG | D35: =B35*C35 -> 0
A36: BO HOA SEN QUAN AM | D36: =B36*C36 -> 0
A37: BO HOA SEN SUPER | D37: =B37*C37 -> 0
A38: BƠ SÁP | B38: 25 | C38: 11000 | D38: =B38*C38 -> 275000
A39: BÓ XÔI | D39: =B39*C39 -> 0
A40: BÓ XÔI 300G VR | D40: =B40*C40 -> 0
A41: BÓ XÔI-NA | D41: =B41*C41 -> 0
A42: BÔNG ATISO | D42: =B42*C42 -> 0
A43: BÔNG BÍ | D43: =B43*C43 -> 0
A44: BÔNG BÍ TÚI 300GR | D44: =B44*C44 -> 0
A45: BÔNG CẢI TRẮNG | D45: =B45*C45 -> 0
A46: BÔNG CẢI TRẮNG (CÂY) | D46: =B46*C46 -> 0
A47: BÔNG CẢI XANH 10P | D47: =B47*C47 -> 0
A48: BÔNG CẢI XANH AEON | D48: =B48*C48 -> 0
A49: BÔNG CẢI XANH AEON (CÂY) | D49: =B49*C49 -> 0
A50: BÔNG CẢI XANH BABY (KG) | D50: =B50*C50 -> 0
... A53: BÔNG CẢI XANH CITI | D53: =B53*C53 -> 0
A54: CÀ CHUA | B54: 200 | C54: 17000 | D54: =B54*C54 -> 3400000
A55: CÀ CHUA BI | D55: =B55*C55 -> 0
A56: CÀ CHUA BI (HỘP) 300GR KQ | D56: =B56*C56 -> 0
A57: CÀ CHUA BI (HỘP) 300GR VR | B57: 35 | C57: 6900 | D57: =B57*C57 -> 241500
A58: CÀ CHUA BI 300GR KQ (KG) | D58: =B58*C58 -> 0
A59: CÀ CHUA BI 300GR VR (KG) | D59: =B59*C59 -> 0
A60: CÀ CHUA BI CAM SỮA (KG) VR | D60: =B60*C60 -> 0
A61: CÀ CHUA BI COOP | B61: 2 | C61: 11500 | D61: =B61*C61 -> 23000
A62: CÀ CHUA BI-NA | D62: =B62*C62 -> 0
A63: CÀ CHUA CHERRY MIX 300G | D63: =B63*C63 -> 0
A64: CÀ CHUA L1 | B64: 60 | C64: 14000 | D64: =B64*C64 -> 840000
A65: CÀ CHUA MỘC CHÂU | D65: =B65*C65 -> 0
A66: CÀ CHUA NGỌT | D66: =B66*C66 -> 0
A67: CÀ CHUA NGỌT 300GR (KG) | D67: =B67*C67 -> 0
A68: CÀ CHUA NGỌT XÁ | D68: =B68*C68 -> 0
A69: CÀ CHUA ROSEBERRY 300G | D69: =B69*C69 -> 0
A70: CÀ CHUA SÔCOLA 250GR (HỘP) VR | D70: =B70*C70 -> 0
A71: CÀ CHUA SÔCOLA 250GR (KG) -NA | D71: =B71*C71 -> 0
A72: CÀ CHUA SÔCOLA 250GR (KG) VR | B72: 5 | C72: 10000 | D72: =B72*C72 -> 50000
A73: CÀ CHUA SÔCOLA 250GR(KG) KQ | D73: =B73*C73 -> 0
A74: CÀ CHUA SÔCOLA 300GR (HỘP) VR | D74: =B74*C74 -> 0
A75: CÀ CHUA SOCOLA XÁ | D75: =B75*C75 -> 0
A76: CÀ CHUA SÔCOLA(HỘP) KQ | D76: =B76*C76 -> 0
A77: CÀ CHUA VỈ 400GR | D77: =B77*C77 -> 0
A78: CÀ CHUA Ý | B78: 120 | C78: 25000 | D78: =B78*C78 -> 3000000
A79: CÀ CHUA Ý 500G | D79: =B79*C79 -> 0
A80: CÀ CHUA Ý CHÙM | D80: =B80*C80 -> 0
A81: CÀ CHUA Ý(VỈ) KG | B81: 20 | C81: 22000 | D81: =B81*C81 -> 440000
A82: CÀ CHUA Ý(VỈ) KG KQ | D82: =B82*C82 -> 0
A83: CÀ RỐT BABY | D83: =B83*C83 -> 0
A84: CÀ RỐT BABY (KG) KQ | D84: =B84*C84 -> 0
A85: CÀ RỐT BABY 200GR | D85: =B85*C85 -> 0
A86: CÀ RỐT DL | D86: =B86*C86 -> 0
A87: CÀ RỐT DL L1 | B87: 16 | C87: 19000 | D87: =B87*C87 -> 304000
A88: CÀ RỐT DL TÚI LƯỚI 500GR VR | D88: =B88*C88 -> 0
A89: CÀ RỐT TRUNG | D89: =B89*C89 -> 0
A90: CÀ RỐT TÚI LƯỚI 800G KQ | D90: =B90*C90 -> 0
A91: CÀ TÍM | D91: =B91*C91 -> 0
A92: CÀ TÍM CẶP 400G | D92: =B92*C92 -> 0
A93: CÀ TÍM SỌC PHA LÊ 300G | D93: =B93*C93 -> 0
A94: CÀ TÍM SỌC PHA LÊ HỘP 500GR VR | D94: =B94*C94 -> 0
A95: CÀ TÍM SỌC PHA LÊ TÍM (KG) VR | D95: =B95*C95 -> 0
A96: CÀ Ý VỈ 650GR | D96: =B96*C96 -> 0
A97: CẢI CẦU VỒNG | D97: =B97*C97 -> 0
A98: CẢI CẦU VỒNG 300GR | D98: =B98*C98 -> 0
A99: CẢI CÚC 300GR | D99: =B99*C99 -> 0
... A135: CỦ ĐẬU 400G | D135: =B135*C135 -> 0
A136: CỦ DỀN | B136: 20 | C136: 14000 | D136: =B136*C136 -> 280000
A137: CỦ DỀN 600G | D137: =B137*C137 -> 0
...

Sheet 11.7
A1: hàng tồn cuối ngày 11/7 vr
A2: TÊN SẢN PHẨM | B2: TỒN TRƯỚC | C2: GIÁ NHẬP | D2: THÀNH TIỀN
A3: CÀ CHUA SÔCOLA 250GR (HỘP) VR | B3: =5+25+13 -> 43 | C3: 10000 | D3: =B3*C3 -> 430000
A4: CÀ CHUA SÔCOLA 250GR (KG) -NA | D4: =B4*C4 -> 0
A5: CÀ CHUA SÔCOLA 250GR (KG) VR | D5: =B5*C5 -> 0
A6: CÀ CHUA SÔCOLA 250GR(KG) KQ | D6: =B6*C6 -> 0
A7: CÀ CHUA SÔCOLA 300GR (HỘP) VR | D7: =B7*C7 -> 0
A8: CÀ CHUA SOCOLA XÁ | D8: =B8*C8 -> 0
A9: CÀ CHUA SÔCOLA(HỘP) KQ | D9: =B9*C9 -> 0
A10: CÀ RỐT BABY | D10: =B10*C10 -> 0
A11: CÀ RỐT BABY (KG) KQ | D11: =B11*C11 -> 0
A12: CÀ RỐT BABY 200GR | D12: =B12*C12 -> 0
A13: CẢI CẦU VỒNG | D13: =B13*C13 -> 0
A14: CẢI CẦU VỒNG 300GR | D14: =B14*C14 -> 0
A15: CẢI KALE | D15: =B15*C15 -> 0
... A23: ỚT CHUÔNG 3 MÀU(KG)VR | D23: =B23*C23 -> 0
A24: ỚT CHUÔNG ĐỎ | B24: =18+13+13+5+40-20 -> 69 | C24: 24000 | D24: =B24*C24 -> 1656000
A25: ỚT CHUÔNG ĐỎ L1 | D25: =B25*C25 -> 0
A26: ỚT CHUÔNG ĐỎ(TRÁI) | D26: =B26*C26 -> 0
A27: ỚT CHUÔNG 3 MÀU 350G | B27: 2 | C27: 10000 | D27: =B27*C27 -> 20000
A28: ỚT CHUÔNG 3 MÀU KQ(KG) | D28: =B28*C28 -> 0
A29: ỚT CHUÔNG VÀNG | B29: =37+40-20 -> 57 | C29: 29000 | D29: =B29*C29 -> 1653000
A30: ỚT CHUÔNG VÀNG L1 | D30: =B30*C30 -> 0
A31: ỚT CHUÔNG VÀNG(TRÁI) | D31: =B31*C31 -> 0
A32: ỚT CHUÔNG VÀNG+ XANH (VỈ) | D32: =B32*C32 -> 0
A33: ỚT CHUÔNG XANH | B33: =8+6+10-20 -> 4 | C33: 18000 | D33: =B33*C33 -> 72000
A34: ỚT CHUÔNG XANH L1 | D34: =B34*C34 -> 0
A35: ỚT CHUÔNG XANH(TRÁI) | D35: =B35*C35 -> 0
A36: CỦ DỀN | B36: =12+20+28+30-60 -> 30 | C36: 14000 | D36: =B36*C36 -> 420000
A37: CỦ DỀN 600G | D37: =B37*C37 -> 0
A38: GỪNG 250GR | D38: =B38*C38 -> 0
A39: HỒNG GIÒN | D39: =B39*C39 -> 0
A40: XÀ LÁCH MỸ | D40: =B40*C40 -> 0
A41: KHOAI TÂY HỒNG | D41: =B41*C41 -> 0
A42: KHOAI TÂY HỒNG TÚI LƯỚI 500G | D42: =B42*C42 -> 0
A43: KHOAI TÂY VÀNG | D43: =B43*C43 -> 0
A44: KHOAI TÂY VÀNG ĐL | B44: =140+140+80+50-300 -> 110 | C44: 15000 | D44: =B44*C44 -> 1650000
A45: KHOAI TÂY VÀNG LỚN TÚI LƯỚI 500G | D45: =B45*C45 -> 0
A46: KHOAI TÂY VÀNG TRUNG TÚI LƯỚI 500G | D46: =B46*C46 -> 0
A47: CẢI THẢO DL | B47: 250 | C47: 7000 | D47: =B47*C47 -> 1750000
A48: CẢI THẢO DL(BẮP) | D48: =B48*C48 -> 0
A49: CẢI THẢO KIM CHI | D49: =B49*C49 -> 0
A50: CẢI THẢO VR | D50: =B50*C50 -> 0
A51: BẦU | D51: =B51*C51 -> 0
A52: BÍ ĐAO XANH | D52: =B52*C52 -> 0
A53: BÍ ĐAO XANH 400G | D53: =B53*C53 -> 0
A54: DƯA LEO | D54: =B54*C54 -> 0
A55: DƯA LEO 400G | D55: =B55*C55 -> 0
A56: DƯA LEO KG (VỈ) | D56: =B56*C56 -> 0
A57: KHỔ QUA | D57: =B57*C57 -> 0
A58: KHỔ QUA KG(VỈ) | D58: =B58*C58 -> 0
A59: MƯỚP HƯƠNG | D59: =B59*C59 -> 0
... A63: DƯA LEO GIỐNG NHẬT 600GR | D63: =B63*C63 -> 0
A64: DƯA LEO GIỐNG NHẬT KG | B64: 7 | C64: 18000 | D64: =B64*C64 -> 126000
A65: BƠ 034 | D65: =B65*C65 -> 0
A66: BƠ 034 COOP | D66: =B66*C66 -> 0
A67: BƠ BOOTH | D67: =B67*C67 -> 0
A68: BƠ SÁP | B68: 2 | C68: 11000 | D68: =B68*C68 -> 22000
A69: KHOAI LANG MẬT (KG) 2-3 CỦ | B69: =140+300+65+20 -> 525 | C69: 19000 | D69: =B69*C69 -> 9975000
A70: KHOAI LANG MẬT (KG) 4-6 CỦ | B70: 200 | C70: 19000 | D70: =B70*C70 -> 3800000
A71: KHOAI LANG MẬT 500G VR | D71: =B71*C71 -> 0
A72: PARO | B72: 8 | C72: 14000 | D72: =B72*C72 -> 112000
A73: PARO (CÂY) | D73: =B73*C73 -> 0
A74: BẮP CẢI TÍM | B74: 13 | C74: 14000 | D74: =B74*C74 -> 182000
A75: BẮP CẢI TÍM (BẮP) | D75: =B75*C75 -> 0
A76: BẮP CẢI TÍM SUSHI | D76: =B76*C76 -> 0
A77: CÀ CHUA CHERRY MIX 300G | D77: =B77*C77 -> 0
A78: TÍA TÔ 50G | D78: =B78*C78 -> 0
A79: XÀ LÁCH LOLO XANH | D79: =B79*C79 -> 0
A80: XÀ LÁCH LOLO XANH SUSHI | D80: =B80*C80 -> 0
A81: XÀ LÁCH LOLO XANH TÚI 300GR | D81: =B81*C81 -> 0
A82: XÀ LÁCH ROMEN THUỶ CANH (KG) VR | D82: =B82*C82 -> 0
A83: CÀ RỐT DL | D83: =B83*C83 -> 0
A84: CÀ RỐT DL L1 | B84: 8 | C84: 19000 | D84: =B84*C84 -> 152000
A85: CÀ RỐT DL TÚI LƯỚI 500GR VR | D85: =B85*C85 -> 0
A86: CÀ RỐT TRUNG | D86: =B86*C86 -> 0
A87: CÀ RỐT TÚI LƯỚI 800G KQ | D87: =B87*C87 -> 0
A88: GỪNG | B88: 1 | C88: 45000 | D88: =B88*C88 -> 45000
A89: MỒNG TƠI | D89: =B89*C89 -> 0
A90: NGÒ RÍ | D90: =B90*C90 -> 0
A91: NGÒ RÍ TÚI 50GR | D91: =B91*C91 -> 0
A92: ỚT HIỂM | D92: =B92*C92 -> 0
A93: ỚT HIỂM 100G | D93: =B93*C93 -> 0
A94: THÌ LÀ | D94: =B94*C94 -> 0
A95: THÌ LÀ TÚI 80GR | D95: =B95*C95 -> 0
A96: CHUỐI LABA | D96: =B96*C96 -> 0
A97: BÔNG BÍ TÚI 300GR | D97: =B97*C97 -> 0
A98: BÔNG CẢI TRẮNG | D98: =B98*C98 -> 0
A99: BÔNG CẢI TRẮNG (CÂY) | D99: =B99*C99 -> 0
A100: SET ỚT CHUÔNG BABY 250G | D100: =B100*C100 -> 0
... A115: BO HOA LOA KEN | D115: =B115*C115 -> 0
A116: CÀ CHUA | B116: =40+480+360+100+60-300 -> 740 | C116: 16000 | D116: =B116*C116 -> 11840000
A117: CÀ CHUA L1 | B117: =50+130-55 -> 125 | C117: 13000 | D117: =B117*C117 -> 1625000
A118: CÀ CHUA VỈ 400GR | D118: =B118*C118 -> 0
A119: BÍ ĐỎ MINI | D119: =B119*C119 -> 0
A120: ỚT SỪNG VÀNG | D120: =B120*C120 -> 0
A121: BÍ ĐỎ TRÒN | B121: =1500+330+40-100-1000 -> 770 | C121: 13000 | D121: =B121*C121 -> 10010000
A122: BÔNG ATISO | D122: =B122*C122 -> 0
A123: BÔNG CẢI XANH BABY (KG) | D123: =B123*C123 -> 0
A124: BÔNG CẢI XANH BABY 200G | D124: =B124*C124 -> 0
...

Sheet 12.7
A1: hàng tồn cuối ngày 12/7 vr
A2: TÊN SẢN PHẨM | B2: TỒN TRƯỚC | C2: GIÁ NHẬP | D2: THÀNH TIỀN
A3: BẮP CẢI TÍM | B3: 5 | C3: 14000 | D3: =B3*C3 -> 70000
A4: BẮP CẢI TÍM (BẮP) | D4: =B4*C4 -> 0
A5: BẮP CẢI TÍM SUSHI | D5: =B5*C5 -> 0
A6: BẮP CẢI TRẮNG | D6: =B6*C6 -> 0
A7: BẮP CẢI TRẮNG (BẮP) | D7: =B7*C7 -> 0
A8: BẮP CẢI TRẮNG MỘC CHÂU | D8: =B8*C8 -> 0
A9: BẮP CẢI TRẮNG SÓI BIỂN | D9: =B9*C9 -> 0
A10: BẮP CẢI TRẮNG SUSHI | D10: =B10*C10 -> 0
A11: BẮP MỸ CẶP | D11: =B11*C11 -> 0
A12: BẦU | D12: =B12*C12 -> 0
A13: BÍ ĐAO XANH | D13: =B13*C13 -> 0
A14: BÍ ĐAO XANH 400G | D14: =B14*C14 -> 0
A15: BÍ ĐỎ HỒ LÔ | B15: =5+15 -> 20 | C15: 18000 | D15: =B15*C15 -> 360000
A16: BÍ ĐỎ MINI | D16: =B16*C16 -> 0
A17: BÍ ĐỎ NON (KG)KQ | D17: =B17*C17 -> 0
A18: BÍ ĐỎ NON TRÁI VR | B18: =22+60 -> 82 | C18: 4000 | D18: =B18*C18 -> 328000
A19: BÍ ĐỎ NON( KG) VR | D19: =B19*C19 -> 0
A20: BÍ ĐỎ TRÒN | B20: =-1000+1148+280 -> 428 | C20: 13000 | D20: =B20*C20 -> 5564000
A21: BÍ MINI VÀNG 300GR | D21: =B21*C21 -> 0
A22: BÍ MINI VÀNG KG | D22: =B22*C22 -> 0
A23: BÍ NGÒI VÀNG | D23: =B23*C23 -> 0
A24: BÍ NGÒI VÀNG (TRÁI) | D24: =B24*C24 -> 0
A25: BÍ NGÒI XANH | B25: =-30+45+30+40 -> 85 | C25: 9000 | D25: =B25*C25 -> 765000
A26: BÍ NGÒI XANH(TRÁI) | D26: =B26*C26 -> 0
A27: BÍ NHẬT | D27: =B27*C27 -> 0
A28: BƠ 034 | B28: =13+80 -> 93 | C28: 12500 | D28: =B28*C28 -> 1162500
A29: BƠ 034 COOP | D29: =B29*C29 -> 0
A30: BƠ BOOTH | D30: =B30*C30 -> 0
A31: BO HOA CHUONG | D31: =B31*C31 -> 0
A32: BO HOA CUC TANA | D32: =B32*C32 -> 0
A33: BO HOA DONG TIEN HN | D33: =B33*C33 -> 0
A34: BO HOA LOA KEN | D34: =B34*C34 -> 0
A35: BO HOA PHANG | D35: =B35*C35 -> 0
A36: BO HOA SEN QUAN AM | D36: =B36*C36 -> 0
A37: BO HOA SEN SUPER | D37: =B37*C37 -> 0
A38: BƠ SÁP | B38: 12 | C38: 11000 | D38: =B38*C38 -> 132000
A39: BÓ XÔI | D39: =B39*C39 -> 0
A40: BÓ XÔI 300G VR | D40: =B40*C40 -> 0
A41: BÓ XÔI-NA | D41: =B41*C41 -> 0
A42: BÔNG ATISO | D42: =B42*C42 -> 0
A43: BÔNG BÍ | D43: =B43*C43 -> 0
A44: BÔNG BÍ TÚI 300GR | D44: =B44*C44 -> 0
A45: BÔNG CẢI TRẮNG | D45: =B45*C45 -> 0
A46: BÔNG CẢI TRẮNG (CÂY) | D46: =B46*C46 -> 0
A47: BÔNG CẢI XANH 10P | D47: =B47*C47 -> 0
A48: BÔNG CẢI XANH AEON | D48: =B48*C48 -> 0
A49: BÔNG CẢI XANH AEON (CÂY) | D49: =B49*C49 -> 0
A50: BÔNG CẢI XANH BABY (KG) | D50: =B50*C50 -> 0
... A63: CÀ CHUA CHERRY MIX 300G | D63: =B63*C63 -> 0
A64: CÀ CHUA L1 | B64: 80 | C64: 13000 | D64: =B64*C64 -> 1040000
A65: CÀ CHUA MỘC CHÂU | D65: =B65*C65 -> 0
A66: CÀ CHUA NGỌT | D66: =B66*C66 -> 0
A67: CÀ CHUA NGỌT 300GR (KG) | D67: =B67*C67 -> 0
A68: CÀ CHUA NGỌT XÁ | D68: =B68*C68 -> 0
A69: CÀ CHUA ROSEBERRY 300G | D69: =B69*C69 -> 0
A70: CÀ CHUA SÔCOLA 250GR (HỘP) VR | D70: =B70*C70 -> 0
A71: CÀ CHUA SÔCOLA 250GR (KG) -NA | D71: =B71*C71 -> 0
A72: CÀ CHUA SÔCOLA 250GR (KG) VR | D72: =B72*C72 -> 0
A73: CÀ CHUA SÔCOLA 250GR(KG) KQ | D73: =B73*C73 -> 0
A74: CÀ CHUA SÔCOLA 300GR (HỘP) VR | D74: =B74*C74 -> 0
A75: CÀ CHUA SOCOLA XÁ | D75: =B75*C75 -> 0
A76: CÀ CHUA SÔCOLA(HỘP) KQ | D76: =B76*C76 -> 0
... A79: CÀ CHUA Ý 500G | D79: =B79*C79 -> 0
A80: CÀ CHUA Ý CHÙM | B80: =80+80 -> 160 | C80: 27000 | D80: =B80*C80 -> 4320000
A81: CÀ CHUA Ý(VỈ) KG | B81: 15 | C81: 22000 | D81: =B81*C81 -> 330000
A82: CÀ CHUA Ý(VỈ) KG KQ | D82: =B82*C82 -> 0
A83: CÀ RỐT BABY | D83: =B83*C83 -> 0
A84: CÀ RỐT BABY (KG) KQ | D84: =B84*C84 -> 0
A85: CÀ RỐT BABY 200GR | D85: =B85*C85 -> 0
A86: CÀ RỐT DL | D86: =B86*C86 -> 0
A87: CÀ RỐT DL L1 | D87: =B87*C87 -> 0
A88: CÀ RỐT DL TÚI LƯỚI 500GR VR | D88: =B88*C88 -> 0
A89: CÀ RỐT TRUNG | D89: =B89*C89 -> 0
A90: CÀ RỐT TÚI LƯỚI 800G KQ | D90: =B90*C90 -> 0
A91: CÀ TÍM | B91: 4 | C91: 7000 | D91: =B91*C91 -> 28000
A92: CÀ TÍM CẶP 400G | D92: =B92*C92 -> 0
A93: CÀ TÍM SỌC PHA LÊ 300G | D93: =B93*C93 -> 0
A94: CÀ TÍM SỌC PHA LÊ HỘP 500GR VR | D94: =B94*C94 -> 0
A95: CÀ TÍM SỌC PHA LÊ TÍM (KG) VR | D95: =B95*C95 -> 0
A96: CÀ Ý VỈ 650GR | D96: =B96*C96 -> 0
A97: CẢI CẦU VỒNG | D97: =B97*C97 -> 0
A98: CẢI CẦU VỒNG 300GR | D98: =B98*C98 -> 0
A99: CẢI CÚC 300GR | D99: =B99*C99 -> 0
A100: CẢI KALE | D100: =B100*C100 -> 0
A101: CẢI KALE 150GR | D101: =B101*C101 -> 0
A102: CẢI KALE 300GR | D102: =B102*C102 -> 0
A103: CẢI MÈO MỘC CHÂU | D103: =B103*C103 -> 0
... A110: CẢI THẢO VR | D110: =B110*C110 -> 0
A111: CẦN TÂY (KG) | B111: 8 | C111: 15000 | D111: =B111*C111 -> 120000
A112: CẦN TÂY THUỶ CANH | D112: =B112*C112 -> 0
A113: CẦN TÂY(CÂY) | D113: =B113*C113 -> 0
A114: CHANH DÂY | D114: =B114*C114 -> 0
A115: CHANH DÂY NGỌT L2 | D115: =B115*C115 -> 0
A116: CHANH DÂY NGỌT VỈ 300GR | D116: =B116*C116 -> 0
A117: CHANH KHÔNG HẠT | D117: =B117*C117 -> 0
A118: CHANH VÀNG (KG) | D118: =B118*C118 -> 0
A119: CHANH VÀNG TRÁI 180UP | D119: =B119*C119 -> 0
A120: CHẬU CÂY CẢI CẦU VỒNG | D120: =B120*C120 -> 0
...

Sheet 13.7
A1: hàng tồn cuối ngày 13/7 vr
A2: TÊN SẢN PHẨM | B2: TỒN TRƯỚC | C2: GIÁ NHẬP | D2: THÀNH TIỀN
A3: BẮP CẢI TÍM | B3: =25+95 -> 120 | C3: 14000 | D3: =B3*C3 -> 1680000
A4: BẮP CẢI TÍM (BẮP) | D4: =B4*C4 -> 0
A5: BẮP CẢI TÍM SUSHI | D5: =B5*C5 -> 0
A6: BẮP CẢI TRẮNG | D6: =B6*C6 -> 0
A7: BẮP CẢI TRẮNG (BẮP) | D7: =B7*C7 -> 0
A8: BẮP CẢI TRẮNG MỘC CHÂU | D8: =B8*C8 -> 0
A9: BẮP CẢI TRẮNG SÓI BIỂN | D9: =B9*C9 -> 0
A10: BẮP CẢI TRẮNG SUSHI | D10: =B10*C10 -> 0
A11: BẮP MỸ CẶP | D11: =B11*C11 -> 0
A12: BẦU | D12: =B12*C12 -> 0
A13: BÍ ĐAO XANH | D13: =B13*C13 -> 0
A14: BÍ ĐAO XANH 400G | D14: =B14*C14 -> 0
A15: BÍ ĐỎ HỒ LÔ | B15: 8 | C15: 18000 | D15: =B15*C15 -> 144000
A16: BÍ ĐỎ MINI | D16: =B16*C16 -> 0
A17: BÍ ĐỎ NON (KG)KQ | D17: =B17*C17 -> 0
A18: BÍ ĐỎ NON TRÁI VR | B18: 25 | C18: 4000 | D18: =B18*C18 -> 100000
A19: BÍ ĐỎ NON( KG) VR | B19: 10 | C19: 14000 | D19: =B19*C19 -> 140000
A20: BÍ ĐỎ TRÒN | B20: =-1000+1262+580+370 -> 1212 | C20: 14000 | D20: =B20*C20 -> 16968000
A21: BÍ MINI VÀNG 300GR | D21: =B21*C21 -> 0
A22: BÍ MINI VÀNG KG | D22: =B22*C22 -> 0
A23: BÍ NGÒI VÀNG | D23: =B23*C23 -> 0
A24: BÍ NGÒI VÀNG (TRÁI) | D24: =B24*C24 -> 0
A25: BÍ NGÒI XANH | B25: =-30+75+23 -> 68 | C25: 9000 | D25: =B25*C25 -> 612000
A26: BÍ NGÒI XANH(TRÁI) | D26: =B26*C26 -> 0
A27: BÍ NHẬT | D27: =B27*C27 -> 0
A28: BƠ 034 | D28: =B28*C28 -> 0
A29: BƠ 034 COOP | D29: =B29*C29 -> 0
A30: BƠ BOOTH | D30: =B30*C30 -> 0
A31: BO HOA CHUONG | D31: =B31*C31 -> 0
A32: BO HOA CUC TANA | D32: =B32*C32 -> 0
A33: BO HOA DONG TIEN HN | D33: =B33*C33 -> 0
A34: BO HOA LOA KEN | D34: =B34*C34 -> 0
A35: BO HOA PHANG | D35: =B35*C35 -> 0
A36: BO HOA SEN QUAN AM | D36: =B36*C36 -> 0
A37: BO HOA SEN SUPER | D37: =B37*C37 -> 0
... A63: CÀ CHUA CHERRY MIX 300G | D63: =B63*C63 -> 0
A64: CÀ CHUA L1 | B64: 40 | C64: 14000 | D64: =B64*C64 -> 560000
A65: CÀ CHUA MỘC CHÂU | D65: =B65*C65 -> 0
A66: CÀ CHUA NGỌT | D66: =B66*C66 -> 0
A67: CÀ CHUA NGỌT 300GR (KG) | D67: =B67*C67 -> 0
A68: CÀ CHUA NGỌT XÁ | D68: =B68*C68 -> 0
A69: CÀ CHUA ROSEBERRY 300G | D69: =B69*C69 -> 0
A70: CÀ CHUA SÔCOLA 250GR (HỘP) VR | D70: =B70*C70 -> 0
A71: CÀ CHUA SÔCOLA 250GR (KG) -NA | D71: =B71*C71 -> 0
A72: CÀ CHUA SÔCOLA 250GR (KG) VR | D72: =B72*C72 -> 0
A73: CÀ CHUA SÔCOLA 250GR(KG) KQ | D73: =B73*C73 -> 0
A74: CÀ CHUA SÔCOLA 300GR (HỘP) VR | D74: =B74*C74 -> 0
A75: CÀ CHUA SOCOLA XÁ | D75: =B75*C75 -> 0
A76: CÀ CHUA SÔCOLA(HỘP) KQ | D76: =B76*C76 -> 0
A77: CÀ CHUA VỈ 400GR | D77: =B77*C77 -> 0
A78: CÀ CHUA Ý | B78: =-150+170 -> 20 | C78: 24000 | D78: =B78*C78 -> 480000
A79: CÀ CHUA Ý 500G | D79: =B79*C79 -> 0
A80: CÀ CHUA Ý CHÙM | B80: 60 | C80: 26000 | D80: =B80*C80 -> 1560000
A81: CÀ CHUA Ý(VỈ) KG | B81: 10 | C81: 22000 | D81: =B81*C81 -> 220000
A82: CÀ CHUA Ý(VỈ) KG KQ | D82: =B82*C82 -> 0
A83: CÀ RỐT BABY | D83: =B83*C83 -> 0
A84: CÀ RỐT BABY (KG) KQ | D84: =B84*C84 -> 0
A85: CÀ RỐT BABY 200GR | D85: =B85*C85 -> 0
A86: CÀ RỐT DL | D86: =B86*C86 -> 0
A87: CÀ RỐT DL L1 | D87: =B87*C87 -> 0
A88: CÀ RỐT DL TÚI LƯỚI 500GR VR | D88: =B88*C88 -> 0
A89: CÀ RỐT TRUNG | D89: =B89*C89 -> 0
A90: CÀ RỐT TÚI LƯỚI 800G KQ | D90: =B90*C90 -> 0
A91: CÀ TÍM | D91: =B91*C91 -> 0
A92: CÀ TÍM CẶP 400G | D92: =B92*C92 -> 0
A93: CÀ TÍM SỌC PHA LÊ 300G | D93: =B93*C93 -> 0
... A103: CẢI MÈO MỘC CHÂU | D103: =B103*C103 -> 0
A104: CẢI THẢO DL | B104: 30 | C104: 7000 | D104: =B104*C104 -> 210000
A105: CẢI THẢO DL(BẮP) | D105: =B105*C105 -> 0
A106: CẢI THẢO HỎA TIỄN | D106: =B106*C106 -> 0
A107: CẢI THẢO HỎA TIỄN 250GR | D107: =B107*C107 -> 0
A108: CẢI THẢO KIM CHI | D108: =B108*C108 -> 0
A109: CẢI THẢO MỘC CHÂU | D109: =B109*C109 -> 0
A110: CẢI THẢO VR | D110: =B110*C110 -> 0
A111: CẦN TÂY (KG) | D111: =B111*C111 -> 0
A112: CẦN TÂY THUỶ CANH | D112: =B112*C112 -> 0
A113: CẦN TÂY(CÂY) | D113: =B113*C113 -> 0
A114: CHANH DÂY | D114: =B114*C114 -> 0
A115: CHANH DÂY NGỌT L2 | D115: =B115*C115 -> 0
A116: CHANH DÂY NGỌT VỈ 300GR | D116: =B116*C116 -> 0
... A122: CHẬU CÂY CẦN TÂY | D122: =B122*C122 -> 0
A123: CHUỐI LABA | B123: =-20+30 -> 10 | C123: 11000 | D123: =B123*C123 -> 110000
A124: CÓC NON 200G | D124: =B124*C124 -> 0
A125: CỦ CẢI ĐỎ 300GR (KG) VR | D125: =B125*C125 -> 0
A126: CỦ CẢI ĐỎ HỘP 300GR | B126: 3 | C126: 14000 | D126: =B126*C126 -> 42000
A127: CỦ CẢI ĐỎ(HỘP) | D127: =B127*C127 -> 0
A128: CỦ CẢI ĐỎ(KG) KQ | D128: =B128*C128 -> 0
A129: CỦ CẢI ĐỎ(KG) VR | D129: =B129*C129 -> 0
A130: CỦ CẢI HÀN QUỐC | D130: =B130*C130 -> 0
A131: CỦ CẢI MUỐI (VỈ) 250G KQ | D131: =B131*C131 -> 0
A132: CỦ CẢI MUỐI(KG) | B132: 2.5 | C132: 16000 | D132: =B132*C132 -> 40000
A133: CỦ CẢI TRẮNG | D133: =B133*C133 -> 0
A134: CỦ CẢI TRẮNG CẶP 400GR | D134: =B134*C134 -> 0
A135: CỦ ĐẬU 400G | D135: =B135*C135 -> 0
A136: CỦ DỀN | B136: =-60+25+18+12+18 -> 13 | C136: 14000 | D136: =B136*C136 -> 182000
A137: CỦ DỀN 600G | D137: =B137*C137 -> 0
A138: CỦ HÀNH ĐỎ | B138: 2 | C138: 42000 | D138: =B138*C138 -> 84000
A139: CỦ HÀNH ĐỎ 500GR | D139: =B139*C139 -> 0
...

Sheet 14.7
A1: hàng tồn cuối ngaỳ 14/7 vr
A2: TÊN SẢN PHẨM | B2: TỒN TRƯỚC | C2: GIÁ NHẬP | D2: THÀNH TIỀN
A3: BẮP CẢI TÍM | B3: 17 | C3: 14000 | D3: =B3*C3 -> 238000
A4: BẮP CẢI TÍM (BẮP) | D4: =B4*C4 -> 0
A5: BẮP CẢI TÍM SUSHI | D5: =B5*C5 -> 0
A6: BẮP CẢI TRẮNG | D6: =B6*C6 -> 0
A7: BẮP CẢI TRẮNG (BẮP) | D7: =B7*C7 -> 0
A8: BẮP CẢI TRẮNG MỘC CHÂU | D8: =B8*C8 -> 0
A9: BẮP CẢI TRẮNG SÓI BIỂN | D9: =B9*C9 -> 0
A10: BẮP CẢI TRẮNG SUSHI | D10: =B10*C10 -> 0
A11: BẮP MỸ CẶP | D11: =B11*C11 -> 0
A12: BẦU | D12: =B12*C12 -> 0
A13: BÍ ĐAO XANH | D13: =B13*C13 -> 0
A14: BÍ ĐAO XANH 400G | D14: =B14*C14 -> 0
A15: BÍ ĐỎ HỒ LÔ | B15: =10+15 -> 25 | C15: 18000 | D15: =B15*C15 -> 450000
A16: BÍ ĐỎ MINI | D16: =B16*C16 -> 0
A17: BÍ ĐỎ NON (KG)KQ | D17: =B17*C17 -> 0
A18: BÍ ĐỎ NON TRÁI VR | D18: =B18*C18 -> 0
A19: BÍ ĐỎ NON( KG) VR | D19: =B19*C19 -> 0
A20: BÍ ĐỎ TRÒN | B20: =-1000+1200+450+210+60 -> 920 | C20: 14000 | D20: =B20*C20 -> 12880000
A21: BÍ MINI VÀNG 300GR | D21: =B21*C21 -> 0
A22: BÍ MINI VÀNG KG | D22: =B22*C22 -> 0
A23: BÍ NGÒI VÀNG | D23: =B23*C23 -> 0
A24: BÍ NGÒI VÀNG (TRÁI) | D24: =B24*C24 -> 0
A25: BÍ NGÒI XANH | B25: =-30+25+12+50 -> 57 | C25: 9000 | D25: =B25*C25 -> 513000
A26: BÍ NGÒI XANH(TRÁI) | D26: =B26*C26 -> 0
A27: BÍ NHẬT | D27: =B27*C27 -> 0
A28: BƠ 034 | B28: 24 | C28: 12500 | D28: =B28*C28 -> 300000
A29: BƠ 034 COOP | D29: =B29*C29 -> 0
A30: BƠ BOOTH | D30: =B30*C30 -> 0
A31: BO HOA CHUONG | D31: =B31*C31 -> 0
A32: BO HOA CUC TANA | D32: =B32*C32 -> 0
A33: BO HOA DONG TIEN HN | D33: =B33*C33 -> 0
A34: BO HOA LOA KEN | D34: =B34*C34 -> 0
A35: BO HOA PHANG | D35: =B35*C35 -> 0
A36: BO HOA SEN QUAN AM | D36: =B36*C36 -> 0
A37: BO HOA SEN SUPER | D37: =B37*C37 -> 0
A38: BƠ SÁP | D38: =B38*C38 -> 0
A39: BÓ XÔI | D39: =B39*C39 -> 0
A40: BÓ XÔI 300G VR | D40: =B40*C40 -> 0
... A46: BÔNG CẢI TRẮNG (CÂY) | D46: =B46*C46 -> 0
A47: BÔNG CẢI XANH 10P | B47: =16+5 -> 21 | C47: 26000 | D47: =B47*C47 -> 546000
A48: BÔNG CẢI XANH AEON | B48: 35 | C48: 33000 | D48: =B48*C48 -> 1155000
A49: BÔNG CẢI XANH AEON (CÂY) | D49: =B49*C49 -> 0
A50: BÔNG CẢI XANH BABY (KG) | D50: =B50*C50 -> 0
A51: BÔNG CẢI XANH BABY 200G | D51: =B51*C51 -> 0
A52: BÔNG CẢI XANH BIGC | D52: =B52*C52 -> 0
A53: BÔNG CẢI XANH CITI | D53: =B53*C53 -> 0
A54: CÀ CHUA | B54: =-300+18+10+210+100 -> 38 | C54: 17000 | D54: =B54*C54 -> 646000
A55: CÀ CHUA BI | D55: =B55*C55 -> 0
A56: CÀ CHUA BI (HỘP) 300GR KQ | D56: =B56*C56 -> 0
A57: CÀ CHUA BI (HỘP) 300GR VR | B57: 25 | C57: 6900 | D57: =B57*C57 -> 172500
A58: CÀ CHUA BI 300GR KQ (KG) | D58: =B58*C58 -> 0
A59: CÀ CHUA BI 300GR VR (KG) | D59: =B59*C59 -> 0
A60: CÀ CHUA BI CAM SỮA (KG) VR | D60: =B60*C60 -> 0
A61: CÀ CHUA BI COOP | B61: 4 | C61: 11500 | D61: =B61*C61 -> 46000
A62: CÀ CHUA BI-NA | D62: =B62*C62 -> 0
A63: CÀ CHUA CHERRY MIX 300G | D63: =B63*C63 -> 0
A64: CÀ CHUA L1 | B64: =30+60+30 -> 120 | C64: 14000 | D64: =B64*C64 -> 1680000
A65: CÀ CHUA MỘC CHÂU | D65: =B65*C65 -> 0
A66: CÀ CHUA NGỌT | D66: =B66*C66 -> 0
A67: CÀ CHUA NGỌT 300GR (KG) | D67: =B67*C67 -> 0
A68: CÀ CHUA NGỌT XÁ | D68: =B68*C68 -> 0
A69: CÀ CHUA ROSEBERRY 300G | D69: =B69*C69 -> 0
A70: CÀ CHUA SÔCOLA 250GR (HỘP) VR | B70: 21 | C70: 10000 | D70: =B70*C70 -> 210000
A71: CÀ CHUA SÔCOLA 250GR (KG) -NA | D71: =B71*C71 -> 0
A72: CÀ CHUA SÔCOLA 250GR (KG) VR | D72: =B72*C72 -> 0
A73: CÀ CHUA SÔCOLA 250GR(KG) KQ | D73: =B73*C73 -> 0
A74: CÀ CHUA SÔCOLA 300GR (HỘP) VR | D74: =B74*C74 -> 0
A75: CÀ CHUA SOCOLA XÁ | D75: =B75*C75 -> 0
A76: CÀ CHUA SÔCOLA(HỘP) KQ | D76: =B76*C76 -> 0
A77: CÀ CHUA VỈ 400GR | D77: =B77*C77 -> 0
A78: CÀ CHUA Ý | D78: =B78*C78 -> 0
A79: CÀ CHUA Ý 500G | D79: =B79*C79 -> 0
A80: CÀ CHUA Ý CHÙM | B80: =50+35 -> 85 | C80: 26000 | D80: =B80*C80 -> 2210000
A81: CÀ CHUA Ý(VỈ) KG | B81: =7+25 -> 32 | C81: 22000 | D81: =B81*C81 -> 704000
A82: CÀ CHUA Ý(VỈ) KG KQ | D82: =B82*C82 -> 0
A83: CÀ RỐT BABY | D83: =B83*C83 -> 0
A84: CÀ RỐT BABY (KG) KQ | D84: =B84*C84 -> 0
A85: CÀ RỐT BABY 200GR | D85: =B85*C85 -> 0
A86: CÀ RỐT DL | D86: =B86*C86 -> 0
A87: CÀ RỐT DL L1 | D87: =B87*C87 -> 0
A88: CÀ RỐT DL TÚI LƯỚI 500GR VR | D88: =B88*C88 -> 0
A89: CÀ RỐT TRUNG | D89: =B89*C89 -> 0
A90: CÀ RỐT TÚI LƯỚI 800G KQ | D90: =B90*C90 -> 0
A91: CÀ TÍM | B91: =5+4 -> 9 | C91: 9000 | D91: =B91*C91 -> 81000
A92: CÀ TÍM CẶP 400G | D92: =B92*C92 -> 0
A93: CÀ TÍM SỌC PHA LÊ 300G | D93: =B93*C93 -> 0
A94: CÀ TÍM SỌC PHA LÊ HỘP 500GR VR | D94: =B94*C94 -> 0
A95: CÀ TÍM SỌC PHA LÊ TÍM (KG) VR | D95: =B95*C95 -> 0
A96: CÀ Ý VỈ 650GR | D96: =B96*C96 -> 0
A97: CẢI CẦU VỒNG | D97: =B97*C97 -> 0
A98: CẢI CẦU VỒNG 300GR | D98: =B98*C98 -> 0
A99: CẢI CÚC 300GR | D99: =B99*C99 -> 0
A100: CẢI KALE | D100: =B100*C100 -> 0
A101: CẢI KALE 150GR | D101: =B101*C101 -> 0
A102: CẢI KALE 300GR | D102: =B102*C102 -> 0
A103: CẢI MÈO MỘC CHÂU | D103: =B103*C103 -> 0
... A110: CẢI THẢO VR | D110: =B110*C110 -> 0
A111: CẦN TÂY (KG) | B111: 24 | C111: 15000 | D111: =B111*C111 -> 360000
...

Sheet 15.7
A1: hàng tồn cuối ngày 15/7 vr
A2: TÊN SẢN PHẨM | B2: TỒN TRƯỚC | C2: GIÁ NHẬP | D2: THÀNH TIỀN
A3: BẮP CẢI TÍM | B3: =5+11 -> 16 | C3: 14000 | D3: =B3*C3 -> 224000
A4: BẮP CẢI TÍM (BẮP) | D4: =B4*C4 -> 0
A5: BẮP CẢI TÍM SUSHI | D5: =B5*C5 -> 0
A6: BẮP CẢI TRẮNG | D6: =B6*C6 -> 0
A7: BẮP CẢI TRẮNG (BẮP) | D7: =B7*C7 -> 0
A8: BẮP CẢI TRẮNG MỘC CHÂU | D8: =B8*C8 -> 0
A9: BẮP CẢI TRẮNG SÓI BIỂN | D9: =B9*C9 -> 0
A10: BẮP CẢI TRẮNG SUSHI | D10: =B10*C10 -> 0
A11: BẮP MỸ CẶP | D11: =B11*C11 -> 0
A12: BẦU | D12: =B12*C12 -> 0
A13: BÍ ĐAO XANH | D13: =B13*C13 -> 0
A14: BÍ ĐAO XANH 400G | D14: =B14*C14 -> 0
A15: BÍ ĐỎ HỒ LÔ | B15: 5 | C15: 18000 | D15: =B15*C15 -> 90000
A16: BÍ ĐỎ MINI | D16: =B16*C16 -> 0
A17: BÍ ĐỎ NON (KG)KQ | D17: =B17*C17 -> 0
A18: BÍ ĐỎ NON TRÁI VR | D18: =B18*C18 -> 0
A19: BÍ ĐỎ NON( KG) VR | B19: 27 | C19: 14000 | D19: =B19*C19 -> 378000
A20: BÍ ĐỎ TRÒN | B20: =-1000+1970 -> 970 | C20: 14000 | D20: =B20*C20 -> 13580000
A21: BÍ MINI VÀNG 300GR | D21: =B21*C21 -> 0
A22: BÍ MINI VÀNG KG | D22: =B22*C22 -> 0
A23: BÍ NGÒI VÀNG | D23: =B23*C23 -> 0
A24: BÍ NGÒI VÀNG (TRÁI) | D24: =B24*C24 -> 0
A25: BÍ NGÒI XANH | B25: =-30+15+10+35+30 -> 60 | C25: 90000 | D25: =B25*C25 -> 5400000
A26: BÍ NGÒI XANH(TRÁI) | D26: =B26*C26 -> 0
A27: BÍ NHẬT | D27: =B27*C27 -> 0
A28: BƠ 034 | B28: =9+17+18 -> 44 | C28: 15500 | D28: =B28*C28 -> 682000
A29: BƠ 034 COOP | B29: 9 | C29: 14500 | D29: =B29*C29 -> 130500
A30: BƠ BOOTH | D30: =B30*C30 -> 0
A31: BO HOA CHUONG | D31: =B31*C31 -> 0
A32: BO HOA CUC TANA | D32: =B32*C32 -> 0
A33: BO HOA DONG TIEN HN | D33: =B33*C33 -> 0
A34: BO HOA LOA KEN | D34: =B34*C34 -> 0
A35: BO HOA PHANG | D35: =B35*C35 -> 0
A36: BO HOA SEN QUAN AM | D36: =B36*C36 -> 0
A37: BO HOA SEN SUPER | D37: =B37*C37 -> 0
A38: BƠ SÁP | B38: =70+15+5-18-30 -> 42 | C38: 11000 | D38: =B38*C38 -> 462000
A39: BÓ XÔI | D39: =B39*C39 -> 0
A40: BÓ XÔI 300G VR | D40: =B40*C40 -> 0
A41: BÓ XÔI-NA | D41: =B41*C41 -> 0
A42: BÔNG ATISO | D42: =B42*C42 -> 0
A43: BÔNG BÍ | D43: =B43*C43 -> 0
A44: BÔNG BÍ TÚI 300GR | D44: =B44*C44 -> 0
A45: BÔNG CẢI TRẮNG | D45: =B45*C45 -> 0
A46: BÔNG CẢI TRẮNG (CÂY) | D46: =B46*C46 -> 0
A47: BÔNG CẢI XANH 10P | D47: =B47*C47 -> 0
A48: BÔNG CẢI XANH AEON | D48: =B48*C48 -> 0
A49: BÔNG CẢI XANH AEON (CÂY) | D49: =B49*C49 -> 0
A50: BÔNG CẢI XANH BABY (KG) | D50: =B50*C50 -> 0
... A53: BÔNG CẢI XANH CITI | D53: =B53*C53 -> 0
A54: CÀ CHUA | B54: =-300+80+260+20+260+340 -> 660 | C54: 17000 | D54: =B54*C54 -> 11220000
A55: CÀ CHUA BI | D55: =B55*C55 -> 0
A56: CÀ CHUA BI (HỘP) 300GR KQ | D56: =B56*C56 -> 0
A57: CÀ CHUA BI (HỘP) 300GR VR | B57: 3 | C57: 6000 | D57: =B57*C57 -> 18000
A58: CÀ CHUA BI 300GR KQ (KG) | D58: =B58*C58 -> 0
A59: CÀ CHUA BI 300GR VR (KG) | D59: =B59*C59 -> 0
A60: CÀ CHUA BI CAM SỮA (KG) VR | D60: =B60*C60 -> 0
A61: CÀ CHUA BI COOP | D61: =B61*C61 -> 0
A62: CÀ CHUA BI-NA | D62: =B62*C62 -> 0
A63: CÀ CHUA CHERRY MIX 300G | D63: =B63*C63 -> 0
A64: CÀ CHUA L1 | B64: 28 | C64: 14000 | D64: =B64*C64 -> 392000
A65: CÀ CHUA MỘC CHÂU | D65: =B65*C65 -> 0
A66: CÀ CHUA NGỌT | D66: =B66*C66 -> 0
A67: CÀ CHUA NGỌT 300GR (KG) | D67: =B67*C67 -> 0
A68: CÀ CHUA NGỌT XÁ | D68: =B68*C68 -> 0
A69: CÀ CHUA ROSEBERRY 300G | D69: =B69*C69 -> 0
A70: CÀ CHUA SÔCOLA 250GR (HỘP) VR | B70: 15 | C70: 10000 | D70: =B70*C70 -> 150000
A71: CÀ CHUA SÔCOLA 250GR (KG) -NA | D71: =B71*C71 -> 0
A72: CÀ CHUA SÔCOLA 250GR (KG) VR | D72: =B72*C72 -> 0
A73: CÀ CHUA SÔCOLA 250GR(KG) KQ | D73: =B73*C73 -> 0
A74: CÀ CHUA SÔCOLA 300GR (HỘP) VR | D74: =B74*C74 -> 0
A75: CÀ CHUA SOCOLA XÁ | D75: =B75*C75 -> 0
A76: CÀ CHUA SÔCOLA(HỘP) KQ | D76: =B76*C76 -> 0
A77: CÀ CHUA VỈ 400GR | D77: =B77*C77 -> 0
A78: CÀ CHUA Ý | D78: =B78*C78 -> 0
A79: CÀ CHUA Ý 500G | D79: =B79*C79 -> 0
A80: CÀ CHUA Ý CHÙM | B80: 80 | C80: 26000 | D80: =B80*C80 -> 2080000
A81: CÀ CHUA Ý(VỈ) KG | B81: 14 | C81: 22000 | D81: =B81*C81 -> 308000
A82: CÀ CHUA Ý(VỈ) KG KQ | D82: =B82*C82 -> 0
A83: CÀ RỐT BABY | D83: =B83*C83 -> 0
A84: CÀ RỐT BABY (KG) KQ | D84: =B84*C84 -> 0
A85: CÀ RỐT BABY 200GR | D85: =B85*C85 -> 0
A86: CÀ RỐT DL | D86: =B86*C86 -> 0
A87: CÀ RỐT DL L1 | D87: =B87*C87 -> 0
A88: CÀ RỐT DL TÚI LƯỚI 500GR VR | D88: =B88*C88 -> 0
A89: CÀ RỐT TRUNG | D89: =B89*C89 -> 0
A90: CÀ RỐT TÚI LƯỚI 800G KQ | D90: =B90*C90 -> 0
A91: CÀ TÍM | B91: 19 | C91: 9000 | D91: =B91*C91 -> 171000
A92: CÀ TÍM CẶP 400G | D92: =B92*C92 -> 0
A93: CÀ TÍM SỌC PHA LÊ 300G | D93: =B93*C93 -> 0
A94: CÀ TÍM SỌC PHA LÊ HỘP 500GR VR | D94: =B94*C94 -> 0
A95: CÀ TÍM SỌC PHA LÊ TÍM (KG) VR | D95: =B95*C95 -> 0
A96: CÀ Ý VỈ 650GR | D96: =B96*C96 -> 0
A97: CẢI CẦU VỒNG | D97: =B97*C97 -> 0
A98: CẢI CẦU VỒNG 300GR | D98: =B98*C98 -> 0
A99: CẢI CÚC 300GR | D99: =B99*C99 -> 0
A100: CẢI KALE | D100: =B100*C100 -> 0
A101: CẢI KALE 150GR | D101: =B101*C101 -> 0
A102: CẢI KALE 300GR | D102: =B102*C102 -> 0
...

Sheet 16.7
A1: hàng tồn cuối ngày 16/7 vr
A2: TÊN SẢN PHẨM | B2: TỒN TRƯỚC | C2: GIÁ NHẬP | D2: THÀNH TIỀN
A3: CÀ CHUA SÔCOLA 250GR (HỘP) VR | B3: 12 | C3: 10000 | D3: =B3*C3 -> 120000
A4: CÀ CHUA SÔCOLA 250GR (KG) -NA | D4: =B4*C4 -> 0
A5: CÀ CHUA SÔCOLA 250GR (KG) VR | D5: =B5*C5 -> 0
A6: CÀ CHUA SÔCOLA 300GR (HỘP) VR | D6: =B6*C6 -> 0
A7: CÀ RỐT BABY | D7: =B7*C7 -> 0
A8: CÀ RỐT BABY 200GR | D8: =B8*C8 -> 0
A9: CẢI CẦU VỒNG | D9: =B9*C9 -> 0
A10: CẢI CẦU VỒNG 300GR | D10: =B10*C10 -> 0
A11: CẢI KALE | D11: =B11*C11 -> 0
A12: CẢI KALE 150GR | D12: =B12*C12 -> 0
A13: CẢI KALE 300GR | D13: =B13*C13 -> 0
A14: CHANH VÀNG (KG) | D14: =B14*C14 -> 0
A15: CHANH VÀNG TRÁI 180UP | D15: =B15*C15 -> 0
... A18: ỚT CHUÔNG 3 MÀU(KG)VR | D18: =B18*C18 -> 0
A19: ỚT CHUÔNG ĐỎ | B19: 116 | C19: 27000 | D19: =B19*C19 -> 3132000
A20: ỚT CHUÔNG ĐỎ L1 | B20: 3 | C20: 24000 | D20: =B20*C20 -> 72000
A21: ỚT CHUÔNG ĐỎ(TRÁI) | D21: =B21*C21 -> 0
A22: ỚT CHUÔNG 3 MÀU 350G | D22: =B22*C22 -> 0
A23: ỚT CHUÔNG VÀNG | B23: 64 | C23: 30000 | D23: =B23*C23 -> 1920000
A24: ỚT CHUÔNG VÀNG L1 | B24: 2 | C24: 24000 | D24: =B24*C24 -> 48000
A25: ỚT CHUÔNG VÀNG(TRÁI) | D25: =B25*C25 -> 0
A26: ỚT CHUÔNG XANH | B26: 7 | C26: 16000 | D26: =B26*C26 -> 112000
A27: ỚT CHUÔNG XANH L1 | B27: 2 | C27: 14000 | D27: =B27*C27 -> 28000
A28: ỚT CHUÔNG XANH(TRÁI) | D28: =B28*C28 -> 0
A29: CỦ DỀN | B29: 60 | C29: 14000 | D29: =B29*C29 -> 840000
A30: CỦ DỀN 600G | D30: =B30*C30 -> 0
A31: XÀ LÁCH MỸ | D31: =B31*C31 -> 0
A32: KHOAI TÂY HỒNG | D32: =B32*C32 -> 0
A33: KHOAI TÂY VÀNG ĐL | B33: 105 | C33: 15000 | D33: =B33*C33 -> 1575000
A34: KHOAI TÂY VÀNG LỚN TÚI LƯỚI 500G | D34: =B34*C34 -> 0
A35: KHOAI TÂY VÀNG TRUNG TÚI LƯỚI 500G | B35: 60 | C35: 13000 | D35: =B35*C35 -> 780000
A36: CẢI THẢO DL | D36: =B36*C36 -> 0
A37: DƯA LEO | D37: =B37*C37 -> 0
A38: DƯA LEO KG (VỈ) | D38: =B38*C38 -> 0
A39: KHỔ QUA KG(VỈ) | B39: 1 | C39: 20000 | D39: =B39*C39 -> 20000
A40: BÍ MINI VÀNG KG | D40: =B40*C40 -> 0
A41: DƯA LEO GIỐNG NHẬT 600GR | D41: =B41*C41 -> 0
A42: DƯA LEO GIỐNG NHẬT KG | D42: =B42*C42 -> 0
A43: BƠ 034 | B43: 60 | C43: 15500 | D43: =B43*C43 -> 930000
A44: BƠ 034 COOP | B44: 35 | C44: 14500 | D44: =B44*C44 -> 507500
A45: BƠ SÁP | B45: 71 | C45: 11000 | D45: =B45*C45 -> 781000
A46: KHOAI LANG MẬT (KG) 2-3 CỦ | B46: 520 | C46: 19000 | D46: =B46*C46 -> 9880000
A47: KHOAI LANG MẬT (KG) 4-6 CỦ | B47: 120 | C47: 19000 | D47: =B47*C47 -> 2280000
A48: KHOAI LANG MẬT 500G VR | D48: =B48*C48 -> 0
A49: PARO | B49: 8 | C49: 14000 | D49: =B49*C49 -> 112000
A50: PARO (CÂY) | D50: =B50*C50 -> 0
A51: BẮP CẢI TÍM | D51: =B51*C51 -> 0
A52: BẮP CẢI TÍM SUSHI | D52: =B52*C52 -> 0
A53: CÀ CHUA CHERRY MIX 300G | D53: =B53*C53 -> 0
A54: TÍA TÔ 50G | D54: =B54*C54 -> 0
A55: XÀ LÁCH LOLO XANH | D55: =B55*C55 -> 0
A56: XÀ LÁCH LOLO XANH SUSHI | D56: =B56*C56 -> 0
A57: XÀ LÁCH ROMEN THUỶ CANH (KG) VR | D57: =B57*C57 -> 0
A58: CÀ RỐT DL L1 | B58: 56 | C58: 18000 | D58: =B58*C58 -> 1008000
A59: CÀ RỐT DL TÚI LƯỚI 500GR VR | D59: =B59*C59 -> 0
A60: GỪNG | B60: 1 | C60: 45000 | D60: =B60*C60 -> 45000
A61: NGÒ RÍ TÚI 50GR | D61: =B61*C61 -> 0
A62: THÌ LÀ | D62: =B62*C62 -> 0
A63: CHUỐI LABA | B63: 2 | C63: 11000 | D63: =B63*C63 -> 22000
A64: BÔNG CẢI TRẮNG | D64: =B64*C64 -> 0
A65: SET ỚT CHUÔNG BABY 250G | D65: =B65*C65 -> 0
A66: ĐẬU BO | D66: =B66*C66 -> 0
A67: ĐẬU CÚC | D67: =B67*C67 -> 0
A68: ĐẬU ĐỎ | B68: 1 | C68: 80000 | D68: =B68*C68 -> 80000
A69: ĐẬU NGỰ | D69: =B69*C69 -> 0
A70: ĐẬU TRẮNG | B70: 1 | C70: 70000 | D70: =B70*C70 -> 70000
A71: CÀ CHUA | B71: 420 | C71: 17000 | D71: =B71*C71 -> 7140000
A72: CÀ CHUA L1 | B72: 98 | C72: 14000 | D72: =B72*C72 -> 1372000
A73: CÀ CHUA VỈ 400GR | B73: 28 | C73: 6800 | D73: =B73*C73 -> 190400
A74: BÍ ĐỎ TRÒN | B74: 1005 | C74: 14000 | D74: =B74*C74 -> 14070000
A75: BÔNG CẢI XANH BABY (KG) | D75: =B75*C75 -> 0
A76: BÔNG CẢI XANH BABY 200G | D76: =B76*C76 -> 0
A77: CỦ CẢI ĐỎ 300GR (KG) VR | D77: =B77*C77 -> 0
A78: CỦ CẢI ĐỎ HỘP 300GR | D78: =B78*C78 -> 0
A79: CỦ CẢI ĐỎ(KG) VR | D79: =B79*C79 -> 0
A80: LÁ GIANG | D80: =B80*C80 -> 0
A81: LÁ MÈ TÚI 50G | D81: =B81*C81 -> 0
A82: ROCKET | D82: =B82*C82 -> 0
A83: ROCKET 200G | D83: =B83*C83 -> 0
A84: SÚ TRÁI TIM | B84: 18 | C84: 10000 | D84: =B84*C84 -> 180000
A85: KHOAI LANG NHẬT | B85: 275 | C85: 16500 | D85: =B85*C85 -> 4537500
A86: BÔNG BÍ | D86: =B86*C86 -> 0
A87: CÀ CHUA BI | D87: =B87*C87 -> 0
A88: CÀ CHUA BI (HỘP) 300GR VR | D88: =B88*C88 -> 0
A89: CÀ CHUA BI CAM SỮA (KG) VR | D89: =B89*C89 -> 0
A90: CÀ CHUA BI COOP | B90: 4 | C90: 10000 | D90: =B90*C90 -> 40000
A91: CÀ CHUA BI-NA | D91: =B91*C91 -> 0
A92: CÀ CHUA NGỌT 300GR (KG) | D92: =B92*C92 -> 0
A93: ĐẬU QUE TRẮNG (KG) VR | D93: =B93*C93 -> 0
A94: ĐẬU QUE TRẮNG (TÚI) VR | B94: 20 | C94: 8000 | D94: =B94*C94 -> 160000
A95: ĐẬU QUE TRẮNG (TÚI) VR 300gr | D95: =B95*C95 -> 0
A96: CÀ CHUA Ý | B96: 70 | C96: 24000 | D96: =B96*C96 -> 1680000
A97: CÀ CHUA Ý 500G | D97: =B97*C97 -> 0
A98: CÀ CHUA Ý CHÙM | B98: 195 | C98: 26000 | D98: =B98*C98 -> 5070000
A99: CÀ CHUA Ý(VỈ) KG | B99: 20 | C99: 22000 | D99: =B99*C99 -> 440000
A100: CÀ Ý VỈ 650GR | D100: =B100*C100 -> 0
A101: XÀ LÁCH ROMEN (KG) | D101: =B101*C101 -> 0
A102: CÀ TÍM SỌC PHA LÊ HỘP 500GR VR | D102: =B102*C102 -> 0
...

Sheet 17.7
A1: hàng tồn cuối ngày 17/7 vr
A2: TÊN SẢN PHẨM | B2: TỒN TRƯỚC | C2: GIÁ NHẬP | D2: THÀNH TIỀN
A3: BẮP CẢI TÍM | B3: 15 | C3: 14000 | D3: =B3*C3 -> 210000
A4: BẮP CẢI TÍM (BẮP) | D4: =B4*C4 -> 0
A5: BẮP CẢI TÍM SUSHI | D5: =B5*C5 -> 0
A6: BẮP CẢI TRẮNG | D6: =B6*C6 -> 0
A7: BẮP CẢI TRẮNG (BẮP) | D7: =B7*C7 -> 0
A8: BẮP CẢI TRẮNG MỘC CHÂU | D8: =B8*C8 -> 0
A9: BẮP CẢI TRẮNG SÓI BIỂN | D9: =B9*C9 -> 0
A10: BẮP CẢI TRẮNG SUSHI | D10: =B10*C10 -> 0
A11: BẮP MỸ CẶP | D11: =B11*C11 -> 0
A12: BẦU | D12: =B12*C12 -> 0
A13: BÍ ĐAO XANH | D13: =B13*C13 -> 0
A14: BÍ ĐAO XANH 400G | D14: =B14*C14 -> 0
A15: BÍ ĐỎ HỒ LÔ | D15: =B15*C15 -> 0
... A17: BÍ ĐỎ NON (KG)KQ | D17: =B17*C17 -> 0
A18: BÍ ĐỎ NON TRÁI VR | B18: 14 | C18: 4000 | D18: =B18*C18 -> 56000
A19: BÍ ĐỎ NON( KG) VR | D19: =B19*C19 -> 0
A20: BÍ ĐỎ TRÒN | B20: =-1000+588+1106+120 -> 814 | C20: 14000 | D20: =B20*C20 -> 11396000
A21: BÍ MINI VÀNG 300GR | D21: =B21*C21 -> 0
A22: BÍ MINI VÀNG KG | D22: =B22*C22 -> 0
A23: BÍ NGÒI VÀNG | B23: 4 | C23: 35000 | D23: =B23*C23 -> 140000
A24: BÍ NGÒI VÀNG (TRÁI) | D24: =B24*C24 -> 0
A25: BÍ NGÒI XANH | B25: =-30+5+11+25 -> 11 | C25: 9000 | D25: =B25*C25 -> 99000
A26: BÍ NGÒI XANH(TRÁI) | D26: =B26*C26 -> 0
A27: BÍ NHẬT | D27: =B27*C27 -> 0
A28: BƠ 034 | B28: =55+18+76 -> 149 | C28: 15500 | D28: =B28*C28 -> 2309500
A29: BƠ 034 COOP | D29: =B29*C29 -> 0
A30: BƠ BOOTH | D30: =B30*C30 -> 0
A31: BO HOA CHUONG | D31: =B31*C31 -> 0
A32: BO HOA CUC TANA | D32: =B32*C32 -> 0
A33: BO HOA DONG TIEN HN | D33: =B33*C33 -> 0
A34: BO HOA LOA KEN | D34: =B34*C34 -> 0
A35: BO HOA PHANG | D35: =B35*C35 -> 0
A36: BO HOA SEN QUAN AM | D36: =B36*C36 -> 0
A37: BO HOA SEN SUPER | D37: =B37*C37 -> 0
A38: BƠ SÁP | B38: 10 | C38: 11000 | D38: =B38*C38 -> 110000
A39: BÓ XÔI | D39: =B39*C39 -> 0
A40: BÓ XÔI 300G VR | D40: =B40*C40 -> 0
A41: BÓ XÔI-NA | D41: =B41*C41 -> 0
A42: BÔNG ATISO | D42: =B42*C42 -> 0
A43: BÔNG BÍ | D43: =B43*C43 -> 0
A44: BÔNG BÍ TÚI 300GR | D44: =B44*C44 -> 0
A45: BÔNG CẢI TRẮNG | D45: =B45*C45 -> 0
A46: BÔNG CẢI TRẮNG (CÂY) | D46: =B46*C46 -> 0
A47: BÔNG CẢI XANH 10P | D47: =B47*C47 -> 0
A48: BÔNG CẢI XANH AEON | D48: =B48*C48 -> 0
A49: BÔNG CẢI XANH AEON (CÂY) | D49: =B49*C49 -> 0
A50: BÔNG CẢI XANH BABY (KG) | D50: =B50*C50 -> 0
... A53: BÔNG CẢI XANH CITI | D53: =B53*C53 -> 0
A54: CÀ CHUA | B54: =-300+60+40+180+80+180 -> 240 | C54: 18000 | D54: =B54*C54 -> 4320000
A55: CÀ CHUA BI | D55: =B55*C55 -> 0
A56: CÀ CHUA BI (HỘP) 300GR KQ | D56: =B56*C56 -> 0
A57: CÀ CHUA BI (HỘP) 300GR VR | D57: =B57*C57 -> 0
A58: CÀ CHUA BI 300GR KQ (KG) | D58: =B58*C58 -> 0
A59: CÀ CHUA BI 300GR VR (KG) | D59: =B59*C59 -> 0
A60: CÀ CHUA BI CAM SỮA (KG) VR | D60: =B60*C60 -> 0
A61: CÀ CHUA BI COOP | D61: =B61*C61 -> 0
A62: CÀ CHUA BI-NA | D62: =B62*C62 -> 0
A63: CÀ CHUA CHERRY MIX 300G | D63: =B63*C63 -> 0
A64: CÀ CHUA L1 | B64: 50 | C64: 15000 | D64: =B64*C64 -> 750000
A65: CÀ CHUA MỘC CHÂU | D65: =B65*C65 -> 0
A66: CÀ CHUA NGỌT | D66: =B66*C66 -> 0
A67: CÀ CHUA NGỌT 300GR (KG) | D67: =B67*C67 -> 0
A68: CÀ CHUA NGỌT XÁ | D68: =B68*C68 -> 0
A69: CÀ CHUA ROSEBERRY 300G | D69: =B69*C69 -> 0
A70: CÀ CHUA SÔCOLA 250GR (HỘP) VR | B70: 30 | C70: 8000 | D70: =B70*C70 -> 240000
A71: CÀ CHUA SÔCOLA 250GR (KG) -NA | D71: =B71*C71 -> 0
A72: CÀ CHUA SÔCOLA 250GR (KG) VR | D72: =B72*C72 -> 0
A73: CÀ CHUA SÔCOLA 250GR(KG) KQ | D73: =B73*C73 -> 0
A74: CÀ CHUA SÔCOLA 300GR (HỘP) VR | D74: =B74*C74 -> 0
A75: CÀ CHUA SOCOLA XÁ | D75: =B75*C75 -> 0
A76: CÀ CHUA SÔCOLA(HỘP) KQ | D76: =B76*C76 -> 0
A77: CÀ CHUA VỈ 400GR | D77: =B77*C77 -> 0
A78: CÀ CHUA Ý | D78: =B78*C78 -> 0
A79: CÀ CHUA Ý 500G | B79: =10/0.5 -> 20 | C79: 22000 | D79: =B79*C79 -> 440000
A80: CÀ CHUA Ý CHÙM | B80: =35+16 -> 51 | C80: 27000 | D80: =B80*C80 -> 1377000
A81: CÀ CHUA Ý(VỈ) KG | B81: 20 | C81: 22000 | D81: =B81*C81 -> 440000
A82: CÀ CHUA Ý(VỈ) KG KQ | D82: =B82*C82 -> 0
A83: CÀ RỐT BABY | D83: =B83*C83 -> 0
A84: CÀ RỐT BABY (KG) KQ | D84: =B84*C84 -> 0
A85: CÀ RỐT BABY 200GR | D85: =B85*C85 -> 0
A86: CÀ RỐT DL | D86: =B86*C86 -> 0
A87: CÀ RỐT DL L1 | B87: 60 | C87: 19000 | D87: =B87*C87 -> 1140000
A88: CÀ RỐT DL TÚI LƯỚI 500GR VR | D88: =B88*C88 -> 0
A89: CÀ RỐT TRUNG | D89: =B89*C89 -> 0
A90: CÀ RỐT TÚI LƯỚI 800G KQ | D90: =B90*C90 -> 0
A91: CÀ TÍM | B91: =9+5 -> 14 | C91: 9000 | D91: =B91*C91 -> 126000
A92: CÀ TÍM CẶP 400G | D92: =B92*C92 -> 0
A93: CÀ TÍM SỌC PHA LÊ 300G | D93: =B93*C93 -> 0
A94: CÀ TÍM SỌC PHA LÊ HỘP 500GR VR | D94: =B94*C94 -> 0
A95: CÀ TÍM SỌC PHA LÊ TÍM (KG) VR | D95: =B95*C95 -> 0
A96: CÀ Ý VỈ 650GR | D96: =B96*C96 -> 0
A97: CẢI CẦU VỒNG | D97: =B97*C97 -> 0
A98: CẢI CẦU VỒNG 300GR | D98: =B98*C98 -> 0
A99: CẢI CÚC 300GR | D99: =B99*C99 -> 0
A100: CẢI KALE | D100: =B100*C100 -> 0
A101: CẢI KALE 150GR | D101: =B101*C101 -> 0
A102: CẢI KALE 300GR | D102: =B102*C102 -> 0
A103: CẢI MÈO MỘC CHÂU | D103: =B103*C103 -> 0
...

Sheet 18.7
A1: hàng tồn cuối ngày 18/7 vr
A2: TÊN SẢN PHẨM | B2: TỒN TRƯỚC | C2: GIÁ NHẬP | D2: THÀNH TIỀN
A3: BẮP CẢI TÍM | B3: 4 | C3: 14000 | D3: =B3*C3 -> 56000
A4: BẮP CẢI TÍM (BẮP) | D4: =B4*C4 -> 0
A5: BẮP CẢI TÍM SUSHI | D5: =B5*C5 -> 0
A6: BẮP CẢI TRẮNG | D6: =B6*C6 -> 0
A7: BẮP CẢI TRẮNG (BẮP) | D7: =B7*C7 -> 0
A8: BẮP CẢI TRẮNG MỘC CHÂU | D8: =B8*C8 -> 0
A9: BẮP CẢI TRẮNG SÓI BIỂN | D9: =B9*C9 -> 0
A10: BẮP CẢI TRẮNG SUSHI | D10: =B10*C10 -> 0
A11: BẮP MỸ CẶP | D11: =B11*C11 -> 0
A12: BẦU | D12: =B12*C12 -> 0
A13: BÍ ĐAO XANH | D13: =B13*C13 -> 0
A14: BÍ ĐAO XANH 400G | D14: =B14*C14 -> 0
A15: BÍ ĐỎ HỒ LÔ | B15: 8 | C15: 18000 | D15: =B15*C15 -> 144000
A16: BÍ ĐỎ MINI | D16: =B16*C16 -> 0
A17: BÍ ĐỎ NON (KG)KQ | D17: =B17*C17 -> 0
A18: BÍ ĐỎ NON TRÁI VR | D18: =B18*C18 -> 0
A19: BÍ ĐỎ NON( KG) VR | D19: =B19*C19 -> 0
A20: BÍ ĐỎ TRÒN | B20: =-1000+2430 -> 1430 | C20: 14000 | D20: =B20*C20 -> 20020000
A21: BÍ MINI VÀNG 300GR | D21: =B21*C21 -> 0
A22: BÍ MINI VÀNG KG | D22: =B22*C22 -> 0
A23: BÍ NGÒI VÀNG | D23: =B23*C23 -> 0
A24: BÍ NGÒI VÀNG (TRÁI) | D24: =B24*C24 -> 0
A25: BÍ NGÒI XANH | B25: =-30+37+25+30 -> 62 | C25: 9000 | D25: =B25*C25 -> 558000
A26: BÍ NGÒI XANH(TRÁI) | D26: =B26*C26 -> 0
A27: BÍ NHẬT | D27: =B27*C27 -> 0
A28: BƠ 034 | D28: =B28*C28 -> 0
A29: BƠ 034 COOP | D29: =B29*C29 -> 0
A30: BƠ BOOTH | D30: =B30*C30 -> 0
A31: BO HOA CHUONG | D31: =B31*C31 -> 0
A32: BO HOA CUC TANA | D32: =B32*C32 -> 0
A33: BO HOA DONG TIEN HN | D33: =B33*C33 -> 0
A34: BO HOA LOA KEN | D34: =B34*C34 -> 0
A35: BO HOA PHANG | D35: =B35*C35 -> 0
A36: BO HOA SEN QUAN AM | D36: =B36*C36 -> 0
A37: BO HOA SEN SUPER | D37: =B37*C37 -> 0
... A53: BÔNG CẢI XANH CITI | D53: =B53*C53 -> 0
A54: CÀ CHUA | B54: =-300+140+60+40+50+180+60 -> 230 | C54: 18000 | D54: =B54*C54 -> 4140000
A55: CÀ CHUA BI | D55: =B55*C55 -> 0
A56: CÀ CHUA BI (HỘP) 300GR KQ | D56: =B56*C56 -> 0
A57: CÀ CHUA BI (HỘP) 300GR VR | D57: =B57*C57 -> 0
A58: CÀ CHUA BI 300GR KQ (KG) | D58: =B58*C58 -> 0
A59: CÀ CHUA BI 300GR VR (KG) | D59: =B59*C59 -> 0
A60: CÀ CHUA BI CAM SỮA (KG) VR | D60: =B60*C60 -> 0
A61: CÀ CHUA BI COOP | B61: 14 | C61: 10000 | D61: =B61*C61 -> 140000
A62: CÀ CHUA BI-NA | D62: =B62*C62 -> 0
A63: CÀ CHUA CHERRY MIX 300G | D63: =B63*C63 -> 0
A64: CÀ CHUA L1 | B64: 25 | C64: 15000 | D64: =B64*C64 -> 375000
A65: CÀ CHUA MỘC CHÂU | D65: =B65*C65 -> 0
A66: CÀ CHUA NGỌT | D66: =B66*C66 -> 0
A67: CÀ CHUA NGỌT 300GR (KG) | D67: =B67*C67 -> 0
A68: CÀ CHUA NGỌT XÁ | D68: =B68*C68 -> 0
A69: CÀ CHUA ROSEBERRY 300G | D69: =B69*C69 -> 0
A70: CÀ CHUA SÔCOLA 250GR (HỘP) VR | D70: =B70*C70 -> 0
A71: CÀ CHUA SÔCOLA 250GR (KG) -NA | D71: =B71*C71 -> 0
A72: CÀ CHUA SÔCOLA 250GR (KG) VR | D72: =B72*C72 -> 0
A73: CÀ CHUA SÔCOLA 250GR(KG) KQ | D73: =B73*C73 -> 0
A74: CÀ CHUA SÔCOLA 300GR (HỘP) VR | D74: =B74*C74 -> 0
A75: CÀ CHUA SOCOLA XÁ | D75: =B75*C75 -> 0
A76: CÀ CHUA SÔCOLA(HỘP) KQ | D76: =B76*C76 -> 0
A77: CÀ CHUA VỈ 400GR | D77: =B77*C77 -> 0
A78: CÀ CHUA Ý | B78: =-150+100+20+195+40+10 -> 215 | C78: 24000 | D78: =B78*C78 -> 5160000
A79: CÀ CHUA Ý 500G | D79: =B79*C79 -> 0
A80: CÀ CHUA Ý CHÙM | B80: 105 | C80: 26000 | D80: =B80*C80 -> 2730000
A81: CÀ CHUA Ý(VỈ) KG | B81: 9 | C81: 22000 | D81: =B81*C81 -> 198000
A82: CÀ CHUA Ý(VỈ) KG KQ | D82: =B82*C82 -> 0
A83: CÀ RỐT BABY | D83: =B83*C83 -> 0
A84: CÀ RỐT BABY (KG) KQ | D84: =B84*C84 -> 0
A85: CÀ RỐT BABY 200GR | D85: =B85*C85 -> 0
A86: CÀ RỐT DL | D86: =B86*C86 -> 0
A87: CÀ RỐT DL L1 | D87: =B87*C87 -> 0
A88: CÀ RỐT DL TÚI LƯỚI 500GR VR | D88: =B88*C88 -> 0
A89: CÀ RỐT TRUNG | D89: =B89*C89 -> 0
A90: CÀ RỐT TÚI LƯỚI 800G KQ | D90: =B90*C90 -> 0
A91: CÀ TÍM | D91: =B91*C91 -> 0
A92: CÀ TÍM CẶP 400G | D92: =B92*C92 -> 0
A93: CÀ TÍM SỌC PHA LÊ 300G | D93: =B93*C93 -> 0
... A103: CẢI MÈO MỘC CHÂU | D103: =B103*C103 -> 0
A104: CẢI THẢO DL | B104: 40 | C104: 8500 | D104: =B104*C104 -> 340000
A105: CẢI THẢO DL(BẮP) | D105: =B105*C105 -> 0
A106: CẢI THẢO HỎA TIỄN | D106: =B106*C106 -> 0
A107: CẢI THẢO HỎA TIỄN 250GR | D107: =B107*C107 -> 0
A108: CẢI THẢO KIM CHI | D108: =B108*C108 -> 0
A109: CẢI THẢO MỘC CHÂU | D109: =B109*C109 -> 0
A110: CẢI THẢO VR | D110: =B110*C110 -> 0
A111: CẦN TÂY (KG) | D111: =B111*C111 -> 0
A112: CẦN TÂY THUỶ CANH | D112: =B112*C112 -> 0
A113: CẦN TÂY(CÂY) | D113: =B113*C113 -> 0
A114: CHANH DÂY | D114: =B114*C114 -> 0
A115: CHANH DÂY NGỌT L2 | D115: =B115*C115 -> 0
A116: CHANH DÂY NGỌT VỈ 300GR | D116: =B116*C116 -> 0
... A122: CHẬU CÂY CẦN TÂY | D122: =B122*C122 -> 0
A123: CHUỐI LABA | B123: =-20+40 -> 20 | C123: 11000 | D123: =B123*C123 -> 220000
A124: CÓC NON 200G | D124: =B124*C124 -> 0
A125: CỦ CẢI ĐỎ 300GR (KG) VR | D125: =B125*C125 -> 0
A126: CỦ CẢI ĐỎ HỘP 300GR | D126: =B126*C126 -> 0
A127: CỦ CẢI ĐỎ(HỘP) | D127: =B127*C127 -> 0
A128: CỦ CẢI ĐỎ(KG) KQ | D128: =B128*C128 -> 0
A129: CỦ CẢI ĐỎ(KG) VR | D129: =B129*C129 -> 0
...

Sheet 19.7
A1: hàng tồn cuối ngày 18/7 vr
A2: TÊN SẢN PHẨM | B2: TỒN TRƯỚC | C2: GIÁ NHẬP | D2: THÀNH TIỀN
A3: BẮP CẢI TÍM | D3: =SUM(B3*C3) -> 0
A4: BẮP CẢI TÍM (BẮP) | D4: =SUM(B4*C4) -> 0
A5: BẮP CẢI TÍM SUSHI | D5: =SUM(B5*C5) -> 0
A6: BẮP CẢI TRẮNG | D6: =SUM(B6*C6) -> 0
A7: BẮP CẢI TRẮNG (BẮP) | D7: =SUM(B7*C7) -> 0
A8: BẮP CẢI TRẮNG MỘC CHÂU | D8: =SUM(B8*C8) -> 0
A9: BẮP CẢI TRẮNG SÓI BIỂN | D9: =SUM(B9*C9) -> 0
A10: BẮP CẢI TRẮNG SUSHI | D10: =SUM(B10*C10) -> 0
A11: BẮP MỸ CẶP | D11: =SUM(B11*C11) -> 0
A12: BẦU | D12: =SUM(B12*C12) -> 0
A13: BÍ ĐAO XANH | D13: =SUM(B13*C13) -> 0
A14: BÍ ĐAO XANH 400G | D14: =SUM(B14*C14) -> 0
A15: BÍ ĐỎ HỒ LÔ | B15: 12 | C15: 18000 | D15: =SUM(B15*C15) -> 216000
A16: BÍ ĐỎ MINI | D16: =SUM(B16*C16) -> 0
A17: BÍ ĐỎ NON (KG)KQ | D17: =SUM(B17*C17) -> 0
A18: BÍ ĐỎ NON TRÁI VR | B18: 15 | C18: 4000 | D18: =SUM(B18*C18) -> 60000
A19: BÍ ĐỎ NON( KG) VR | B19: 10 | C19: 14000 | D19: =SUM(B19*C19) -> 140000
A20: BÍ ĐỎ TRÒN | B20: =-1000+2070 -> 1070 | C20: 14000 | D20: =SUM(B20*C20) -> 14980000
A21: BÍ MINI VÀNG 300GR | D21: =SUM(B21*C21) -> 0
A22: BÍ MINI VÀNG KG | D22: =SUM(B22*C22) -> 0
A23: BÍ NGÒI VÀNG | D23: =SUM(B23*C23) -> 0
A24: BÍ NGÒI VÀNG (TRÁI) | D24: =SUM(B24*C24) -> 0
A25: BÍ NGÒI XANH | B25: =-30+40+30+10 -> 50 | C25: 9000 | D25: =SUM(B25*C25) -> 450000
A26: BÍ NGÒI XANH(TRÁI) | D26: =SUM(B26*C26) -> 0
A27: BÍ NHẬT | D27: =SUM(B27*C27) -> 0
A28: BƠ 034 | B28: 8 | C28: 16500 | D28: =SUM(B28*C28) -> 132000
A29: BƠ 034 COOP | D29: =SUM(B29*C29) -> 0
A30: BƠ BOOTH | D30: =SUM(B30*C30) -> 0
A31: BO HOA CHUONG | D31: =SUM(B31*C31) -> 0
A32: BO HOA CUC TANA | D32: =SUM(B32*C32) -> 0
A33: BO HOA DONG TIEN HN | D33: =SUM(B33*C33) -> 0
A34: BO HOA LOA KEN | D34: =SUM(B34*C34) -> 0
A35: BO HOA PHANG | D35: =SUM(B35*C35) -> 0
A36: BO HOA SEN QUAN AM | D36: =SUM(B36*C36) -> 0
A37: BO HOA SEN SUPER | D37: =SUM(B37*C37) -> 0
A38: BƠ SÁP | D38: =SUM(B38*C38) -> 0
A39: BÓ XÔI | D39: =SUM(B39*C39) -> 0
A40: BÓ XÔI 300G VR | D40: =SUM(B40*C40) -> 0
... A53: BÔNG CẢI XANH CITI | D53: =SUM(B53*C53) -> 0
A54: CÀ CHUA | B54: =-300+340+30+20+20-15 -> 95 | C54: 20000 | D54: =SUM(B54*C54) -> 1900000
A55: CÀ CHUA BI | D55: =SUM(B55*C55) -> 0
A56: CÀ CHUA BI (HỘP) 300GR KQ | D56: =SUM(B56*C56) -> 0
A57: CÀ CHUA BI (HỘP) 300GR VR | D57: =SUM(B57*C57) -> 0
A58: CÀ CHUA BI 300GR KQ (KG) | D58: =SUM(B58*C58) -> 0
A59: CÀ CHUA BI 300GR VR (KG) | D59: =SUM(B59*C59) -> 0
A60: CÀ CHUA BI CAM SỮA (KG) VR | D60: =SUM(B60*C60) -> 0
A61: CÀ CHUA BI COOP | B61: 1 | C61: 10000 | D61: =SUM(B61*C61) -> 10000
A62: CÀ CHUA BI-NA | D62: =SUM(B62*C62) -> 0
A63: CÀ CHUA CHERRY MIX 300G | D63: =SUM(B63*C63) -> 0
A64: CÀ CHUA L1 | B64: 30 | C64: 15000 | D64: =SUM(B64*C64) -> 450000
A65: CÀ CHUA MỘC CHÂU | D65: =SUM(B65*C65) -> 0
A66: CÀ CHUA NGỌT | D66: =SUM(B66*C66) -> 0
A67: CÀ CHUA NGỌT 300GR (KG) | D67: =SUM(B67*C67) -> 0
A68: CÀ CHUA NGỌT XÁ | D68: =SUM(B68*C68) -> 0
A69: CÀ CHUA ROSEBERRY 300G | D69: =SUM(B69*C69) -> 0
A70: CÀ CHUA SÔCOLA 250GR (HỘP) VR | D70: =SUM(B70*C70) -> 0
A71: CÀ CHUA SÔCOLA 250GR (KG) -NA | D71: =SUM(B71*C71) -> 0
A72: CÀ CHUA SÔCOLA 250GR (KG) VR | D72: =SUM(B72*C72) -> 0
A73: CÀ CHUA SÔCOLA 250GR(KG) KQ | D73: =SUM(B73*C73) -> 0
A74: CÀ CHUA SÔCOLA 300GR (HỘP) VR | D74: =SUM(B74*C74) -> 0
A75: CÀ CHUA SOCOLA XÁ | D75: =SUM(B75*C75) -> 0
A76: CÀ CHUA SÔCOLA(HỘP) KQ | D76: =SUM(B76*C76) -> 0
A77: CÀ CHUA VỈ 400GR | D77: =SUM(B77*C77) -> 0
A78: CÀ CHUA Ý | B78: =-150+100+40+100 -> 90 | C78: 24000 | D78: =SUM(B78*C78) -> 2160000
A79: CÀ CHUA Ý 500G | D79: =SUM(B79*C79) -> 0
A80: CÀ CHUA Ý CHÙM | B80: 100 | C80: 26000 | D80: =SUM(B80*C80) -> 2600000
A81: CÀ CHUA Ý(VỈ) KG | B81: 13.5 | C81: 22000 | D81: =SUM(B81*C81) -> 297000
A82: CÀ CHUA Ý(VỈ) KG KQ | D82: =SUM(B82*C82) -> 0
A83: CÀ RỐT BABY | D83: =SUM(B83*C83) -> 0
A84: CÀ RỐT BABY (KG) KQ | D84: =SUM(B84*C84) -> 0
A85: CÀ RỐT BABY 200GR | D85: =SUM(B85*C85) -> 0
A86: CÀ RỐT DL | D86: =SUM(B86*C86) -> 0
A87: CÀ RỐT DL L1 | D87: =SUM(B87*C87) -> 0
A88: CÀ RỐT DL TÚI LƯỚI 500GR VR | D88: =SUM(B88*C88) -> 0
A89: CÀ RỐT TRUNG | D89: =SUM(B89*C89) -> 0
A90: CÀ RỐT TÚI LƯỚI 800G KQ | D90: =SUM(B90*C90) -> 0
A91: CÀ TÍM | D91: =SUM(B91*C91) -> 0
A92: CÀ TÍM CẶP 400G | D92: =SUM(B92*C92) -> 0
A93: CÀ TÍM SỌC PHA LÊ 300G | D93: =SUM(B93*C93) -> 0
... A122: CHẬU CÂY CẦN TÂY | D122: =SUM(B122*C122) -> 0
A123: CHUỐI LABA | B123: =-20+30 -> 10 | C123: 11000 | D123: =SUM(B123*C123) -> 110000
A124: CÓC NON 200G | D124: =SUM(B124*C124) -> 0
A125: CỦ CẢI ĐỎ 300GR (KG) VR | D125: =SUM(B125*C125) -> 0
A126: CỦ CẢI ĐỎ HỘP 300GR | D126: =SUM(B126*C126) -> 0
A127: CỦ CẢI ĐỎ(HỘP) | D127: =SUM(B127*C127) -> 0
A128: CỦ CẢI ĐỎ(KG) KQ | D128: =SUM(B128*C128) -> 0
A129: CỦ CẢI ĐỎ(KG) VR | D129: =SUM(B129*C129) -> 0
A130: CỦ CẢI HÀN QUỐC | D130: =SUM(B130*C130) -> 0
A131: CỦ CẢI MUỐI (VỈ) 250G KQ | D131: =SUM(B131*C131) -> 0
A132: CỦ CẢI MUỐI(KG) | B132: 8.5 | C132: 16000 | D132: =SUM(B132*C132) -> 136000
A133: CỦ CẢI TRẮNG | D133: =SUM(B133*C133) -> 0
A134: CỦ CẢI TRẮNG CẶP 400GR | D134: =SUM(B134*C134) -> 0
A135: CỦ ĐẬU 400G | D135: =SUM(B135*C135) -> 0
A136: CỦ DỀN | B136: =-60+8+78+10 -> 36 | C136: 15000 | D136: =SUM(B136*C136) -> 540000
A137: CỦ DỀN 600G | D137: =SUM(B137*C137) -> 0
A138: CỦ HÀNH ĐỎ | D138: =SUM(B138*C138) -> 0
A139: CỦ HÀNH ĐỎ 500GR | D139: =SUM(B139*C139) -> 0
A140: CỦ NGHỆ | D140: =SUM(B140*C140) -> 0
...

Sheet 20.7
A1: hàng tồn cuối ngày 20/7 vr
A2: TÊN SẢN PHẨM | B2: TỒN TRƯỚC | C2: GIÁ NHẬP | D2: THÀNH TIỀN
A3: CÀ CHUA SÔCOLA 250GR (HỘP) VR | D3: =B3*C3 -> 0
A4: CÀ CHUA SÔCOLA 250GR (KG) VR | D4: =B4*C4 -> 0
A5: CÀ CHUA SÔCOLA 300GR (HỘP) VR | D5: =B5*C5 -> 0
A6: CÀ RỐT BABY 200GR | D6: =B6*C6 -> 0
A7: CẢI CẦU VỒNG | D7: =B7*C7 -> 0
A8: CẢI KALE 150GR | D8: =B8*C8 -> 0
A9: CẢI KALE 300GR | D9: =B9*C9 -> 0
A10: CHANH VÀNG (KG) | D10: =B10*C10 -> 0
A11: CHANH VÀNG TRÁI 180UP | D11: =B11*C11 -> 0
A12: CẦN TÂY (KG) | D12: =B12*C12 -> 0
A13: CẦN TÂY(CÂY) | D13: =B13*C13 -> 0
A14: ỚT CHUÔNG 3 MÀU(KG)VR | D14: =B14*C14 -> 0
A15: ỚT CHUÔNG ĐỎ L1 | B15: 45 | C15: 25000 | D15: =B15*C15 -> 1125000
A16: ỚT CHUÔNG ĐỎ(TRÁI) | D16: =B16*C16 -> 0
A17: ỚT CHUÔNG 3 MÀU 350G | D17: =B17*C17 -> 0
A18: ỚT CHUÔNG VÀNG | B18: 50 | C18: 27000 | D18: =B18*C18 -> 1350000
A19: ỚT CHUÔNG VÀNG(TRÁI) | D19: =B19*C19 -> 0
A20: ỚT CHUÔNG XANH | B20: 20 | C20: 18000 | D20: =B20*C20 -> 360000
A21: ỚT CHUÔNG XANH L1 | B21: 10 | C21: 14000 | D21: =B21*C21 -> 140000
A22: ỚT CHUÔNG XANH(TRÁI) | D22: =B22*C22 -> 0
A23: CỦ DỀN | B23: 60 | C23: 15000 | D23: =B23*C23 -> 900000
A24: CỦ DỀN 600G | D24: =B24*C24 -> 0
A25: XÀ LÁCH MỸ | D25: =B25*C25 -> 0
A26: KHOAI TÂY VÀNG ĐL | D26: =B26*C26 -> 0
A27: KHOAI TÂY VÀNG LỚN TÚI LƯỚI 500G | D27: =B27*C27 -> 0
A28: KHOAI TÂY VÀNG TRUNG TÚI LƯỚI 500G | B28: 22 | C28: 13000 | D28: =B28*C28 -> 286000
A29: CẢI THẢO DL | B29: 98 | C29: 7000 | D29: =B29*C29 -> 686000
A30: DƯA LEO | D30: =B30*C30 -> 0
A31: DƯA LEO KG (VỈ) | D31: =B31*C31 -> 0
A32: KHỔ QUA KG(VỈ) | B32: 5 | C32: 20000 | D32: =B32*C32 -> 100000
A33: DƯA LEO GIỐNG NHẬT 600GR | D33: =B33*C33 -> 0
A34: DƯA LEO GIỐNG NHẬT KG | D34: =B34*C34 -> 0
A35: BƠ 034 | B35: 32 | C35: 16500 | D35: =B35*C35 -> 528000
A36: BƠ SÁP | D36: =B36*C36 -> 0
A37: KHOAI LANG MẬT (KG) 2-3 CỦ | B37: 20 | C37: 19000 | D37: =B37*C37 -> 380000
A38: KHOAI LANG MẬT (KG) 4-6 CỦ | B38: 380 | C38: 20000 | D38: =B38*C38 -> 7600000
A39: KHOAI LANG MẬT 500G VR | D39: =B39*C39 -> 0
A40: PARO | B40: 35 | C40: 14000 | D40: =B40*C40 -> 490000
A41: PARO (CÂY) | D41: =B41*C41 -> 0
A42: BẮP CẢI TÍM | B42: 5 | C42: 14000 | D42: =B42*C42 -> 70000
A43: CÀ CHUA CHERRY MIX 300G | D43: =B43*C43 -> 0
A44: TÍA TÔ 50G | D44: =B44*C44 -> 0
A45: XÀ LÁCH LOLO XANH | D45: =B45*C45 -> 0
A46: CÀ RỐT DL L1 | D46: =B46*C46 -> 0
A47: CÀ RỐT DL TÚI LƯỚI 500GR VR | D47: =B47*C47 -> 0
A48: GỪNG | B48: 4 | C48: 42000 | D48: =B48*C48 -> 168000
A49: NGÒ RÍ TÚI 50GR | D49: =B49*C49 -> 0
A50: CHUỐI LABA | B50: 10 | C50: 13000 | D50: =B50*C50 -> 130000
A51: BÔNG CẢI TRẮNG | D51: =B51*C51 -> 0
A52: SET ỚT CHUÔNG BABY 250G | D52: =B52*C52 -> 0
A53: ĐẬU ĐỎ | D53: =B53*C53 -> 0
A54: ĐẬU TRẮNG | D54: =B54*C54 -> 0
A55: CÀ CHUA | D55: =B55*C55 -> 0
A56: CÀ CHUA L1 | B56: 170 | C56: 21000 | D56: =B56*C56 -> 3570000
A57: CÀ CHUA VỈ 400GR | D57: =B57*C57 -> 0
A58: BÍ ĐỎ TRÒN | B58: 1020 | C58: 14000 | D58: =B58*C58 -> 14280000
A59: BÔNG CẢI XANH BABY (KG) | D59: =B59*C59 -> 0
A60: BÔNG CẢI XANH BABY 200G | D60: =B60*C60 -> 0
A61: CỦ CẢI ĐỎ HỘP 300GR | D61: =B61*C61 -> 0
A62: LÁ GIANG | B62: 0.5 | C62: 45000 | D62: =B62*C62 -> 22500
A63: LÁ MÈ TÚI 50G | D63: =B63*C63 -> 0
A64: ROCKET 200G | D64: =B64*C64 -> 0
A65: SÚ TRÁI TIM | D65: =B65*C65 -> 0
A66: KHOAI LANG NHẬT | B66: 208 | C66: 16500 | D66: =B66*C66 -> 3432000
A67: CÀ CHUA BI | D67: =B67*C67 -> 0
A68: CÀ CHUA BI (HỘP) 300GR VR | D68: =B68*C68 -> 0
A69: CÀ CHUA BI COOP | D69: =B69*C69 -> 0
A70: ĐẬU QUE TRẮNG (KG) VR | D70: =B70*C70 -> 0
A71: ĐẬU QUE TRẮNG (TÚI) VR | D71: =B71*C71 -> 0
A72: ĐẬU QUE TRẮNG (TÚI) VR 300gr | D72: =B72*C72 -> 0
A73: CÀ CHUA Ý | B73: 5 | C73: 24000 | D73: =B73*C73 -> 120000
A74: CÀ CHUA Ý 500G | D74: =B74*C74 -> 0
A75: CÀ CHUA Ý CHÙM | B75: 100 | C75: 26000 | D75: =B75*C75 -> 2600000
A76: CÀ CHUA Ý(VỈ) KG | B76: 15 | C76: 22000 | D76: =B76*C76 -> 330000
A77: CÀ Ý VỈ 650GR | D77: =B77*C77 -> 0
A78: CÀ TÍM SỌC PHA LÊ HỘP 500GR VR | D78: =B78*C78 -> 0
A79: HÀNH TÂY DL L1 | B79: 1830 | C79: 8500 | D79: =B79*C79 -> 15555000
A80: HÀNH TÂY DL L1 TÚI LƯỚI 300GR | D80: =B80*C80 -> 0
A81: KHOAI TÂY BI 500G VR | D81: =B81*C81 -> 0
A82: CÀ TÍM | D82: =B82*C82 -> 0
A83: CÀ TÍM CẶP 400G | D83: =B83*C83 -> 0
A84: BẮP CẢI TRẮNG | D84: =B84*C84 -> 0
A85: DƯA LEO BABY VR | D85: =B85*C85 -> 0
A86: DƯA LEO BABY VR(KG) | B86: 5 | C86: 11000 | D86: =B86*C86 -> 55000
A87: MÂM XÔI ĐEN | D87: =B87*C87 -> 0
A88: BÍ ĐỎ HỒ LÔ | B88: 9 | C88: 18000 | D88: =B88*C88 -> 162000
A89: CẢI CÚC 300GR | D89: =B89*C89 -> 0
A90: KHOAI MỠ | D90: =B90*C90 -> 0
A91: NHA DAM | D91: =B91*C91 -> 0
A92: BÓ XÔI | D92: =B92*C92 -> 0
A93: BÓ XÔI 300G VR | D93: =B93*C93 -> 0
A94: ỚT CHUÔNG BABY | D94: =B94*C94 -> 0
A95: ỚT CHUÔNG MÀU SNACK MÀU | D95: =B95*C95 -> 0
A96: ỚT NGỌT PALERMO (KG) VR | D96: =B96*C96 -> 0
A97: ỚT NGỌT PALERMO TÚI 300GR | D97: =B97*C97 -> 0
A98: XÀ LÁCH BÚP MỠ | D98: =B98*C98 -> 0
A99: XÀ LÁCH MỠ THỦY CANH(CÂY) VR | D99: =B99*C99 -> 0
A100: XÀ LÁCH MỠ THỦY CANH(KG) | D100: =B100*C100 -> 0
...

Sheet 21.7
A1: hàng tồn cuối ngày 21/7 vr
A2: TÊN SẢN PHẨM | B2: TỒN TRƯỚC | C2: GIÁ NHẬP | D2: THÀNH TIỀN
A3: BẮP CẢI TÍM | B3: 2 | C3: 14000 | D3: =B3*C3 -> 28000
A4: BẮP CẢI TÍM (BẮP) | D4: =B4*C4 -> 0
A5: BẮP CẢI TÍM SUSHI | D5: =B5*C5 -> 0
A6: BẮP CẢI TRẮNG | D6: =B6*C6 -> 0
A7: BẮP CẢI TRẮNG (BẮP) | D7: =B7*C7 -> 0
A8: BẮP CẢI TRẮNG MỘC CHÂU | D8: =B8*C8 -> 0
A9: BẮP CẢI TRẮNG SÓI BIỂN | D9: =B9*C9 -> 0
A10: BẮP CẢI TRẮNG SUSHI | D10: =B10*C10 -> 0
A11: BẮP MỸ CẶP | D11: =B11*C11 -> 0
A12: BẦU | D12: =B12*C12 -> 0
A13: BÍ ĐAO XANH | D13: =B13*C13 -> 0
A14: BÍ ĐAO XANH 400G | D14: =B14*C14 -> 0
A15: BÍ ĐỎ HỒ LÔ | B15: 22 | C15: 18000 | D15: =B15*C15 -> 396000
A16: BÍ ĐỎ MINI | D16: =B16*C16 -> 0
A17: BÍ ĐỎ NON (KG)KQ | D17: =B17*C17 -> 0
A18: BÍ ĐỎ NON TRÁI VR | D18: =B18*C18 -> 0
A19: BÍ ĐỎ NON( KG) VR | B19: 14 | C19: 14000 | D19: =B19*C19 -> 196000
A20: BÍ ĐỎ TRÒN | B20: =-1000+2700 -> 1700 | C20: 14000 | D20: =B20*C20 -> 23800000
A21: BÍ MINI VÀNG 300GR | D21: =B21*C21 -> 0
A22: BÍ MINI VÀNG KG | D22: =B22*C22 -> 0
A23: BÍ NGÒI VÀNG | D23: =B23*C23 -> 0
A24: BÍ NGÒI VÀNG (TRÁI) | D24: =B24*C24 -> 0
A25: BÍ NGÒI XANH | B25: =-30+44 -> 14 | C25: 11000 | D25: =B25*C25 -> 154000
A26: BÍ NGÒI XANH(TRÁI) | D26: =B26*C26 -> 0
A27: BÍ NHẬT | D27: =B27*C27 -> 0
A28: BƠ 034 | B28: 10 | C28: 17000 | D28: =B28*C28 -> 170000
A29: BƠ 034 COOP | D29: =B29*C29 -> 0
A30: BƠ BOOTH | D30: =B30*C30 -> 0
A31: BO HOA CHUONG | D31: =B31*C31 -> 0
A32: BO HOA CUC TANA | D32: =B32*C32 -> 0
A33: BO HOA DONG TIEN HN | D33: =B33*C33 -> 0
A34: BO HOA LOA KEN | D34: =B34*C34 -> 0
A35: BO HOA PHANG | D35: =B35*C35 -> 0
A36: BO HOA SEN QUAN AM | D36: =B36*C36 -> 0
A37: BO HOA SEN SUPER | D37: =B37*C37 -> 0
A38: BƠ SÁP | D38: =B38*C38 -> 0
A39: BÓ XÔI | D39: =B39*C39 -> 0
A40: BÓ XÔI 300G VR | D40: =B40*C40 -> 0
... A60: CÀ CHUA BI CAM SỮA (KG) VR | D60: =B60*C60 -> 0
A61: CÀ CHUA BI COOP | B61: 8 | C61: 15000 | D61: =B61*C61 -> 120000
A62: CÀ CHUA BI-NA | D62: =B62*C62 -> 0
A63: CÀ CHUA CHERRY MIX 300G | D63: =B63*C63 -> 0
A64: CÀ CHUA L1 | B64: 50 | C64: 21000 | D64: =B64*C64 -> 1050000
A65: CÀ CHUA MỘC CHÂU | D65: =B65*C65 -> 0
A66: CÀ CHUA NGỌT | D66: =B66*C66 -> 0
A67: CÀ CHUA NGỌT 300GR (KG) | D67: =B67*C67 -> 0
A68: CÀ CHUA NGỌT XÁ | D68: =B68*C68 -> 0
A69: CÀ CHUA ROSEBERRY 300G | D69: =B69*C69 -> 0
A70: CÀ CHUA SÔCOLA 250GR (HỘP) VR | B70: 20 | C70: 10000 | D70: =B70*C70 -> 200000
A71: CÀ CHUA SÔCOLA 250GR (KG) -NA | D71: =B71*C71 -> 0
A72: CÀ CHUA SÔCOLA 250GR (KG) VR | D72: =B72*C72 -> 0
A73: CÀ CHUA SÔCOLA 250GR(KG) KQ | D73: =B73*C73 -> 0
A74: CÀ CHUA SÔCOLA 300GR (HỘP) VR | D74: =B74*C74 -> 0
A75: CÀ CHUA SOCOLA XÁ | D75: =B75*C75 -> 0
A76: CÀ CHUA SÔCOLA(HỘP) KQ | D76: =B76*C76 -> 0
A77: CÀ CHUA VỈ 400GR | D77: =B77*C77 -> 0
A78: CÀ CHUA Ý | B78: =-150+140+28 -> 18 | C78: 24000 | D78: =B78*C78 -> 432000
A79: CÀ CHUA Ý 500G | D79: =B79*C79 -> 0
A80: CÀ CHUA Ý CHÙM | B80: 90 | C80: 26000 | D80: =B80*C80 -> 2340000
A81: CÀ CHUA Ý(VỈ) KG | B81: 17 | C81: 22000 | D81: =B81*C81 -> 374000
A82: CÀ CHUA Ý(VỈ) KG KQ | D82: =B82*C82 -> 0
A83: CÀ RỐT BABY | D83: =B83*C83 -> 0
A84: CÀ RỐT BABY (KG) KQ | D84: =B84*C84 -> 0
A85: CÀ RỐT BABY 200GR | D85: =B85*C85 -> 0
A86: CÀ RỐT DL | D86: =B86*C86 -> 0
A87: CÀ RỐT DL L1 | D87: =B87*C87 -> 0
A88: CÀ RỐT DL TÚI LƯỚI 500GR VR | D88: =B88*C88 -> 0
A89: CÀ RỐT TRUNG | D89: =B89*C89 -> 0
A90: CÀ RỐT TÚI LƯỚI 800G KQ | D90: =B90*C90 -> 0
A91: CÀ TÍM | D91: =B91*C91 -> 0
A92: CÀ TÍM CẶP 400G | D92: =B92*C92 -> 0
A93: CÀ TÍM SỌC PHA LÊ 300G | D93: =B93*C93 -> 0
... A103: CẢI MÈO MỘC CHÂU | D103: =B103*C103 -> 0
A104: CẢI THẢO DL | B104: 100 | C104: 8500 | D104: =B104*C104 -> 850000
A105: CẢI THẢO DL(BẮP) | D105: =B105*C105 -> 0
A106: CẢI THẢO HỎA TIỄN | D106: =B106*C106 -> 0
A107: CẢI THẢO HỎA TIỄN 250GR | D107: =B107*C107 -> 0
A108: CẢI THẢO KIM CHI | D108: =B108*C108 -> 0
A109: CẢI THẢO MỘC CHÂU | D109: =B109*C109 -> 0
A110: CẢI THẢO VR | D110: =B110*C110 -> 0
A111: CẦN TÂY (KG) | D111: =B111*C111 -> 0
A112: CẦN TÂY THUỶ CANH | D112: =B112*C112 -> 0
A113: CẦN TÂY(CÂY) | D113: =B113*C113 -> 0
A114: CHANH DÂY | D114: =B114*C114 -> 0
A115: CHANH DÂY NGỌT L2 | D115: =B115*C115 -> 0
A116: CHANH DÂY NGỌT VỈ 300GR | D116: =B116*C116 -> 0
... A131: CỦ CẢI MUỐI (VỈ) 250G KQ | D131: =B131*C131 -> 0
A132: CỦ CẢI MUỐI(KG) | B132: 7 | C132: 16000 | D132: =B132*C132 -> 112000
A133: CỦ CẢI TRẮNG | D133: =B133*C133 -> 0
A134: CỦ CẢI TRẮNG CẶP 400GR | D134: =B134*C134 -> 0
A135: CỦ ĐẬU 400G | D135: =B135*C135 -> 0
A136: CỦ DỀN | D136: =B136*C136 -> 0
A137: CỦ DỀN 600G | D137: =B137*C137 -> 0
A138: CỦ HÀNH ĐỎ | D138: =B138*C138 -> 0
A139: CỦ HÀNH ĐỎ 500GR | D139: =B139*C139 -> 0
A140: CỦ NGHỆ | D140: =B140*C140 -> 0
A141: ĐÀO VN | D141: =B141*C141 -> 0
A142: ĐẬU BO | D142: =B142*C142 -> 0
...

Sheet 22.7
A1: hàng tồn cuối ngày 22/7 vr
A2: TÊN SẢN PHẨM | B2: TỒN TRƯỚC | C2: GIÁ NHẬP | D2: THÀNH TIỀN
A3: BẮP CẢI TÍM | D3: =B3*C3 -> 0
A4: BẮP CẢI TÍM (BẮP) | D4: =B4*C4 -> 0
A5: BẮP CẢI TÍM SUSHI | D5: =B5*C5 -> 0
A6: BẮP CẢI TRẮNG | D6: =B6*C6 -> 0
A7: BẮP CẢI TRẮNG (BẮP) | D7: =B7*C7 -> 0
A8: BẮP CẢI TRẮNG MỘC CHÂU | D8: =B8*C8 -> 0
A9: BẮP CẢI TRẮNG SÓI BIỂN | D9: =B9*C9 -> 0
A10: BẮP CẢI TRẮNG SUSHI | D10: =B10*C10 -> 0
A11: BẮP MỸ CẶP | D11: =B11*C11 -> 0
A12: BẦU | D12: =B12*C12 -> 0
A13: BÍ ĐAO XANH | D13: =B13*C13 -> 0
A14: BÍ ĐAO XANH 400G | D14: =B14*C14 -> 0
A15: BÍ ĐỎ HỒ LÔ | B15: 3 | C15: 18000 | D15: =B15*C15 -> 54000
A16: BÍ ĐỎ MINI | D16: =B16*C16 -> 0
A17: BÍ ĐỎ NON (KG)KQ | D17: =B17*C17 -> 0
A18: BÍ ĐỎ NON TRÁI VR | D18: =B18*C18 -> 0
A19: BÍ ĐỎ NON( KG) VR | B19: 10 | C19: 14000 | D19: =B19*C19 -> 140000
A20: BÍ ĐỎ TRÒN | B20: =-1000+2360 -> 1360 | C20: 14000 | D20: =B20*C20 -> 19040000
A21: BÍ MINI VÀNG 300GR | D21: =B21*C21 -> 0
A22: BÍ MINI VÀNG KG | D22: =B22*C22 -> 0
A23: BÍ NGÒI VÀNG | D23: =B23*C23 -> 0
A24: BÍ NGÒI VÀNG (TRÁI) | D24: =B24*C24 -> 0
A25: BÍ NGÒI XANH | B25: =-30+12+18 -> 0 | C25: 11500 | D25: =B25*C25 -> 0
A26: BÍ NGÒI XANH(TRÁI) | D26: =B26*C26 -> 0
A27: BÍ NHẬT | D27: =B27*C27 -> 0
A28: BƠ 034 | D28: =B28*C28 -> 0
A29: BƠ 034 COOP | D29: =B29*C29 -> 0
A30: BƠ BOOTH | D30: =B30*C30 -> 0
A31: BO HOA CHUONG | D31: =B31*C31 -> 0
A32: BO HOA CUC TANA | D32: =B32*C32 -> 0
A33: BO HOA DONG TIEN HN | D33: =B33*C33 -> 0
A34: BO HOA LOA KEN | D34: =B34*C34 -> 0
A35: BO HOA PHANG | D35: =B35*C35 -> 0
A36: BO HOA SEN QUAN AM | D36: =B36*C36 -> 0
A37: BO HOA SEN SUPER | D37: =B37*C37 -> 0
A38: BƠ SÁP | B38: 18 | C38: 17000 | D38: =B38*C38 -> 306000
A39: BÓ XÔI | D39: =B39*C39 -> 0
A40: BÓ XÔI 300G VR | D40: =B40*C40 -> 0
A41: BÓ XÔI-NA | D41: =B41*C41 -> 0
A42: BÔNG ATISO | D42: =B42*C42 -> 0
A43: BÔNG BÍ | D43: =B43*C43 -> 0
A44: BÔNG BÍ TÚI 300GR | D44: =B44*C44 -> 0
A45: BÔNG CẢI TRẮNG | D45: =B45*C45 -> 0
A46: BÔNG CẢI TRẮNG (CÂY) | D46: =B46*C46 -> 0
A47: BÔNG CẢI XANH 10P | D47: =B47*C47 -> 0
A48: BÔNG CẢI XANH AEON | B48: 28 | C48: 33000 | D48: =B48*C48 -> 924000
A49: BÔNG CẢI XANH AEON (CÂY) | D49: =B49*C49 -> 0
A50: BÔNG CẢI XANH BABY (KG) | D50: =B50*C50 -> 0
A51: BÔNG CẢI XANH BABY 200G | D51: =B51*C51 -> 0
A52: BÔNG CẢI XANH BIGC | D52: =B52*C52 -> 0
A53: BÔNG CẢI XANH CITI | D53: =B53*C53 -> 0
A54: CÀ CHUA | B54: =-300+60+600 -> 360 | C54: 24000 | D54: =B54*C54 -> 8640000
A55: CÀ CHUA BI | B55: 2.5 | C55: 11500 | D55: =B55*C55 -> 28750
A56: CÀ CHUA BI (HỘP) 300GR KQ | D56: =B56*C56 -> 0
A57: CÀ CHUA BI (HỘP) 300GR VR | D57: =B57*C57 -> 0
A58: CÀ CHUA BI 300GR KQ (KG) | D58: =B58*C58 -> 0
A59: CÀ CHUA BI 300GR VR (KG) | D59: =B59*C59 -> 0
A60: CÀ CHUA BI CAM SỮA (KG) VR | D60: =B60*C60 -> 0
A61: CÀ CHUA BI COOP | D61: =B61*C61 -> 0
A62: CÀ CHUA BI-NA | D62: =B62*C62 -> 0
A63: CÀ CHUA CHERRY MIX 300G | D63: =B63*C63 -> 0
A64: CÀ CHUA L1 | B64: 20 | C64: 21000 | D64: =B64*C64 -> 420000
A65: CÀ CHUA MỘC CHÂU | D65: =B65*C65 -> 0
A66: CÀ CHUA NGỌT | D66: =B66*C66 -> 0
A67: CÀ CHUA NGỌT 300GR (KG) | D67: =B67*C67 -> 0
A68: CÀ CHUA NGỌT XÁ | D68: =B68*C68 -> 0
A69: CÀ CHUA ROSEBERRY 300G | D69: =B69*C69 -> 0
A70: CÀ CHUA SÔCOLA 250GR (HỘP) VR | D70: =B70*C70 -> 0
A71: CÀ CHUA SÔCOLA 250GR (KG) -NA | D71: =B71*C71 -> 0
A72: CÀ CHUA SÔCOLA 250GR (KG) VR | D72: =B72*C72 -> 0
A73: CÀ CHUA SÔCOLA 250GR(KG) KQ | D73: =B73*C73 -> 0
A74: CÀ CHUA SÔCOLA 300GR (HỘP) VR | D74: =B74*C74 -> 0
A75: CÀ CHUA SOCOLA XÁ | D75: =B75*C75 -> 0
A76: CÀ CHUA SÔCOLA(HỘP) KQ | D76: =B76*C76 -> 0
A77: CÀ CHUA VỈ 400GR | D77: =B77*C77 -> 0
A78: CÀ CHUA Ý | B78: =-150+130+140+20+12+20 -> 172 | C78: 24000 | D78: =B78*C78 -> 4128000
A79: CÀ CHUA Ý 500G | D79: =B79*C79 -> 0
A80: CÀ CHUA Ý CHÙM | B80: 40 | C80: 26000 | D80: =B80*C80 -> 1040000
A81: CÀ CHUA Ý(VỈ) KG | B81: 6 | C81: 22000 | D81: =B81*C81 -> 132000
A82: CÀ CHUA Ý(VỈ) KG KQ | D82: =B82*C82 -> 0
A83: CÀ RỐT BABY | D83: =B83*C83 -> 0
A84: CÀ RỐT BABY (KG) KQ | D84: =B84*C84 -> 0
A85: CÀ RỐT BABY 200GR | D85: =B85*C85 -> 0
A86: CÀ RỐT DL | D86: =B86*C86 -> 0
A87: CÀ RỐT DL L1 | B87: =18+35 -> 53 | C87: 21000 | D87: =B87*C87 -> 1113000
A88: CÀ RỐT DL TÚI LƯỚI 500GR VR | D88: =B88*C88 -> 0
A89: CÀ RỐT TRUNG | D89: =B89*C89 -> 0
A90: CÀ RỐT TÚI LƯỚI 800G KQ | D90: =B90*C90 -> 0
A91: CÀ TÍM | D91: =B91*C91 -> 0
A92: CÀ TÍM CẶP 400G | D92: =B92*C92 -> 0
A93: CÀ TÍM SỌC PHA LÊ 300G | D93: =B93*C93 -> 0
A94: CÀ TÍM SỌC PHA LÊ HỘP 500GR VR | D94: =B94*C94 -> 0
A95: CÀ TÍM SỌC PHA LÊ TÍM (KG) VR | D95: =B95*C95 -> 0
A96: CÀ Ý VỈ 650GR | D96: =B96*C96 -> 0
A97: CẢI CẦU VỒNG | D97: =B97*C97 -> 0
A98: CẢI CẦU VỒNG 300GR | D98: =B98*C98 -> 0
A99: CẢI CÚC 300GR | D99: =B99*C99 -> 0
... A113: CẦN TÂY(CÂY) | D113: =B113*C113 -> 0
...

Sheet 23.7
A1: hàng tồn cuối ngày 23/7 vr
A2: TÊN SẢN PHẨM | B2: TỒN TRƯỚC | C2: GIÁ NHẬP | D2: THÀNH TIỀN
A3: BẮP CẢI TÍM | D3: =B3*C3 -> 0
A4: BẮP CẢI TÍM (BẮP) | D4: =B4*C4 -> 0
A5: BẮP CẢI TÍM SUSHI | D5: =B5*C5 -> 0
A6: BẮP CẢI TRẮNG | D6: =B6*C6 -> 0
A7: BẮP CẢI TRẮNG (BẮP) | D7: =B7*C7 -> 0
A8: BẮP CẢI TRẮNG MỘC CHÂU | D8: =B8*C8 -> 0
A9: BẮP CẢI TRẮNG SÓI BIỂN | D9: =B9*C9 -> 0
A10: BẮP CẢI TRẮNG SUSHI | D10: =B10*C10 -> 0
A11: BẮP MỸ CẶP | D11: =B11*C11 -> 0
A12: BẦU | D12: =B12*C12 -> 0
A13: BÍ ĐAO XANH | D13: =B13*C13 -> 0
A14: BÍ ĐAO XANH 400G | D14: =B14*C14 -> 0
... A17: BÍ ĐỎ NON (KG)KQ | D17: =B17*C17 -> 0
A18: BÍ ĐỎ NON TRÁI VR | B18: 6 | C18: 4000 | D18: =B18*C18 -> 24000
A19: BÍ ĐỎ NON( KG) VR | D19: =B19*C19 -> 0
A20: BÍ ĐỎ TRÒN | B20: =-1000+2270+2280+105 -> 3655 | C20: 12500 | D20: =B20*C20 -> 45687500
A21: BÍ MINI VÀNG 300GR | D21: =B21*C21 -> 0
A22: BÍ MINI VÀNG KG | D22: =B22*C22 -> 0
A23: BÍ NGÒI VÀNG | D23: =B23*C23 -> 0
A24: BÍ NGÒI VÀNG (TRÁI) | D24: =B24*C24 -> 0
A25: BÍ NGÒI XANH | B25: =-30+80+95 -> 145 | C25: 11500 | D25: =B25*C25 -> 1667500
A26: BÍ NGÒI XANH(TRÁI) | D26: =B26*C26 -> 0
A27: BÍ NHẬT | D27: =B27*C27 -> 0
A28: BƠ 034 | B28: 35 | C28: 17000 | D28: =B28*C28 -> 595000
A29: BƠ 034 COOP | D29: =B29*C29 -> 0
A30: BƠ BOOTH | D30: =B30*C30 -> 0
A31: BO HOA CHUONG | D31: =B31*C31 -> 0
A32: BO HOA CUC TANA | D32: =B32*C32 -> 0
A33: BO HOA DONG TIEN HN | D33: =B33*C33 -> 0
A34: BO HOA LOA KEN | D34: =B34*C34 -> 0
A35: BO HOA PHANG | D35: =B35*C35 -> 0
A36: BO HOA SEN QUAN AM | D36: =B36*C36 -> 0
A37: BO HOA SEN SUPER | D37: =B37*C37 -> 0
A38: BƠ SÁP | D38: =B38*C38 -> 0
A39: BÓ XÔI | D39: =B39*C39 -> 0
A40: BÓ XÔI 300G VR | D40: =B40*C40 -> 0
... A53: BÔNG CẢI XANH CITI | D53: =B53*C53 -> 0
A54: CÀ CHUA | B54: =-300+140+20+400-80 -> 180 | C54: 23000 | D54: =B54*C54 -> 4140000
A55: CÀ CHUA BI | D55: =B55*C55 -> 0
A56: CÀ CHUA BI (HỘP) 300GR KQ | D56: =B56*C56 -> 0
A57: CÀ CHUA BI (HỘP) 300GR VR | B57: 6 | C57: 6900 | D57: =B57*C57 -> 41400
A58: CÀ CHUA BI 300GR KQ (KG) | D58: =B58*C58 -> 0
A59: CÀ CHUA BI 300GR VR (KG) | D59: =B59*C59 -> 0
A60: CÀ CHUA BI CAM SỮA (KG) VR | D60: =B60*C60 -> 0
A61: CÀ CHUA BI COOP | B61: 2 | C61: 11500 | D61: =B61*C61 -> 23000
A62: CÀ CHUA BI-NA | D62: =B62*C62 -> 0
A63: CÀ CHUA CHERRY MIX 300G | D63: =B63*C63 -> 0
A64: CÀ CHUA L1 | B64: 108 | C64: 21000 | D64: =B64*C64 -> 2268000
A65: CÀ CHUA MỘC CHÂU | D65: =B65*C65 -> 0
A66: CÀ CHUA NGỌT | D66: =B66*C66 -> 0
A67: CÀ CHUA NGỌT 300GR (KG) | D67: =B67*C67 -> 0
A68: CÀ CHUA NGỌT XÁ | D68: =B68*C68 -> 0
A69: CÀ CHUA ROSEBERRY 300G | D69: =B69*C69 -> 0
A70: CÀ CHUA SÔCOLA 250GR (HỘP) VR | D70: =B70*C70 -> 0
A71: CÀ CHUA SÔCOLA 250GR (KG) -NA | D71: =B71*C71 -> 0
A72: CÀ CHUA SÔCOLA 250GR (KG) VR | D72: =B72*C72 -> 0
A73: CÀ CHUA SÔCOLA 250GR(KG) KQ | D73: =B73*C73 -> 0
A74: CÀ CHUA SÔCOLA 300GR (HỘP) VR | D74: =B74*C74 -> 0
A75: CÀ CHUA SOCOLA XÁ | D75: =B75*C75 -> 0
A76: CÀ CHUA SÔCOLA(HỘP) KQ | D76: =B76*C76 -> 0
A77: CÀ CHUA VỈ 400GR | D77: =B77*C77 -> 0
A78: CÀ CHUA Ý | B78: =-150+180 -> 30 | C78: 24000 | D78: =B78*C78 -> 720000
A79: CÀ CHUA Ý 500G | D79: =B79*C79 -> 0
A80: CÀ CHUA Ý CHÙM | B80: 120 | C80: 26000 | D80: =B80*C80 -> 3120000
A81: CÀ CHUA Ý(VỈ) KG | B81: 33 | C81: 22000 | D81: =B81*C81 -> 726000
A82: CÀ CHUA Ý(VỈ) KG KQ | D82: =B82*C82 -> 0
A83: CÀ RỐT BABY | D83: =B83*C83 -> 0
A84: CÀ RỐT BABY (KG) KQ | D84: =B84*C84 -> 0
A85: CÀ RỐT BABY 200GR | D85: =B85*C85 -> 0
A86: CÀ RỐT DL | D86: =B86*C86 -> 0
A87: CÀ RỐT DL L1 | D87: =B87*C87 -> 0
A88: CÀ RỐT DL TÚI LƯỚI 500GR VR | D88: =B88*C88 -> 0
A89: CÀ RỐT TRUNG | D89: =B89*C89 -> 0
A90: CÀ RỐT TÚI LƯỚI 800G KQ | D90: =B90*C90 -> 0
A91: CÀ TÍM | D91: =B91*C91 -> 0
A92: CÀ TÍM CẶP 400G | D92: =B92*C92 -> 0
A93: CÀ TÍM SỌC PHA LÊ 300G | D93: =B93*C93 -> 0
... A135: CỦ ĐẬU 400G | D135: =B135*C135 -> 0
A136: CỦ DỀN | B136: =-60+110 -> 50 | C136: 15000 | D136: =B136*C136 -> 750000
A137: CỦ DỀN 600G | D137: =B137*C137 -> 0
A138: CỦ HÀNH ĐỎ | D138: =B138*C138 -> 0
A139: CỦ HÀNH ĐỎ 500GR | D139: =B139*C139 -> 0
A140: CỦ NGHỆ | D140: =B140*C140 -> 0
A141: ĐÀO VN | D141: =B141*C141 -> 0
A142: ĐẬU BO | D142: =B142*C142 -> 0
A143: ĐẬU BO 250GR | D143: =B143*C143 -> 0
A144: ĐẬU COVE MỘC CHÂU | D144: =B144*C144 -> 0
A145: ĐẬU CÚC | D145: =B145*C145 -> 0
A146: ĐẬU CÚC 250GR | D146: =B146*C146 -> 0
A147: ĐẬU ĐỎ | D147: =B147*C147 -> 0
A148: ĐẬU ĐỎ 250GR | D148: =B148*C148 -> 0
... A168: DƯA LEO BABY KQ(KG) | D168: =B168*C168 -> 0
A169: DƯA LEO BABY VR | B169: =230-84 -> 146 | C169: 6500 | D169: =B169*C169 -> 949000
A170: DƯA LEO BABY VR 300G | D170: =B170*C170 -> 0
A171: DƯA LEO BABY VR(KG) | B171: 42 | C171: 11000 | D171: =B171*C171 -> 462000
A172: DƯA LEO BABY VR(KG)-NA | D172: =B172*C172 -> 0
A173: DƯA LEO BABY XÁ | D173: =B173*C173 -> 0
A174: DƯA LEO GIỐNG NHẬT 600GR | D174: =B174*C174 -> 0
...

Sheet 24.7
A1: hàng tồn cuối ngày 24/7 vr
A2: TÊN SẢN PHẨM | B2: TỒN TRƯỚC | C2: GIÁ NHẬP | D2: THÀNH TIỀN
A3: BẮP CẢI TÍM | D3: =B3*C3 -> 0
A4: BẮP CẢI TÍM (BẮP) | D4: =B4*C4 -> 0
A5: BẮP CẢI TÍM SUSHI | D5: =B5*C5 -> 0
A6: BẮP CẢI TRẮNG | D6: =B6*C6 -> 0
A7: BẮP CẢI TRẮNG (BẮP) | D7: =B7*C7 -> 0
A8: BẮP CẢI TRẮNG MỘC CHÂU | D8: =B8*C8 -> 0
A9: BẮP CẢI TRẮNG SÓI BIỂN | D9: =B9*C9 -> 0
A10: BẮP CẢI TRẮNG SUSHI | D10: =B10*C10 -> 0
A11: BẮP MỸ CẶP | D11: =B11*C11 -> 0
A12: BẦU | D12: =B12*C12 -> 0
A13: BÍ ĐAO XANH | D13: =B13*C13 -> 0
A14: BÍ ĐAO XANH 400G | D14: =B14*C14 -> 0
A15: BÍ ĐỎ HỒ LÔ | B15: 9 | C15: 18000 | D15: =B15*C15 -> 162000
A16: BÍ ĐỎ MINI | D16: =B16*C16 -> 0
A17: BÍ ĐỎ NON (KG)KQ | D17: =B17*C17 -> 0
A18: BÍ ĐỎ NON TRÁI VR | B18: 10 | C18: 4000 | D18: =B18*C18 -> 40000
A19: BÍ ĐỎ NON( KG) VR | D19: =B19*C19 -> 0
A20: BÍ ĐỎ TRÒN | B20: 1500 | C20: 11500 | D20: =B20*C20 -> 17250000
A21: BÍ MINI VÀNG 300GR | D21: =B21*C21 -> 0
A22: BÍ MINI VÀNG KG | D22: =B22*C22 -> 0
A23: BÍ NGÒI VÀNG | D23: =B23*C23 -> 0
A24: BÍ NGÒI VÀNG (TRÁI) | D24: =B24*C24 -> 0
A25: BÍ NGÒI XANH | B25: =-30+2+150 -> 122 | C25: 11500 | D25: =B25*C25 -> 1403000
A26: BÍ NGÒI XANH(TRÁI) | D26: =B26*C26 -> 0
A27: BÍ NHẬT | D27: =B27*C27 -> 0
A28: BƠ 034 | D28: =B28*C28 -> 0
A29: BƠ 034 COOP | D29: =B29*C29 -> 0
A30: BƠ BOOTH | D30: =B30*C30 -> 0
A31: BO HOA CHUONG | D31: =B31*C31 -> 0
A32: BO HOA CUC TANA | D32: =B32*C32 -> 0
A33: BO HOA DONG TIEN HN | D33: =B33*C33 -> 0
A34: BO HOA LOA KEN | D34: =B34*C34 -> 0
A35: BO HOA PHANG | D35: =B35*C35 -> 0
A36: BO HOA SEN QUAN AM | D36: =B36*C36 -> 0
A37: BO HOA SEN SUPER | D37: =B37*C37 -> 0
... A44: BÔNG BÍ TÚI 300GR | D44: =B44*C44 -> 0
A45: BÔNG CẢI TRẮNG | B45: 7 | C45: 17000 | D45: =B45*C45 -> 119000
A46: BÔNG CẢI TRẮNG (CÂY) | D46: =B46*C46 -> 0
A47: BÔNG CẢI XANH 10P | D47: =B47*C47 -> 0
A48: BÔNG CẢI XANH AEON | B48: 10 | C48: 32000 | D48: =B48*C48 -> 320000
A49: BÔNG CẢI XANH AEON (CÂY) | D49: =B49*C49 -> 0
A50: BÔNG CẢI XANH BABY (KG) | D50: =B50*C50 -> 0
A51: BÔNG CẢI XANH BABY 200G | D51: =B51*C51 -> 0
A52: BÔNG CẢI XANH BIGC | D52: =B52*C52 -> 0
A53: BÔNG CẢI XANH CITI | D53: =B53*C53 -> 0
A54: CÀ CHUA | D54: =B54*C54 -> 0
A55: CÀ CHUA BI | D55: =B55*C55 -> 0
A56: CÀ CHUA BI (HỘP) 300GR KQ | D56: =B56*C56 -> 0
A57: CÀ CHUA BI (HỘP) 300GR VR | B57: 21 | C57: 6900 | D57: =B57*C57 -> 144900
A58: CÀ CHUA BI 300GR KQ (KG) | D58: =B58*C58 -> 0
A59: CÀ CHUA BI 300GR VR (KG) | D59: =B59*C59 -> 0
A60: CÀ CHUA BI CAM SỮA (KG) VR | D60: =B60*C60 -> 0
A61: CÀ CHUA BI COOP | D61: =B61*C61 -> 0
A62: CÀ CHUA BI-NA | D62: =B62*C62 -> 0
A63: CÀ CHUA CHERRY MIX 300G | D63: =B63*C63 -> 0
A64: CÀ CHUA L1 | D64: =B64*C64 -> 0
A65: CÀ CHUA MỘC CHÂU | D65: =B65*C65 -> 0
A66: CÀ CHUA NGỌT | D66: =B66*C66 -> 0
A67: CÀ CHUA NGỌT 300GR (KG) | D67: =B67*C67 -> 0
A68: CÀ CHUA NGỌT XÁ | D68: =B68*C68 -> 0
A69: CÀ CHUA ROSEBERRY 300G | D69: =B69*C69 -> 0
A70: CÀ CHUA SÔCOLA 250GR (HỘP) VR | B70: 9 | C70: 10000 | D70: =B70*C70 -> 90000
A71: CÀ CHUA SÔCOLA 250GR (KG) -NA | D71: =B71*C71 -> 0
A72: CÀ CHUA SÔCOLA 250GR (KG) VR | D72: =B72*C72 -> 0
A73: CÀ CHUA SÔCOLA 250GR(KG) KQ | D73: =B73*C73 -> 0
A74: CÀ CHUA SÔCOLA 300GR (HỘP) VR | D74: =B74*C74 -> 0
A75: CÀ CHUA SOCOLA XÁ | D75: =B75*C75 -> 0
A76: CÀ CHUA SÔCOLA(HỘP) KQ | D76: =B76*C76 -> 0
A77: CÀ CHUA VỈ 400GR | D77: =B77*C77 -> 0
A78: CÀ CHUA Ý | D78: =B78*C78 -> 0
A79: CÀ CHUA Ý 500G | D79: =B79*C79 -> 0
A80: CÀ CHUA Ý CHÙM | D80: =B80*C80 -> 0
A81: CÀ CHUA Ý(VỈ) KG | B81: 8 | C81: 22000 | D81: =B81*C81 -> 176000
A82: CÀ CHUA Ý(VỈ) KG KQ | D82: =B82*C82 -> 0
A83: CÀ RỐT BABY | D83: =B83*C83 -> 0
A84: CÀ RỐT BABY (KG) KQ | D84: =B84*C84 -> 0
A85: CÀ RỐT BABY 200GR | D85: =B85*C85 -> 0
A86: CÀ RỐT DL | D86: =B86*C86 -> 0
A87: CÀ RỐT DL L1 | D87: =B87*C87 -> 0
A88: CÀ RỐT DL TÚI LƯỚI 500GR VR | D88: =B88*C88 -> 0
A89: CÀ RỐT TRUNG | D89: =B89*C89 -> 0
A90: CÀ RỐT TÚI LƯỚI 800G KQ | D90: =B90*C90 -> 0
A91: CÀ TÍM | D91: =B91*C91 -> 0
A92: CÀ TÍM CẶP 400G | D92: =B92*C92 -> 0
A93: CÀ TÍM SỌC PHA LÊ 300G | D93: =B93*C93 -> 0
... A122: CHẬU CÂY CẦN TÂY | D122: =B122*C122 -> 0
A123: CHUỐI LABA | B123: =-20+30 -> 10 | C123: 11000 | D123: =B123*C123 -> 110000
A124: CÓC NON 200G | D124: =B124*C124 -> 0
A125: CỦ CẢI ĐỎ 300GR (KG) VR | D125: =B125*C125 -> 0
A126: CỦ CẢI ĐỎ HỘP 300GR | D126: =B126*C126 -> 0
A127: CỦ CẢI ĐỎ(HỘP) | D127: =B127*C127 -> 0
A128: CỦ CẢI ĐỎ(KG) KQ | D128: =B128*C128 -> 0
A129: CỦ CẢI ĐỎ(KG) VR | D129: =B129*C129 -> 0
A130: CỦ CẢI HÀN QUỐC | D130: =B130*C130 -> 0
A131: CỦ CẢI MUỐI (VỈ) 250G KQ | D131: =B131*C131 -> 0
A132: CỦ CẢI MUỐI(KG) | D132: =B132*C132 -> 0
A133: CỦ CẢI TRẮNG | D133: =B133*C133 -> 0
A134: CỦ CẢI TRẮNG CẶP 400GR | D134: =B134*C134 -> 0
...

Sheet 25.7
A1: hàng tồn cuối ngày 25/7 vr
A2: TÊN SẢN PHẨM | B2: TỒN TRƯỚC | C2: GIÁ NHẬP | D2: THÀNH TIỀN
A3: BẮP CẢI TÍM | D3: =B3*C3 -> 0
A4: BẮP CẢI TÍM (BẮP) | D4: =B4*C4 -> 0
A5: BẮP CẢI TÍM SUSHI | D5: =B5*C5 -> 0
A6: BẮP CẢI TRẮNG | D6: =B6*C6 -> 0
A7: BẮP CẢI TRẮNG (BẮP) | D7: =B7*C7 -> 0
A8: BẮP CẢI TRẮNG MỘC CHÂU | D8: =B8*C8 -> 0
A9: BẮP CẢI TRẮNG SÓI BIỂN | D9: =B9*C9 -> 0
A10: BẮP CẢI TRẮNG SUSHI | D10: =B10*C10 -> 0
A11: BẮP MỸ CẶP | D11: =B11*C11 -> 0
A12: BẦU | D12: =B12*C12 -> 0
A13: BÍ ĐAO XANH | D13: =B13*C13 -> 0
A14: BÍ ĐAO XANH 400G | D14: =B14*C14 -> 0
... A17: BÍ ĐỎ NON (KG)KQ | D17: =B17*C17 -> 0
A18: BÍ ĐỎ NON TRÁI VR | B18: 34 | C18: 4000 | D18: =B18*C18 -> 136000
A19: BÍ ĐỎ NON( KG) VR | D19: =B19*C19 -> 0
A20: BÍ ĐỎ TRÒN | B20: 1500 | C20: 11500 | D20: =B20*C20 -> 17250000
A21: BÍ MINI VÀNG 300GR | D21: =B21*C21 -> 0
A22: BÍ MINI VÀNG KG | D22: =B22*C22 -> 0
A23: BÍ NGÒI VÀNG | D23: =B23*C23 -> 0
A24: BÍ NGÒI VÀNG (TRÁI) | D24: =B24*C24 -> 0
A25: BÍ NGÒI XANH | D25: =B25*C25 -> 0
A26: BÍ NGÒI XANH(TRÁI) | D26: =B26*C26 -> 0
A27: BÍ NHẬT | D27: =B27*C27 -> 0
A28: BƠ 034 | D28: =B28*C28 -> 0
A29: BƠ 034 COOP | D29: =B29*C29 -> 0
A30: BƠ BOOTH | D30: =B30*C30 -> 0
A31: BO HOA CHUONG | D31: =B31*C31 -> 0
A32: BO HOA CUC TANA | D32: =B32*C32 -> 0
... A53: BÔNG CẢI XANH CITI | D53: =B53*C53 -> 0
A54: CÀ CHUA | B54: =-300+165+320+120+20+20 -> 345 | C54: 23000 | D54: =B54*C54 -> 7935000
A55: CÀ CHUA BI | D55: =B55*C55 -> 0
A56: CÀ CHUA BI (HỘP) 300GR KQ | D56: =B56*C56 -> 0
A57: CÀ CHUA BI (HỘP) 300GR VR | B57: 6 | C57: 6900 | D57: =B57*C57 -> 41400
A58: CÀ CHUA BI 300GR KQ (KG) | D58: =B58*C58 -> 0
A59: CÀ CHUA BI 300GR VR (KG) | D59: =B59*C59 -> 0
A60: CÀ CHUA BI CAM SỮA (KG) VR | D60: =B60*C60 -> 0
A61: CÀ CHUA BI COOP | B61: 8.5 | C61: 11500 | D61: =B61*C61 -> 97750
A62: CÀ CHUA BI-NA | D62: =B62*C62 -> 0
A63: CÀ CHUA CHERRY MIX 300G | D63: =B63*C63 -> 0
A64: CÀ CHUA L1 | B64: 20 | C64: 19000 | D64: =B64*C64 -> 380000
A65: CÀ CHUA MỘC CHÂU | D65: =B65*C65 -> 0
A66: CÀ CHUA NGỌT | D66: =B66*C66 -> 0
A67: CÀ CHUA NGỌT 300GR (KG) | D67: =B67*C67 -> 0
A68: CÀ CHUA NGỌT XÁ | D68: =B68*C68 -> 0
A69: CÀ CHUA ROSEBERRY 300G | D69: =B69*C69 -> 0
A70: CÀ CHUA SÔCOLA 250GR (HỘP) VR | D70: =B70*C70 -> 0
A71: CÀ CHUA SÔCOLA 250GR (KG) -NA | D71: =B71*C71 -> 0
A72: CÀ CHUA SÔCOLA 250GR (KG) VR | D72: =B72*C72 -> 0
A73: CÀ CHUA SÔCOLA 250GR(KG) KQ | D73: =B73*C73 -> 0
A74: CÀ CHUA SÔCOLA 300GR (HỘP) VR | D74: =B74*C74 -> 0
A75: CÀ CHUA SOCOLA XÁ | D75: =B75*C75 -> 0
A76: CÀ CHUA SÔCOLA(HỘP) KQ | D76: =B76*C76 -> 0
... A79: CÀ CHUA Ý 500G | D79: =B79*C79 -> 0
A80: CÀ CHUA Ý CHÙM | B80: 20 | C80: 27000 | D80: =B80*C80 -> 540000
A81: CÀ CHUA Ý(VỈ) KG | B81: 25 | C81: 22000 | D81: =B81*C81 -> 550000
A82: CÀ CHUA Ý(VỈ) KG KQ | D82: =B82*C82 -> 0
A83: CÀ RỐT BABY | D83: =B83*C83 -> 0
A84: CÀ RỐT BABY (KG) KQ | D84: =B84*C84 -> 0
A85: CÀ RỐT BABY 200GR | D85: =B85*C85 -> 0
A86: CÀ RỐT DL | D86: =B86*C86 -> 0
A87: CÀ RỐT DL L1 | D87: =B87*C87 -> 0
A88: CÀ RỐT DL TÚI LƯỚI 500GR VR | D88: =B88*C88 -> 0
A89: CÀ RỐT TRUNG | D89: =B89*C89 -> 0
A90: CÀ RỐT TÚI LƯỚI 800G KQ | D90: =B90*C90 -> 0
A91: CÀ TÍM | D91: =B91*C91 -> 0
A92: CÀ TÍM CẶP 400G | D92: =B92*C92 -> 0
A93: CÀ TÍM SỌC PHA LÊ 300G | D93: =B93*C93 -> 0
... A103: CẢI MÈO MỘC CHÂU | D103: =B103*C103 -> 0
A104: CẢI THẢO DL | B104: 13 | C104: 8500 | D104: =B104*C104 -> 110500
A105: CẢI THẢO DL(BẮP) | D105: =B105*C105 -> 0
A106: CẢI THẢO HỎA TIỄN | D106: =B106*C106 -> 0
A107: CẢI THẢO HỎA TIỄN 250GR | D107: =B107*C107 -> 0
A108: CẢI THẢO KIM CHI | D108: =B108*C108 -> 0
A109: CẢI THẢO MỘC CHÂU | D109: =B109*C109 -> 0
A110: CẢI THẢO VR | D110: =B110*C110 -> 0
A111: CẦN TÂY (KG) | D111: =B111*C111 -> 0
A112: CẦN TÂY THUỶ CANH | D112: =B112*C112 -> 0
A113: CẦN TÂY(CÂY) | D113: =B113*C113 -> 0
A114: CHANH DÂY | D114: =B114*C114 -> 0
A115: CHANH DÂY NGỌT L2 | D115: =B115*C115 -> 0
A116: CHANH DÂY NGỌT VỈ 300GR | D116: =B116*C116 -> 0
... A122: CHẬU CÂY CẦN TÂY | D122: =B122*C122 -> 0
A123: CHUỐI LABA | B123: =-20+10+11 -> 1 | C123: 11000 | D123: =B123*C123 -> 11000
A124: CÓC NON 200G | D124: =B124*C124 -> 0
A125: CỦ CẢI ĐỎ 300GR (KG) VR | D125: =B125*C125 -> 0
A126: CỦ CẢI ĐỎ HỘP 300GR | D126: =B126*C126 -> 0
A127: CỦ CẢI ĐỎ(HỘP) | D127: =B127*C127 -> 0
A128: CỦ CẢI ĐỎ(KG) KQ | D128: =B128*C128 -> 0
A129: CỦ CẢI ĐỎ(KG) VR | D129: =B129*C129 -> 0
A130: CỦ CẢI HÀN QUỐC | D130: =B130*C130 -> 0
A131: CỦ CẢI MUỐI (VỈ) 250G KQ | D131: =B131*C131 -> 0
A132: CỦ CẢI MUỐI(KG) | D132: =B132*C132 -> 0
A133: CỦ CẢI TRẮNG | D133: =B133*C133 -> 0
A134: CỦ CẢI TRẮNG CẶP 400GR | D134: =B134*C134 -> 0
A135: CỦ ĐẬU 400G | D135: =B135*C135 -> 0
... A146: ĐẬU CÚC 250GR | D146: =B146*C146 -> 0
A147: ĐẬU ĐỎ | B147: 1 | C147: 80000 | D147: =B147*C147 -> 80000
A148: ĐẬU ĐỎ 250GR | D148: =B148*C148 -> 0
...

Sheet 26.7
A1: hàng tồn cuối ngày 26/7 vr
A2: TÊN SẢN PHẨM | B2: TỒN TRƯỚC | C2: GIÁ NHẬP | D2: THÀNH TIỀN
A3: CÀ CHUA SÔCOLA 250GR (HỘP) VR | D3: =B3*C3 -> 0
A4: CÀ CHUA SÔCOLA 250GR (KG) -NA | D4: =B4*C4 -> 0
A5: CÀ CHUA SÔCOLA 250GR (KG) VR | D5: =B5*C5 -> 0
A6: CÀ CHUA SÔCOLA 250GR(KG) KQ | D6: =B6*C6 -> 0
A7: CÀ CHUA SÔCOLA 300GR (HỘP) VR | D7: =B7*C7 -> 0
A8: CÀ CHUA SOCOLA XÁ | D8: =B8*C8 -> 0
A9: CÀ CHUA SÔCOLA(HỘP) KQ | D9: =B9*C9 -> 0
A10: CÀ RỐT BABY | D10: =B10*C10 -> 0
A11: CÀ RỐT BABY (KG) KQ | D11: =B11*C11 -> 0
A12: CÀ RỐT BABY 200GR | D12: =B12*C12 -> 0
A13: CẢI CẦU VỒNG | D13: =B13*C13 -> 0
A14: CẢI CẦU VỒNG 300GR | D14: =B14*C14 -> 0
... A23: ỚT CHUÔNG 3 MÀU(KG)VR | D23: =B23*C23 -> 0
A24: ỚT CHUÔNG ĐỎ | B24: =-20+20+35+60 -> 95 | C24: 23000 | D24: =B24*C24 -> 2185000
A25: ỚT CHUÔNG ĐỎ L1 | B25: 1 | C25: 16000 | D25: =B25*C25 -> 16000
A26: ỚT CHUÔNG ĐỎ(TRÁI) | D26: =B26*C26 -> 0
A27: ỚT CHUÔNG 3 MÀU 350G | D27: =B27*C27 -> 0
A28: ỚT CHUÔNG 3 MÀU KQ(KG) | D28: =B28*C28 -> 0
A29: ỚT CHUÔNG VÀNG | B29: =-20+78 -> 58 | C29: 21000 | D29: =B29*C29 -> 1218000
A30: ỚT CHUÔNG VÀNG L1 | B30: 22 | C30: 15000 | D30: =B30*C30 -> 330000
A31: ỚT CHUÔNG VÀNG(TRÁI) | D31: =B31*C31 -> 0
A32: ỚT CHUÔNG VÀNG+ XANH (VỈ) | D32: =B32*C32 -> 0
A33: ỚT CHUÔNG XANH | D33: =B33*C33 -> 0
A34: ỚT CHUÔNG XANH L1 | D34: =B34*C34 -> 0
A35: ỚT CHUÔNG XANH(TRÁI) | D35: =B35*C35 -> 0
A36: CỦ DỀN | D36: =B36*C36 -> 0
A37: CỦ DỀN 600G | D37: =B37*C37 -> 0
A38: GỪNG 250GR | D38: =B38*C38 -> 0
A39: HỒNG GIÒN | D39: =B39*C39 -> 0
A40: XÀ LÁCH MỸ | D40: =B40*C40 -> 0
A41: KHOAI TÂY HỒNG | D41: =B41*C41 -> 0
A42: KHOAI TÂY HỒNG TÚI LƯỚI 500G | D42: =B42*C42 -> 0
A43: KHOAI TÂY VÀNG | D43: =B43*C43 -> 0
A44: KHOAI TÂY VÀNG ĐL | B44: =-300+10+140+140+140 -> 130 | C44: 15000 | D44: =B44*C44 -> 1950000
A45: KHOAI TÂY VÀNG LỚN TÚI LƯỚI 500G | D45: =B45*C45 -> 0
A46: KHOAI TÂY VÀNG TRUNG TÚI LƯỚI 500G | B46: 80 | C46: 13000 | D46: =B46*C46 -> 1040000
A47: CẢI THẢO DL | D47: =B47*C47 -> 0
A48: CẢI THẢO DL(BẮP) | D48: =B48*C48 -> 0
A49: CẢI THẢO KIM CHI | D49: =B49*C49 -> 0
A50: CẢI THẢO VR | D50: =B50*C50 -> 0
A51: BẦU | D51: =B51*C51 -> 0
A52: BÍ ĐAO XANH | D52: =B52*C52 -> 0
A53: BÍ ĐAO XANH 400G | D53: =B53*C53 -> 0
A54: DƯA LEO | D54: =B54*C54 -> 0
A55: DƯA LEO 400G | D55: =B55*C55 -> 0
A56: DƯA LEO KG (VỈ) | D56: =B56*C56 -> 0
A57: KHỔ QUA | D57: =B57*C57 -> 0
A58: KHỔ QUA KG(VỈ) | D58: =B58*C58 -> 0
... A63: DƯA LEO GIỐNG NHẬT 600GR | D63: =B63*C63 -> 0
A64: DƯA LEO GIỐNG NHẬT KG | B64: 5 | C64: 15000 | D64: =B64*C64 -> 75000
A65: BƠ 034 | D65: =B65*C65 -> 0
A66: BƠ 034 COOP | D66: =B66*C66 -> 0
A67: BƠ BOOTH | D67: =B67*C67 -> 0
A68: BƠ SÁP | D68: =B68*C68 -> 0
A69: KHOAI LANG MẬT (KG) 2-3 CỦ | B69: =44+16+160 -> 220 | C69: 21500 | D69: =B69*C69 -> 4730000
A70: KHOAI LANG MẬT (KG) 4-6 CỦ | B70: =13+170 -> 183 | C70: 21500 | D70: =B70*C70 -> 3934500
A71: KHOAI LANG MẬT 500G VR | D71: =B71*C71 -> 0
A72: PARO | B72: 2 | C72: 13000 | D72: =B72*C72 -> 26000
A73: PARO (CÂY) | D73: =B73*C73 -> 0
A74: BẮP CẢI TÍM | D74: =B74*C74 -> 0
A75: BẮP CẢI TÍM (BẮP) | D75: =B75*C75 -> 0
A76: BẮP CẢI TÍM SUSHI | D76: =B76*C76 -> 0
A77: CÀ CHUA CHERRY MIX 300G | D77: =B77*C77 -> 0
A78: TÍA TÔ 50G | D78: =B78*C78 -> 0
A79: XÀ LÁCH LOLO XANH | D79: =B79*C79 -> 0
A80: XÀ LÁCH LOLO XANH SUSHI | D80: =B80*C80 -> 0
A81: XÀ LÁCH LOLO XANH TÚI 300GR | D81: =B81*C81 -> 0
A82: XÀ LÁCH ROMEN THUỶ CANH (KG) VR | D82: =B82*C82 -> 0
A83: CÀ RỐT DL | D83: =B83*C83 -> 0
A84: CÀ RỐT DL L1 | D84: =B84*C84 -> 0
... A87: CÀ RỐT TÚI LƯỚI 800G KQ | D87: =B87*C87 -> 0
A88: GỪNG | B88: 3 | C88: 42000 | D88: =B88*C88 -> 126000
A89: MỒNG TƠI | D89: =B89*C89 -> 0
A90: NGÒ RÍ | D90: =B90*C90 -> 0
A91: NGÒ RÍ TÚI 50GR | D91: =B91*C91 -> 0
A92: ỚT HIỂM | D92: =B92*C92 -> 0
A93: ỚT HIỂM 100G | D93: =B93*C93 -> 0
A94: THÌ LÀ | D94: =B94*C94 -> 0
A95: THÌ LÀ TÚI 80GR | D95: =B95*C95 -> 0
A96: CHUỐI LABA | D96: =B96*C96 -> 0
A97: BÔNG BÍ TÚI 300GR | D97: =B97*C97 -> 0
A98: BÔNG CẢI TRẮNG | D98: =B98*C98 -> 0
A99: BÔNG CẢI TRẮNG (CÂY) | D99: =B99*C99 -> 0
A100: SET ỚT CHUÔNG BABY 250G | D100: =B100*C100 -> 0
... A115: BO HOA LOA KEN | D115: =B115*C115 -> 0
A116: CÀ CHUA | B116: =-300+150+240+105+140-40 -> 295 | C116: 21000 | D116: =B116*C116 -> 6195000
A117: CÀ CHUA L1 | B117: 12 | C117: 21000 | D117: =B117*C117 -> 252000
A118: CÀ CHUA VỈ 400GR | D118: =B118*C118 -> 0
A119: BÍ ĐỎ MINI | D119: =B119*C119 -> 0
A120: ỚT SỪNG VÀNG | D120: =B120*C120 -> 0
A121: BÍ ĐỎ TRÒN | B121: 1500 | C121: 11500 | D121: =B121*C121 -> 17250000
A122: BÔNG ATISO | D122: =B122*C122 -> 0
A123: BÔNG CẢI XANH BABY (KG) | D123: =B123*C123 -> 0
A124: BÔNG CẢI XANH BABY 200G | D124: =B124*C124 -> 0
A125: CỦ CẢI ĐỎ 300GR (KG) VR | D125: =B125*C125 -> 0
A126: CỦ CẢI ĐỎ HỘP 300GR | D126: =B126*C126 -> 0
A127: CỦ CẢI ĐỎ(HỘP) | D127: =B127*C127 -> 0
A128: CỦ CẢI ĐỎ(KG) KQ | D128: =B128*C128 -> 0
...

Sheet 27.7
A1: hàng tồn cuối ngày 27/7 vr
A2: TÊN SẢN PHẨM | B2: TỒN TRƯỚC | C2: GIÁ NHẬP | D2: THÀNH TIỀN
A3: BẮP CẢI TÍM | D3: =B3*C3 -> 0
A4: BẮP CẢI TÍM (BẮP) | D4: =B4*C4 -> 0
A5: BẮP CẢI TÍM SUSHI | D5: =B5*C5 -> 0
A6: BẮP CẢI TRẮNG | D6: =B6*C6 -> 0
A7: BẮP CẢI TRẮNG (BẮP) | D7: =B7*C7 -> 0
A8: BẮP CẢI TRẮNG MỘC CHÂU | D8: =B8*C8 -> 0
A9: BẮP CẢI TRẮNG SÓI BIỂN | D9: =B9*C9 -> 0
A10: BẮP CẢI TRẮNG SUSHI | D10: =B10*C10 -> 0
A11: BẮP MỸ CẶP | D11: =B11*C11 -> 0
A12: BẦU | D12: =B12*C12 -> 0
A13: BÍ ĐAO XANH | D13: =B13*C13 -> 0
A14: BÍ ĐAO XANH 400G | D14: =B14*C14 -> 0
... A17: BÍ ĐỎ NON (KG)KQ | D17: =B17*C17 -> 0
A18: BÍ ĐỎ NON TRÁI VR | B18: 8 | C18: 4000 | D18: =B18*C18 -> 32000
A19: BÍ ĐỎ NON( KG) VR | B19: 14 | C19: 13000 | D19: =B19*C19 -> 182000
A20: BÍ ĐỎ TRÒN | B20: 1500 | C20: 11500 | D20: =B20*C20 -> 17250000
A21: BÍ MINI VÀNG 300GR | D21: =B21*C21 -> 0
A22: BÍ MINI VÀNG KG | D22: =B22*C22 -> 0
A23: BÍ NGÒI VÀNG | D23: =B23*C23 -> 0
A24: BÍ NGÒI VÀNG (TRÁI) | D24: =B24*C24 -> 0
A25: BÍ NGÒI XANH | B25: =-30+45 -> 15 | C25: 12500 | D25: =B25*C25 -> 187500
A26: BÍ NGÒI XANH(TRÁI) | D26: =B26*C26 -> 0
A27: BÍ NHẬT | D27: =B27*C27 -> 0
A28: BƠ 034 | B28: 41 | C28: 17000 | D28: =B28*C28 -> 697000
A29: BƠ 034 COOP | D29: =B29*C29 -> 0
A30: BƠ BOOTH | D30: =B30*C30 -> 0
A31: BO HOA CHUONG | D31: =B31*C31 -> 0
A32: BO HOA CUC TANA | D32: =B32*C32 -> 0
A33: BO HOA DONG TIEN HN | D33: =B33*C33 -> 0
A34: BO HOA LOA KEN | D34: =B34*C34 -> 0
A35: BO HOA PHANG | D35: =B35*C35 -> 0
A36: BO HOA SEN QUAN AM | D36: =B36*C36 -> 0
A37: BO HOA SEN SUPER | D37: =B37*C37 -> 0
A38: BƠ SÁP | B38: 50 | C38: 11000 | D38: =B38*C38 -> 550000
A39: BÓ XÔI | D39: =B39*C39 -> 0
A40: BÓ XÔI 300G VR | D40: =B40*C40 -> 0
A41: BÓ XÔI-NA | D41: =B41*C41 -> 0
A42: BÔNG ATISO | D42: =B42*C42 -> 0
A43: BÔNG BÍ | D43: =B43*C43 -> 0
A44: BÔNG BÍ TÚI 300GR | D44: =B44*C44 -> 0
A45: BÔNG CẢI TRẮNG | B45: 12 | C45: 30000 | D45: =B45*C45 -> 360000
A46: BÔNG CẢI TRẮNG (CÂY) | D46: =B46*C46 -> 0
A47: BÔNG CẢI XANH 10P | D47: =B47*C47 -> 0
A48: BÔNG CẢI XANH AEON | D48: =B48*C48 -> 0
A49: BÔNG CẢI XANH AEON (CÂY) | D49: =B49*C49 -> 0
A50: BÔNG CẢI XANH BABY (KG) | D50: =B50*C50 -> 0
A51: BÔNG CẢI XANH BABY 200G | D51: =B51*C51 -> 0
A52: BÔNG CẢI XANH BIGC | D52: =B52*C52 -> 0
A53: BÔNG CẢI XANH CITI | D53: =B53*C53 -> 0
A54: CÀ CHUA | B54: =-300+200+50+140 -> 90 | C54: 23000 | D54: =B54*C54 -> 2070000
A55: CÀ CHUA BI | D55: =B55*C55 -> 0
A56: CÀ CHUA BI (HỘP) 300GR KQ | D56: =B56*C56 -> 0
A57: CÀ CHUA BI (HỘP) 300GR VR | D57: =B57*C57 -> 0
A58: CÀ CHUA BI 300GR KQ (KG) | D58: =B58*C58 -> 0
A59: CÀ CHUA BI 300GR VR (KG) | D59: =B59*C59 -> 0
A60: CÀ CHUA BI CAM SỮA (KG) VR | D60: =B60*C60 -> 0
A61: CÀ CHUA BI COOP | D61: =B61*C61 -> 0
A62: CÀ CHUA BI-NA | D62: =B62*C62 -> 0
A63: CÀ CHUA CHERRY MIX 300G | D63: =B63*C63 -> 0
A64: CÀ CHUA L1 | B64: 55 | C64: 21000 | D64: =B64*C64 -> 1155000
A65: CÀ CHUA MỘC CHÂU | D65: =B65*C65 -> 0
A66: CÀ CHUA NGỌT | D66: =B66*C66 -> 0
A67: CÀ CHUA NGỌT 300GR (KG) | D67: =B67*C67 -> 0
A68: CÀ CHUA NGỌT XÁ | D68: =B68*C68 -> 0
A69: CÀ CHUA ROSEBERRY 300G | D69: =B69*C69 -> 0
A70: CÀ CHUA SÔCOLA 250GR (HỘP) VR | D70: =B70*C70 -> 0
A71: CÀ CHUA SÔCOLA 250GR (KG) -NA | D71: =B71*C71 -> 0
A72: CÀ CHUA SÔCOLA 250GR (KG) VR | B72: 8 | C72: 10000 | D72: =B72*C72 -> 80000
A73: CÀ CHUA SÔCOLA 250GR(KG) KQ | D73: =B73*C73 -> 0
A74: CÀ CHUA SÔCOLA 300GR (HỘP) VR | D74: =B74*C74 -> 0
A75: CÀ CHUA SOCOLA XÁ | D75: =B75*C75 -> 0
A76: CÀ CHUA SÔCOLA(HỘP) KQ | D76: =B76*C76 -> 0
A77: CÀ CHUA VỈ 400GR | D77: =B77*C77 -> 0
A78: CÀ CHUA Ý | B78: =-150+6+50+36+120+90 -> 152 | C78: 30000 | D78: =B78*C78 -> 4560000
A79: CÀ CHUA Ý 500G | D79: =B79*C79 -> 0
A80: CÀ CHUA Ý CHÙM | D80: =B80*C80 -> 0
A81: CÀ CHUA Ý(VỈ) KG | B81: 4 | C81: 24000 | D81: =B81*C81 -> 96000
A82: CÀ CHUA Ý(VỈ) KG KQ | D82: =B82*C82 -> 0
A83: CÀ RỐT BABY | D83: =B83*C83 -> 0
A84: CÀ RỐT BABY (KG) KQ | D84: =B84*C84 -> 0
A85: CÀ RỐT BABY 200GR | D85: =B85*C85 -> 0
A86: CÀ RỐT DL | D86: =B86*C86 -> 0
A87: CÀ RỐT DL L1 | D87: =B87*C87 -> 0
A88: CÀ RỐT DL TÚI LƯỚI 500GR VR | D88: =B88*C88 -> 0
A89: CÀ RỐT TRUNG | D89: =B89*C89 -> 0
A90: CÀ RỐT TÚI LƯỚI 800G KQ | D90: =B90*C90 -> 0
A91: CÀ TÍM | D91: =B91*C91 -> 0
A92: CÀ TÍM CẶP 400G | D92: =B92*C92 -> 0
A93: CÀ TÍM SỌC PHA LÊ 300G | D93: =B93*C93 -> 0
... A103: CẢI MÈO MỘC CHÂU | D103: =B103*C103 -> 0
A104: CẢI THẢO DL | B104: 30 | C104: 8500 | D104: =B104*C104 -> 255000
A105: CẢI THẢO DL(BẮP) | D105: =B105*C105 -> 0
A106: CẢI THẢO HỎA TIỄN | D106: =B106*C106 -> 0
A107: CẢI THẢO HỎA TIỄN 250GR | D107: =B107*C107 -> 0
A108: CẢI THẢO KIM CHI | D108: =B108*C108 -> 0
A109: CẢI THẢO MỘC CHÂU | D109: =B109*C109 -> 0
A110: CẢI THẢO VR | D110: =B110*C110 -> 0
A111: CẦN TÂY (KG) | D111: =B111*C111 -> 0
...

Sheet 28.7
A1: hàng tồn cuối ngày 28/7 vr
A2: TÊN SẢN PHẨM | B2: TỒN TRƯỚC | C2: GIÁ NHẬP | D2: THÀNH TIỀN
A3: CÀ CHUA SÔCOLA 250GR (HỘP) VR | B3: 12 | C3: 10000 | D3: =B3*C3 -> 120000
A4: CÀ CHUA SÔCOLA 250GR (KG) -NA | D4: =B4*C4 -> 0
A5: CÀ CHUA SÔCOLA 250GR (KG) VR | D5: =B5*C5 -> 0
A6: CÀ CHUA SÔCOLA 250GR(KG) KQ | D6: =B6*C6 -> 0
A7: CÀ CHUA SÔCOLA 300GR (HỘP) VR | D7: =B7*C7 -> 0
A8: CÀ CHUA SOCOLA XÁ | D8: =B8*C8 -> 0
A9: CÀ CHUA SÔCOLA(HỘP) KQ | D9: =B9*C9 -> 0
A10: CÀ RỐT BABY | D10: =B10*C10 -> 0
A11: CÀ RỐT BABY (KG) KQ | D11: =B11*C11 -> 0
A12: CÀ RỐT BABY 200GR | D12: =B12*C12 -> 0
A13: CẢI CẦU VỒNG | D13: =B13*C13 -> 0
A14: CẢI CẦU VỒNG 300GR | D14: =B14*C14 -> 0
A15: CẢI KALE | D15: =B15*C15 -> 0
... A19: CHANH VÀNG TRÁI 180UP | D19: =B19*C19 -> 0
A20: CẦN TÂY (KG) | B20: 3 | C20: 17000 | D20: =B20*C20 -> 51000
A21: CẦN TÂY THUỶ CANH | D21: =B21*C21 -> 0
A22: CẦN TÂY(CÂY) | D22: =B22*C22 -> 0
A23: ỚT CHUÔNG 3 MÀU(KG)VR | D23: =B23*C23 -> 0
A24: ỚT CHUÔNG ĐỎ | B24: =-20+25+38 -> 43 | C24: 21000 | D24: =B24*C24 -> 903000
A25: ỚT CHUÔNG ĐỎ L1 | D25: =B25*C25 -> 0
A26: ỚT CHUÔNG ĐỎ(TRÁI) | D26: =B26*C26 -> 0
A27: ỚT CHUÔNG 3 MÀU 350G | B27: 8 | C27: 8000 | D27: =B27*C27 -> 64000
A28: ỚT CHUÔNG 3 MÀU KQ(KG) | D28: =B28*C28 -> 0
A29: ỚT CHUÔNG VÀNG | B29: =-20+11+12+3+20 -> 26 | C29: 21000 | D29: =B29*C29 -> 546000
A30: ỚT CHUÔNG VÀNG L1 | B30: 15 | C30: 15000 | D30: =B30*C30 -> 225000
A31: ỚT CHUÔNG VÀNG(TRÁI) | D31: =B31*C31 -> 0
A32: ỚT CHUÔNG VÀNG+ XANH (VỈ) | D32: =B32*C32 -> 0
A33: ỚT CHUÔNG XANH | B33: =-20+25 -> 5 | C33: 28000 | D33: =B33*C33 -> 140000
A34: ỚT CHUÔNG XANH L1 | D34: =B34*C34 -> 0
A35: ỚT CHUÔNG XANH(TRÁI) | D35: =B35*C35 -> 0
A36: CỦ DỀN | D36: =B36*C36 -> 0
A37: CỦ DỀN 600G | D37: =B37*C37 -> 0
A38: GỪNG 250GR | D38: =B38*C38 -> 0
A39: HỒNG GIÒN | D39: =B39*C39 -> 0
A40: XÀ LÁCH MỸ | D40: =B40*C40 -> 0
A41: KHOAI TÂY HỒNG TÚI LƯỚI 500G | D41: =B41*C41 -> 0
A42: KHOAI TÂY VÀNG | D42: =B42*C42 -> 0
A43: KHOAI TÂY VÀNG TRUNG TÚI LƯỚI 500G | B43: 20 | C43: 13000 | D43: =B43*C43 -> 260000
A44: KHOAI TÂY HỒNG | D44: =B44*C44 -> 0
A45: KHOAI TÂY VÀNG ĐL | B45: =-300+60+15+120+10+120+80+30+15 -> 150 | C45: 15000 | D45: =B45*C45 -> 2250000
A46: KHOAI TÂY VÀNG LỚN TÚI LƯỚI 500G | D46: =B46*C46 -> 0
A47: CẢI THẢO DL(BẮP) | D47: =B47*C47 -> 0
A48: CẢI THẢO KIM CHI | D48: =B48*C48 -> 0
A49: CẢI THẢO VR | D49: =B49*C49 -> 0
A50: CẢI THẢO DL | D50: =B50*C50 -> 0
A51: BẦU | D51: =B51*C51 -> 0
A52: BÍ ĐAO XANH | D52: =B52*C52 -> 0
A53: BÍ ĐAO XANH 400G | D53: =B53*C53 -> 0
A54: DƯA LEO | D54: =B54*C54 -> 0
A55: DƯA LEO 400G | D55: =B55*C55 -> 0
A56: DƯA LEO KG (VỈ) | D56: =B56*C56 -> 0
A57: KHỔ QUA | D57: =B57*C57 -> 0
... A67: BƠ 034 | D67: =B67*C67 -> 0
A68: BƠ SÁP | B68: 100 | C68: 12000 | D68: =B68*C68 -> 1200000
A69: KHOAI LANG MẬT (KG) 2-3 CỦ | B69: =260+60+35 -> 355 | C69: 21000 | D69: =B69*C69 -> 7455000
A70: KHOAI LANG MẬT (KG) 4-6 CỦ | B70: =80+25+20+17+150 -> 292 | C70: 22000 | D70: =B70*C70 -> 6424000
A71: KHOAI LANG MẬT 500G VR | D71: =B71*C71 -> 0
A72: PARO | B72: 40 | C72: 15000 | D72: =B72*C72 -> 600000
A73: PARO (CÂY) | D73: =B73*C73 -> 0
A74: BẮP CẢI TÍM | D74: =B74*C74 -> 0
A75: BẮP CẢI TÍM (BẮP) | D75: =B75*C75 -> 0
A76: BẮP CẢI TÍM SUSHI | D76: =B76*C76 -> 0
A77: CÀ CHUA CHERRY MIX 300G | D77: =B77*C77 -> 0
A78: TÍA TÔ 50G | D78: =B78*C78 -> 0
A79: XÀ LÁCH LOLO XANH | D79: =B79*C79 -> 0
A80: XÀ LÁCH LOLO XANH SUSHI | D80: =B80*C80 -> 0
A81: XÀ LÁCH LOLO XANH TÚI 300GR | D81: =B81*C81 -> 0
A82: XÀ LÁCH ROMEN THUỶ CANH (KG) VR | D82: =B82*C82 -> 0
A83: CÀ RỐT DL | D83: =B83*C83 -> 0
A84: CÀ RỐT DL L1 | D84: =B84*C84 -> 0
... A95: THÌ LÀ TÚI 80GR | D95: =B95*C95 -> 0
A96: CHUỐI LABA | B96: =-20+10+22 -> 12 | C96: 11000 | D96: =B96*C96 -> 132000
A97: BÔNG BÍ TÚI 300GR | D97: =B97*C97 -> 0
A98: BÔNG CẢI TRẮNG | D98: =B98*C98 -> 0
A99: BÔNG CẢI TRẮNG (CÂY) | D99: =B99*C99 -> 0
A100: SET ỚT CHUÔNG BABY 250G | D100: =B100*C100 -> 0
A101: SET RAU KÈM ỚT | D101: =B101*C101 -> 0
A102: SET RAU KHÔNG KÈM ỚT | D102: =B102*C102 -> 0
A103: ĐẬU BO | D103: =B103*C103 -> 0
A104: ĐẬU BO 250GR | D104: =B104*C104 -> 0
A105: ĐẬU CÚC | D105: =B105*C105 -> 0
A106: ĐẬU CÚC 250GR | D106: =B106*C106 -> 0
A107: ĐẬU ĐỎ | D107: =B107*C107 -> 0
A108: ĐẬU ĐỎ 250GR | D108: =B108*C108 -> 0
... A115: BO HOA LOA KEN | D115: =B115*C115 -> 0
A116: CÀ CHUA | B116: 200 | C116: 23000 | D116: =B116*C116 -> 4600000
A117: CÀ CHUA L1 | D117: =B117*C117 -> 0
A118: CÀ CHUA VỈ 400GR | D118: =B118*C118 -> 0
A119: BÍ ĐỎ MINI | D119: =B119*C119 -> 0
A120: ỚT SỪNG VÀNG | D120: =B120*C120 -> 0
A121: BÍ ĐỎ TRÒN | B121: 1500 | C121: 11500 | D121: =B121*C121 -> 17250000
A122: BÔNG ATISO | D122: =B122*C122 -> 0
A123: BÔNG CẢI XANH BABY (KG) | D123: =B123*C123 -> 0
A124: BÔNG CẢI XANH BABY 200G | D124: =B124*C124 -> 0
A125: CỦ CẢI ĐỎ 300GR (KG) VR | D125: =B125*C125 -> 0
A126: CỦ CẢI ĐỎ HỘP 300GR | B126: 3 | C126: 10500 | D126: =B126*C126 -> 31500
A127: CỦ CẢI ĐỎ(HỘP) | D127: =B127*C127 -> 0
A128: CỦ CẢI ĐỎ(KG) KQ | D128: =B128*C128 -> 0
...

Sheet 29.7
A1: hàng tồn cuối ngày 29/7 vr
A2: TÊN SẢN PHẨM | B2: TỒN TRƯỚC | C2: GIÁ NHẬP | D2: THÀNH TIỀN
A3: BẮP CẢI TÍM | D3: =B3*C3 -> 0
A4: BẮP CẢI TÍM (BẮP) | D4: =B4*C4 -> 0
A5: BẮP CẢI TÍM SUSHI | D5: =B5*C5 -> 0
A6: BẮP CẢI TRẮNG | D6: =B6*C6 -> 0
A7: BẮP CẢI TRẮNG (BẮP) | D7: =B7*C7 -> 0
A8: BẮP CẢI TRẮNG MỘC CHÂU | D8: =B8*C8 -> 0
A9: BẮP CẢI TRẮNG SÓI BIỂN | D9: =B9*C9 -> 0
A10: BẮP CẢI TRẮNG SUSHI | D10: =B10*C10 -> 0
A11: BẮP MỸ CẶP | D11: =B11*C11 -> 0
A12: BẦU | D12: =B12*C12 -> 0
A13: BÍ ĐAO XANH | D13: =B13*C13 -> 0
A14: BÍ ĐAO XANH 400G | D14: =B14*C14 -> 0
... A18: BÍ ĐỎ NON TRÁI VR | D18: =B18*C18 -> 0
A19: BÍ ĐỎ NON( KG) VR | B19: 5 | C19: 13000 | D19: =B19*C19 -> 65000
A20: BÍ ĐỎ TRÒN | B20: 1500 | C20: 11500 | D20: =B20*C20 -> 17250000
A21: BÍ MINI VÀNG 300GR | D21: =B21*C21 -> 0
A22: BÍ MINI VÀNG KG | D22: =B22*C22 -> 0
A23: BÍ NGÒI VÀNG | D23: =B23*C23 -> 0
A24: BÍ NGÒI VÀNG (TRÁI) | D24: =B24*C24 -> 0
A25: BÍ NGÒI XANH | D25: =B25*C25 -> 0
A26: BÍ NGÒI XANH(TRÁI) | D26: =B26*C26 -> 0
A27: BÍ NHẬT | D27: =B27*C27 -> 0
A28: BƠ 034 | D28: =B28*C28 -> 0
A29: BƠ 034 COOP | D29: =B29*C29 -> 0
A30: BƠ BOOTH | D30: =B30*C30 -> 0
A31: BO HOA CHUONG | D31: =B31*C31 -> 0
A32: BO HOA CUC TANA | D32: =B32*C32 -> 0
... A37: BO HOA SEN SUPER | D37: =B37*C37 -> 0
A38: BƠ SÁP | B38: =50-30 -> 20 | C38: 12000 | D38: =B38*C38 -> 240000
A39: BÓ XÔI | D39: =B39*C39 -> 0
A40: BÓ XÔI 300G VR | D40: =B40*C40 -> 0
A41: BÓ XÔI-NA | D41: =B41*C41 -> 0
A42: BÔNG ATISO | D42: =B42*C42 -> 0
A43: BÔNG BÍ | D43: =B43*C43 -> 0
A44: BÔNG BÍ TÚI 300GR | D44: =B44*C44 -> 0
A45: BÔNG CẢI TRẮNG | D45: =B45*C45 -> 0
A46: BÔNG CẢI TRẮNG (CÂY) | D46: =B46*C46 -> 0
A47: BÔNG CẢI XANH 10P | D47: =B47*C47 -> 0
A48: BÔNG CẢI XANH AEON | D48: =B48*C48 -> 0
A49: BÔNG CẢI XANH AEON (CÂY) | D49: =B49*C49 -> 0
A50: BÔNG CẢI XANH BABY (KG) | D50: =B50*C50 -> 0
... A53: BÔNG CẢI XANH CITI | D53: =B53*C53 -> 0
A54: CÀ CHUA | B54: =-300+200+520+20 -> 440 | C54: 23000 | D54: =B54*C54 -> 10120000
A55: CÀ CHUA BI | D55: =B55*C55 -> 0
A56: CÀ CHUA BI (HỘP) 300GR KQ | D56: =B56*C56 -> 0
A57: CÀ CHUA BI (HỘP) 300GR VR | D57: =B57*C57 -> 0
A58: CÀ CHUA BI 300GR KQ (KG) | D58: =B58*C58 -> 0
A59: CÀ CHUA BI 300GR VR (KG) | D59: =B59*C59 -> 0
A60: CÀ CHUA BI CAM SỮA (KG) VR | D60: =B60*C60 -> 0
A61: CÀ CHUA BI COOP | B61: 3 | C61: 12500 | D61: =B61*C61 -> 37500
A62: CÀ CHUA BI-NA | D62: =B62*C62 -> 0
A63: CÀ CHUA CHERRY MIX 300G | D63: =B63*C63 -> 0
A64: CÀ CHUA L1 | B64: 25 | C64: 21000 | D64: =B64*C64 -> 525000
A65: CÀ CHUA MỘC CHÂU | D65: =B65*C65 -> 0
A66: CÀ CHUA NGỌT | D66: =B66*C66 -> 0
A67: CÀ CHUA NGỌT 300GR (KG) | D67: =B67*C67 -> 0
A68: CÀ CHUA NGỌT XÁ | D68: =B68*C68 -> 0
A69: CÀ CHUA ROSEBERRY 300G | D69: =B69*C69 -> 0
A70: CÀ CHUA SÔCOLA 250GR (HỘP) VR | B70: 4 | C70: 8000 | D70: =B70*C70 -> 32000
A71: CÀ CHUA SÔCOLA 250GR (KG) -NA | D71: =B71*C71 -> 0
A72: CÀ CHUA SÔCOLA 250GR (KG) VR | D72: =B72*C72 -> 0
A73: CÀ CHUA SÔCOLA 250GR(KG) KQ | D73: =B73*C73 -> 0
A74: CÀ CHUA SÔCOLA 300GR (HỘP) VR | D74: =B74*C74 -> 0
A75: CÀ CHUA SOCOLA XÁ | D75: =B75*C75 -> 0
A76: CÀ CHUA SÔCOLA(HỘP) KQ | D76: =B76*C76 -> 0
A77: CÀ CHUA VỈ 400GR | D77: =B77*C77 -> 0
A78: CÀ CHUA Ý | B78: =-150+20+110+40+120-50 -> 90 | C78: 30000 | D78: =B78*C78 -> 2700000
A79: CÀ CHUA Ý 500G | D79: =B79*C79 -> 0
A80: CÀ CHUA Ý CHÙM | B80: =60+18 -> 78 | C80: 30000 | D80: =B80*C80 -> 2340000
A81: CÀ CHUA Ý(VỈ) KG | B81: 15 | C81: 25000 | D81: =B81*C81 -> 375000
A82: CÀ CHUA Ý(VỈ) KG KQ | D82: =B82*C82 -> 0
A83: CÀ RỐT BABY | D83: =B83*C83 -> 0
A84: CÀ RỐT BABY (KG) KQ | D84: =B84*C84 -> 0
A85: CÀ RỐT BABY 200GR | D85: =B85*C85 -> 0
A86: CÀ RỐT DL | D86: =B86*C86 -> 0
A87: CÀ RỐT DL L1 | D87: =B87*C87 -> 0
A88: CÀ RỐT DL TÚI LƯỚI 500GR VR | D88: =B88*C88 -> 0
A89: CÀ RỐT TRUNG | D89: =B89*C89 -> 0
A90: CÀ RỐT TÚI LƯỚI 800G KQ | D90: =B90*C90 -> 0
A91: CÀ TÍM | B91: 20 | C91: 9000 | D91: =B91*C91 -> 180000
A92: CÀ TÍM CẶP 400G | B92: 58 | C92: 6000 | D92: =B92*C92 -> 348000
A93: CÀ TÍM SỌC PHA LÊ 300G | D93: =B93*C93 -> 0
A94: CÀ TÍM SỌC PHA LÊ HỘP 500GR VR | D94: =B94*C94 -> 0
A95: CÀ TÍM SỌC PHA LÊ TÍM (KG) VR | D95: =B95*C95 -> 0
A96: CÀ Ý VỈ 650GR | D96: =B96*C96 -> 0
A97: CẢI CẦU VỒNG | D97: =B97*C97 -> 0
A98: CẢI CẦU VỒNG 300GR | D98: =B98*C98 -> 0
A99: CẢI CÚC 300GR | D99: =B99*C99 -> 0
A100: CẢI KALE | D100: =B100*C100 -> 0
A101: CẢI KALE 150GR | D101: =B101*C101 -> 0
A102: CẢI KALE 300GR | D102: =B102*C102 -> 0
A103: CẢI MÈO MỘC CHÂU | D103: =B103*C103 -> 0
A104: CẢI THẢO DL | B104: =55+10 -> 65 | C104: 8500 | D104: =B104*C104 -> 552500
A105: CẢI THẢO DL(BẮP) | D105: =B105*C105 -> 0
A106: CẢI THẢO HỎA TIỄN | D106: =B106*C106 -> 0
A107: CẢI THẢO HỎA TIỄN 250GR | D107: =B107*C107 -> 0
A108: CẢI THẢO KIM CHI | D108: =B108*C108 -> 0
A109: CẢI THẢO MỘC CHÂU | D109: =B109*C109 -> 0
...

Sheet 30.7
A1: hàng tồn cuối ngày 30/7 vr
A2: TÊN SẢN PHẨM | B2: TỒN TRƯỚC | C2: GIÁ NHẬP | D2: THÀNH TIỀN
A3: BẮP CẢI TÍM | D3: =B3*C3 -> 0
A4: BẮP CẢI TÍM (BẮP) | D4: =B4*C4 -> 0
A5: BẮP CẢI TÍM SUSHI | D5: =B5*C5 -> 0
A6: BẮP CẢI TRẮNG | D6: =B6*C6 -> 0
A7: BẮP CẢI TRẮNG (BẮP) | D7: =B7*C7 -> 0
A8: BẮP CẢI TRẮNG MỘC CHÂU | D8: =B8*C8 -> 0
A9: BẮP CẢI TRẮNG SÓI BIỂN | D9: =B9*C9 -> 0
A10: BẮP CẢI TRẮNG SUSHI | D10: =B10*C10 -> 0
A11: BẮP MỸ CẶP | D11: =B11*C11 -> 0
A12: BẦU | D12: =B12*C12 -> 0
A13: BÍ ĐAO XANH | D13: =B13*C13 -> 0
A14: BÍ ĐAO XANH 400G | D14: =B14*C14 -> 0
... A17: BÍ ĐỎ NON (KG)KQ | D17: =B17*C17 -> 0
A18: BÍ ĐỎ NON TRÁI VR | B18: 72 | C18: 13000 | D18: =B18*C18 -> 936000
A19: BÍ ĐỎ NON( KG) VR | D19: =B19*C19 -> 0
A20: BÍ ĐỎ TRÒN | B20: 1500 | C20: 12000 | D20: =B20*C20 -> 18000000
A21: BÍ MINI VÀNG 300GR | D21: =B21*C21 -> 0
A22: BÍ MINI VÀNG KG | D22: =B22*C22 -> 0
A23: BÍ NGÒI VÀNG | D23: =B23*C23 -> 0
A24: BÍ NGÒI VÀNG (TRÁI) | D24: =B24*C24 -> 0
A25: BÍ NGÒI XANH | D25: =B25*C25 -> 0
A26: BÍ NGÒI XANH(TRÁI) | D26: =B26*C26 -> 0
A27: BÍ NHẬT | D27: =B27*C27 -> 0
A28: BƠ 034 | D28: =B28*C28 -> 0
A29: BƠ 034 COOP | D29: =B29*C29 -> 0
A30: BƠ BOOTH | D30: =B30*C30 -> 0
A31: BO HOA CHUONG | D31: =B31*C31 -> 0
A32: BO HOA CUC TANA | D32: =B32*C32 -> 0
... A53: BÔNG CẢI XANH CITI | D53: =B53*C53 -> 0
A54: CÀ CHUA | B54: =-300+380+100 -> 180 | C54: 22000 | D54: =B54*C54 -> 3960000
A55: CÀ CHUA BI | B55: 5 | C55: 12500 | D55: =B55*C55 -> 62500
A56: CÀ CHUA BI (HỘP) 300GR KQ | D56: =B56*C56 -> 0
A57: CÀ CHUA BI (HỘP) 300GR VR | B57: 25 | C57: 7500 | D57: =B57*C57 -> 187500
A58: CÀ CHUA BI 300GR KQ (KG) | D58: =B58*C58 -> 0
A59: CÀ CHUA BI 300GR VR (KG) | D59: =B59*C59 -> 0
A60: CÀ CHUA BI CAM SỮA (KG) VR | D60: =B60*C60 -> 0
A61: CÀ CHUA BI COOP | B61: 11 | C61: 12500 | D61: =B61*C61 -> 137500
A62: CÀ CHUA BI-NA | D62: =B62*C62 -> 0
A63: CÀ CHUA CHERRY MIX 300G | D63: =B63*C63 -> 0
A64: CÀ CHUA L1 | B64: 35 | C64: 20000 | D64: =B64*C64 -> 700000
A65: CÀ CHUA MỘC CHÂU | D65: =B65*C65 -> 0
A66: CÀ CHUA NGỌT | D66: =B66*C66 -> 0
A67: CÀ CHUA NGỌT 300GR (KG) | D67: =B67*C67 -> 0
A68: CÀ CHUA NGỌT XÁ | D68: =B68*C68 -> 0
A69: CÀ CHUA ROSEBERRY 300G | D69: =B69*C69 -> 0
A70: CÀ CHUA SÔCOLA 250GR (HỘP) VR | B70: 11 | C70: 10000 | D70: =B70*C70 -> 110000
A71: CÀ CHUA SÔCOLA 250GR (KG) -NA | D71: =B71*C71 -> 0
A72: CÀ CHUA SÔCOLA 250GR (KG) VR | D72: =B72*C72 -> 0
A73: CÀ CHUA SÔCOLA 250GR(KG) KQ | D73: =B73*C73 -> 0
A74: CÀ CHUA SÔCOLA 300GR (HỘP) VR | D74: =B74*C74 -> 0
A75: CÀ CHUA SOCOLA XÁ | D75: =B75*C75 -> 0
A76: CÀ CHUA SÔCOLA(HỘP) KQ | D76: =B76*C76 -> 0
A77: CÀ CHUA VỈ 400GR | D77: =B77*C77 -> 0
A78: CÀ CHUA Ý | B78: =-100+160+160 -> 220 | C78: 28000 | D78: =B78*C78 -> 6160000
A79: CÀ CHUA Ý 500G | D79: =B79*C79 -> 0
A80: CÀ CHUA Ý CHÙM | B80: 120 | C80: 30000 | D80: =B80*C80 -> 3600000
A81: CÀ CHUA Ý(VỈ) KG | B81: 13 | C81: 25000 | D81: =B81*C81 -> 325000
A82: CÀ CHUA Ý(VỈ) KG KQ | D82: =B82*C82 -> 0
A83: CÀ RỐT BABY | D83: =B83*C83 -> 0
A84: CÀ RỐT BABY (KG) KQ | D84: =B84*C84 -> 0
A85: CÀ RỐT BABY 200GR | D85: =B85*C85 -> 0
A86: CÀ RỐT DL | D86: =B86*C86 -> 0
A87: CÀ RỐT DL L1 | D87: =B87*C87 -> 0
A88: CÀ RỐT DL TÚI LƯỚI 500GR VR | D88: =B88*C88 -> 0
A89: CÀ RỐT TRUNG | D89: =B89*C89 -> 0
A90: CÀ RỐT TÚI LƯỚI 800G KQ | D90: =B90*C90 -> 0
A91: CÀ TÍM | D91: =B91*C91 -> 0
A92: CÀ TÍM CẶP 400G | D92: =B92*C92 -> 0
A93: CÀ TÍM SỌC PHA LÊ 300G | D93: =B93*C93 -> 0
... A103: CẢI MÈO MỘC CHÂU | D103: =B103*C103 -> 0
A104: CẢI THẢO DL | B104: 150 | C104: 8500 | D104: =B104*C104 -> 1275000
A105: CẢI THẢO DL(BẮP) | D105: =B105*C105 -> 0
A106: CẢI THẢO HỎA TIỄN | D106: =B106*C106 -> 0
A107: CẢI THẢO HỎA TIỄN 250GR | D107: =B107*C107 -> 0
A108: CẢI THẢO KIM CHI | D108: =B108*C108 -> 0
A109: CẢI THẢO MỘC CHÂU | D109: =B109*C109 -> 0
A110: CẢI THẢO VR | D110: =B110*C110 -> 0
A111: CẦN TÂY (KG) | D111: =B111*C111 -> 0
A112: CẦN TÂY THUỶ CANH | D112: =B112*C112 -> 0
A113: CẦN TÂY(CÂY) | D113: =B113*C113 -> 0
A114: CHANH DÂY | D114: =B114*C114 -> 0
A115: CHANH DÂY NGỌT L2 | D115: =B115*C115 -> 0
A116: CHANH DÂY NGỌT VỈ 300GR | D116: =B116*C116 -> 0
... A131: CỦ CẢI MUỐI (VỈ) 250G KQ | D131: =B131*C131 -> 0
A132: CỦ CẢI MUỐI(KG) | B132: 2.5 | C132: 16000 | D132: =B132*C132 -> 40000
A133: CỦ CẢI TRẮNG | D133: =B133*C133 -> 0
A134: CỦ CẢI TRẮNG CẶP 400GR | D134: =B134*C134 -> 0
A135: CỦ ĐẬU 400G | D135: =B135*C135 -> 0
A136: CỦ DỀN | B136: =-60+35+80 -> 55 | C136: 16000 | D136: =B136*C136 -> 880000
A137: CỦ DỀN 600G | D137: =B137*C137 -> 0
A138: CỦ HÀNH ĐỎ | D138: =B138*C138 -> 0
A139: CỦ HÀNH ĐỎ 500GR | D139: =B139*C139 -> 0
A140: CỦ NGHỆ | D140: =B140*C140 -> 0
A141: ĐÀO VN | D141: =B141*C141 -> 0
A142: ĐẬU BO | D142: =B142*C142 -> 0
A143: ĐẬU BO 250GR | D143: =B143*C143 -> 0
A144: ĐẬU COVE MỘC CHÂU | D144: =B144*C144 -> 0
A145: ĐẬU CÚC | D145: =B145*C145 -> 0
...

Sheet 31.7
A1: hàng tồn cuối ngày 31/7 vr
A2: TÊN SẢN PHẨM | B2: TỒN TRƯỚC | C2: GIÁ NHẬP | D2: THÀNH TIỀN
A3: BẮP CẢI TÍM | D3: =B3*C3 -> 0
A4: BẮP CẢI TÍM (BẮP) | D4: =B4*C4 -> 0
A5: BẮP CẢI TÍM SUSHI | D5: =B5*C5 -> 0
A6: BẮP CẢI TRẮNG | D6: =B6*C6 -> 0
A7: BẮP CẢI TRẮNG (BẮP) | D7: =B7*C7 -> 0
A8: BẮP CẢI TRẮNG MỘC CHÂU | D8: =B8*C8 -> 0
A9: BẮP CẢI TRẮNG SÓI BIỂN | D9: =B9*C9 -> 0
A10: BẮP CẢI TRẮNG SUSHI | D10: =B10*C10 -> 0
A11: BẮP MỸ CẶP | D11: =B11*C11 -> 0
A12: BẦU | D12: =B12*C12 -> 0
A13: BÍ ĐAO XANH | D13: =B13*C13 -> 0
A14: BÍ ĐAO XANH 400G | D14: =B14*C14 -> 0
A15: BÍ ĐỎ HỒ LÔ | B15: 10 | C15: 13500 | D15: =B15*C15 -> 135000
A16: BÍ ĐỎ MINI | D16: =B16*C16 -> 0
A17: BÍ ĐỎ NON (KG)KQ | D17: =B17*C17 -> 0
A18: BÍ ĐỎ NON TRÁI VR | D18: =B18*C18 -> 0
A19: BÍ ĐỎ NON( KG) VR | B19: 13 | C19: 12000 | D19: =B19*C19 -> 156000
A20: BÍ ĐỎ TRÒN | B20: 1500 | C20: 12000 | D20: =B20*C20 -> 18000000
A21: BÍ MINI VÀNG 300GR | D21: =B21*C21 -> 0
A22: BÍ MINI VÀNG KG | D22: =B22*C22 -> 0
A23: BÍ NGÒI VÀNG | D23: =B23*C23 -> 0
A24: BÍ NGÒI VÀNG (TRÁI) | D24: =B24*C24 -> 0
A25: BÍ NGÒI XANH | D25: =B25*C25 -> 0
A26: BÍ NGÒI XANH(TRÁI) | D26: =B26*C26 -> 0
A27: BÍ NHẬT | D27: =B27*C27 -> 0
A28: BƠ 034 | D28: =B28*C28 -> 0
A29: BƠ 034 COOP | D29: =B29*C29 -> 0
A30: BƠ BOOTH | D30: =B30*C30 -> 0
A31: BO HOA CHUONG | D31: =B31*C31 -> 0
A32: BO HOA CUC TANA | D32: =B32*C32 -> 0
... A38: BƠ SÁP | D38: =B38*C38 -> 0
A39: BÓ XÔI | B39: 4 | C39: 28000 | D39: =B39*C39 -> 112000
A40: BÓ XÔI 300G VR | D40: =B40*C40 -> 0
A41: BÓ XÔI-NA | D41: =B41*C41 -> 0
A42: BÔNG ATISO | D42: =B42*C42 -> 0
A43: BÔNG BÍ | D43: =B43*C43 -> 0
A44: BÔNG BÍ TÚI 300GR | D44: =B44*C44 -> 0
A45: BÔNG CẢI TRẮNG | D45: =B45*C45 -> 0
A46: BÔNG CẢI TRẮNG (CÂY) | D46: =B46*C46 -> 0
A47: BÔNG CẢI XANH 10P | D47: =B47*C47 -> 0
A48: BÔNG CẢI XANH AEON | D48: =B48*C48 -> 0
A49: BÔNG CẢI XANH AEON (CÂY) | D49: =B49*C49 -> 0
A50: BÔNG CẢI XANH BABY (KG) | D50: =B50*C50 -> 0
A51: BÔNG CẢI XANH BABY 200G | D51: =B51*C51 -> 0
... A53: BÔNG CẢI XANH CITI | D53: =B53*C53 -> 0
A54: CÀ CHUA | B54: =-300+140+160+120 -> 120 | C54: 21000 | D54: =B54*C54 -> 2520000
A55: CÀ CHUA BI | D55: =B55*C55 -> 0
A56: CÀ CHUA BI (HỘP) 300GR KQ | D56: =B56*C56 -> 0
A57: CÀ CHUA BI (HỘP) 300GR VR | D57: =B57*C57 -> 0
A58: CÀ CHUA BI 300GR KQ (KG) | D58: =B58*C58 -> 0
A59: CÀ CHUA BI 300GR VR (KG) | D59: =B59*C59 -> 0
A60: CÀ CHUA BI CAM SỮA (KG) VR | D60: =B60*C60 -> 0
A61: CÀ CHUA BI COOP | B61: 7 | C61: 12500 | D61: =B61*C61 -> 87500
A62: CÀ CHUA BI-NA | D62: =B62*C62 -> 0
A63: CÀ CHUA CHERRY MIX 300G | D63: =B63*C63 -> 0
A64: CÀ CHUA L1 | D64: =B64*C64 -> 0
A65: CÀ CHUA MỘC CHÂU | D65: =B65*C65 -> 0
A66: CÀ CHUA NGỌT | D66: =B66*C66 -> 0
A67: CÀ CHUA NGỌT 300GR (KG) | D67: =B67*C67 -> 0
A68: CÀ CHUA NGỌT XÁ | D68: =B68*C68 -> 0
A69: CÀ CHUA ROSEBERRY 300G | D69: =B69*C69 -> 0
A70: CÀ CHUA SÔCOLA 250GR (HỘP) VR | D70: =B70*C70 -> 0
A71: CÀ CHUA SÔCOLA 250GR (KG) -NA | D71: =B71*C71 -> 0
A72: CÀ CHUA SÔCOLA 250GR (KG) VR | D72: =B72*C72 -> 0
A73: CÀ CHUA SÔCOLA 250GR(KG) KQ | D73: =B73*C73 -> 0
... A77: CÀ CHUA VỈ 400GR | D77: =B77*C77 -> 0
A78: CÀ CHUA Ý | B78: =-100+40+25+10+40+75 -> 90 | C78: 28000 | D78: =B78*C78 -> 2520000
A79: CÀ CHUA Ý 500G | D79: =B79*C79 -> 0
A80: CÀ CHUA Ý CHÙM | B80: =110+10+40 -> 160 | C80: 30000 | D80: =B80*C80 -> 4800000
A81: CÀ CHUA Ý(VỈ) KG | B81: 105 | C81: 25000 | D81: =B81*C81 -> 2625000
A82: CÀ CHUA Ý(VỈ) KG KQ | D82: =B82*C82 -> 0
A83: CÀ RỐT BABY | D83: =B83*C83 -> 0
A84: CÀ RỐT BABY (KG) KQ | D84: =B84*C84 -> 0
A85: CÀ RỐT BABY 200GR | D85: =B85*C85 -> 0
A86: CÀ RỐT DL | D86: =B86*C86 -> 0
A87: CÀ RỐT DL L1 | D87: =B87*C87 -> 0
A88: CÀ RỐT DL TÚI LƯỚI 500GR VR | D88: =B88*C88 -> 0
A89: CÀ RỐT TRUNG | D89: =B89*C89 -> 0
A90: CÀ RỐT TÚI LƯỚI 800G KQ | D90: =B90*C90 -> 0
A91: CÀ TÍM | D91: =B91*C91 -> 0
A92: CÀ TÍM CẶP 400G | D92: =B92*C92 -> 0
A93: CÀ TÍM SỌC PHA LÊ 300G | D93: =B93*C93 -> 0
... A103: CẢI MÈO MỘC CHÂU | D103: =B103*C103 -> 0
A104: CẢI THẢO DL | B104: =10+25+20+20 -> 75 | C104: 8500 | D104: =B104*C104 -> 637500
A105: CẢI THẢO DL(BẮP) | D105: =B105*C105 -> 0
A106: CẢI THẢO HỎA TIỄN | D106: =B106*C106 -> 0
A107: CẢI THẢO HỎA TIỄN 250GR | D107: =B107*C107 -> 0
A108: CẢI THẢO KIM CHI | D108: =B108*C108 -> 0
A109: CẢI THẢO MỘC CHÂU | D109: =B109*C109 -> 0
A110: CẢI THẢO VR | D110: =B110*C110 -> 0
A111: CẦN TÂY (KG) | D111: =B111*C111 -> 0
A112: CẦN TÂY THUỶ CANH | D112: =B112*C112 -> 0
A113: CẦN TÂY(CÂY) | D113: =B113*C113 -> 0
A114: CHANH DÂY | D114: =B114*C114 -> 0
A115: CHANH DÂY NGỌT L2 | D115: =B115*C115 -> 0
A116: CHANH DÂY NGỌT VỈ 300GR | D116: =B116*C116 -> 0
... A125: CỦ CẢI ĐỎ 300GR (KG) VR | D125: =B125*C125 -> 0
A126: CỦ CẢI ĐỎ HỘP 300GR | B126: 10 | C126: 10500 | D126: =B126*C126 -> 105000
...
