Workbook

Sheet 1.12
A1: hàng tồn cuối ngày 1/12
A2: Tên Sản phẩm | B2: ĐVT | C2: tồn | D2: giá | E2: thành tiền
A3: Cà Rốt | B3: Kg | C3: 315 | D3: 13500 | E3: =C3*D3 -> 4252500
A4: Cà Rốt | B4: Túi | C4: 0 | E4: =C4*D4 -> 0
A5: Cà Rốt Baby | B5: Kg | C5: 0 | E5: =C5*D5 -> 0
A6: Cà Rốt Baby | B6: Vỉ | C6: 19 | D6: 8000 | E6: =C6*D6 -> 152000
A7: Củ Cải Đỏ | B7: Hộp | C7: 3 | D7: 9500 | E7: =C7*D7 -> 28500
A8: Củ Cải Đỏ | B8: Kg | C8: 0 | E8: =C8*D8 -> 0
A9: Củ Dền | B9: Kg | C9: 0 | E9: =C9*D9 -> 0
A10: Củ Dền | B10: Túi | C10: 0 | E10: =C10*D10 -> 0
A11: Củ Hành Tây | B11: Kg | C11: 0 | E11: =C11*D11 -> 0
A12: Củ Hành Tây | B12: Túi 300gr | C12: 0 | E12: =C12*D12 -> 0
A13: Củ Hành Tây Trung | B13: Túi | C13: 430 | D13: 4500 | E13: =C13*D13 -> 1935000
A14: Củ Khoai Lang Mật Size 46 | B14: Kg | C14: 0 | E14: =C14*D14 -> 0
A15: Củ Khoai Lang Nhật | B15: Kg | C15: 0 | E15: =C15*D15 -> 0
A16: Củ Khoai Tây Vàng | B16: Kg | C16: 290 | D16: 15000 | E16: =C16*D16 -> 4350000
A17: Củ Khoai Tây Vàng | B17: Túi | C17: 0 | E17: =C17*D17 -> 0
A18: Bông Cải Xanh Baby | B18: Vỉ | C18: 0 | E18: =C18*D18 -> 0
A19: Bắp Cải Trắng | B19: Kg | C19: 450 | D19: 11000 | E19: =C19*D19 -> 4950000
A20: Cải Bó Xôi | B20: Kg | C20: 10 | D20: 14000 | E20: =C20*D20 -> 140000
A21: Cải Bó Xôi | B21: Túi | C21: 0 | E21: =C21*D21 -> 0
A22: Cải Kale | B22: Kg | C22: 0 | E22: =C22*D22 -> 0
A23: Cải Kale | B23: Túi | C23: 0 | E23: =C23*D23 -> 0
A24: Cải Thảo | B24: Kg | C24: 350 | D24: 6000 | E24: =C24*D24 -> 2100000
A25: Cần Tây | B25: Cây | C25: 0 | E25: =C25*D25 -> 0
A26: Cần Tây | B26: Kg | C26: 20 | D26: 17000 | E26: =C26*D26 -> 340000
A27: Xà Lách Lolo Xanh T.C | B27: Kg | C27: 6 | D27: 28000 | E27: =C27*D27 -> 168000
A28: Bí Đỏ Tròn | B28: Kg | C28: 720 | D28: 4300 | E28: =C28*D28 -> 3096000
A29: Bí Ngòi Xanh | B29: Kg | C29: 128 | D29: 8000 | E29: =C29*D29 -> 1024000
A30: Bí Ngòi Xanh | B30: Trái | C30: 0 | E30: =C30*D30 -> 0
A31: Bí Non Nhật | B31: Kg | C31: 98 | D31: 10000 | E31: =C31*D31 -> 980000
A32: Bí Non Nhật | B32: Trái | C32: 0 | E32: =C32*D32 -> 0
A33: Cà Chua Beef | B33: Kg | C33: 21 | D33: 21000 | E33: =C33*D33 -> 441000
A34: Cà Chua Beef | B34: Vỉ | C34: 0 | E34: =C34*D34 -> 0
A35: Cà Chua Beef | B35: Vỉ 650gr | C35: 0 | E35: =C35*D35 -> 0
A36: Cà Chua Thường | B36: Kg | C36: 120 | D36: 20000 | E36: =C36*D36 -> 2400000
A37: Cà Chua Thường | B37: Vỉ | C37: 0 | E37: =C37*D37 -> 0
A38: Cà Chua Thường Trung | B38: Túi | C38: 80 | D38: 16000 | E38: =C38*D38 -> 1280000
A39: Dưa Leo Baby | B39: Kg | C39: 31 | D39: 6000 | E39: =C39*D39 -> 186000
A40: Dưa Leo Baby | B40: Vỉ | C40: 383 | D40: 5000 | E40: =C40*D40 -> 1915000
A41: Dưa Leo Thường | B41: Kg | C41: 50 | D41: 5000 | E41: =C41*D41 -> 250000
A42: Ớt Chuông Đỏ | B42: Kg | C42: 83 | D42: 30000 | E42: =C42*D42 -> 2490000
A43: Ớt Chuông Đỏ | B43: Trái | C43: 0 | E43: =C43*D43 -> 0
A44: Ớt Chuông Vàng | B44: Kg | C44: 115 | D44: 15000 | E44: =C44*D44 -> 1725000
A45: Ớt Chuông Vàng | B45: Trái | C45: 0 | E45: =C45*D45 -> 0
A46: Ớt Chuông Xanh | B46: Kg | C46: 83 | D46: 28000 | E46: =C46*D46 -> 2324000
A47: Ớt Chuông Xanh | B47: Trái | C47: 0 | E47: =C47*D47 -> 0
A48: Bơ Booth | B48: Kg | C48: 0 | E48: =C48*D48 -> 0
A49: Ớt Chuông Ba Màu | B49: Vỉ | C49: 0 | E49: =C49*D49 -> 0
A50: Củ Khoai Lang Mật Size 23 | B50: Kg | C50: 0 | E50: =C50*D50 -> 0
A51: Cà Chua Bi Đỏ | B51: Kg | C51: 0 | E51: =C51*D51 -> 0
A52: Cà Chua Bi Đỏ | B52: Hộp 300gr | C52: 168 | D52: 8700 | E52: =C52*D52 -> 1461600
A53: Củ Khoai Sâm | B53: Kg | C53: 0 | E53: =C53*D53 -> 0
A54: Hạt Dẻ Ngố | B54: Kg | C54: 2180 | D54: 27600 | E54: =C54*D54 -> 60168000 | F54: 2 TẤN ĐI ĐƯỜNG ĐẶT NGÀY 30
A55: Bắp Cải Tím | B55: Kg | C55: 52 | D55: 30000 | E55: =C55*D55 -> 1560000
A56: Bắp Cải Trái Tim | B56: Kg | C56: 275 | D56: 10000 | E56: =C56*D56 -> 2750000
A57: Bông Cải Trắng | B57: Kg | C57: 0 | E57: =C57*D57 -> 0
A58: Bông Cải Xanh 10Cm | B58: Kg | C58: 10 | D58: 26000 | E58: =C58*D58 -> 260000
A59: Cà Chua Beef Trung | B59: Kg | C59: 0 | E59: =C59*D59 -> 0
A60: Cà Chua Beef Trung | B60: Vỉ 500gr | C60: 0 | E60: =C60*D60 -> 0
A61: Cà Chua Bi Mix | B61: Hộp | C61: 0 | E61: =C61*D61 -> 0
A62: Cà Chua Socola | B62: Kg | C62: 5 | D62: 34000 | E62: =C62*D62 -> 170000
A63: Cà Chua Socola | B63: Hộp 250GR | C63: 102 | D63: 10000 | E63: =C63*D63 -> 1020000
A64: Cà Tím | B64: Kg | C64: 60 | D64: 6000 | E64: =C64*D64 -> 360000
A65: Cà Tím | B65: Cặp | C65: 0 | E65: =C65*D65 -> 0
A66: Cải Cầu Vồng | B66: Kg | C66: 0 | E66: =C66*D66 -> 0
A67: Cải Cầu Vồng | B67: Túi | C67: 12 | D67: 6000 | E67: =C67*D67 -> 72000
A68: Chuối Laba | B68: Kg | C68: 0 | E68: =C68*D68 -> 0
A69: Củ Cải Trắng | B69: Kg | C69: 160 | D69: 5000 | E69: =C69*D69 -> 800000
A70: Củ Gừng | B70: Kg | C70: 10 | D70: 39000 | E70: =C70*D70 -> 390000
A71: Củ Su Hào | B71: Kg | C71: 60 | D71: 13000 | E71: =C71*D71 -> 780000
A72: Đậu Cove Nhật | B72: Túi | C72: 0 | E72: =C72*D72 -> 0
A73: Đậu Cove Trắng | B73: Kg | C73: 0 | E73: =C73*D73 -> 0
A74: Đậu Cove Trắng | B74: Túi 500gr | C74: 27 | D74: 9000 | E74: =C74*D74 -> 243000
A75: Đậu Đỏ | B75: Kg | C75: 2.5 | D75: 80000 | E75: =C75*D75 -> 200000
A76: Đậu Ngự | B76: Kg | C76: 2 | D76: 70000 | E76: =C76*D76 -> 140000
A77: Đậu Trắng | B77: Kg | C77: 2.5 | D77: 70000 | E77: =C77*D77 -> 175000
A78: Hành Paro | B78: Cây | C78: 0 | E78: =C78*D78 -> 0
A79: Hành Paro | B79: Kg | C79: 8 | D79: 28000 | E79: =C79*D79 -> 224000
A80: Hồng Giòn Đà Lạt | B80: Kg | C80: 0 | E80: =C80*D80 -> 0
A81: Lá Mè | B81: Túi | C81: 0 | E81: =C81*D81 -> 0
A82: Lá Nha Đam | B82: Kg | C82: 17 | D82: 14000 | E82: =C82*D82 -> 238000
A83: Ớt Chuông Baby | B83: Hộp | C83: 0 | E83: =C83*D83 -> 0
A84: Ớt Chuông Baby | B84: Kg | C84: 6 | D84: 44000 | E84: =C84*D84 -> 264000
A85: Ớt Sweet Palemo | B85: Túi | C85: 0 | E85: =C85*D85 -> 0
A86: Trái Su Su | B86: Kg | C86: 140 | D86: 6000 | E86: =C86*D86 -> 840000
A87: Xà Lách Lolo Xanh | B87: Kg | C87: 4 | D87: 14000 | E87: =C87*D87 -> 56000
A88: Xà Lách Mỡ T.C | B88: Kg | C88: 0 | E88: =C88*D88 -> 0
A89: Xà Lách Romaine T.C | B89: Kg | C89: 0 | E89: =C89*D89 -> 0
A90: Xà Lách Thủy Tinh T.C | B90: Kg | C90: 0 | E90: =C90*D90 -> 0
A91: Xà Lách Rocket | B91: Kg | C91: 0 | E91: =C91*D91 -> 0
A92: Bí Ngòi Vàng | B92: Kg | C92: 0 | E92: =C92*D92 -> 0
A93: Đậu Hà Lan Trái | B93: Kg | C93: 0 | E93: =C93*D93 -> 0
A94: Xà Lách Carol | B94: Kg | C94: 0 | E94: =C94*D94 -> 0
A95: Dưa Leo Nhật | B95: Kg | C95: 14 | D95: 9000 | E95: =C95*D95 -> 126000
A96: Bông Cải Xanh 7Cm | B96: Kg | C96: 0 | E96: =C96*D96 -> 0
A97: Rau Bầu Đất | B97: Túi | C97: 0 | E97: =C97*D97 -> 0
A98: Xà Lách Lolo Xanh T.C Cây | B98: Cây | C98: 0 | E98: =C98*D98 -> 0
A99: Xà Lách Thủy Tinh T.C Cây | B99: Cây | C99: 0 | E99: =C99*D99 -> 0
A100: Xà Lách Mỡ T.C Cây | B100: Cây | C100: 0 | E100: =C100*D100 -> 0
...

Sheet 2.12
A1: hàng tồn cuối ngày 2/12
A2: Tên Sản phẩm | B2: ĐVT | C2: tồn | D2: giá | E2: thành tiền
A3: Cà Rốt | B3: Kg | C3: 320 | D3: 13500 | E3: =C3*D3 -> 4320000
A4: Cà Rốt | B4: Túi | C4: 0 | E4: =C4*D4 -> 0
A5: Cà Rốt Baby | B5: Vỉ | C5: 0 | E5: =C5*D5 -> 0
A6: Củ Cải Đỏ | B6: Hộp | C6: 23 | D6: 9500 | E6: =C6*D6 -> 218500
A7: Củ Dền | B7: Kg | C7: 0 | E7: =C7*D7 -> 0
A8: Củ Dền | B8: Túi | C8: 0 | E8: =C8*D8 -> 0
A9: Củ Hành Tây | B9: Kg | C9: 440 | D9: 22500 | E9: =C9*D9 -> 9900000
A10: Củ Hành Tây | B10: Túi 300gr | C10: 0 | E10: =C10*D10 -> 0
A11: Củ Hành Tây Trung | B11: Túi | C11: 360 | D11: 4500 | E11: =C11*D11 -> 1620000
A12: Củ Khoai Lang Mật Size 46 | B12: Kg | C12: 45 | D12: 31000 | E12: =C12*D12 -> 1395000
A13: Củ Khoai Lang Nhật | B13: Kg | C13: 0 | E13: =C13*D13 -> 0
A14: Củ Khoai Tây Vàng | B14: Kg | C14: 190 | D14: 15000 | E14: =C14*D14 -> 2850000
A15: Củ Khoai Tây Vàng | B15: Túi | C15: 0 | E15: =C15*D15 -> 0
A16: Bông Cải Xanh Baby | B16: Vỉ | C16: 0 | E16: =C16*D16 -> 0
A17: Bắp Cải Trắng | B17: Kg | C17: 1115 | D17: 11000 | E17: =C17*D17 -> 12265000
A18: Cải Bó Xôi | B18: Kg | C18: 0 | E18: =C18*D18 -> 0
A19: Cải Bó Xôi | B19: Túi | C19: 0 | E19: =C19*D19 -> 0
A20: Cải Kale | B20: Kg | C20: 1 | D20: 23000 | E20: =C20*D20 -> 23000
A21: Cải Kale | B21: Túi | C21: 0 | E21: =C21*D21 -> 0
A22: Cải Thảo | B22: Kg | C22: 400 | D22: 6000 | E22: =C22*D22 -> 2400000
A23: Cần Tây | B23: Cây | C23: 0 | E23: =C23*D23 -> 0
A24: Cần Tây | B24: Kg | C24: 80 | D24: 17000 | E24: =C24*D24 -> 1360000
A25: Xà Lách Lolo Xanh T.C | B25: Kg | C25: 0 | E25: =C25*D25 -> 0
A26: Bí Đỏ Tròn | B26: Kg | C26: 0 | E26: =C26*D26 -> 0
A27: Bí Ngòi Xanh | B27: Kg | C27: 45 | D27: 8000 | E27: =C27*D27 -> 360000
A28: Bí Ngòi Xanh | B28: Trái | C28: 0 | E28: =C28*D28 -> 0
A29: Bí Non Nhật | B29: Kg | C29: 73 | D29: 10000 | E29: =C29*D29 -> 730000
A30: Bí Non Nhật | B30: Trái | C30: 0 | E30: =C30*D30 -> 0
A31: Cà Chua Beef | B31: Kg | C31: 145 | D31: 21000 | E31: =C31*D31 -> 3045000
A32: Cà Chua Beef | B32: Vỉ | C32: 0 | E32: =C32*D32 -> 0
A33: Cà Chua Beef | B33: Vỉ 650gr | C33: 0 | E33: =C33*D33 -> 0
A34: Cà Chua Thường | B34: Kg | C34: 300 | D34: 20000 | E34: =C34*D34 -> 6000000
A35: Cà Chua Thường | B35: Vỉ | C35: 0 | E35: =C35*D35 -> 0
A36: Cà Chua Thường Trung | B36: Túi | C36: 40 | D36: 16000 | E36: =C36*D36 -> 640000
A37: Dưa Leo Baby | B37: Kg | C37: 45 | D37: 6000 | E37: =C37*D37 -> 270000
A38: Dưa Leo Baby | B38: Vỉ | C38: 227 | D38: 5000 | E38: =C38*D38 -> 1135000
A39: Dưa Leo Thường | B39: Kg | C39: 43 | D39: 5000 | E39: =C39*D39 -> 215000
A40: Ớt Chuông Đỏ | B40: Kg | C40: 35 | D40: 30000 | E40: =C40*D40 -> 1050000
A41: Ớt Chuông Đỏ | B41: Trái | C41: 0 | E41: =C41*D41 -> 0
A42: Ớt Chuông Vàng | B42: Kg | C42: 108 | D42: 15000 | E42: =C42*D42 -> 1620000
A43: Ớt Chuông Vàng | B43: Trái | C43: 0 | E43: =C43*D43 -> 0
A44: Ớt Chuông Xanh | B44: Kg | C44: 40 | D44: 28000 | E44: =C44*D44 -> 1120000
A45: Ớt Chuông Xanh | B45: Trái | C45: 0 | E45: =C45*D45 -> 0
A46: Bơ Booth | B46: Kg | C46: 0 | E46: =C46*D46 -> 0
A47: Ớt Chuông Ba Màu | B47: Vỉ | C47: 0 | E47: =C47*D47 -> 0
A48: Củ Khoai Lang Mật Size 23 | B48: Kg | C48: 20 | D48: 31000 | E48: =C48*D48 -> 620000
A49: Cà Chua Bi Đỏ | B49: Kg | C49: 0 | E49: =C49*D49 -> 0
A50: Cà Chua Bi Đỏ | B50: Hộp 300gr | C50: 52 | D50: 9900 | E50: =C50*D50 -> 514800
A51: Củ Khoai Sâm | B51: Kg | C51: 0 | E51: =C51*D51 -> 0
A52: Hạt Dẻ Ngố | B52: Kg | C52: 3488 | D52: 27600 | E52: =C52*D52 -> 96268800
A53: Bắp Cải Tím | B53: Kg | C53: 46 | D53: 30000 | E53: =C53*D53 -> 1380000
A54: Bắp Cải Trái Tim | B54: Kg | C54: 122 | D54: 10000 | E54: =C54*D54 -> 1220000
A55: Bông Cải Trắng | B55: Kg | C55: 0 | E55: =C55*D55 -> 0
A56: Bông Cải Xanh 10Cm | B56: Kg | C56: 10 | D56: 26000 | E56: =C56*D56 -> 260000
A57: Cà Chua Beef Trung | B57: Kg | C57: 0 | E57: =C57*D57 -> 0
A58: Cà Chua Beef Trung | B58: Vỉ 500gr | C58: 0 | E58: =C58*D58 -> 0
A59: Cà Chua Bi Mix | B59: Hộp | C59: 0 | E59: =C59*D59 -> 0
A60: Cà Chua Bi Mix | B60: Hộp 300gr | C60: 5 | D60: 17000 | E60: =C60*D60 -> 85000
A61: Cà Chua Socola | B61: Kg | C61: 8 | D61: 34000 | E61: =C61*D61 -> 272000
A62: Cà Chua Socola | B62: Hộp 250GR | C62: 107 | D62: 10000 | E62: =C62*D62 -> 1070000
A63: Cà Tím | B63: Kg | C63: 60 | D63: 6000 | E63: =C63*D63 -> 360000
A64: Cà Tím | B64: Cặp | C64: 0 | E64: =C64*D64 -> 0
A65: Cải Cầu Vồng | B65: Túi | C65: 14 | D65: 6000 | E65: =C65*D65 -> 84000
A66: Chuối Laba | B66: Kg | C66: 0 | E66: =C66*D66 -> 0
A67: Củ Cải Trắng | B67: Kg | C67: 69 | D67: 5000 | E67: =C67*D67 -> 345000
A68: Củ Gừng | B68: Kg | C68: 10 | D68: 39000 | E68: =C68*D68 -> 390000
A69: Củ Su Hào | B69: Kg | C69: 28 | D69: 13000 | E69: =C69*D69 -> 364000
A70: Đậu Cove Nhật | B70: Túi | C70: 25 | D70: 6000 | E70: =C70*D70 -> 150000
A71: Đậu Cove Trắng | B71: Kg | C71: 0 | E71: =C71*D71 -> 0
A72: Đậu Cove Trắng | B72: Túi 300gr | C72: 20 | D72: 9000 | E72: =C72*D72 -> 180000
A73: Đậu Cove Trắng | B73: Túi 500gr | C73: 0 | E73: =C73*D73 -> 0
A74: Đậu Đỏ | B74: Kg | C74: 0.5 | D74: 80000 | E74: =C74*D74 -> 40000
A75: Đậu Ngự | B75: Kg | C75: 1 | D75: 70000 | E75: =C75*D75 -> 70000
A76: Đậu Trắng | B76: Kg | C76: 0.5 | D76: 70000 | E76: =C76*D76 -> 35000
A77: Hành Paro | B77: Cây | C77: 0 | E77: =C77*D77 -> 0
A78: Hành Paro | B78: Kg | C78: 0 | E78: =C78*D78 -> 0
A79: Hồng Giòn Đà Lạt | B79: Kg | C79: 0 | E79: =C79*D79 -> 0
A80: Lá Mè | B80: Túi | C80: 0 | E80: =C80*D80 -> 0
A81: Lá Nha Đam | B81: Kg | C81: 7 | D81: 14000 | E81: =C81*D81 -> 98000
A82: Ớt Chuông Baby | B82: Hộp | C82: 0 | E82: =C82*D82 -> 0
A83: Ớt Chuông Baby | B83: Kg | C83: 6 | D83: 44000 | E83: =C83*D83 -> 264000
A84: Ớt Sweet Palemo | B84: Túi | C84: 96 | D84: 20000 | E84: =C84*D84 -> 1920000
A85: Trái Su Su | B85: Kg | C85: 237 | D85: 6000 | E85: =C85*D85 -> 1422000
A86: Xà Lách Lolo Xanh | B86: Kg | C86: 0 | E86: =C86*D86 -> 0
A87: Xà Lách Mỡ T.C | B87: Kg | C87: 0 | E87: =C87*D87 -> 0
A88: Xà Lách Romaine T.C | B88: Kg | C88: 0 | E88: =C88*D88 -> 0
A89: Xà Lách Thủy Tinh T.C | B89: Kg | C89: 0 | E89: =C89*D89 -> 0
A90: Rau Bầu Đất | B90: Túi | C90: 0 | E90: =C90*D90 -> 0
A91: Xà Lách Lolo Xanh T.C Cây | B91: Cây | C91: 13 | D91: 6800 | E91: =C91*D91 -> 88400
A92: Xà Lách Thủy Tinh T.C Cây | B92: Cây | C92: 0 | E92: =C92*D92 -> 0
A93: Bông Cải Xanh 7Cm | B93: Kg | C93: 30 | D93: 32000 | E93: =C93*D93 -> 960000
A94: Xà Lách Mỡ T.C Cây | B94: Cây | C94: 10 | D94: 6800 | E94: =C94*D94 -> 68000
A95: Bí Đỏ Hồ Lô | B95: Kg | C95: 0 | E95: =C95*D95 -> 0
A96: Củ Khoai Tây Vàng Trung | B96: Túi | C96: 240 | D96: 6000 | E96: =C96*D96 -> 1440000
A97: Trái Cam Canh | B97: Kg | C97: 30 | D97: 41000 | E97: =C97*D97 -> 1230000
A98: Củ Khoai Tây Bi Vàng | B98: Túi | C98: 0 | E98: =C98*D98 -> 0
A99: Trái Khổ Qua | B99: Kg | C99: 0 | E99: =C99*D99 -> 0
A100: Trái Bầu | B100: Kg | C100: 0 | E100: =C100*D100 -> 0
...

Sheet 3.12
A1: hàng tồn cuối ngày 3/12 vr
A2: Tên Sản phẩm | B2: ĐVT | C2: tồn | D2: giá | E2: thành tiền
A3: Bắp Cải Tím | B3: Kg | C3: 25 | D3: 30000 | E3: =C3*D3 -> 750000
A4: Bắp Cải Trái Tim | B4: Kg | C4: 45 | D4: 10000 | E4: =C4*D4 -> 450000
A5: Bắp Cải Trắng | B5: Kg | C5: 645 | D5: 10000 | E5: =C5*D5 -> 6450000
A6: Bí Đỏ Hồ Lô | B6: Kg | C6: 0 | E6: =C6*D6 -> 0
A7: Bí Đỏ Tròn | B7: Kg | C7: 1100 | D7: 5500 | E7: =C7*D7 -> 6050000
A8: Bí Ngòi Vàng | B8: Kg | C8: 0 | E8: =C8*D8 -> 0
A9: Bí Ngòi Xanh | B9: Kg | C9: 138 | D9: 9000 | E9: =C9*D9 -> 1242000
A10: Bí Ngòi Xanh | B10: Trái | C10: 0 | E10: =C10*D10 -> 0
A11: Bí Non Nhật | B11: Kg | C11: 74 | D11: 10000 | E11: =C11*D11 -> 740000
A12: Bí Non Nhật | B12: Trái | C12: 0 | E12: =C12*D12 -> 0
A13: Bơ Booth | B13: Kg | C13: 0 | E13: =C13*D13 -> 0
A14: Bông Cải Trắng | B14: Kg | C14: 2 | D14: 15000 | E14: =C14*D14 -> 30000
A15: Bông Cải Xanh 10Cm | B15: Kg | C15: 76 | D15: 26000 | E15: =C15*D15 -> 1976000
A16: Bông Cải Xanh 7Cm | B16: Kg | C16: 3 | D16: 30000 | E16: =C16*D16 -> 90000
A17: Bông Cải Xanh Baby | B17: Vỉ | C17: 12 | D17: 7000 | E17: =C17*D17 -> 84000
A18: Cà Chua Beef | B18: Kg | C18: 30 | D18: 22000 | E18: =C18*D18 -> 660000
A19: Cà Chua Beef | B19: Vỉ | C19: 0 | E19: =C19*D19 -> 0
A20: Cà Chua Beef | B20: Vỉ 650gr | C20: 0 | E20: =C20*D20 -> 0
A21: Cà Chua Beef Trung | B21: Kg | C21: 0 | E21: =C21*D21 -> 0
A22: Cà Chua Beef Trung | B22: Vỉ 500gr | C22: 0 | E22: =C22*D22 -> 0
A23: Cà Chua Bi Đỏ | B23: Kg | C23: 15 | D23: 30000 | E23: =C23*D23 -> 450000
A24: Cà Chua Bi Đỏ | B24: Hộp 300gr | C24: 18 | D24: 9000 | E24: =C24*D24 -> 162000
A25: Cà Chua Bi Mix | B25: Hộp | C25: 5 | D25: 17000 | E25: =C25*D25 -> 85000
A26: Cà Chua Socola | B26: Kg | C26: 5 | D26: 34000 | E26: =C26*D26 -> 170000
A27: Cà Chua Socola | B27: Hộp 250GR | C27: 225 | D27: 10000 | E27: =C27*D27 -> 2250000
A28: Cà Chua Thường | B28: Kg | C28: 460 | D28: 22000 | E28: =C28*D28 -> 10120000
A29: Cà Chua Thường | B29: Vỉ | C29: 0 | E29: =C29*D29 -> 0
A30: Cà Chua Thường Trung | B30: Túi | C30: 110 | D30: 16000 | E30: =C30*D30 -> 1760000
A31: Cà Rốt | B31: Kg | C31: 85 | D31: 13500 | E31: =C31*D31 -> 1147500
A32: Cà Rốt | B32: Túi | C32: 0 | E32: =C32*D32 -> 0
A33: Cà Rốt Baby | B33: Vỉ | C33: 10 | D33: 10000 | E33: =C33*D33 -> 100000
A34: Cà Tím | B34: Kg | C34: 20 | D34: 6000 | E34: =C34*D34 -> 120000
A35: Cà Tím | B35: Cặp | C35: 0 | E35: =C35*D35 -> 0
A36: Cải Bó Xôi | B36: Kg | C36: 0 | E36: =C36*D36 -> 0
A37: Cải Bó Xôi | B37: Túi | C37: 43 | D37: 6000 | E37: =C37*D37 -> 258000
A38: Cải Cầu Vồng | B38: Kg | C38: 0 | E38: =C38*D38 -> 0
A39: Cải Cầu Vồng | B39: Túi | C39: 10 | D39: 6000 | E39: =C39*D39 -> 60000
A40: Cải Kale | B40: Kg | C40: 1 | D40: 23000 | E40: =C40*D40 -> 23000
A41: Cải Kale | B41: Túi | C41: 0 | E41: =C41*D41 -> 0
A42: Cải Thảo | B42: Kg | C42: 100 | D42: 6000 | E42: =C42*D42 -> 600000
A43: Cần Tây | B43: Cây | C43: 0 | E43: =C43*D43 -> 0
A44: Cần Tây | B44: Kg | C44: 0 | E44: =C44*D44 -> 0
A45: Chuối Laba | B45: Kg | C45: 0 | E45: =C45*D45 -> 0
A46: Củ Cải Đỏ | B46: Hộp | C46: 20 | D46: 9500 | E46: =C46*D46 -> 190000
A47: Củ Cải Đỏ | B47: Kg | C47: 0 | E47: =C47*D47 -> 0
A48: Củ Cải Trắng | B48: Kg | C48: 5 | D48: 5000 | E48: =C48*D48 -> 25000
A49: Củ Dền | B49: Kg | C49: 40 | D49: 17000 | E49: =C49*D49 -> 680000
A50: Củ Dền | B50: Túi | C50: 0 | E50: =C50*D50 -> 0
A51: Củ Gừng | B51: Kg | C51: 23 | D51: 30000 | E51: =C51*D51 -> 690000
A52: Củ Hành Tây | B52: Kg | C52: 215 | D52: 22500 | E52: =C52*D52 -> 4837500
A53: Củ Hành Tây | B53: Túi 300gr | C53: 0 | E53: =C53*D53 -> 0
A54: Củ Hành Tây Tím | B54: Kg | C54: 8 | D54: 20000 | E54: =C54*D54 -> 160000
A55: Củ Hành Tây Trung | B55: Túi | C55: 330 | D55: 4500 | E55: =C55*D55 -> 1485000
A56: Củ Khoai Lang Mật Size 23 | B56: Kg | C56: 0 | E56: =C56*D56 -> 0
A57: Củ Khoai Lang Mật Size 46 | B57: Kg | C57: 25 | D57: 27000 | E57: =C57*D57 -> 675000
A58: Củ Khoai Lang Nhật | B58: Kg | C58: 160 | D58: 17000 | E58: =C58*D58 -> 2720000
A59: Củ Khoai Mỡ | B59: Kg | C59: 30 | D59: 25000 | E59: =C59*D59 -> 750000
A60: Củ Khoai Sâm | B60: Kg | C60: 0 | E60: =C60*D60 -> 0
A61: Củ Khoai Tây Bi Vàng | B61: Kg | C61: 0 | E61: =C61*D61 -> 0
A62: Củ Khoai Tây Bi Vàng | B62: Túi | C62: 0 | E62: =C62*D62 -> 0
A63: Củ Khoai Tây Vàng | B63: Kg | C63: 300 | D63: 18000 | E63: =C63*D63 -> 5400000
A64: Củ Khoai Tây Vàng | B64: Túi | C64: 0 | E64: =C64*D64 -> 0
A65: Củ Khoai Tây Vàng Trung | B65: Túi | C65: 230 | D65: 6000 | E65: =C65*D65 -> 1380000
A66: Củ Su Hào | B66: Kg | C66: 34 | D66: 11000 | E66: =C66*D66 -> 374000
A67: Đậu Cove Nhật | B67: Túi | C67: 0 | E67: =C67*D67 -> 0
A68: Đậu Cove Trắng | B68: Kg | C68: 0 | E68: =C68*D68 -> 0
A69: Đậu Cove Trắng | B69: Túi 300gr | C69: 30 | D69: 6500 | E69: =C69*D69 -> 195000
A70: Đậu Cove Trắng | B70: Túi 500gr | C70: 0 | E70: =C70*D70 -> 0
A71: Đậu Đỏ | B71: Kg | C71: 0.5 | D71: 80000 | E71: =C71*D71 -> 40000
A72: Đậu Hà Lan Trái | B72: Kg | C72: 1 | D72: 80000 | E72: =C72*D72 -> 80000
A73: Đậu Ngự | B73: Kg | C73: 1 | D73: 70000 | E73: =C73*D73 -> 70000
A74: Đậu Trắng | B74: Kg | C74: 0.5 | D74: 70000 | E74: =C74*D74 -> 35000
A75: Đậu Tươi Hỗn Hợp Túi 100gr | B75: Túi | C75: 0 | E75: =C75*D75 -> 0
A76: Dưa Leo Baby | B76: Kg | C76: 26 | D76: 10000 | E76: =C76*D76 -> 260000
A77: Dưa Leo Baby | B77: Vỉ | C77: 370 | D77: 5000 | E77: =C77*D77 -> 1850000
A78: Dưa Leo Nhật | B78: Kg | C78: 10 | D78: 9000 | E78: =C78*D78 -> 90000
A79: Dưa Leo Thường | B79: Kg | C79: 38 | D79: 6000 | E79: =C79*D79 -> 228000
A80: Hành Paro | B80: Cây | C80: 0 | E80: =C80*D80 -> 0
A81: Hành Paro | B81: Kg | C81: 0 | E81: =C81*D81 -> 0
A82: Hạt Dẻ Ngố | B82: Kg | C82: 3063 | D82: 27600 | E82: =C82*D82 -> 84538800 | F82: 2 tấn đi đường
A83: Hồng Giòn Đà Lạt | B83: Kg | C83: 0 | E83: =C83*D83 -> 0
A84: Lá Mè | B84: Túi | C84: 0 | E84: =C84*D84 -> 0
A85: Lá Nha Đam | B85: Kg | C85: 20 | D85: 14000 | E85: =C85*D85 -> 280000
A86: Ớt Chuông Ba Màu | B86: Vỉ | C86: 0 | E86: =C86*D86 -> 0
A87: Ớt Chuông Baby | B87: Hộp | C87: 0 | E87: =C87*D87 -> 0
A88: Ớt Chuông Baby | B88: Kg | C88: 19 | D88: 44000 | E88: =C88*D88 -> 836000
A89: Ớt Chuông Đỏ | B89: Kg | C89: 133 | D89: 30000 | E89: =C89*D89 -> 3990000
A90: Ớt Chuông Đỏ | B90: Trái | C90: 0 | E90: =C90*D90 -> 0
A91: Ớt Chuông Vàng | B91: Kg | C91: 112 | D91: 15000 | E91: =C91*D91 -> 1680000
A92: Ớt Chuông Vàng | B92: Trái | C92: 0 | E92: =C92*D92 -> 0
A93: Ớt Chuông Xanh | B93: Kg | C93: 45 | D93: 28000 | E93: =C93*D93 -> 1260000
A94: Ớt Chuông Xanh | B94: Trái | C94: 0 | E94: =C94*D94 -> 0
A95: Ớt Sweet Palemo | B95: Túi | C95: 81 | D95: 18000 | E95: =C95*D95 -> 1458000
A96: Rau Mầm | B96: Kg | C96: 0 | E96: =C96*D96 -> 0
A97: Trái Bầu | B97: Kg | C97: 0 | E97: =C97*D97 -> 0
A98: Trái Cam Canh | B98: Kg | C98: 0 | E98: =C98*D98 -> 0
A99: Trái Khổ Qua | B99: Kg | C99: 0 | E99: =C99*D99 -> 0
A100: Trái Su Su | B100: Kg | C100: 82 | D100: 7000 | E100: =C100*D100 -> 574000
...

Sheet 4.12
A2: hàng tồn cuối ngày 4/12 vr
A3: Tên Sản phẩm | B3: ĐVT | C3: tồn | D3: giá | E3: thành tiền
A4: Cà Rốt | B4: Kg | C4: 216 | D4: 13000 | E4: =C4*D4 -> 2808000
A5: Cà Rốt | B5: Túi | C5: 0 | E5: =C5*D5 -> 0
A6: Cà Rốt Baby | B6: Vỉ | C6: 0 | E6: =C6*D6 -> 0
A7: Củ Cải Đỏ | B7: Hộp | C7: 30 | D7: 8500 | E7: =C7*D7 -> 255000
A8: Củ Dền | B8: Kg | C8: 15 | D8: 17000 | E8: =C8*D8 -> 255000
A9: Củ Dền | B9: Túi | C9: 0 | E9: =C9*D9 -> 0
A10: Củ Hành Tây | B10: Kg | C10: 55 | D10: 22500 | E10: =C10*D10 -> 1237500
A11: Củ Hành Tây | B11: Túi 300gr | C11: 0 | E11: =C11*D11 -> 0
A12: Củ Hành Tây Trung | B12: Túi | C12: 250 | D12: 4500 | E12: =C12*D12 -> 1125000
A13: Củ Khoai Lang Mật Size 46 | B13: Kg | C13: 0 | E13: =C13*D13 -> 0
A14: Củ Khoai Lang Nhật | B14: Kg | C14: 50 | D14: 17000 | E14: =C14*D14 -> 850000
A15: Củ Khoai Tây Vàng | B15: Kg | C15: 190 | D15: 18000 | E15: =C15*D15 -> 3420000
A16: Củ Khoai Tây Vàng | B16: Túi | C16: 0 | E16: =C16*D16 -> 0
A17: Bông Cải Xanh Baby | B17: Vỉ | C17: 12 | D17: 8000 | E17: =C17*D17 -> 96000
A18: Bắp Cải Trắng | B18: Kg | C18: 1495 | D18: 8000 | E18: =C18*D18 -> 11960000
A19: Cải Bó Xôi | B19: Kg | C19: 0 | E19: =C19*D19 -> 0
A20: Cải Bó Xôi | B20: Túi | C20: 0 | E20: =C20*D20 -> 0
A21: Cải Kale | B21: Túi | C21: 11 | D21: 8000 | E21: =C21*D21 -> 88000
A22: Cải Thảo | B22: Kg | C22: 0 | E22: =C22*D22 -> 0
A23: Cần Tây | B23: Cây | C23: 0 | E23: =C23*D23 -> 0
A24: Cần Tây | B24: Kg | C24: 20 | D24: 16000 | E24: =C24*D24 -> 320000
A25: Xà Lách Lolo Xanh T.C | B25: Kg | C25: 0 | E25: =C25*D25 -> 0
A26: Bí Đỏ Tròn | B26: Kg | C26: 2000 | D26: 5500 | E26: =C26*D26 -> 11000000
A27: Bí Ngòi Xanh | B27: Kg | C27: 43 | D27: 10000 | E27: =C27*D27 -> 430000
A28: Bí Ngòi Xanh | B28: Trái | C28: 0 | E28: =C28*D28 -> 0
A29: Bí Non Nhật | B29: Kg | C29: 53 | D29: 10000 | E29: =C29*D29 -> 530000
A30: Bí Non Nhật | B30: Trái | C30: 0 | E30: =C30*D30 -> 0
A31: Cà Chua Beef | B31: Kg | C31: 7 | D31: 22000 | E31: =C31*D31 -> 154000
A32: Cà Chua Beef | B32: Vỉ | C32: 0 | E32: =C32*D32 -> 0
A33: Cà Chua Beef | B33: Vỉ 650gr | C33: 0 | E33: =C33*D33 -> 0
A34: Cà Chua Thường | B34: Kg | C34: 180 | D34: 22000 | E34: =C34*D34 -> 3960000
A35: Cà Chua Thường | B35: Vỉ | C35: 0 | E35: =C35*D35 -> 0
A36: Cà Chua Thường Trung | B36: Túi | C36: 0 | E36: =C36*D36 -> 0
A37: Dưa Leo Baby | B37: Kg | C37: 45 | D37: 10000 | E37: =C37*D37 -> 450000
A38: Dưa Leo Baby | B38: Vỉ | C38: 990 | D38: 5000 | E38: =C38*D38 -> 4950000
A39: Dưa Leo Thường | B39: Kg | C39: 17 | D39: 6000 | E39: =C39*D39 -> 102000
A40: Ớt Chuông Đỏ | B40: Kg | C40: 77 | D40: 27000 | E40: =C40*D40 -> 2079000
A41: Ớt Chuông Đỏ | B41: Trái | C41: 0 | E41: =C41*D41 -> 0
A42: Ớt Chuông Vàng | B42: Kg | C42: 63 | D42: 15000 | E42: =C42*D42 -> 945000
A43: Ớt Chuông Vàng | B43: Trái | C43: 0 | E43: =C43*D43 -> 0
A44: Ớt Chuông Xanh | B44: Kg | C44: 122 | D44: 25000 | E44: =C44*D44 -> 3050000
A45: Ớt Chuông Xanh | B45: Trái | C45: 0 | E45: =C45*D45 -> 0
A46: Bơ Booth | B46: Kg | C46: 0 | E46: =C46*D46 -> 0
A47: Ớt Chuông Ba Màu | B47: Vỉ | C47: 0 | E47: =C47*D47 -> 0
A48: Củ Khoai Lang Mật Size 23 | B48: Kg | C48: 0 | E48: =C48*D48 -> 0
A49: Cà Chua Bi Đỏ | B49: Kg | C49: 5 | D49: 30000 | E49: =C49*D49 -> 150000
A50: Cà Chua Bi Đỏ | B50: Hộp 300gr | C50: 78 | D50: 9000 | E50: =C50*D50 -> 702000
A51: Củ Khoai Sâm | B51: Kg | C51: 0 | E51: =C51*D51 -> 0
A52: Hạt Dẻ Ngố | B52: Kg | C52: 2358 | D52: 27600 | E52: =C52*D52 -> 65080800 | F52: 2 TẤN ĐI ĐG
A53: Bắp Cải Tím | B53: Kg | C53: 30 | D53: 36000 | E53: =C53*D53 -> 1080000
A54: Bắp Cải Trái Tim | B54: Kg | C54: 98 | D54: 10000 | E54: =C54*D54 -> 980000
A55: Bông Cải Trắng | B55: Kg | C55: 0 | E55: =C55*D55 -> 0
A56: Bông Cải Xanh 10Cm | B56: Kg | C56: 18 | D56: 26000 | E56: =C56*D56 -> 468000
A57: Cà Chua Beef Trung | B57: Kg | C57: 0 | E57: =C57*D57 -> 0
A58: Cà Chua Beef Trung | B58: Vỉ 500gr | C58: 0 | E58: =C58*D58 -> 0
A59: Cà Chua Bi Mix | B59: Hộp | C59: 0 | E59: =C59*D59 -> 0
A60: Cà Chua Bi Mix | B60: Hộp 300gr | C60: 7 | D60: 17000 | E60: =C60*D60 -> 119000
A61: Cà Chua Socola | B61: Kg | C61: 0 | E61: =C61*D61 -> 0
A62: Cà Chua Socola | B62: Hộp 250GR | C62: 0 | E62: =C62*D62 -> 0
A63: Cà Tím | B63: Kg | C63: 66 | D63: 6500 | E63: =C63*D63 -> 429000
A64: Cà Tím | B64: Cặp | C64: 0 | E64: =C64*D64 -> 0
A65: Cải Cầu Vồng | B65: Túi | C65: 3 | D65: 5000 | E65: =C65*D65 -> 15000
A66: Chuối Laba | B66: Kg | C66: 0 | E66: =C66*D66 -> 0
A67: Củ Cải Trắng | B67: Kg | C67: 85 | D67: 4500 | E67: =C67*D67 -> 382500
A68: Củ Gừng | B68: Kg | C68: 11 | D68: 30000 | E68: =C68*D68 -> 330000
A69: Củ Su Hào | B69: Kg | C69: 14 | D69: 11000 | E69: =C69*D69 -> 154000
A70: Đậu Cove Nhật | B70: Túi | C70: 0 | E70: =C70*D70 -> 0
A71: Đậu Cove Trắng | B71: Kg | C71: 0 | E71: =C71*D71 -> 0
A72: Đậu Cove Trắng | B72: Túi 500gr | C72: 68 | D72: 9000 | E72: =C72*D72 -> 612000
A73: Đậu Đỏ | B73: Kg | C73: 0 | E73: =C73*D73 -> 0
A74: Đậu Ngự | B74: Kg | C74: 1.2 | D74: 70000 | E74: =C74*D74 -> 84000
A75: Đậu Trắng | B75: Kg | C75: 0 | E75: =C75*D75 -> 0
A76: Hành Paro | B76: Cây | C76: 0 | E76: =C76*D76 -> 0
A77: Hành Paro | B77: Kg | C77: 16 | D77: 27000 | E77: =C77*D77 -> 432000
A78: Hồng Giòn Đà Lạt | B78: Kg | C78: 0 | E78: =C78*D78 -> 0
A79: Lá Mè | B79: Túi | C79: 0 | E79: =C79*D79 -> 0
A80: Lá Nha Đam | B80: Kg | C80: 12 | D80: 14000 | E80: =C80*D80 -> 168000
A81: Ớt Chuông Baby | B81: Hộp | C81: 0 | E81: =C81*D81 -> 0
A82: Ớt Chuông Baby | B82: Kg | C82: 2 | D82: 44000 | E82: =C82*D82 -> 88000
A83: Ớt Sweet Palemo | B83: Túi | C83: 97 | D83: 18000 | E83: =C83*D83 -> 1746000
A84: Trái Su Su | B84: Kg | C84: 125 | D84: 7000 | E84: =C84*D84 -> 875000
A85: Xà Lách Lolo Xanh | B85: Kg | C85: 0 | E85: =C85*D85 -> 0
A86: Xà Lách Mỡ T.C | B86: Kg | C86: 0 | E86: =C86*D86 -> 0
A87: Xà Lách Romaine T.C | B87: Kg | C87: 0 | E87: =C87*D87 -> 0
A88: Xà Lách Thủy Tinh T.C | B88: Kg | C88: 0 | E88: =C88*D88 -> 0
A89: Bông Cải Xanh 7Cm | B89: Kg | C89: 0 | E89: =C89*D89 -> 0
A90: Xà Lách Lolo Xanh T.C Cây | B90: Cây | C90: 0 | E90: =C90*D90 -> 0
A91: Xà Lách Thủy Tinh T.C Cây | B91: Cây | C91: 40 | D91: 6800 | E91: =C91*D91 -> 272000
A92: Trái Bưởi Diễn | B92: Trái | C92: 406 | D92: 10000 | E92: =C92*D92 -> 4060000
A93: Trái Mâm Xôi | B93: Hộp | C93: 0 | E93: =C93*D93 -> 0
A94: Trái Cam Canh | B94: Kg | C94: 110 | D94: 36000 | E94: =C94*D94 -> 3960000
A95: Xà Lách Mỡ T.C Cây | B95: Cây | C95: 30 | D95: 6800 | E95: =C95*D95 -> 204000
A96: Bí Đỏ Hồ Lô | B96: Kg | C96: 0 | E96: =C96*D96 -> 0
A97: Củ Khoai Tây Vàng Trung | B97: Túi | C97: 204 | D97: 6000 | E97: =C97*D97 -> 1224000
A98: Trái Khổ Qua | B98: Kg | C98: 70 | D98: 9000 | E98: =C98*D98 -> 630000
A99: Dưa Leo Nhật | B99: Kg | C99: 10 | D99: 9000 | E99: =C99*D99 -> 90000
A100: Củ Khoai Mỡ | B100: Kg | C100: 30 | D100: 25000 | E100: =C100*D100 -> 750000
A101: Bí Đao Xanh | B101: Kg | C101: 20 | D101: 7000 | E101: =C101*D101 -> 140000
...

Sheet 5.12
A1: Tên Sản phẩm VR | B1: ĐVT | C1: Tồn ĐL 現在個 | D1: Gía nhập | E1: Thành tiền
A2: Bắp Cải Tím | B2: Kg | C2: 18 | D2: =VLOOKUP(A2,'4.12'!A4:D106,4,) -> 36000 | E2: =+D2*C2 -> 648000
A3: Bắp Cải Trái Tim | B3: Kg | C3: 0 | E3: =+D3*C3 -> 0
A4: Bắp Cải Trắng | B4: Kg | C4: 611 | D4: =VLOOKUP(A4,'4.12'!A6:D108,4,) -> 8000 | E4: =+D4*C4 -> 4888000
A5: Bí Đỏ Hồ Lô | B5: Kg | C5: 0 | E5: =+D5*C5 -> 0
A6: Bí Đỏ Tròn | B6: Kg | C6: 1905 | D6: =VLOOKUP(A6,'4.12'!A8:D110,4,) -> 5500 | E6: =+D6*C6 -> 10477500
A7: Bí Ngòi Vàng | B7: Kg | C7: 0 | E7: =+D7*C7 -> 0
A8: Bí Ngòi Xanh | B8: Kg | C8: 138 | D8: =VLOOKUP(A8,'4.12'!A10:D112,4,) -> 10000 | E8: =+D8*C8 -> 1380000
A9: Bí Ngòi Xanh | B9: Trái | C9: 0 | E9: =+D9*C9 -> 0
A10: Bí Non Nhật | B10: Kg | C10: 18 | D10: =VLOOKUP(A10,'4.12'!A12:D114,4,) -> 10000 | E10: =+D10*C10 -> 180000
A11: Bí Non Nhật | B11: Trái | C11: 0 | E11: =+D11*C11 -> 0
A12: Bơ Booth | B12: Kg | C12: 0 | E12: =+D12*C12 -> 0
A13: Bông Cải Trắng | B13: Kg | C13: 0 | E13: =+D13*C13 -> 0
A14: Bông Cải Xanh 10Cm | B14: Kg | C14: 17 | D14: =VLOOKUP(A14,'4.12'!A16:D118,4,) -> 26000 | E14: =+D14*C14 -> 442000
A15: Bông Cải Xanh 12Cm | B15: Kg | C15: 0 | E15: =+D15*C15 -> 0
A16: Bông Cải Xanh 7Cm | B16: Kg | C16: 50 | D16: 28000 | E16: =+D16*C16 -> 1400000
A17: Bông Cải Xanh Baby | B17: Vỉ | C17: 7 | D17: =40000/5 -> 8000 | E17: =+D17*C17 -> 56000
A18: Cà Chua Beef | B18: Kg | C18: 30 | D18: =VLOOKUP(A18,'4.12'!A20:D122,4,) -> 22000 | E18: =+D18*C18 -> 660000
A19: Cà Chua Beef | B19: Vỉ | C19: 0 | E19: =+D19*C19 -> 0
A20: Cà Chua Beef | B20: Vỉ 650gr | C20: 0 | E20: =+D20*C20 -> 0
A21: Cà Chua Beef Trung | B21: Kg | C21: 50 | D21: 18000 | E21: =+D21*C21 -> 900000
A22: Cà Chua Beef Trung | B22: Vỉ 500gr | C22: 0 | E22: =+D22*C22 -> 0
A23: Cà Chua Bi Đỏ | B23: Kg | C23: 16 | D23: =VLOOKUP(A23,'4.12'!A25:D127,4,) -> 30000 | E23: =+D23*C23 -> 480000
A24: Cà Chua Bi Đỏ | B24: Hộp 300gr | C24: 69 | D24: 9900 | E24: =+D24*C24 -> 683100
A25: Cà Chua Bi Mix | B25: Hộp | C25: 8 | D25: =54000/4 -> 13500 | E25: =+D25*C25 -> 108000
A26: Cà Chua Socola | B26: Kg | C26: 0 | E26: =+D26*C26 -> 0
A27: Cà Chua Socola | B27: Hộp 250GR | C27: 0 | E27: =+D27*C27 -> 0
A28: Cà Chua Thường | B28: Kg | C28: 370 | D28: =VLOOKUP(A28,'4.12'!A30:D132,4,) -> 22000 | E28: =+D28*C28 -> 8140000
A29: Cà Chua Thường | B29: Vỉ | C29: 0 | E29: =+D29*C29 -> 0
A30: Cà Chua Thường Trung | B30: Túi | C30: 50 | D30: 16000 | E30: =+D30*C30 -> 800000
A31: Cà Rốt | B31: Kg | C31: 144 | D31: =VLOOKUP(A31,'4.12'!A33:D135,4,) -> 13000 | E31: =+D31*C31 -> 1872000
A32: Cà Rốt | B32: Túi | C32: 0 | E32: =+D32*C32 -> 0
A33: Cà Rốt Baby | B33: Kg | C33: 0 | E33: =+D33*C33 -> 0
A34: Cà Rốt Baby | B34: Vỉ | C34: 17 | D34: 19400 | E34: =+D34*C34 -> 329800
A35: Cà Tím | B35: Kg | C35: 37 | D35: =VLOOKUP(A35,'4.12'!A37:D139,4,) -> 6500 | E35: =+D35*C35 -> 240500
A36: Cà Tím | B36: Cặp | C36: 0 | E36: =+D36*C36 -> 0
A37: Cải Bó Xôi | B37: Kg | C37: 50 | D37: 17000 | E37: =+D37*C37 -> 850000
A38: Cải Bó Xôi | B38: Túi | C38: 0 | E38: =+D38*C38 -> 0
A39: Cải Cầu Vồng | B39: Kg | C39: 0 | E39: =+D39*C39 -> 0
A40: Cải Cầu Vồng | B40: Túi | C40: 3 | D40: =VLOOKUP(A40,'4.12'!A42:D144,4,) -> 5000 | E40: =+D40*C40 -> 15000
A41: Cải Kale | B41: Kg | C41: 0 | E41: =+D41*C41 -> 0
A42: Cải Kale | B42: Túi | C42: 10 | D42: 7800 | E42: =+D42*C42 -> 78000
A43: Cải Thảo | B43: Kg | C43: 0 | E43: =+D43*C43 -> 0
A44: Cải Thảo Hỏa Tiễn | B44: Kg | C44: 0 | E44: =+D44*C44 -> 0
A45: Cần Tây | B45: Cây | C45: 0 | E45: =+D45*C45 -> 0
A46: Cần Tây | B46: Kg | C46: 8 | D46: =VLOOKUP(A46,'4.12'!A48:D150,4,) -> 16000 | E46: =+D46*C46 -> 128000
A47: Chuối Laba | B47: Kg | C47: 0 | E47: =+D47*C47 -> 0
A48: Củ Cải Đỏ | B48: Hộp | C48: 0 | E48: =+D48*C48 -> 0
A49: Củ Cải Đỏ | B49: Kg | C49: 3 | D49: 7000 | E49: =+D49*C49 -> 21000
A50: Củ Cải Muối | B50: Kg | C50: 2 | D50: =VLOOKUP(A50,'4.12'!A52:D154,4,) -> 16000 | E50: =+D50*C50 -> 32000
A51: Củ Cải Trắng | B51: Kg | C51: 64 | D51: =VLOOKUP(A51,'4.12'!A53:D155,4,) -> 4500 | E51: =+D51*C51 -> 288000
A52: Củ Dền | B52: Kg | C52: 25 | D52: =VLOOKUP(A52,'4.12'!A54:D156,4,) -> 17000 | E52: =+D52*C52 -> 425000
A53: Củ Dền | B53: Túi | C53: 0 | E53: =+D53*C53 -> 0
A54: Củ Gừng | B54: Kg | C54: 18 | D54: =VLOOKUP(A54,'4.12'!A56:D158,4,) -> 30000 | E54: =+D54*C54 -> 540000
A55: Củ Hành Tây | B55: Kg | C55: 330 | D55: =VLOOKUP(A55,'4.12'!A57:D159,4,) -> 22500 | E55: =+D55*C55 -> 7425000
A56: Củ Hành Tây | B56: Túi 300gr | C56: 0 | E56: =+D56*C56 -> 0
A57: Củ Hành Tây Tím | B57: Kg | C57: 8 | D57: =VLOOKUP(A57,'4.12'!A59:D161,4,) -> 20000 | E57: =+D57*C57 -> 160000
A58: Củ Hành Tây Trung | B58: Túi | C58: 367 | D58: =16000*0.3 -> 4800 | E58: =+D58*C58 -> 1761600
A59: Củ Khoai Lang Mật Size 23 | B59: Kg | C59: 150 | D59: 28000 | E59: =+D59*C59 -> 4200000
A60: Củ Khoai Lang Mật Size 46 | B60: Kg | C60: 675 | D60: 27000 | E60: =+D60*C60 -> 18225000
A61: Củ Khoai Lang Nhật | B61: Kg | C61: 180 | D61: =VLOOKUP(A61,'4.12'!A63:D165,4,) -> 17000 | E61: =+D61*C61 -> 3060000
A62: Củ Khoai Mỡ | B62: Kg | C62: 0 | E62: =+D62*C62 -> 0
A63: Củ Khoai Sâm | B63: Kg | C63: 0 | E63: =+D63*C63 -> 0
A64: Củ Khoai Tây Bi Vàng | B64: Kg | C64: 0 | E64: =+D64*C64 -> 0
A65: Củ Khoai Tây Bi Vàng | B65: Túi | C65: 0 | E65: =+D65*C65 -> 0
A66: Củ Khoai Tây Vàng | B66: Kg | C66: 220 | D66: =VLOOKUP(A66,'4.12'!A68:D170,4,) -> 18000 | E66: =+D66*C66 -> 3960000
A67: Củ Khoai Tây Vàng | B67: Túi | C67: 0 | E67: =+D67*C67 -> 0
A68: Củ Khoai Tây Vàng Trung | B68: Túi | C68: 224 | D68: =VLOOKUP(A68,'4.12'!A70:D172,4,) -> 6000 | E68: =+D68*C68 -> 1344000
A69: Củ Su Hào | B69: Kg | C69: 65 | D69: =VLOOKUP(A69,'4.12'!A71:D173,4,) -> 11000 | E69: =+D69*C69 -> 715000
A70: Đậu Cove Nhật | B70: Túi | C70: 11 | D70: =VLOOKUP(A70,'4.12'!A72:D174,4,) -> 6000 | E70: =+D70*C70 -> 66000
A71: Đậu Cove Trắng | B71: Kg | C71: 5 | D71: =VLOOKUP(A71,'4.12'!A73:D175,4,) -> 9000 | E71: =+D71*C71 -> 45000
A72: Đậu Cove Trắng | B72: Túi 500gr | C72: 0 | E72: =+D72*C72 -> 0
A73: Đậu Cove Trắng | B73: Túi 300gr | C73: 10 | D73: =VLOOKUP(A73,'4.12'!A75:D177,4,) -> 9000 | E73: =+D73*C73 -> 90000
A74: Đậu Đỏ | B74: Kg | C74: 1 | D74: 80000 | E74: =+D74*C74 -> 80000
A75: Đậu Hà Lan Trái | B75: Kg | C75: 0.5 | D75: 80000 | E75: =+D75*C75 -> 40000
A76: Đậu Ngự | B76: Kg | C76: 0 | E76: =+D76*C76 -> 0
A77: Đậu Trắng | B77: Kg | C77: 0.8 | D77: 70000 | E77: =+D77*C77 -> 56000
A78: Dưa Leo Baby | B78: Kg | C78: 0 | E78: =+D78*C78 -> 0
A79: Dưa Leo Baby | B79: Vỉ | C79: 246 | D79: =VLOOKUP(A79,'4.12'!A81:D183,4,) -> 5000 | E79: =+D79*C79 -> 1230000
A80: Dưa Leo Nhật | B80: Kg | C80: 0 | E80: =+D80*C80 -> 0
A81: Dưa Leo Thường | B81: Kg | C81: 65 | D81: 4000 | E81: =+D81*C81 -> 260000
A82: Hành Paro | B82: Cây | C82: 0 | E82: =+D82*C82 -> 0
A83: Hành Paro | B83: Kg | C83: 14 | D83: =VLOOKUP(A83,'4.12'!A85:D187,4,) -> 27000 | E83: =+D83*C83 -> 378000
A84: Hạt Dẻ Ngố | B84: Kg | C84: 3050 | D84: 27600 | E84: =+D84*C84 -> 84180000
A85: Hồng Giòn Đà Lạt | B85: Kg | C85: 0 | E85: =+D85*C85 -> 0
A86: Lá Mè | B86: Túi | C86: 0 | E86: =+D86*C86 -> 0
A87: Lá Nha Đam | B87: Kg | C87: 10 | D87: 14000 | E87: =+D87*C87 -> 140000
A88: Ớt Chuông Ba Màu | B88: Vỉ | C88: 0 | E88: =+D88*C88 -> 0
A89: Ớt Chuông Baby | B89: Hộp | C89: 0 | E89: =+D89*C89 -> 0
A90: Ớt Chuông Baby | B90: Kg | C90: 2 | D90: 47000 | E90: =+D90*C90 -> 94000
A91: Ớt Chuông Đỏ | B91: Kg | C91: 80 | D91: =VLOOKUP(A91,'4.12'!A93:D195,4,) -> 27000 | E91: =+D91*C91 -> 2160000
A92: Ớt Chuông Đỏ | B92: Trái | C92: 0 | E92: =+D92*C92 -> 0
A93: Ớt Chuông Đỏ Trung | B93: Kg | C93: 3 | D93: =VLOOKUP(A93,'4.12'!A95:D197,4,) -> 20000 | E93: =+D93*C93 -> 60000
A94: Ớt Chuông Vàng | B94: Kg | C94: 40 | D94: =VLOOKUP(A94,'4.12'!A96:D198,4,) -> 15000 | E94: =+D94*C94 -> 600000
A95: Ớt Chuông Vàng | B95: Trái | C95: 0 | E95: =+D95*C95 -> 0
A96: Ớt Chuông Xanh | B96: Kg | C96: 105 | D96: =VLOOKUP(A96,'4.12'!A98:D200,4,) -> 25000 | E96: =+D96*C96 -> 2625000
A97: Ớt Chuông Xanh | B97: Trái | C97: 0 | E97: =+D97*C97 -> 0
A98: Ớt Chuông Xanh Trung | B98: Kg | C98: 10 | D98: =VLOOKUP(A98,'4.12'!A100:D202,4,) -> 25000 | E98: =+D98*C98 -> 250000
A99: Ớt Sweet Palemo | B99: Túi | C99: 88 | D99: 18000 | E99: =+D99*C99 -> 1584000
A100: Trái Bưởi Diễn | B100: Trái | C100: 688 | D100: 10000 | E100: =+D100*C100 -> 6880000
...

Sheet 6.12
A1: Tên Sản phẩm VR | B1: ĐVT | C1: Tồn ĐL 現在個 | D1: Gía nhập | E1: Thành tiền
A2: Bắp Cải Tím | B2: Kg | C2: 25 | D2: 36000 | E2: 900000
A3: Bắp Cải Trái Tim | B3: Kg | C3: 40 | D3: 8000 | E3: 320000
A4: Bắp Cải Trắng | B4: Kg | C4: 615 | D4: 7500 | E4: 4612500
A5: Bí Đỏ Hồ Lô | B5: Kg | C5: 0
A6: Bí Đỏ Tròn | B6: Kg | C6: 1270 | D6: 5000 | E6: 6350000
A7: Bí Ngòi Vàng | B7: Kg | C7: 1 | D7: 35000 | E7: 35000
A8: Bí Ngòi Xanh | B8: Kg | C8: 93 | D8: 10000 | E8: 930000
A9: Bí Ngòi Xanh | B9: Trái | C9: 0
A10: Bí Non Nhật | B10: Kg | C10: 5 | D10: 10000 | E10: 50000
A11: Bí Non Nhật | B11: Trái | C11: 0
A12: Bơ Booth | B12: Kg | C12: 0
A13: Bông Cải Trắng | B13: Kg | C13: 0
A14: Bông Cải Xanh 12Cm | B14: Kg | C14: 5 | D14: 18000 | E14: 90000
A15: Bông Cải Xanh 7Cm | B15: Kg | C15: 0
A16: Bông Cải Xanh Baby | B16: Vỉ | C16: 0
A17: Cà Chua Beef | B17: Kg | C17: 105 | D17: 22000 | E17: 2310000
A18: Cà Chua Beef | B18: Vỉ | C18: 0
A19: Cà Chua Beef | B19: Vỉ 650gr | C19: 0
A20: Cà Chua Beef Trung | B20: Kg | C20: 99 | D20: 20000 | E20: 1980000
A21: Cà Chua Beef Trung | B21: Vỉ 500gr | C21: 0
A22: Cà Chua Bi Đỏ | B22: Kg | C22: 5 | D22: 9000 | E22: 45000
A23: Cà Chua Bi Đỏ | B23: Hộp 300gr | C23: 96 | D23: 9000 | E23: 864000
A24: Cà Chua Bi Mix | B24: Hộp | C24: 0
A25: Cà Chua Socola | B25: Kg | C25: 0
A26: Cà Chua Socola | B26: Hộp 250GR | C26: 45 | D26: =34000/4 -> 8500 | E26: =+D26*C26 -> 382500
A27: Cà Chua Thường | B27: Kg | C27: 170 | D27: 23000 | E27: 3910000
A28: Cà Chua Thường | B28: Vỉ | C28: 0
A29: Cà Chua Thường Trung | B29: Kg | C29: 50 | D29: 18000 | E29: 900000
A30: Cà Chua Thường Trung | B30: Túi | C30: 0
A31: Cà Rốt | B31: Kg | C31: 175 | D31: 12000 | E31: 2100000
A32: Cà Rốt | B32: Túi | C32: 0
A33: Cà Rốt Baby | B33: Vỉ | C33: 19 | D33: 8000 | E33: 152000
A34: Cà Tím | B34: Kg | C34: 48 | D34: 7000 | E34: 336000
A35: Cà Tím | B35: Cặp | C35: 0
A36: Cải Bó Xôi | B36: Kg | C36: 30 | D36: 14000 | E36: 420000
A37: Cải Bó Xôi | B37: Túi | C37: 0
A38: Cải Cầu Vồng | B38: Túi | C38: 14 | D38: 3900 | E38: 54600
A39: Cải Kale | B39: Túi | C39: 0
A40: Cải Thảo | B40: Kg | C40: 460 | D40: 6000 | E40: 2760000
A41: Cải Thảo Hỏa Tiễn | B41: Kg | C41: 0
A42: Cải Thảo Kim Chi | B42: Kg | C42: 30 | D42: 4000 | E42: 120000
A43: Cần Tây | B43: Cây | C43: 0
A44: Cần Tây | B44: Kg | C44: 7 | D44: 20000 | E44: 140000
A45: Chuối Laba | B45: Kg | C45: 28 | D45: 14000 | E45: 392000
A46: Củ Cải Đỏ | B46: Hộp | C46: 0
A47: Củ Cải Muối | B47: Kg | C47: 2 | D47: 16000 | E47: 32000
A48: Củ Cải Trắng | B48: Kg | C48: 43 | D48: 4500 | E48: 193500
A49: Củ Dền | B49: Kg | C49: 60 | D49: 17000 | E49: 1020000
A50: Củ Dền | B50: Túi | C50: 0
A51: Củ Gừng | B51: Kg | C51: 24 | D51: 27000 | E51: 648000
A52: Củ Hành Tây | B52: Kg | C52: 0
A53: Củ Hành Tây | B53: Túi 300gr | C53: 0
A54: Củ Hành Tây Tím | B54: Kg | C54: 8 | D54: 20000 | E54: 160000
A55: Củ Hành Tây Trung | B55: Túi | C55: 290 | D55: 6000 | E55: 1740000
A56: Củ Khoai Lang Mật Size 23 | B56: Kg | C56: 1265 | D56: 24000 | E56: 30360000
A57: Củ Khoai Lang Mật Size 46 | B57: Kg | C57: 600 | D57: 24000 | E57: 14400000
A58: Củ Khoai Lang Mật Size 46 | B58: Túi | C58: 0
A59: Củ Khoai Lang Nhật | B59: Kg | C59: 55 | D59: 17000 | E59: 935000
A60: Củ Khoai Sâm | B60: Kg | C60: 0
A61: Củ Khoai Tây Bi Vàng | B61: Túi | C61: 0
A62: Củ Khoai Tây Vàng | B62: Kg | C62: 370 | D62: 18000 | E62: 6660000
A63: Củ Khoai Tây Vàng | B63: Túi | C63: 0
A64: Củ Khoai Tây Vàng Trung | B64: Túi | C64: 134 | D64: 6000 | E64: 804000
A65: Củ Su Hào | B65: Kg | C65: 40 | D65: 11000 | E65: 440000
A66: Đậu Cove Nhật | B66: Túi | C66: 21 | D66: 6000 | E66: 126000
A67: Đậu Cove Trắng | B67: Kg | C67: 10 | D67: 10000 | E67: 100000
A68: Đậu Cove Trắng | B68: Túi 500gr | C68: 0
A69: Đậu Đỏ | B69: Kg | C69: 0
A70: Đậu Hà Lan Trái | B70: Kg | C70: 0.5 | D70: 80000 | E70: 40000
A71: Đậu Ngự | B71: Kg | C71: 0
A72: Đậu Trắng | B72: Kg | C72: 0
A73: Dưa Leo Baby | B73: Kg | C73: 27 | D73: 5000 | E73: 135000
A74: Dưa Leo Baby | B74: Vỉ | C74: 305 | D74: 5000 | E74: 1525000
A75: Dưa Leo Nhật | B75: Kg | C75: 1 | D75: 12000 | E75: 12000
A76: Dưa Leo Thường | B76: Kg | C76: 0
A77: Hành Paro | B77: Cây | C77: 0
A78: Hành Paro | B78: Kg | C78: 17 | D78: 26000 | E78: 442000
A79: Hạt Dẻ Ngố | B79: Kg | C79: 2165 | D79: 27600 | E79: 59754000
A80: Hồng Giòn Đà Lạt | B80: Kg | C80: 0
A81: Lá Mè | B81: Túi | C81: 5 | D81: 1900 | E81: 9500
A82: Lá Nha Đam | B82: Kg | C82: 11 | D82: 14000 | E82: 154000
A83: Ớt Chuông Ba Màu | B83: Vỉ | C83: 0
A84: Ớt Chuông Baby | B84: Hộp | C84: 0
A85: Ớt Chuông Baby | B85: Kg | C85: 3 | D85: 50000 | E85: 150000
A86: Ớt Chuông Đỏ | B86: Kg | C86: 72 | D86: 24000 | E86: 1728000
A87: Ớt Chuông Đỏ | B87: Trái | C87: 0
A88: Ớt Chuông Vàng | B88: Kg | C88: 68 | D88: 13000 | E88: 884000
A89: Ớt Chuông Vàng | B89: Trái | C89: 0
A90: Ớt Chuông Xanh | B90: Kg | C90: 75 | D90: 21000 | E90: 1575000
A91: Ớt Chuông Xanh | B91: Trái | C91: 0
A92: Ớt Sweet Palemo | B92: Túi | C92: 89 | D92: 18000 | E92: 1602000
A93: Trái Bưởi Diễn | B93: Trái | C93: 668 | D93: 10000 | E93: 6680000
A94: Trái Cam Canh | B94: Kg | C94: 240 | D94: 27000 | E94: 6480000
A95: Trái Khổ Qua | B95: Kg | C95: 0
A96: Trái Su Su | B96: Kg | C96: 210 | D96: 7000 | E96: 1470000
A97: Xà Lách Lolo Xanh | B97: Kg | C97: 0
A98: Xà Lách Lolo Xanh T.C | B98: Kg | C98: 2 | D98: 28000 | E98: 56000
A99: Xà Lách Lolo Xanh T.C Cây | B99: Cây | C99: 0
A100: Xà Lách Mỡ T.C | B100: Kg | C100: 8 | D100: 27000 | E100: 216000
...

Sheet 7.12
A1: Tên Sản phẩm VR | B1: ĐVT | C1: Tồn ĐL 現在個 | D1: Gía nhập | E1: Thành tiền
A2: Bắp Cải Tím | B2: Kg | C2: 20 | D2: 36000 | E2: 720000
A3: Bắp Cải Trái Tim | B3: Kg | C3: 0
A4: Bắp Cải Trắng | B4: Kg | C4: 226 | D4: 7500 | E4: 1695000
A5: Bí Đỏ Hồ Lô | B5: Kg | C5: 0
A6: Bí Đỏ Tròn | B6: Kg | C6: 710 | D6: 5000 | E6: 3550000
A7: Bí Ngòi Xanh | B7: Kg | C7: 150 | D7: 10000 | E7: 1500000
A8: Bí Ngòi Xanh | B8: Trái | C8: 0
A9: Bí Non Nhật | B9: Kg | C9: 38 | D9: 13000 | E9: 494000
A10: Bí Non Nhật | B10: Trái | C10: 0
A11: Bơ Booth | B11: Kg | C11: 0
A12: Bông Cải Trắng | B12: Kg | C12: 6 | D12: 15000 | E12: 90000
A13: Bông Cải Xanh 10Cm | B13: Kg | C13: 5 | D13: 20000 | E13: 100000
A14: Bông Cải Xanh 7Cm | B14: Kg | C14: 0
A15: Bông Cải Xanh Baby | B15: Vỉ | C15: 0
A16: Cà Chua Beef | B16: Kg | C16: 0
A17: Cà Chua Beef | B17: Vỉ | C17: 0
A18: Cà Chua Beef | B18: Vỉ 650gr | C18: 0
A19: Cà Chua Beef Trung | B19: Kg | C19: 75 | D19: 10000 | E19: 750000
A20: Cà Chua Beef Trung | B20: Vỉ 500gr | C20: 0
A21: Cà Chua Bi Đỏ | B21: Kg | C21: 10.5 | D21: 9000 | E21: 94500
A22: Cà Chua Bi Đỏ | B22: Hộp 300gr | C22: 65 | D22: 9000 | E22: 585000
A23: Cà Chua Bi Mix | B23: Hộp | C23: 0
A24: Cà Chua Socola | B24: Kg | C24: 0
A25: Cà Chua Socola | B25: Hộp 250GR | C25: 100 | D25: =34000/4 -> 8500 | E25: =+D25*C25 -> 850000
A26: Cà Chua Thường | B26: Kg | C26: 330 | D26: 19000 | E26: 6270000
A27: Cà Chua Thường | B27: Vỉ | C27: 0
A28: Cà Chua Thường Trung | B28: Túi | C28: 0
A29: Cà Rốt | B29: Kg | C29: 40 | D29: 13000 | E29: 520000
A30: Cà Rốt | B30: Túi | C30: 0
A31: Cà Rốt Baby | B31: Vỉ | C31: 18 | D31: 8000 | E31: 144000
A32: Cà Tím | B32: Kg | C32: 50 | D32: 6000 | E32: 300000
A33: Cà Tím | B33: Cặp | C33: 0
A34: Cải Bó Xôi | B34: Kg | C34: 10 | D34: 14000 | E34: 140000
A35: Cải Bó Xôi | B35: Túi | C35: 0
A36: Cải Cầu Vồng | B36: Túi | C36: 14 | D36: 3900 | E36: 54600
A37: Cải Kale | B37: Túi | C37: 0
A38: Cải Thảo | B38: Kg | C38: 170 | D38: 6000 | E38: 1020000
A39: Cần Tây | B39: Cây | C39: 0
A40: Cần Tây | B40: Kg | C40: 0
A41: Chuối Laba | B41: Kg | C41: 30 | D41: 14000 | E41: 420000
A42: Củ Cải Đỏ | B42: Hộp | C42: 17 | D42: 7000 | E42: 119000
A43: Củ Cải Muối | B43: Kg | C43: 1 | D43: 16000 | E43: 16000
A44: Củ Cải Trắng | B44: Kg | C44: 40 | D44: 4500 | E44: 180000
A45: Củ Dền | B45: Kg | C45: 28 | D45: 14000 | E45: 392000
A46: Củ Dền | B46: Túi | C46: 0
A47: Củ Gừng | B47: Kg | C47: 5 | D47: 27000 | E47: 135000
A48: Củ Hành Tây | B48: Kg | C48: 40 | D48: 20500 | E48: 820000
A49: Củ Hành Tây | B49: Túi 300gr | C49: 0
A50: Củ Hành Tây Trung | B50: Túi | C50: 140 | D50: 6000 | E50: 840000
A51: Củ Khoai Lang Mật Size 23 | B51: Kg | C51: 1025 | D51: 24000 | E51: 24600000
A52: Củ Khoai Lang Mật Size 46 | B52: Kg | C52: 230 | D52: 24000 | E52: 5520000
A53: Củ Khoai Lang Nhật | B53: Kg | C53: 30 | D53: 17000 | E53: 510000
A54: Củ Khoai Mỡ | B54: Kg | C54: 0
A55: Củ Khoai Sâm | B55: Kg | C55: 0
A56: Củ Khoai Tây Bi Vàng | B56: Kg | C56: 15 | D56: 6000 | E56: 90000
A57: Củ Khoai Tây Bi Vàng | B57: Túi | C57: 0
A58: Củ Khoai Tây Vàng | B58: Kg | C58: 145 | D58: 18000 | E58: 2610000
A59: Củ Khoai Tây Vàng | B59: Túi | C59: 0
A60: Củ Khoai Tây Vàng Trung | B60: Túi | C60: 70 | D60: 6000 | E60: 420000
A61: Củ Su Hào | B61: Kg | C61: 35 | D61: 11000 | E61: 385000
A62: Đậu Cove Nhật | B62: Túi | C62: 30 | D62: 8000 | E62: 240000
A63: Đậu Cove Trắng | B63: Kg | C63: 10 | D63: 6500 | E63: 65000
A64: Đậu Cove Trắng | B64: Túi 500gr | C64: 0
A65: Đậu Đỏ | B65: Kg | C65: 0
A66: Đậu Ngự | B66: Kg | C66: 0
A67: Đậu Trắng | B67: Kg | C67: 0
A68: Dưa Leo Baby | B68: Kg | C68: 0
A69: Dưa Leo Baby | B69: Vỉ | C69: 135 | D69: 5000 | E69: 675000
A70: Dưa Leo Nhật | B70: Kg | C70: 5 | D70: 7000 | E70: 35000
A71: Dưa Leo Thường | B71: Kg | C71: 60 | D71: 5000 | E71: 300000
A72: Hành Paro | B72: Cây | C72: 0
A73: Hành Paro | B73: Kg | C73: 0
A74: Hạt Dẻ Ngố | B74: Kg | C74: =1000 -> 1000 | D74: 27600 | E74: =D74*C74 -> 27600000
A75: Hồng Giòn Đà Lạt | B75: Kg | C75: 0
A76: Lá Mè | B76: Túi | C76: 0
A77: Lá Nha Đam | B77: Kg | C77: 16 | D77: 14000 | E77: 224000
A78: Ớt Chuông Ba Màu | B78: Vỉ | C78: 0
A79: Ớt Chuông Baby | B79: Hộp | C79: 0
A80: Ớt Chuông Baby | B80: Kg | C80: 8 | D80: 50000 | E80: 400000
A81: Ớt Chuông Đỏ | B81: Kg | C81: 55 | D81: 24000 | E81: 1320000
A82: Ớt Chuông Đỏ | B82: Trái | C82: 0
A83: Ớt Chuông Vàng | B83: Kg | C83: 65 | D83: 13000 | E83: 845000
A84: Ớt Chuông Vàng | B84: Trái | C84: 0
A85: Ớt Chuông Xanh | B85: Kg | C85: 30 | D85: 21000 | E85: 630000
A86: Ớt Chuông Xanh | B86: Trái | C86: 0
A87: Ớt Sweet Palemo | B87: Túi | C87: 90 | D87: 18000 | E87: 1620000
A88: Rau Bầu Đất | B88: Túi | C88: 0
A89: Trái Bưởi Diễn | B89: Trái | C89: 450 | D89: 10000 | E89: 4500000
A90: Trái Cam Canh | B90: Kg | C90: 340 | D90: 27000 | E90: 9180000
A91: Trái Khổ Qua | B91: Kg | C91: 0
A92: Trái Su Su | B92: Kg | C92: 20 | D92: 6500 | E92: 130000
A93: Xà Lách Lolo Xanh | B93: Kg | C93: 0
A94: Xà Lách Lolo Xanh T.C | B94: Kg | C94: 0
A95: Xà Lách Lolo Xanh T.C Cây | B95: Cây | C95: 0
A96: Xà Lách Mỡ T.C | B96: Kg | C96: 0
A97: Xà Lách Mỡ T.C Cây | B97: Cây | C97: 0
A98: Xà Lách Romaine T.C | B98: Kg | C98: 0
A99: Xà Lách Thủy Tinh T.C | B99: Kg | C99: 6 | D99: 30000 | E99: 180000
A100: Xà Lách Thủy Tinh T.C Cây | B100: Cây | C100: 0
...

Sheet 8.12
A1: Tên Sản phẩm VR | B1: ĐVT | C1: Tồn ĐL 現在個 | D1: Gía nhập | E1: Thành tiền
A2: Bắp Cải Tím | B2: Kg | C2: 8 | D2: 36000 | E2: 288000
A3: Bắp Cải Trái Tim | B3: Kg | C3: 50 | D3: 5000 | E3: 250000
A4: Bắp Cải Trắng | B4: Kg | C4: 226 | D4: 7500 | E4: 1695000
A5: Bí Đao Xanh | B5: Kg | C5: 0
A6: Bí Đỏ Hồ Lô | B6: Kg | C6: 0
A7: Bí Đỏ Tròn | B7: Kg | C7: 700 | D7: 5000 | E7: 3500000
A8: Bí Ngòi Vàng | B8: Kg | C8: 0
A9: Bí Ngòi Xanh | B9: Kg | C9: 102 | D9: 8000 | E9: 816000
A10: Bí Ngòi Xanh | B10: Trái | C10: 0
A11: Bí Non Nhật | B11: Kg | C11: 20 | D11: 10000 | E11: 200000
A12: Bí Non Nhật | B12: Trái | C12: 0
A13: Bơ Booth | B13: Kg | C13: 0
A14: Bông Cải Trắng | B14: Kg | C14: 0
A15: Bông Cải Xanh 10Cm | B15: Kg | C15: 0
A16: Bông Cải Xanh 7Cm | B16: Kg | C16: 0
A17: Bông Cải Xanh Baby | B17: Vỉ | C17: 0
A18: Cà Chua Beef | B18: Kg | C18: 207 | D18: 23000 | E18: 4761000
A19: Cà Chua Beef | B19: Vỉ | C19: 0
A20: Cà Chua Beef | B20: Vỉ 650gr | C20: 0
A21: Cà Chua Beef Trung | B21: Kg | C21: 0
A22: Cà Chua Beef Trung | B22: Vỉ 500gr | C22: 22 | D22: 18000 | E22: 396000
A23: Cà Chua Bi Đỏ | B23: Kg | C23: 10.5 | D23: 9000 | E23: 94500
A24: Cà Chua Bi Đỏ | B24: Hộp 300gr | C24: 107 | D24: 9000 | E24: 963000
A25: Cà Chua Bi Mix | B25: Hộp | C25: 0
A26: Cà Chua Socola | B26: Kg | C26: 7 | D26: 38000 | E26: 266000
A27: Cà Chua Socola | B27: Hộp 250GR | C27: 272 | D27: =38000/4 -> 9500 | E27: =+D27*C27 -> 2584000
A28: Cà Chua Thường | B28: Kg | C28: 150 | D28: 22000 | E28: 3300000
A29: Cà Chua Thường | B29: Vỉ | C29: 0
A30: Cà Chua Thường Trung | B30: Túi | C30: 0
A31: Cà Rốt | B31: Kg | C31: 180 | D31: 13000 | E31: 2340000
A32: Cà Rốt | B32: Túi | C32: 0
A33: Cà Rốt Baby | B33: Kg | C33: 0
A34: Cà Rốt Baby | B34: Vỉ | C34: 14 | D34: 8400 | E34: 117600
A35: Cà Tím | B35: Kg | C35: 10 | D35: 6000 | E35: 60000
A36: Cà Tím | B36: Cặp | C36: 0
A37: Cải Bó Xôi | B37: Kg | C37: 20 | D37: 14000 | E37: 280000
A38: Cải Bó Xôi | B38: Túi | C38: 0
A39: Cải Cầu Vồng | B39: Kg | C39: 0
A40: Cải Cầu Vồng | B40: Túi | C40: 14 | D40: 3900 | E40: 54600
A41: Cải Kale | B41: Kg | C41: 0
A42: Cải Kale | B42: Túi | C42: 5 | D42: 6300 | E42: 31500
A43: Cải Thảo | B43: Kg | C43: 410 | D43: 6000 | E43: 2460000
A44: Cần Tây | B44: Cây | C44: 0
A45: Cần Tây | B45: Kg | C45: 55 | D45: 16000 | E45: 880000
A46: Chuối Laba | B46: Kg | C46: 20 | D46: 14000 | E46: 280000
A47: Củ Cải Đỏ | B47: Hộp | C47: 0
A48: Củ Cải Đỏ | B48: Hộp | C48: 5 | D48: 14000 | E48: 70000
A49: Củ Cải Trắng | B49: Kg | C49: 55 | D49: 4500 | E49: 247500
A50: Củ Dền | B50: Kg | C50: 15 | D50: 14000 | E50: 210000
A51: Củ Dền | B51: Túi | C51: 0
A52: Củ Gừng | B52: Kg | C52: 3 | D52: 25000 | E52: 75000
A53: Củ Hành Tây | B53: Kg | C53: 400 | D53: 20500 | E53: 8200000
A54: Củ Hành Tây | B54: Túi 300gr | C54: 0
A55: Củ Hành Tây Trung | B55: Túi | C55: 330 | D55: 6000 | E55: 1980000
A56: Củ Khoai Lang Mật Size 23 | B56: Kg | C56: 2500 | D56: 24000 | E56: 60000000
A57: Củ Khoai Lang Mật Size 46 | B57: Kg | C57: 1000 | D57: 24000 | E57: 24000000
A58: Củ Khoai Lang Nhật | B58: Kg | C58: 80 | D58: 16000 | E58: 1280000
A59: Củ Khoai Mỡ | B59: Kg | C59: 0
A60: Củ Khoai Sâm | B60: Kg | C60: 0
A61: Củ Khoai Tây Bi Vàng | B61: Kg | C61: 0
A62: Củ Khoai Tây Bi Vàng | B62: Túi | C62: 30 | D62: 6000 | E62: 180000
A63: Củ Khoai Tây Hồng | B63: Kg | C63: 0
A64: Củ Khoai Tây Vàng | B64: Kg | C64: 100 | D64: 18000 | E64: 1800000
A65: Củ Khoai Tây Vàng | B65: Túi | C65: 0
A66: Củ Khoai Tây Vàng Trung | B66: Túi | C66: 0
A67: Củ Su Hào | B67: Kg | C67: 45 | D67: 11000 | E67: 495000
A68: Đậu Cove Nhật | B68: Túi | C68: 0
A69: Đậu Cove Trắng | B69: Kg | C69: 0
A70: Đậu Cove Trắng | B70: Túi 500gr | C70: 40 | D70: 9000 | E70: 360000
A71: Đậu Đỏ | B71: Kg | C71: 0
A72: Đậu Hà Lan Trái | B72: Kg | C72: 0
A73: Đậu Ngự | B73: Kg | C73: 0
A74: Đậu Trắng | B74: Kg | C74: 0
A75: Dưa Leo Baby | B75: Kg | C75: 51 | D75: 7000 | E75: =+D75*C75 -> 357000
A76: Dưa Leo Baby | B76: Vỉ | C76: 318 | D76: 5000 | E76: 1590000
A77: Dưa Leo Nhật | B77: Kg | C77: 0
A78: Dưa Leo Thường | B78: Kg | C78: 22 | D78: 9000 | E78: 198000
A79: Hành Paro | B79: Cây | C79: 0
A80: Hành Paro | B80: Kg | C80: 0
A81: Hạt Dẻ Ngố | B81: Kg | C81: 0
A82: Hồng Giòn Đà Lạt | B82: Kg | C82: 0
A83: Lá Mè | B83: Túi | C83: 0
A84: Lá Nha Đam | B84: Kg | C84: 11 | D84: 14000 | E84: 154000
A85: Ớt Chuông Ba Màu | B85: Vỉ | C85: 0
A86: Ớt Chuông Baby | B86: Hộp | C86: 0
A87: Hạt Dẻ Ngố | B87: Kg | C87: 800 | D87: 27600 | E87: 22080000
A88: Ớt Chuông Đỏ | B88: Kg | C88: 120 | D88: 24000 | E88: 2880000
A89: Ớt Chuông Đỏ | B89: Trái | C89: 0
A90: Ớt Chuông Vàng | B90: Kg | C90: 37 | D90: 13000 | E90: 481000
A91: Ớt Chuông Vàng | B91: Trái | C91: 0
A92: Ớt Chuông Xanh | B92: Kg | C92: 22 | D92: 21000 | E92: 462000
A93: Ớt Chuông Xanh | B93: Trái | C93: 0
A94: Ớt Sweet Palemo | B94: Túi | C94: 100 | D94: 18000 | E94: 1800000
A95: Trái Bầu | B95: Kg | C95: 0
A96: Trái Bưởi Diễn | B96: Trái | C96: 0
A97: Trái Cam Canh | B97: Kg | C97: 320 | D97: 27000 | E97: 8640000
A98: Trái Khổ Qua | B98: Kg | C98: 0
A99: Trái Su Su | B99: Kg | C99: 80 | D99: 6000 | E99: 480000
A100: Xà Lách Carol | B100: Kg | C100: 0
...

Sheet 9.12
A1: hàng tồn cuối ngày 9/12 vr
A2: Tên Sản phẩm | B2: ĐVT | C2: tồn | D2: giá | E2: thành tiền
A3: Cà Rốt | B3: Kg | C3: 0 | E3: =C3*D3 -> 0
A4: Cà Rốt | B4: Túi | C4: 0 | E4: =C4*D4 -> 0
A5: Cà Rốt Baby | B5: Vỉ | C5: 8 | D5: 8000 | E5: =C5*D5 -> 64000
A6: Củ Cải Đỏ | B6: Hộp | C6: 20 | D6: 7000 | E6: =C6*D6 -> 140000
A7: Củ Dền | B7: Kg | C7: 17 | D7: 14000 | E7: =C7*D7 -> 238000
A8: Củ Dền | B8: Túi | C8: 0 | E8: =C8*D8 -> 0
A9: Củ Hành Tây | B9: Kg | C9: 366 | D9: 20500 | E9: =C9*D9 -> 7503000
A10: Củ Hành Tây | B10: Túi 300gr | C10: 0 | E10: =C10*D10 -> 0
A11: Củ Hành Tây Trung | B11: Túi | C11: 133 | D11: 6000 | E11: =C11*D11 -> 798000
A12: Củ Khoai Lang Mật Size 46 | B12: Kg | C12: 975 | D12: 24000 | E12: =C12*D12 -> 23400000
A13: Củ Khoai Lang Mật Size 46 | B13: Túi | C13: 0 | E13: =C13*D13 -> 0
A14: Củ Khoai Lang Nhật | B14: Kg | C14: 60 | D14: 17000 | E14: =C14*D14 -> 1020000
A15: Củ Khoai Tây Vàng | B15: Kg | C15: 350 | D15: 17000 | E15: =C15*D15 -> 5950000
A16: Củ Khoai Tây Vàng | B16: Túi | C16: 0 | E16: =C16*D16 -> 0
A17: Bông Cải Xanh Baby | B17: Vỉ | C17: 0 | E17: =C17*D17 -> 0
A18: Bắp Cải Trắng | B18: Kg | C18: 250 | D18: 7500 | E18: =C18*D18 -> 1875000
A19: Cải Bó Xôi | B19: Kg | C19: 0 | E19: =C19*D19 -> 0
A20: Cải Bó Xôi | B20: Túi | C20: 0 | E20: =C20*D20 -> 0
A21: Cải Kale | B21: Túi | C21: 24 | D21: 5000 | E21: =C21*D21 -> 120000
A22: Cải Thảo | B22: Kg | C22: 0 | E22: =C22*D22 -> 0
A23: Cần Tây | B23: Cây | C23: 0 | E23: =C23*D23 -> 0
A24: Cần Tây | B24: Kg | C24: 0 | E24: =C24*D24 -> 0
A25: Xà Lách Lolo Xanh T.C | B25: Kg | C25: 27 | D25: 28000 | E25: =C25*D25 -> 756000
A26: Bí Đỏ Tròn | B26: Kg | C26: 520 | D26: 5000 | E26: =C26*D26 -> 2600000
A27: Bí Ngòi Xanh | B27: Kg | C27: 45 | D27: 10000 | E27: =C27*D27 -> 450000
A28: Bí Ngòi Xanh | B28: Trái | C28: 0 | E28: =C28*D28 -> 0
A29: Bí Non Nhật | B29: Kg | C29: 79 | D29: 10000 | E29: =C29*D29 -> 790000
A30: Bí Non Nhật | B30: Trái | C30: 0 | E30: =C30*D30 -> 0
A31: Cà Chua Beef | B31: Kg | C31: 140 | D31: 24000 | E31: =C31*D31 -> 3360000
A32: Cà Chua Beef | B32: Vỉ | C32: 0 | E32: =C32*D32 -> 0
A33: Cà Chua Beef | B33: Vỉ 650gr | C33: 0 | E33: =C33*D33 -> 0
A34: Cà Chua Thường | B34: Kg | C34: 650 | D34: 22000 | E34: =C34*D34 -> 14300000
A35: Cà Chua Thường | B35: Vỉ | C35: 0 | E35: =C35*D35 -> 0
A36: Cà Chua Thường Trung | B36: Túi | C36: 40 | D36: 16000 | E36: =C36*D36 -> 640000
A37: Dưa Leo Baby | B37: Kg | C37: 0 | E37: =C37*D37 -> 0
A38: Dưa Leo Baby | B38: Vỉ | C38: 462 | D38: 5000 | E38: =C38*D38 -> 2310000
A39: Dưa Leo Thường | B39: Kg | C39: 13 | D39: 6000 | E39: =C39*D39 -> 78000
A40: Ớt Chuông Đỏ | B40: Kg | C40: 95 | D40: 28000 | E40: =C40*D40 -> 2660000
A41: Ớt Chuông Đỏ | B41: Trái | C41: 0 | E41: =C41*D41 -> 0
A42: Ớt Chuông Vàng | B42: Kg | C42: 75 | D42: 13000 | E42: =C42*D42 -> 975000
A43: Ớt Chuông Vàng | B43: Trái | C43: 0 | E43: =C43*D43 -> 0
A44: Ớt Chuông Xanh | B44: Kg | C44: 68 | D44: 20000 | E44: =C44*D44 -> 1360000
A45: Ớt Chuông Xanh | B45: Trái | C45: 0 | E45: =C45*D45 -> 0
A46: Bơ Booth | B46: Kg | C46: 0 | E46: =C46*D46 -> 0
A47: Ớt Chuông Ba Màu | B47: Vỉ | C47: 0 | E47: =C47*D47 -> 0
A48: Củ Khoai Lang Mật Size 23 | B48: Kg | C48: 2210 | D48: 24000 | E48: =C48*D48 -> 53040000
A49: Cà Chua Bi Đỏ | B49: Kg | C49: 8 | D49: 30000 | E49: =C49*D49 -> 240000
A50: Cà Chua Bi Đỏ | B50: Hộp 300gr | C50: 76 | D50: 9000 | E50: =C50*D50 -> 684000
A51: Củ Khoai Sâm | B51: Kg | C51: 0 | E51: =C51*D51 -> 0
A52: Hạt Dẻ Ngố | B52: Kg | C52: 2100 | D52: 27600 | E52: =C52*D52 -> 57960000
A53: Bắp Cải Tím | B53: Kg | C53: 0 | E53: =C53*D53 -> 0
A54: Bắp Cải Trái Tim | B54: Kg | C54: 393 | D54: 8000 | E54: =C54*D54 -> 3144000
A55: Bông Cải Trắng | B55: Kg | C55: 0 | E55: =C55*D55 -> 0
A56: Bông Cải Xanh 10Cm | B56: Kg | C56: 0 | E56: =C56*D56 -> 0
A57: Cà Chua Beef Trung | B57: Kg | C57: 51 | D57: 19000 | E57: =C57*D57 -> 969000
A58: Cà Chua Beef Trung | B58: Vỉ 500gr | C58: 0 | E58: =C58*D58 -> 0
A59: Cà Chua Bi Mix | B59: Hộp | C59: 19 | D59: 17000 | E59: =C59*D59 -> 323000
A60: Cà Chua Socola | B60: Kg | C60: 60 | D60: 40000 | E60: =C60*D60 -> 2400000
A61: Cà Chua Socola | B61: Hộp 250GR | C61: 231 | D61: 12000 | E61: =C61*D61 -> 2772000
A62: Cà Tím | B62: Kg | C62: 56 | D62: 6000 | E62: =C62*D62 -> 336000
A63: Cà Tím | B63: Cặp | C63: 0 | E63: =C63*D63 -> 0
A64: Cải Cầu Vồng | B64: Túi | C64: 11 | D64: 5000 | E64: =C64*D64 -> 55000
A65: Chuối Laba | B65: Kg | C65: 8 | D65: 13000 | E65: =C65*D65 -> 104000
A66: Củ Cải Trắng | B66: Kg | C66: 30 | D66: 5000 | E66: =C66*D66 -> 150000
A67: Củ Gừng | B67: Kg | C67: 33 | D67: 30000 | E67: =C67*D67 -> 990000
A68: Củ Su Hào | B68: Kg | C68: 15 | D68: 11000 | E68: =C68*D68 -> 165000
A69: Đậu Cove Nhật | B69: Túi | C69: 16 | D69: 6000 | E69: =C69*D69 -> 96000
A70: Đậu Cove Trắng | B70: Kg | C70: 30 | D70: 9000 | E70: =C70*D70 -> 270000
A71: Đậu Cove Trắng | B71: Túi 500gr | C71: 0 | E71: =C71*D71 -> 0
A72: Đậu Đỏ | B72: Kg | C72: 3.7 | D72: 60000 | E72: =C72*D72 -> 222000
A73: Đậu Ngự | B73: Kg | C73: 1 | D73: 70000 | E73: =C73*D73 -> 70000
A74: Đậu Trắng | B74: Kg | C74: 1.5 | D74: 70000 | E74: =C74*D74 -> 105000
A75: Hành Paro | B75: Cây | C75: 0 | E75: =C75*D75 -> 0
A76: Hành Paro | B76: Kg | C76: 5 | D76: 27000 | E76: =C76*D76 -> 135000
A77: Hồng Giòn Đà Lạt | B77: Kg | C77: 0 | E77: =C77*D77 -> 0
A78: Lá Mè | B78: Kg | C78: 3 | D78: 36000 | E78: =C78*D78 -> 108000
A79: Lá Mè | B79: Túi | C79: 0 | E79: =C79*D79 -> 0
A80: Lá Nha Đam | B80: Kg | C80: 16 | D80: 14000 | E80: =C80*D80 -> 224000
A81: Ớt Chuông Baby | B81: Hộp | C81: 0 | E81: =C81*D81 -> 0
A82: Ớt Chuông Baby | B82: Kg | C82: 10 | D82: 44000 | E82: =C82*D82 -> 440000
A83: Ớt Sweet Palemo | B83: Túi | C83: 0 | E83: =C83*D83 -> 0
A84: Trái Su Su | B84: Kg | C84: 135 | D84: 7000 | E84: =C84*D84 -> 945000
A85: Xà Lách Lolo Xanh | B85: Kg | C85: 25 | D85: 9000 | E85: =C85*D85 -> 225000
A86: Xà Lách Mỡ T.C | B86: Kg | C86: 0 | E86: =C86*D86 -> 0
A87: Xà Lách Romaine T.C | B87: Kg | C87: 0 | E87: =C87*D87 -> 0
A88: Xà Lách Thủy Tinh T.C | B88: Kg | C88: 8 | D88: 28000 | E88: =C88*D88 -> 224000
A89: Bông Cải Xanh 7Cm | B89: Kg | C89: 0 | E89: =C89*D89 -> 0
A90: Rau Bầu Đất | B90: Túi | C90: 0 | E90: =C90*D90 -> 0
A91: Xà Lách Lolo Xanh T.C Cây | B91: Cây | C91: 19 | D91: 6800 | E91: =C91*D91 -> 129200
A92: Xà Lách Thủy Tinh T.C Cây | B92: Cây | C92: 30 | D92: 6500 | E92: =C92*D92 -> 195000
A93: Trái Cam Canh | B93: Kg | C93: 715 | D93: 28000 | E93: =C93*D93 -> 20020000
A94: Trái Bưởi Diễn | B94: Trái | C94: 0 | E94: =C94*D94 -> 0
A95: Trái Mâm Xôi | B95: Hộp | C95: 0 | E95: =C95*D95 -> 0
A96: Xà Lách Mỡ T.C Cây | B96: Cây | C96: 10 | D96: 6800 | E96: =C96*D96 -> 68000
A97: Củ Khoai Tây Vàng Trung | B97: Túi | C97: 76 | D97: 6000 | E97: =C97*D97 -> 456000
A98: Củ Khoai Tây Bi Vàng | B98: Túi | C98: 0 | E98: =C98*D98 -> 0
A99: Trái Khổ Qua | B99: Kg | C99: 3 | D99: 9000 | E99: =C99*D99 -> 27000
A100: Bí Đỏ Hồ Lô | B100: Kg | C100: 0 | E100: =C100*D100 -> 0
...

Sheet 10.12
A1: hàng tồn cuối ngày 10/12 vr
A2: Tên Sản phẩm | B2: ĐVT | C2: tồn | D2: giá | E2: thành tiền
A3: Cà Rốt | B3: Kg | C3: 60 | D3: 13000 | E3: =C3*D3 -> 780000
A4: Cà Rốt | B4: Túi | C4: 0 | E4: =C4*D4 -> 0
A5: Cà Rốt Baby | B5: Kg | C5: 0 | E5: =C5*D5 -> 0
A6: Cà Rốt Baby | B6: Vỉ | C6: 15 | D6: 8000 | E6: =C6*D6 -> 120000
A7: Củ Cải Đỏ | B7: Hộp | C7: 13 | D7: 7000 | E7: =C7*D7 -> 91000
A8: Củ Cải Đỏ | B8: Kg | C8: 0 | E8: =C8*D8 -> 0
A9: Củ Dền | B9: Kg | C9: 35 | D9: 12000 | E9: =C9*D9 -> 420000
A10: Củ Dền | B10: Túi | C10: 0 | E10: =C10*D10 -> 0
A11: Củ Hành Tây | B11: Kg | C11: 185 | D11: 20500 | E11: =C11*D11 -> 3792500
A12: Củ Hành Tây | B12: Túi 300gr | C12: 0 | E12: =C12*D12 -> 0
A13: Củ Hành Tây Trung | B13: Túi | C13: 0 | E13: =C13*D13 -> 0
A14: Củ Khoai Lang Mật Size 46 | B14: Kg | C14: 930 | D14: 24000 | E14: =C14*D14 -> 22320000
A15: Củ Khoai Lang Nhật | B15: Kg | C15: 35 | D15: 16000 | E15: =C15*D15 -> 560000
A16: Củ Khoai Tây Vàng | B16: Kg | C16: 280 | D16: 17000 | E16: =C16*D16 -> 4760000
A17: Củ Khoai Tây Vàng | B17: Túi | C17: 0 | E17: =C17*D17 -> 0
A18: Bông Cải Xanh Baby | B18: Vỉ | C18: 15 | D18: 8000 | E18: =C18*D18 -> 120000
A19: Bắp Cải Trắng | B19: Kg | C19: 220 | D19: 7500 | E19: =C19*D19 -> 1650000
A20: Cải Bó Xôi | B20: Kg | C20: 0 | E20: =C20*D20 -> 0
A21: Cải Bó Xôi | B21: Túi | C21: 0 | E21: =C21*D21 -> 0
A22: Cải Kale | B22: Túi | C22: 11 | D22: 5000 | E22: =C22*D22 -> 55000
A23: Cải Thảo | B23: Kg | C23: 0 | E23: =C23*D23 -> 0
A24: Cần Tây | B24: Cây | C24: 0 | E24: =C24*D24 -> 0
A25: Cần Tây | B25: Kg | C25: 110 | D25: 16000 | E25: =C25*D25 -> 1760000
A26: Xà Lách Lolo Xanh T.C | B26: Kg | C26: 0 | E26: =C26*D26 -> 0
A27: Bí Đỏ Tròn | B27: Kg | C27: 405 | D27: 5000 | E27: =C27*D27 -> 2025000
A28: Bí Ngòi Xanh | B28: Kg | C28: 130 | D28: 11000 | E28: =C28*D28 -> 1430000
A29: Bí Ngòi Xanh | B29: Trái | C29: 0 | E29: =C29*D29 -> 0
A30: Bí Non Nhật | B30: Kg | C30: 55 | D30: 10000 | E30: =C30*D30 -> 550000
A31: Bí Non Nhật | B31: Trái | C31: 0 | E31: =C31*D31 -> 0
A32: Cà Chua Beef | B32: Kg | C32: 172 | D32: 24000 | E32: =C32*D32 -> 4128000
A33: Cà Chua Beef | B33: Vỉ | C33: 0 | E33: =C33*D33 -> 0
A34: Cà Chua Beef | B34: Vỉ 650gr | C34: 0 | E34: =C34*D34 -> 0
A35: Cà Chua Thường | B35: Kg | C35: 410 | D35: 24000 | E35: =C35*D35 -> 9840000
A36: Cà Chua Thường | B36: Vỉ | C36: 0 | E36: =C36*D36 -> 0
A37: Cà Chua Thường Trung | B37: Túi | C37: 70 | D37: 20000 | E37: =C37*D37 -> 1400000
A38: Dưa Leo Baby | B38: Kg | C38: 0 | E38: =C38*D38 -> 0
A39: Dưa Leo Baby | B39: Vỉ | C39: 434 | D39: 5000 | E39: =C39*D39 -> 2170000
A40: Dưa Leo Thường | B40: Kg | C40: 2 | D40: 7000 | E40: =C40*D40 -> 14000
A41: Ớt Chuông Đỏ | B41: Kg | C41: 58 | D41: 30000 | E41: =C41*D41 -> 1740000
A42: Ớt Chuông Đỏ | B42: Trái | C42: 0 | E42: =C42*D42 -> 0
A43: Ớt Chuông Vàng | B43: Kg | C43: 40 | D43: 15000 | E43: =C43*D43 -> 600000
A44: Ớt Chuông Vàng | B44: Trái | C44: 0 | E44: =C44*D44 -> 0
A45: Ớt Chuông Xanh | B45: Kg | C45: 35 | D45: 18000 | E45: =C45*D45 -> 630000
A46: Ớt Chuông Xanh | B46: Trái | C46: 0 | E46: =C46*D46 -> 0
A47: Bơ Booth | B47: Kg | C47: 0 | E47: =C47*D47 -> 0
A48: Ớt Chuông Ba Màu | B48: Vỉ | C48: 0 | E48: =C48*D48 -> 0
A49: Củ Khoai Lang Mật Size 23 | B49: Kg | C49: 2040 | D49: 24000 | E49: =C49*D49 -> 48960000
A50: Cà Chua Bi Đỏ | B50: Kg | C50: 29 | D50: 30000 | E50: =C50*D50 -> 870000
A51: Cà Chua Bi Đỏ | B51: Hộp 300gr | C51: 71 | D51: 9000 | E51: =C51*D51 -> 639000
A52: Củ Khoai Sâm | B52: Kg | C52: 0 | E52: =C52*D52 -> 0
A53: Hạt Dẻ Ngố | B53: Kg | C53: 2065 | D53: 27600 | E53: =C53*D53 -> 56994000
A54: Bắp Cải Tím | B54: Kg | C54: 0 | E54: =C54*D54 -> 0
A55: Bắp Cải Trái Tim | B55: Kg | C55: 0 | E55: =C55*D55 -> 0
A56: Bông Cải Trắng | B56: Kg | C56: 0 | E56: =C56*D56 -> 0
A57: Bông Cải Xanh 10Cm | B57: Kg | C57: 23 | D57: 20000 | E57: =C57*D57 -> 460000
A58: Cà Chua Beef Trung | B58: Kg | C58: 67 | D58: 21000 | E58: =C58*D58 -> 1407000
A59: Cà Chua Beef Trung | B59: Vỉ 500gr | C59: 0 | E59: =C59*D59 -> 0
A60: Cà Chua Bi Mix | B60: Hộp | C60: 29 | D60: 17000 | E60: =C60*D60 -> 493000
A61: Cà Chua Socola | B61: Kg | C61: 4 | D61: 40000 | E61: =C61*D61 -> 160000
A62: Cà Chua Socola | B62: Hộp 250GR | C62: 0 | E62: =C62*D62 -> 0
A63: Cà Tím | B63: Kg | C63: 40 | D63: 6500 | E63: =C63*D63 -> 260000
A64: Cà Tím | B64: Cặp | C64: 0 | E64: =C64*D64 -> 0
A65: Cải Cầu Vồng | B65: Kg | C65: 0 | E65: =C65*D65 -> 0
A66: Cải Cầu Vồng | B66: Túi | C66: 11 | D66: 5000 | E66: =C66*D66 -> 55000
A67: Chuối Laba | B67: Kg | C67: 0 | E67: =C67*D67 -> 0
A68: Củ Cải Trắng | B68: Kg | C68: 30 | D68: 4500 | E68: =C68*D68 -> 135000
A69: Củ Gừng | B69: Kg | C69: 20 | D69: 30000 | E69: =C69*D69 -> 600000
A70: Củ Su Hào | B70: Kg | C70: 30 | D70: 11000 | E70: =C70*D70 -> 330000
A71: Đậu Cove Nhật | B71: Túi | C71: 10 | D71: 6000 | E71: =C71*D71 -> 60000
A72: Đậu Cove Trắng | B72: Kg | C72: 19 | D72: 9000 | E72: =C72*D72 -> 171000
A73: Đậu Cove Trắng | B73: Túi 500gr | C73: 0 | E73: =C73*D73 -> 0
A74: Đậu Đỏ | B74: Kg | C74: 0 | E74: =C74*D74 -> 0
A75: Đậu Ngự | B75: Kg | C75: 0 | E75: =C75*D75 -> 0
A76: Đậu Trắng | B76: Kg | C76: 0 | E76: =C76*D76 -> 0
A77: Hành Paro | B77: Cây | C77: 0 | E77: =C77*D77 -> 0
A78: Hành Paro | B78: Kg | C78: 4 | D78: 22000 | E78: =C78*D78 -> 88000
A79: Hồng Giòn Đà Lạt | B79: Kg | C79: 0 | E79: =C79*D79 -> 0
A80: Lá Mè | B80: Túi | C80: 0 | E80: =C80*D80 -> 0
A81: Lá Nha Đam | B81: Kg | C81: 26 | D81: 14000 | E81: =C81*D81 -> 364000
A82: Ớt Chuông Baby | B82: Hộp | C82: 0 | E82: =C82*D82 -> 0
A83: Ớt Chuông Baby | B83: Kg | C83: 7 | D83: 44000 | E83: =C83*D83 -> 308000
A84: Ớt Sweet Palemo | B84: Túi | C84: 20 | D84: 19000 | E84: =C84*D84 -> 380000
A85: Trái Su Su | B85: Kg | C85: 200 | D85: 7000 | E85: =C85*D85 -> 1400000
A86: Xà Lách Lolo Xanh | B86: Kg | C86: 15 | D86: 10000 | E86: =C86*D86 -> 150000
A87: Xà Lách Mỡ T.C | B87: Kg | C87: 2 | D87: 27000 | E87: =C87*D87 -> 54000
A88: Xà Lách Romaine T.C | B88: Kg | C88: 0 | E88: =C88*D88 -> 0
A89: Xà Lách Thủy Tinh T.C | B89: Kg | C89: 2 | D89: 30000 | E89: =C89*D89 -> 60000
A90: Dưa Leo Nhật | B90: Kg | C90: 10 | D90: 10000 | E90: =C90*D90 -> 100000
A91: Bí Ngòi Vàng | B91: Kg | C91: 0 | E91: =C91*D91 -> 0
A92: Củ Khoai Tây Bi Vàng | B92: Kg | C92: 0 | E92: =C92*D92 -> 0
A93: Củ Khoai Tây Bi Vàng | B93: Túi | C93: 0 | E93: =C93*D93 -> 0
A94: Trái Bầu | B94: Kg | C94: 0 | E94: =C94*D94 -> 0
A95: Bí Đao Xanh | B95: Kg | C95: 0 | E95: =C95*D95 -> 0
A96: Đậu Hà Lan Trái | B96: Kg | C96: 0 | E96: =C96*D96 -> 0
A97: Rau Bầu Đất | B97: Túi | C97: 0 | E97: =C97*D97 -> 0
A98: Xà Lách Lolo Xanh T.C Cây | B98: Cây | C98: 0 | E98: =C98*D98 -> 0
A99: Xà Lách Thủy Tinh T.C Cây | B99: Cây | C99: 0 | E99: =C99*D99 -> 0
A100: Bông Cải Xanh 7Cm | B100: Kg | C100: 50 | D100: 24000 | E100: =C100*D100 -> 1200000
...

Sheet 11.12
A1: hàng tồn cuối ngày 11/12 vr
A2: Tên Sản phẩm | B2: ĐVT | C2: tồn | D2: giá | E2: thành tiền
A3: Cà Rốt | B3: Kg | C3: 0 | E3: =C3*D3 -> 0
A4: Cà Rốt | B4: Túi | C4: 0 | E4: =C4*D4 -> 0
A5: Củ Cải Đỏ | B5: Hộp | C5: 9 | D5: 6500 | E5: =C5*D5 -> 58500
A6: Củ Dền | B6: Kg | C6: 30 | D6: 12000 | E6: =C6*D6 -> 360000
A7: Củ Dền | B7: Túi | C7: 0 | E7: =C7*D7 -> 0
A8: Củ Hành Tây | B8: Kg | C8: 290 | D8: 19000 | E8: =C8*D8 -> 5510000
A9: Củ Hành Tây | B9: Túi 300gr | C9: 0 | E9: =C9*D9 -> 0
A10: Củ Hành Tây Trung | B10: Túi | C10: 220 | D10: 6000 | E10: =C10*D10 -> 1320000
A11: Củ Khoai Lang Mật Size 46 | B11: Kg | C11: 690 | D11: 24000 | E11: =C11*D11 -> 16560000
A12: Củ Khoai Lang Nhật | B12: Kg | C12: 190 | D12: 16000 | E12: =C12*D12 -> 3040000
A13: Củ Khoai Tây Vàng | B13: Kg | C13: 390 | D13: 17000 | E13: =C13*D13 -> 6630000
A14: Củ Khoai Tây Vàng | B14: Túi | C14: 0 | E14: =C14*D14 -> 0
A15: Bông Cải Xanh Baby | B15: Vỉ | C15: 0 | E15: =C15*D15 -> 0
A16: Bắp Cải Trắng | B16: Kg | C16: 395 | D16: 7500 | E16: =C16*D16 -> 2962500
A17: Cải Bó Xôi | B17: Kg | C17: 0 | E17: =C17*D17 -> 0
A18: Cải Bó Xôi | B18: Túi | C18: 20 | D18: 6300 | E18: =C18*D18 -> 126000
A19: Cải Kale | B19: Túi | C19: 12 | D19: 5250 | E19: =C19*D19 -> 63000
A20: Cải Thảo | B20: Kg | C20: 0 | E20: =C20*D20 -> 0
A21: Cần Tây | B21: Cây | C21: 0 | E21: =C21*D21 -> 0
A22: Cần Tây | B22: Kg | C22: 60 | D22: 16000 | E22: =C22*D22 -> 960000
A23: Xà Lách Lolo Xanh T.C | B23: Kg | C23: 0 | E23: =C23*D23 -> 0
A24: Bí Đỏ Tròn | B24: Kg | C24: 350 | D24: 7000 | E24: =C24*D24 -> 2450000
A25: Bí Ngòi Xanh | B25: Kg | C25: 165 | D25: 11000 | E25: =C25*D25 -> 1815000
A26: Bí Ngòi Xanh | B26: Trái | C26: 0 | E26: =C26*D26 -> 0
A27: Bí Non Nhật | B27: Kg | C27: 138 | D27: 10000 | E27: =C27*D27 -> 1380000
A28: Bí Non Nhật | B28: Trái | C28: 0 | E28: =C28*D28 -> 0
A29: Cà Chua Beef | B29: Kg | C29: 143 | D29: 24000 | E29: =C29*D29 -> 3432000
A30: Cà Chua Beef | B30: Vỉ 650gr | C30: 0 | E30: =C30*D30 -> 0
A31: Cà Chua Thường | B31: Kg | C31: 120 | D31: 24000 | E31: =C31*D31 -> 2880000
A32: Cà Chua Thường | B32: Vỉ | C32: 0 | E32: =C32*D32 -> 0
A33: Cà Chua Thường Trung | B33: Túi | C33: 170 | D33: 18000 | E33: =C33*D33 -> 3060000
A34: Dưa Leo Baby | B34: Kg | C34: 0 | E34: =C34*D34 -> 0
A35: Dưa Leo Baby | B35: Vỉ | C35: 622 | D35: 5000 | E35: =C35*D35 -> 3110000
A36: Dưa Leo Thường | B36: Kg | C36: 0 | E36: =C36*D36 -> 0
A37: Ớt Chuông Đỏ | B37: Kg | C37: 95 | D37: 30000 | E37: =C37*D37 -> 2850000
A38: Ớt Chuông Đỏ | B38: Trái | C38: 0 | E38: =C38*D38 -> 0
A39: Ớt Chuông Vàng | B39: Kg | C39: 80 | D39: 15000 | E39: =C39*D39 -> 1200000
A40: Ớt Chuông Vàng | B40: Trái | C40: 0 | E40: =C40*D40 -> 0
A41: Ớt Chuông Xanh | B41: Kg | C41: 90 | D41: 18000 | E41: =C41*D41 -> 1620000
A42: Ớt Chuông Xanh | B42: Trái | C42: 0 | E42: =C42*D42 -> 0
A43: Bơ Booth | B43: Kg | C43: 0 | E43: =C43*D43 -> 0
A44: Ớt Chuông Ba Màu | B44: Vỉ | C44: 0 | E44: =C44*D44 -> 0
A45: Củ Khoai Lang Mật Size 23 | B45: Kg | C45: 1875 | D45: 24000 | E45: =C45*D45 -> 45000000
A46: Cà Chua Bi Đỏ | B46: Kg | C46: 9 | D46: 30000 | E46: =C46*D46 -> 270000
A47: Cà Chua Bi Đỏ | B47: Hộp 300gr | C47: 78 | D47: 9000 | E47: =C47*D47 -> 702000
A48: Hạt Dẻ Ngố | B48: Kg | C48: 2400 | D48: 27600 | E48: =C48*D48 -> 66240000
A49: Bắp Cải Tím | B49: Kg | C49: 84 | D49: 38000 | E49: =C49*D49 -> 3192000
A50: Bắp Cải Trái Tim | B50: Kg | C50: 17 | D50: 7000 | E50: =C50*D50 -> 119000
A51: Bông Cải Trắng | B51: Kg | C51: 20 | D51: 15000 | E51: =C51*D51 -> 300000
A52: Cà Chua Beef Trung | B52: Kg | C52: 63 | D52: 21000 | E52: =C52*D52 -> 1323000
A53: Cà Chua Beef Trung | B53: Vỉ 500gr | C53: 0 | E53: =C53*D53 -> 0
A54: Cà Chua Bi Mix | B54: Hộp | C54: 20 | D54: 16500 | E54: =C54*D54 -> 330000
A55: Cà Chua Socola | B55: Kg | C55: 0 | E55: =C55*D55 -> 0
A56: Cà Chua Socola | B56: Hộp 250GR | C56: 56 | D56: 12000 | E56: =C56*D56 -> 672000
A57: Cà Tím | B57: Kg | C57: 35 | D57: 7000 | E57: =C57*D57 -> 245000
A58: Cà Tím | B58: Cặp | C58: 0 | E58: =C58*D58 -> 0
A59: Cải Cầu Vồng | B59: Túi | C59: 14 | D59: 3900 | E59: =C59*D59 -> 54600
A60: Chuối Laba | B60: Kg | C60: 25 | D60: 13000 | E60: =C60*D60 -> 325000
A61: Củ Cải Trắng | B61: Kg | C61: 60 | D61: 4500 | E61: =C61*D61 -> 270000
A62: Củ Gừng | B62: Kg | C62: 3 | D62: 23000 | E62: =C62*D62 -> 69000
A63: Củ Su Hào | B63: Kg | C63: 30 | D63: 11000 | E63: =C63*D63 -> 330000
A64: Đậu Cove Nhật | B64: Túi | C64: 18 | D64: 6000 | E64: =C64*D64 -> 108000
A65: Đậu Cove Trắng | B65: Kg | C65: 20 | D65: 9000 | E65: =C65*D65 -> 180000
A66: Đậu Cove Trắng | B66: Túi 500gr | C66: 0 | E66: =C66*D66 -> 0
A67: Đậu Đỏ | B67: Kg | C67: 0 | E67: =C67*D67 -> 0
A68: Đậu Ngự | B68: Kg | C68: 1 | D68: 70000 | E68: =C68*D68 -> 70000
A69: Đậu Trắng | B69: Kg | C69: 0 | E69: =C69*D69 -> 0
A70: Hành Paro | B70: Cây | C70: 0 | E70: =C70*D70 -> 0
A71: Hành Paro | B71: Kg | C71: 20 | D71: 21000 | E71: =C71*D71 -> 420000
A72: Hồng Giòn Đà Lạt | B72: Kg | C72: 0 | E72: =C72*D72 -> 0
A73: Lá Mè | B73: Túi | C73: 0 | E73: =C73*D73 -> 0
A74: Lá Nha Đam | B74: Kg | C74: 15 | D74: 14000 | E74: =C74*D74 -> 210000
A75: Ớt Chuông Baby | B75: Hộp | C75: 0 | E75: =C75*D75 -> 0
A76: Ớt Chuông Baby | B76: Kg | C76: 7 | D76: 44000 | E76: =C76*D76 -> 308000
A77: Ớt Sweet Palemo | B77: Túi | C77: 0 | E77: =C77*D77 -> 0
A78: Trái Su Su | B78: Kg | C78: 47 | D78: 7000 | E78: =C78*D78 -> 329000
A79: Xà Lách Lolo Xanh | B79: Kg | C79: 7 | D79: 10000 | E79: =C79*D79 -> 70000
A80: Xà Lách Mỡ T.C | B80: Kg | C80: 3 | D80: 28000 | E80: =C80*D80 -> 84000
A81: Xà Lách Thủy Tinh T.C | B81: Kg | C81: 5 | D81: 30000 | E81: =C81*D81 -> 150000
A82: Rau Bầu Đất | B82: Túi | C82: 0 | E82: =C82*D82 -> 0
A83: Bông Cải Xanh 7Cm | B83: Kg | C83: 0 | E83: =C83*D83 -> 0
A84: Trái Cam Canh | B84: Kg | C84: 205 | D84: 28000 | E84: =C84*D84 -> 5740000
A85: Xà Lách Mỡ T.C Cây | B85: Cây | C85: 0 | E85: =C85*D85 -> 0
A86: Xà Lách Lolo Xanh T.C Cây | B86: Cây | C86: 0 | E86: =C86*D86 -> 0
A87: Xà Lách Thủy Tinh T.C Cây | B87: Cây | C87: 45 | D87: 6500 | E87: =C87*D87 -> 292500
A88: Củ Khoai Tây Vàng Trung | B88: Túi | C88: 16 | D88: 7500 | E88: =C88*D88 -> 120000
A89: Củ Khoai Tây Bi Vàng | B89: Túi | C89: 0 | E89: =C89*D89 -> 0
A90: Trái Khổ Qua | B90: Kg | C90: 70 | D90: 10000 | E90: =C90*D90 -> 700000
A91: Bông Cải Xanh 12Cm | B91: Kg | C91: 0 | E91: =C91*D91 -> 0
A92: Dưa Leo Nhật | B92: Kg | C92: 25 | D92: 9000 | E92: =C92*D92 -> 225000
A93: Bí Đỏ Hồ Lô | B93: Kg | C93: 3 | D93: 11500 | E93: =C93*D93 -> 34500
A94: Củ Khoai Mỡ | B94: Kg | C94: 20 | D94: 27000 | E94: =C94*D94 -> 540000
A95: Củ Cải Muối | B95: Kg | C95: 1.5 | D95: 16000 | E95: =C95*D95 -> 24000
A96: Củ Hành Tây Tím | B96: Kg | C96: 13 | D96: 20000 | E96: =C96*D96 -> 260000
A97: Củ Khoai Lang Mật Size 78 | B97: Kg | C97: 50 | D97: 17000 | E97: =C97*D97 -> 850000
A98: Đậu Hà Lan Trái | B98: Kg | C98: 0.5 | D98: 80000 | E98: =C98*D98 -> 40000
A99: Ớt Chuông Vàng Trung | B99: Kg | C99: 20 | D99: 8000 | E99: =C99*D99 -> 160000
E100: =SUM(E5:E99) -> 191743600
...

Sheet 12.12
A1: hàng tồn cuối ngày 12/12 vr
A2: Tên Sản phẩm | B2: ĐVT | C2: tồn | D2: giá | E2: thành tiền
A3: Bắp Cải Tím | B3: Kg | C3: 55 | D3: 38000 | E3: =C3*D3 -> 2090000
A4: Bắp Cải Trái Tim | B4: Kg | C4: 150 | D4: 5000 | E4: =C4*D4 -> 750000
A5: Bắp Cải Trắng | B5: Kg | C5: 72 | D5: 5500 | E5: =C5*D5 -> 396000
A6: Bí Đao Xanh | B6: Kg | C6: 0 | E6: =C6*D6 -> 0
A7: Bí Đỏ Hồ Lô | B7: Kg | C7: 0 | E7: =C7*D7 -> 0
A8: Bí Đỏ Tròn | B8: Kg | C8: 460 | D8: 7000 | E8: =C8*D8 -> 3220000
A9: Bí Ngô Mini | B9: Kg | C9: 0 | E9: =C9*D9 -> 0
A10: Bí Ngòi Vàng | B10: Kg | C10: 0 | E10: =C10*D10 -> 0
A11: Bí Ngòi Xanh | B11: Kg | C11: 20 | D11: 11000 | E11: =C11*D11 -> 220000
A12: Bí Ngòi Xanh | B12: Trái | C12: 0 | E12: =C12*D12 -> 0
A13: Bí Non Nhật | B13: Kg | C13: 27 | D13: 13000 | E13: =C13*D13 -> 351000
A14: Bí Non Nhật | B14: Trái | C14: 0 | E14: =C14*D14 -> 0
A15: Bơ 034 L1 | B15: Kg | C15: 0 | E15: =C15*D15 -> 0
A16: Bơ Booth | B16: Kg | C16: 0 | E16: =C16*D16 -> 0
A17: Bông Cải Trắng | B17: Kg | C17: 20 | D17: 13000 | E17: =C17*D17 -> 260000
A18: Bông Cải Xanh 10Cm | B18: Kg | C18: 2 | D18: 19000 | E18: =C18*D18 -> 38000
A19: Bông Cải Xanh 12Cm | B19: Kg | C19: 0 | E19: =C19*D19 -> 0
A20: Bông Cải Xanh 7Cm | B20: Kg | C20: 0 | E20: =C20*D20 -> 0
A21: Bông Cải Xanh Baby | B21: Kg | C21: 0 | E21: =C21*D21 -> 0
A22: Bông Cải Xanh Baby | B22: Vỉ | C22: 24 | D22: 8000 | E22: =C22*D22 -> 192000
A23: Cà Chua Beef | B23: Kg | C23: 90 | D23: 24000 | E23: =C23*D23 -> 2160000
A24: Cà Chua Beef | B24: Vỉ | C24: 0 | E24: =C24*D24 -> 0
A25: Cà Chua Beef | B25: Vỉ 650gr | C25: 0 | E25: =C25*D25 -> 0
A26: Cà Chua Beef Trung | B26: Kg | C26: 45 | D26: 19000 | E26: =C26*D26 -> 855000
A27: Cà Chua Beef Trung | B27: Vỉ 500gr | C27: 0 | E27: =C27*D27 -> 0
A28: Cà Chua Bi Đỏ | B28: Kg | C28: 20 | D28: 30000 | E28: =C28*D28 -> 600000
A29: Cà Chua Bi Đỏ | B29: Hộp 300gr | C29: 64 | D29: 9000 | E29: =C29*D29 -> 576000
A30: Cà Chua Bi Mix | B30: Hộp | C30: 20 | D30: 16500 | E30: =C30*D30 -> 330000
A31: Cà Chua Socola | B31: Kg | C31: 0 | E31: =C31*D31 -> 0
A32: Cà Chua Socola | B32: Hộp 300gr | C32: 0 | E32: =C32*D32 -> 0
A33: Cà Chua Socola | B33: Hộp 250GR | C33: 0 | E33: =C33*D33 -> 0
A34: Cà Chua Thường | B34: Kg | C34: 210 | D34: 22000 | E34: =C34*D34 -> 4620000
A35: Cà Chua Thường | B35: Vỉ | C35: 0 | E35: =C35*D35 -> 0
A36: Cà Chua Thường Trung | B36: Túi | C36: 65 | D36: 18000 | E36: =C36*D36 -> 1170000
A37: Cà Rốt | B37: Kg | C37: 80 | D37: 12500 | E37: =C37*D37 -> 1000000
A38: Cà Rốt | B38: Túi | C38: 0 | E38: =C38*D38 -> 0
A39: Cà Rốt Baby | B39: Kg | C39: 0 | E39: =C39*D39 -> 0
A40: Cà Rốt Baby | B40: Vỉ | C40: 17 | D40: 9000 | E40: =C40*D40 -> 153000
A41: Cà Tím | B41: Kg | C41: 0 | E41: =C41*D41 -> 0
A42: Cà Tím | B42: Cặp | C42: 0 | E42: =C42*D42 -> 0
A43: Cải Bó Xôi | B43: Kg | C43: 10 | D43: 14000 | E43: =C43*D43 -> 140000
A44: Cải Bó Xôi | B44: Túi | C44: 0 | E44: =C44*D44 -> 0
A45: Cải Cầu Vồng | B45: Kg | C45: 0 | E45: =C45*D45 -> 0
A46: Cải Cầu Vồng | B46: Túi | C46: 10 | D46: 3900 | E46: =C46*D46 -> 39000
A47: Cải Kale | B47: Kg | C47: 0 | E47: =C47*D47 -> 0
A48: Cải Kale | B48: Túi | C48: 1 | D48: 5250 | E48: =C48*D48 -> 5250
A49: Cải Thảo | B49: Kg | C49: 0 | E49: =C49*D49 -> 0
A50: Cải Thảo Hỏa Tiễn | B50: Kg | C50: 0 | E50: =C50*D50 -> 0
A51: Cần Tây | B51: Cây | C51: 0 | E51: =C51*D51 -> 0
A52: Cần Tây | B52: Kg | C52: 105 | D52: 16000 | E52: =C52*D52 -> 1680000
A53: Chanh Không Hạt | B53: Vỉ | C53: 0 | E53: =C53*D53 -> 0
A54: Chuối Laba | B54: Kg | C54: 6 | D54: 13000 | E54: =C54*D54 -> 78000
A55: Củ Cải Đỏ | B55: Hộp | C55: 0 | E55: =C55*D55 -> 0
A56: Củ Cải Đỏ | B56: Kg | C56: 0 | E56: =C56*D56 -> 0
A57: Củ Cải Muối | B57: Kg | C57: 1.5 | D57: 16000 | E57: =C57*D57 -> 24000
A58: Củ Cải Trắng | B58: Kg | C58: 55 | D58: 4500 | E58: =C58*D58 -> 247500
A59: Củ Dền | B59: Kg | C59: 50 | D59: 12000 | E59: =C59*D59 -> 600000
A60: Củ Dền | B60: Túi | C60: 0 | E60: =C60*D60 -> 0
A61: Củ Gừng | B61: Kg | C61: 15 | D61: 23000 | E61: =C61*D61 -> 345000
A62: Củ Hành Tây | B62: Kg | C62: 170 | D62: 19000 | E62: =C62*D62 -> 3230000
A63: Củ Hành Tây | B63: Túi 300gr | C63: 0 | E63: =C63*D63 -> 0
A64: Củ Hành Tây Tím | B64: Kg | C64: 13 | D64: 20000 | E64: =C64*D64 -> 260000
A65: Củ Hành Tây Trung | B65: Túi | C65: 166 | D65: 6000 | E65: =C65*D65 -> 996000
A66: Củ Khoai Lang Mật Size 23 | B66: Kg | C66: 2020 | D66: 24000 | E66: =C66*D66 -> 48480000
A67: Củ Khoai Lang Mật Size 46 | B67: Kg | C67: 695 | D67: 24000 | E67: =C67*D67 -> 16680000
A68: Củ Khoai Lang Mật Size 46 | B68: Túi | C68: 0 | E68: =C68*D68 -> 0
A69: Củ Khoai Lang Mật Size 78 | B69: Kg | C69: 250 | D69: 17000 | E69: =C69*D69 -> 4250000
A70: Củ Khoai Lang Nhật | B70: Kg | C70: 0 | E70: =C70*D70 -> 0
A71: Củ Khoai Lang Nhật | B71: Túi | C71: 0 | E71: =C71*D71 -> 0
A72: Củ Khoai Mỡ | B72: Kg | C72: 20 | D72: 25000 | E72: =C72*D72 -> 500000
A73: Củ Khoai Sâm | B73: Kg | C73: 0 | E73: =C73*D73 -> 0
A74: Củ Khoai Tây Bi Vàng | B74: Túi | C74: 0 | E74: =C74*D74 -> 0
A75: Củ Khoai Tây Vàng | B75: Kg | C75: 115 | D75: 17000 | E75: =C75*D75 -> 1955000
A76: Củ Khoai Tây Vàng | B76: Túi | C76: 0 | E76: =C76*D76 -> 0
A77: Củ Khoai Tây Vàng Trung | B77: Túi | C77: 0 | E77: =C77*D77 -> 0
A78: Củ Su Hào | B78: Kg | C78: 45 | D78: 11000 | E78: =C78*D78 -> 495000
A79: Đậu Cove Nhật | B79: Túi | C79: 13 | D79: 6000 | E79: =C79*D79 -> 78000
A80: Đậu Cove Trắng | B80: Kg | C80: 0 | E80: =C80*D80 -> 0
A81: Đậu Cove Trắng | B81: Túi | C81: 23 | D81: 9000 | E81: =C81*D81 -> 207000
A82: Đậu Cove Trắng | B82: Túi 300gr | C82: 0 | E82: =C82*D82 -> 0
A83: Đậu Cove Trắng | B83: Túi 500gr | C83: 0 | E83: =C83*D83 -> 0
A84: Đậu Đỏ | B84: Kg | C84: 0 | E84: =C84*D84 -> 0
A85: Đậu Đỏ | B85: Vỉ | C85: 0 | E85: =C85*D85 -> 0
A86: Đậu Hà Lan Trái | B86: Kg | C86: 0.5 | D86: 80000 | E86: =C86*D86 -> 40000
A87: Đậu Ngự | B87: Kg | C87: 0 | E87: =C87*D87 -> 0
A88: Đậu Trắng | B88: Kg | C88: 0 | E88: =C88*D88 -> 0
A89: Dưa Leo Baby | B89: Kg | C89: 0 | E89: =C89*D89 -> 0
A90: Dưa Leo Baby | B90: Vỉ | C90: 270 | D90: 5000 | E90: =C90*D90 -> 1350000
A91: Dưa Leo Nhật | B91: Kg | C91: 0 | E91: =C91*D91 -> 0
A92: Dưa Leo Thường | B92: Kg | C92: 55 | D92: 4000 | E92: =C92*D92 -> 220000
A93: Hành Paro | B93: Cây | C93: 0 | E93: =C93*D93 -> 0
A94: Hành Paro | B94: Kg | C94: 19 | D94: 21000 | E94: =C94*D94 -> 399000
A95: Hạt Dẻ Ngố | B95: Kg | C95: 2320 | D95: 27600 | E95: =C95*D95 -> 64032000
A96: Hồng Giòn Đà Lạt | B96: Kg | C96: 0 | E96: =C96*D96 -> 0
A97: Hồng Treo Gió | B97: Hộp | C97: 0 | E97: =C97*D97 -> 0
A98: Lá Mè | B98: Túi | C98: 38 | D98: 1900 | E98: =C98*D98 -> 72200
A99: Lá Nha Đam | B99: Kg | C99: 0 | E99: =C99*D99 -> 0
A100: Ớt Chuông Ba Màu | B100: Vỉ | C100: 0 | E100: =C100*D100 -> 0
...

Sheet 13.12
A1: hàng tồn cuối ngày 13/12 vr
A2: Tên Sản phẩm | B2: ĐVT | C2: tồn | D2: giá | E2: thành tiền
A3: Bắp Cải Tím | B3: Kg | C3: 20 | D3: 32000 | E3: =C3*D3 -> 640000
A4: Bắp Cải Trái Tim | B4: Kg | C4: 274 | D4: 6000 | E4: =C4*D4 -> 1644000
A5: Bắp Cải Trắng | B5: Kg | C5: 110 | D5: 5500 | E5: =C5*D5 -> 605000
A6: Bí Đỏ Hồ Lô | B6: Kg | C6: 0 | E6: =C6*D6 -> 0
A7: Bí Đỏ Tròn | B7: Kg | C7: 350 | D7: 7000 | E7: =C7*D7 -> 2450000
A8: Bí Ngòi Xanh | B8: Kg | C8: 165 | D8: 11000 | E8: =C8*D8 -> 1815000
A9: Bí Ngòi Xanh | B9: Trái | C9: 0 | E9: =C9*D9 -> 0
A10: Bí Non Nhật | B10: Kg | C10: 65 | D10: 13000 | E10: =C10*D10 -> 845000
A11: Bí Non Nhật | B11: Trái | C11: 0 | E11: =C11*D11 -> 0
A12: Bơ Booth | B12: Kg | C12: 0 | E12: =C12*D12 -> 0
A13: Bông Cải Trắng | B13: Kg | C13: 0 | E13: =C13*D13 -> 0
A14: Bông Cải Xanh 10Cm | B14: Kg | C14: 0 | E14: =C14*D14 -> 0
A15: Bông Cải Xanh 12Cm | B15: Kg | C15: 10 | D15: 16000 | E15: =C15*D15 -> 160000
A16: Bông Cải Xanh 7Cm | B16: Kg | C16: 35 | D16: 26000 | E16: =C16*D16 -> 910000
A17: Bông Cải Xanh Baby | B17: Vỉ | C17: 16 | D17: 8000 | E17: =C17*D17 -> 128000
A18: Cà Chua Beef | B18: Kg | C18: 110 | D18: 24000 | E18: =C18*D18 -> 2640000
A19: Cà Chua Beef | B19: Vỉ | C19: 0 | E19: =C19*D19 -> 0
A20: Cà Chua Beef | B20: Vỉ 650gr | C20: 0 | E20: =C20*D20 -> 0
A21: Cà Chua Beef Trung | B21: Kg | C21: 0 | E21: =C21*D21 -> 0
A22: Cà Chua Beef Trung | B22: Vỉ 500gr | C22: 0 | E22: =C22*D22 -> 0
A23: Cà Chua Bi Đỏ | B23: Kg | C23: 12 | D23: 30000 | E23: =C23*D23 -> 360000
A24: Cà Chua Bi Đỏ | B24: Hộp 300gr | C24: 97 | D24: 9000 | E24: =C24*D24 -> 873000
A25: Cà Chua Bi Mix | B25: Hộp | C25: 0 | E25: =C25*D25 -> 0
A26: Cà Chua Socola | B26: Kg | C26: 0 | E26: =C26*D26 -> 0
A27: Cà Chua Socola | B27: Hộp 250GR | C27: 0 | E27: =C27*D27 -> 0
A28: Cà Chua Thường | B28: Kg | C28: 85 | D28: 20000 | E28: =C28*D28 -> 1700000
A29: Cà Chua Thường | B29: Vỉ | C29: 0 | E29: =C29*D29 -> 0
A30: Cà Chua Thường Trung | B30: Túi | C30: 75 | D30: 18000 | E30: =C30*D30 -> 1350000
A31: Cà Rốt | B31: Kg | C31: 0 | E31: =C31*D31 -> 0
A32: Cà Rốt | B32: Túi | C32: 0 | E32: =C32*D32 -> 0
A33: Cà Rốt Baby | B33: Vỉ | C33: 0 | E33: =C33*D33 -> 0
A34: Cà Tím | B34: Kg | C34: 40 | D34: 7000 | E34: =C34*D34 -> 280000
A35: Cà Tím | B35: Cặp | C35: 0 | E35: =C35*D35 -> 0
A36: Cải Bó Xôi | B36: Kg | C36: 0 | E36: =C36*D36 -> 0
A37: Cải Bó Xôi | B37: Túi | C37: 0 | E37: =C37*D37 -> 0
A38: Cải Cầu Vồng | B38: Túi | C38: 10 | D38: 3900 | E38: =C38*D38 -> 39000
A39: Cải Kale | B39: Túi | C39: 10 | D39: 5250 | E39: =C39*D39 -> 52500
A40: Cải Thảo | B40: Kg | C40: 0 | E40: =C40*D40 -> 0
A41: Cải Thảo Hỏa Tiễn | B41: Kg | C41: 0 | E41: =C41*D41 -> 0
A42: Cần Tây | B42: Cây | C42: 0 | E42: =C42*D42 -> 0
A43: Cần Tây | B43: Kg | C43: 70 | D43: 16000 | E43: =C43*D43 -> 1120000
A44: Chuối Laba | B44: Kg | C44: 0 | E44: =C44*D44 -> 0
A45: Củ Cải Đỏ | B45: Hộp | C45: 8 | D45: 6500 | E45: =C45*D45 -> 52000
A46: Củ Cải Muối | B46: Kg | C46: 1.5 | D46: 16000 | E46: =C46*D46 -> 24000
A47: Củ Cải Trắng | B47: Kg | C47: 40 | D47: 4500 | E47: =C47*D47 -> 180000
A48: Củ Dền | B48: Kg | C48: 30 | D48: 12000 | E48: =C48*D48 -> 360000
A49: Củ Dền | B49: Túi | C49: 0 | E49: =C49*D49 -> 0
A50: Củ Gừng | B50: Kg | C50: 10 | D50: 23000 | E50: =C50*D50 -> 230000
A51: Củ Hành Tây | B51: Kg | C51: 143 | D51: 19000 | E51: =C51*D51 -> 2717000
A52: Củ Hành Tây | B52: Túi 300gr | C52: 0 | E52: =C52*D52 -> 0
A53: Củ Hành Tây Tím | B53: Kg | C53: 13 | D53: 20000 | E53: =C53*D53 -> 260000
A54: Củ Hành Tây Trung | B54: Túi | C54: 66 | D54: 6000 | E54: =C54*D54 -> 396000
A55: Củ Khoai Lang Mật Size 23 | B55: Kg | C55: 1715 | D55: 24000 | E55: =C55*D55 -> 41160000
A56: Củ Khoai Lang Mật Size 46 | B56: Kg | C56: 650 | D56: 24000 | E56: =C56*D56 -> 15600000
A57: Củ Khoai Lang Mật Size 46 | B57: Túi | C57: 0 | E57: =C57*D57 -> 0
A58: Củ Khoai Lang Mật Size 78 | B58: Kg | C58: 210 | D58: 17000 | E58: =C58*D58 -> 3570000
A59: Củ Khoai Lang Nhật | B59: Kg | C59: 110 | D59: 16000 | E59: =C59*D59 -> 1760000
A60: Củ Khoai Mỡ | B60: Kg | C60: 20 | D60: 25000 | E60: =C60*D60 -> 500000
A61: Củ Khoai Sâm | B61: Kg | C61: 0 | E61: =C61*D61 -> 0
A62: Củ Khoai Tây Bi Vàng | B62: Túi | C62: 14 | D62: 6000 | E62: =C62*D62 -> 84000
A63: Củ Khoai Tây Vàng | B63: Kg | C63: 660 | D63: 17000 | E63: =C63*D63 -> 11220000
A64: Củ Khoai Tây Vàng | B64: Túi | C64: 0 | E64: =C64*D64 -> 0
A65: Củ Khoai Tây Vàng Trung | B65: Túi | C65: 40 | D65: 7500 | E65: =C65*D65 -> 300000
A66: Củ Su Hào | B66: Kg | C66: 40 | D66: 10000 | E66: =C66*D66 -> 400000
A67: Đậu Cove Nhật | B67: Túi | C67: 0 | E67: =C67*D67 -> 0
A68: Đậu Cove Trắng | B68: Kg | C68: 0 | E68: =C68*D68 -> 0
A69: Đậu Cove Trắng | B69: Túi 500gr | C69: 20 | D69: 9000 | E69: =C69*D69 -> 180000
A70: Đậu Đỏ | B70: Kg | C70: 0 | E70: =C70*D70 -> 0
A71: Đậu Ngự | B71: Kg | C71: 0 | E71: =C71*D71 -> 0
A72: Đậu Trắng | B72: Kg | C72: 0 | E72: =C72*D72 -> 0
A73: Dưa Leo Baby | B73: Kg | C73: 0 | E73: =C73*D73 -> 0
A74: Dưa Leo Baby | B74: Vỉ | C74: 25 | D74: 5000 | E74: =C74*D74 -> 125000
A75: Dưa Leo Nhật | B75: Kg | C75: 0 | E75: =C75*D75 -> 0
A76: Dưa Leo Thường | B76: Kg | C76: 8 | D76: 6000 | E76: =C76*D76 -> 48000
A77: Hành Paro | B77: Cây | C77: 0 | E77: =C77*D77 -> 0
A78: Hành Paro | B78: Kg | C78: 0 | E78: =C78*D78 -> 0
A79: Hạt Dẻ Ngố | B79: Kg | C79: 655 | D79: 27600 | E79: =C79*D79 -> 18078000
A80: Hồng Giòn Đà Lạt | B80: Kg | C80: 0 | E80: =C80*D80 -> 0
A81: Lá Mè | B81: Túi | C81: 13 | D81: 1900 | E81: =C81*D81 -> 24700
A82: Lá Nha Đam | B82: Kg | C82: 10 | D82: 14000 | E82: =C82*D82 -> 140000
A83: Ớt Chuông Ba Màu | B83: Vỉ | C83: 0 | E83: =C83*D83 -> 0
A84: Ớt Chuông Baby | B84: Hộp | C84: 0 | E84: =C84*D84 -> 0
A85: Ớt Chuông Baby | B85: Kg | C85: 2 | D85: 44000 | E85: =C85*D85 -> 88000
A86: Ớt Chuông Đỏ | B86: Kg | C86: 44 | D86: 32000 | E86: =C86*D86 -> 1408000
A87: Ớt Chuông Đỏ | B87: Trái | C87: 0 | E87: =C87*D87 -> 0
A88: Ớt Chuông Vàng | B88: Kg | C88: 97 | D88: 20000 | E88: =C88*D88 -> 1940000
A89: Ớt Chuông Vàng | B89: Trái | C89: 0 | E89: =C89*D89 -> 0
A90: Ớt Chuông Xanh | B90: Kg | C90: 135 | D90: 17000 | E90: =C90*D90 -> 2295000
A91: Ớt Chuông Xanh | B91: Trái | C91: 0 | E91: =C91*D91 -> 0
A92: Ớt Sweet Palemo | B92: Túi | C92: 0 | E92: =C92*D92 -> 0
A93: Rau Bầu Đất | B93: Túi | C93: 0 | E93: =C93*D93 -> 0
A94: Trái Cam Canh | B94: Kg | C94: 350 | D94: 28000 | E94: =C94*D94 -> 9800000
A95: Trái Khổ Qua | B95: Kg | C95: 0 | E95: =C95*D95 -> 0
A96: Trái Su Su | B96: Kg | C96: 15 | D96: 7000 | E96: =C96*D96 -> 105000
A97: Xà Lách Lolo Xanh | B97: Kg | C97: 4 | D97: 14000 | E97: =C97*D97 -> 56000
A98: Xà Lách Lolo Xanh T.C | B98: Kg | C98: 42 | D98: 28000 | E98: =C98*D98 -> 1176000
A99: Xà Lách Lolo Xanh T.C Cây | B99: Cây | C99: 0 | E99: =C99*D99 -> 0
A100: Xà Lách Mỡ T.C | B100: Kg | C100: 0 | E100: =C100*D100 -> 0
...

Sheet 14.12
A1: Tên Sản phẩm VR | B1: ĐVT | C1: Tồn ĐL 現在個 | D1: Gía nhập | E1: Thành tiền
A2: Bắp Cải Tím | B2: Kg | C2: 26 | D2: 32000 | E2: =+D2*C2 -> 832000
A3: Bắp Cải Trái Tim | B3: Kg | C3: 543 | D3: 6000 | E3: =+D3*C3 -> 3258000
A4: Bắp Cải Trắng | B4: Kg | C4: 335 | D4: 5500 | E4: =+D4*C4 -> 1842500
A5: Bí Đỏ Hồ Lô | B5: Kg | C5: 45 | D5: 11500 | E5: =+D5*C5 -> 517500
A6: Bí Đỏ Tròn | B6: Kg | C6: 195 | D6: 7000 | E6: =+D6*C6 -> 1365000
A7: Bí Ngòi Xanh | B7: Kg | C7: 100 | D7: 11000 | E7: =+D7*C7 -> 1100000
A8: Bí Ngòi Xanh | B8: Trái | C8: 0
A9: Bí Non Nhật | B9: Kg | C9: 25 | D9: 13000 | E9: =+D9*C9 -> 325000
A10: Bí Non Nhật | B10: Trái | C10: 0
A11: Bơ 034 L1 | B11: Kg | C11: 0
A12: Bơ Booth | B12: Kg | C12: 0
A13: Bông Cải Trắng | B13: Kg | C13: 33 | D13: 15000 | E13: =+D13*C13 -> 495000
A14: Bông Cải Xanh 10Cm | B14: Kg | C14: 0
A15: Bông Cải Xanh 12Cm | B15: Kg | C15: 50 | D15: 16000 | E15: =+D15*C15 -> 800000
A16: Bông Cải Xanh 7Cm | B16: Kg | C16: 0
A17: Bông Cải Xanh Baby | B17: Vỉ | C17: 0
A18: Cà Chua Beef | B18: Kg | C18: 125 | D18: 24000 | E18: =+D18*C18 -> 3000000
A19: Cà Chua Beef | B19: Vỉ | C19: 0
A20: Cà Chua Beef | B20: Vỉ 650gr | C20: 0
A21: Cà Chua Beef Trung | B21: Kg | C21: 8 | D21: 19000 | E21: =+D21*C21 -> 152000
A22: Cà Chua Beef Trung | B22: Vỉ 500gr | C22: 0
A23: Cà Chua Bi Đỏ | B23: Kg | C23: 8 | D23: 30000 | E23: =+D23*C23 -> 240000
A24: Cà Chua Bi Đỏ | B24: Hộp 300gr | C24: 60 | D24: 9000 | E24: =+D24*C24 -> 540000
A25: Cà Chua Bi Mix | B25: Hộp | C25: 12 | D25: 16500 | E25: =+D25*C25 -> 198000
A26: Cà Chua Socola | B26: Kg | C26: 10 | D26: 34000 | E26: =+D26*C26 -> 340000
A27: Cà Chua Socola | B27: Hộp 250GR | C27: 0
A28: Cà Chua Thường | B28: Kg | C28: 400 | D28: 20000 | E28: =+D28*C28 -> 8000000
A29: Cà Chua Thường | B29: Vỉ | C29: 0
A30: Cà Chua Thường Trung | B30: Túi | C30: 108 | D30: 18000 | E30: =+D30*C30 -> 1944000
A31: Cà Rốt | B31: Kg | C31: 0
A32: Cà Rốt | B32: Túi | C32: 0
A33: Cà Rốt Baby | B33: Vỉ | C33: 0
A34: Cà Tím | B34: Kg | C34: 0
A35: Cà Tím | B35: Cặp | C35: 0
A36: Cải Bó Xôi | B36: Kg | C36: 7 | D36: 14000 | E36: =+D36*C36 -> 98000
A37: Cải Bó Xôi | B37: Túi | C37: 0
A38: Cải Cầu Vồng | B38: Túi | C38: 0
A39: Cải Kale | B39: Túi | C39: 15 | D39: 5250 | E39: =+D39*C39 -> 78750
A40: Cải Thảo | B40: Kg | C40: 800 | D40: 5500 | E40: =+D40*C40 -> 4400000
A41: Cần Tây | B41: Cây | C41: 0
A42: Cần Tây | B42: Kg | C42: 60 | D42: 16000 | E42: =+D42*C42 -> 960000
A43: Chuối Laba | B43: Kg | C43: 40 | D43: 13000 | E43: =+D43*C43 -> 520000
A44: Củ Cải Đỏ | B44: Hộp | C44: 13 | D44: 6500 | E44: =+D44*C44 -> 84500
A45: Củ Cải Đỏ | B45: Kg | C45: 0
A46: Củ Cải Muối | B46: Kg | C46: 1.5 | D46: 16000 | E46: =+D46*C46 -> 24000
A47: Củ Cải Trắng | B47: Kg | C47: 51 | D47: 4500 | E47: =+D47*C47 -> 229500
A48: Củ Dền | B48: Kg | C48: 10 | D48: 12000 | E48: =+D48*C48 -> 120000
A49: Củ Dền | B49: Túi | C49: 0
A50: Củ Gừng | B50: Kg | C50: 10 | D50: 23000 | E50: =+D50*C50 -> 230000
A51: Củ Hành Đỏ | B51: Kg | C51: 0
A52: Củ Hành Tây | B52: Kg | C52: 463 | D52: 19000 | E52: =+D52*C52 -> 8797000
A53: Củ Hành Tây | B53: Túi 300gr | C53: 0
A54: Củ Hành Tây Tím | B54: Kg | C54: 5 | D54: 20000 | E54: =+D54*C54 -> 100000
A55: Củ Hành Tây Trung | B55: Túi | C55: 200 | D55: 6000 | E55: =+D55*C55 -> 1200000
A56: Củ Khoai Lang Mật Size 23 | B56: Kg | C56: 1390 | D56: 24000 | E56: =+D56*C56 -> 33360000
A57: Củ Khoai Lang Mật Size 46 | B57: Kg | C57: 460 | D57: 24000 | E57: =+D57*C57 -> 11040000
A58: Củ Khoai Lang Mật Size 46 | B58: Túi | C58: 0
A59: Củ Khoai Lang Mật Size 78 | B59: Kg | C59: 205 | D59: 17000 | E59: =+D59*C59 -> 3485000
A60: Củ Khoai Lang Nhật | B60: Kg | C60: 80 | D60: 16000 | E60: =+D60*C60 -> 1280000
A61: Củ Khoai Mỡ | B61: Kg | C61: 18 | D61: 25000 | E61: =+D61*C61 -> 450000
A62: Củ Khoai Sâm | B62: Kg | C62: 0
A63: Củ Khoai Tây Bi Vàng | B63: Túi | C63: 20 | D63: 6000 | E63: =+D63*C63 -> 120000
A64: Củ Khoai Tây Vàng | B64: Kg | C64: 50 | D64: 17000 | E64: =+D64*C64 -> 850000
A65: Củ Khoai Tây Vàng | B65: Túi | C65: 0
A66: Củ Khoai Tây Vàng Trung | B66: Túi | C66: 40 | D66: 7500 | E66: =+D66*C66 -> 300000
A67: Củ Su Hào | B67: Kg | C67: 50 | D67: 10000 | E67: =+D67*C67 -> 500000
A68: Đậu Cove Nhật | B68: Túi | C68: 28 | D68: 6000 | E68: =+D68*C68 -> 168000
A69: Đậu Cove Trắng | B69: Kg | C69: 0
A70: Đậu Cove Trắng | B70: Túi 500gr | C70: 43 | D70: 9000 | E70: =+D70*C70 -> 387000
A71: Đậu Đỏ | B71: Kg | C71: 5.5 | D71: 80000 | E71: =+D71*C71 -> 440000
A72: Đậu Ngự | B72: Kg | C72: 1 | D72: 70000 | E72: =+D72*C72 -> 70000
A73: Đậu Trắng | B73: Kg | C73: 0.5 | D73: 70000 | E73: =+D73*C73 -> 35000
A74: Đậu Tươi Hỗn Hợp Túi 100gr | B74: Túi | C74: 0
A75: Dưa Leo Baby | B75: Kg | C75: 52 | D75: 14000 | E75: =+D75*C75 -> 728000
A76: Dưa Leo Baby | B76: Vỉ | C76: 323 | D76: 7000 | E76: =+D76*C76 -> 2261000
A77: Dưa Leo Nhật | B77: Kg | C77: 5 | D77: 9000 | E77: =+D77*C77 -> 45000
A78: Dưa Leo Thường | B78: Kg | C78: 30 | D78: 6000 | E78: =+D78*C78 -> 180000
A79: Hành Paro | B79: Cây | C79: 0
A80: Hành Paro | B80: Kg | C80: 0
A81: Hạt Dẻ Ngố | B81: Kg | C81: 1800 | D81: 27600 | E81: =+D81*C81 -> 49680000
A82: Hồng Giòn Đà Lạt | B82: Kg | C82: 0
A83: Lá Mè | B83: Túi | C83: 0
A84: Lá Nha Đam | B84: Kg | C84: 0
A85: Ớt Chuông Ba Màu | B85: Vỉ | C85: 0
A86: Ớt Chuông Baby | B86: Hộp | C86: 0
A87: Ớt Chuông Đỏ | B87: Kg | C87: 0
A88: Ớt Chuông Đỏ | B88: Trái | C88: 0
A89: Ớt Chuông Đỏ Trung | B89: Kg | C89: 18 | D89: 27000 | E89: =+D89*C89 -> 486000
A90: Ớt Chuông Vàng | B90: Kg | C90: 43 | D90: 20000 | E90: =+D90*C90 -> 860000
A91: Ớt Chuông Vàng | B91: Trái | C91: 0
A92: Ớt Chuông Xanh | B92: Kg | C92: 50 | D92: 17000 | E92: =+D92*C92 -> 850000
A93: Ớt Chuông Xanh | B93: Trái | C93: 0
A94: Ớt Sweet Palemo | B94: Túi | C94: 130 | D94: 21000 | E94: =+D94*C94 -> 2730000
A95: Rau Bầu Đất | B95: Túi | C95: 0
A96: Trái Cam Canh | B96: Kg | C96: 880 | D96: 28000 | E96: =+D96*C96 -> 24640000
A97: Trái Khổ Qua | B97: Kg | C97: 0
A98: Trái Su Su | B98: Kg | C98: 175 | D98: 7000 | E98: =+D98*C98 -> 1225000
A99: Xà Lách Lolo Xanh | B99: Kg | C99: 2 | D99: 28000 | E99: =+D99*C99 -> 56000
A100: Xà Lách Lolo Xanh T.C | B100: Kg | C100: 8 | D100: 12000 | E100: =+D100*C100 -> 96000
...

Sheet 14.12.
A2: hàng tồn cuối ngày 14/12 vr
A3: Tên Sản phẩm | B3: ĐVT | C3: tồn | D3: giá | E3: thành tiền
A4: Cà Rốt | B4: Kg | C4: 0 | E4: =C4*D4 -> 0
A5: Cà Rốt | B5: Túi | C5: 0 | E5: =C5*D5 -> 0
A6: Cà Rốt Baby | B6: Vỉ | C6: 0 | E6: =C6*D6 -> 0
A7: Củ Cải Đỏ | B7: Hộp | C7: 13 | D7: 6500 | E7: =C7*D7 -> 84500
A8: Củ Cải Đỏ | B8: Kg | C8: 0 | E8: =C8*D8 -> 0
A9: Củ Dền | B9: Kg | C9: 10 | D9: 11000 | E9: =C9*D9 -> 110000
A10: Củ Dền | B10: Túi | C10: 0 | E10: =C10*D10 -> 0
A11: Củ Hành Tây | B11: Kg | C11: 463 | D11: 19000 | E11: =C11*D11 -> 8797000
A12: Củ Hành Tây | B12: Túi 300gr | C12: 0 | E12: =C12*D12 -> 0
A13: Củ Hành Tây Trung | B13: Túi | C13: 200 | D13: 4800 | E13: =C13*D13 -> 960000
A14: Củ Khoai Lang Mật Size 46 | B14: Kg | C14: 460 | D14: 24000 | E14: =C14*D14 -> 11040000
A15: Củ Khoai Lang Mật Size 46 | B15: Túi | C15: 0 | E15: =C15*D15 -> 0
A16: Củ Khoai Lang Nhật | B16: Kg | C16: 80 | D16: 16000 | E16: =C16*D16 -> 1280000
A17: Củ Khoai Tây Vàng | B17: Kg | C17: 50 | D17: 17000 | E17: =C17*D17 -> 850000
A18: Củ Khoai Tây Vàng | B18: Túi | C18: 0 | E18: =C18*D18 -> 0
A19: Bông Cải Xanh Baby | B19: Vỉ | C19: 0 | E19: =C19*D19 -> 0
A20: Bắp Cải Trắng | B20: Kg | C20: 335 | D20: 5500 | E20: =C20*D20 -> 1842500
A21: Cải Bó Xôi | B21: Kg | C21: 7 | D21: 16000 | E21: =C21*D21 -> 112000
A22: Cải Bó Xôi | B22: Túi | C22: 0 | E22: =C22*D22 -> 0
A23: Cải Kale | B23: Túi | C23: 15 | D23: 5250 | E23: =C23*D23 -> 78750
A24: Cải Thảo | B24: Kg | C24: 800 | D24: 5500 | E24: =C24*D24 -> 4400000
A25: Cần Tây | B25: Cây | C25: 0 | E25: =C25*D25 -> 0
A26: Cần Tây | B26: Kg | C26: 60 | D26: 13000 | E26: =C26*D26 -> 780000
A27: Xà Lách Lolo Xanh T.C | B27: Kg | C27: 8 | D27: 28000 | E27: =C27*D27 -> 224000
A28: Bí Đỏ Tròn | B28: Kg | C28: 195 | D28: 7000 | E28: =C28*D28 -> 1365000
A29: Bí Ngòi Xanh | B29: Kg | C29: 100 | D29: 13000 | E29: =C29*D29 -> 1300000
A30: Bí Ngòi Xanh | B30: Trái | C30: 0 | E30: =C30*D30 -> 0
A31: Bí Non Nhật | B31: Kg | C31: 25 | D31: 10000 | E31: =C31*D31 -> 250000
A32: Bí Non Nhật | B32: Trái | C32: 0 | E32: =C32*D32 -> 0
A33: Cà Chua Beef | B33: Kg | C33: 125 | D33: 24000 | E33: =C33*D33 -> 3000000
A34: Cà Chua Beef | B34: Vỉ 650gr | C34: 0 | E34: =C34*D34 -> 0
A35: Cà Chua Thường | B35: Kg | C35: 400 | D35: 20000 | E35: =C35*D35 -> 8000000
A36: Cà Chua Thường | B36: Vỉ | C36: 0 | E36: =C36*D36 -> 0
A37: Cà Chua Thường Trung | B37: Túi | C37: 108 | D37: 17000 | E37: =C37*D37 -> 1836000
A38: Dưa Leo Baby | B38: Kg | C38: 52 | D38: 7000 | E38: =C38*D38 -> 364000
A39: Dưa Leo Baby | B39: Vỉ | C39: 323 | D39: 5000 | E39: =C39*D39 -> 1615000
A40: Dưa Leo Thường | B40: Kg | C40: 30 | D40: 6000 | E40: =C40*D40 -> 180000
A41: Ớt Chuông Đỏ | B41: Kg | C41: 0 | E41: =C41*D41 -> 0
A42: Ớt Chuông Đỏ | B42: Trái | C42: 0 | E42: =C42*D42 -> 0
A43: Ớt Chuông Vàng | B43: Kg | C43: 43 | D43: 20000 | E43: =C43*D43 -> 860000
A44: Ớt Chuông Vàng | B44: Trái | C44: 0 | E44: =C44*D44 -> 0
A45: Ớt Chuông Xanh | B45: Kg | C45: 50 | D45: 17000 | E45: =C45*D45 -> 850000
A46: Ớt Chuông Xanh | B46: Trái | C46: 0 | E46: =C46*D46 -> 0
A47: Ớt Chuông Ba Màu | B47: Vỉ | C47: 0 | E47: =C47*D47 -> 0
A48: Củ Khoai Lang Mật Size 23 | B48: Kg | C48: 1390 | D48: 24000 | E48: =C48*D48 -> 33360000
A49: Cà Chua Bi Đỏ | B49: Kg | C49: 8 | D49: 30000 | E49: =C49*D49 -> 240000
A50: Cà Chua Bi Đỏ | B50: Hộp 300gr | C50: 60 | D50: 9000 | E50: =C50*D50 -> 540000
A51: Hạt Dẻ Ngố | B51: Kg | C51: 1800 | D51: 27600 | E51: =C51*D51 -> 49680000
A52: Bắp Cải Tím | B52: Kg | C52: 26 | D52: 32000 | E52: =C52*D52 -> 832000
A53: Bắp Cải Trái Tim | B53: Kg | C53: 543 | D53: 5500 | E53: =C53*D53 -> 2986500
A54: Bông Cải Trắng | B54: Kg | C54: 33 | D54: 25000 | E54: =C54*D54 -> 825000
A55: Cà Chua Beef Trung | B55: Kg | C55: 8 | D55: 21000 | E55: =C55*D55 -> 168000
A56: Cà Chua Beef Trung | B56: Vỉ 500gr | C56: 0 | E56: =C56*D56 -> 0
A57: Cà Chua Bi Mix | B57: Hộp | C57: 12 | D57: 16500 | E57: =C57*D57 -> 198000
A58: Cà Chua Socola | B58: Kg | C58: 10 | D58: 38000 | E58: =C58*D58 -> 380000
A59: Cà Chua Socola | B59: Hộp 250GR | C59: 0 | E59: =C59*D59 -> 0
A60: Cà Tím | B60: Kg | C60: 0 | E60: =C60*D60 -> 0
A61: Cà Tím | B61: Cặp | C61: 0 | E61: =C61*D61 -> 0
A62: Cải Cầu Vồng | B62: Túi | C62: 0 | E62: =C62*D62 -> 0
A63: Chuối Laba | B63: Kg | C63: 40 | D63: 13000 | E63: =C63*D63 -> 520000
A64: Củ Cải Trắng | B64: Kg | C64: 51 | D64: 4500 | E64: =C64*D64 -> 229500
A65: Củ Gừng | B65: Kg | C65: 10 | D65: 23000 | E65: =C65*D65 -> 230000
A66: Củ Su Hào | B66: Kg | C66: 50 | D66: 10000 | E66: =C66*D66 -> 500000
A67: Đậu Cove Nhật | B67: Túi | C67: 28 | D67: 6000 | E67: =C67*D67 -> 168000
A68: Đậu Cove Trắng | B68: Kg | C68: 0 | E68: =C68*D68 -> 0
A69: Đậu Cove Trắng | B69: Túi 500gr | C69: 43 | D69: 9000 | E69: =C69*D69 -> 387000
A70: Đậu Đỏ | B70: Kg | C70: 5.5 | D70: 80000 | E70: =C70*D70 -> 440000
A71: Đậu Ngự | B71: Kg | C71: 1 | D71: 70000 | E71: =C71*D71 -> 70000
A72: Đậu Trắng | B72: Kg | C72: 0.5 | D72: 70000 | E72: =C72*D72 -> 35000
A73: Hành Paro | B73: Cây | C73: 0 | E73: =C73*D73 -> 0
A74: Hành Paro | B74: Kg | C74: 0 | E74: =C74*D74 -> 0
A75: Lá Mè | B75: Túi | C75: 0 | E75: =C75*D75 -> 0
A76: Lá Nha Đam | B76: Kg | C76: 0 | E76: =C76*D76 -> 0
A77: Ớt Chuông Baby | B77: Hộp | C77: 0 | E77: =C77*D77 -> 0
A78: Ớt Sweet Palemo | B78: Túi | C78: 130 | D78: 21000 | E78: =C78*D78 -> 2730000
A79: Trái Su Su | B79: Kg | C79: 175 | D79: 7000 | E79: =C79*D79 -> 1225000
A80: Xà Lách Lolo Xanh | B80: Kg | C80: 2 | D80: 14000 | E80: =C80*D80 -> 28000
A81: Xà Lách Mỡ T.C | B81: Kg | C81: 17 | D81: 28000 | E81: =C81*D81 -> 476000
A82: Xà Lách Thủy Tinh T.C | B82: Kg | C82: 13 | D82: 30000 | E82: =C82*D82 -> 390000
A83: Bông Cải Xanh 7Cm | B83: Kg | C83: 0 | E83: =C83*D83 -> 0
A84: Rau Bầu Đất | B84: Túi | C84: 0 | E84: =C84*D84 -> 0
A85: Xà Lách Lolo Xanh T.C Cây | B85: Cây | C85: 135 | D85: 6800 | E85: =C85*D85 -> 918000
A86: Xà Lách Thủy Tinh T.C Cây | B86: Cây | C86: 90 | D86: 6500 | E86: =C86*D86 -> 585000
A87: Xà Lách Mỡ T.C Cây | B87: Cây | C87: 0 | E87: =C87*D87 -> 0
A88: Củ Khoai Tây Vàng Trung | B88: Túi | C88: 40 | D88: 8000 | E88: =C88*D88 -> 320000
A89: Bí Đỏ Hồ Lô | B89: Kg | C89: 45 | D89: 11500 | E89: =C89*D89 -> 517500
A90: Củ Hành Đỏ | B90: Kg | C90: 0 | E90: =C90*D90 -> 0
A91: Trái Cam Canh | B91: Kg | C91: 880 | D91: 28000 | E91: =C91*D91 -> 24640000
A92: Bơ 034 L1 | B92: Kg | C92: 0 | E92: =C92*D92 -> 0
A93: Đậu Tươi Hỗn Hợp Túi 100gr | B93: Túi | C93: 0 | E93: =C93*D93 -> 0
A94: Trái Khổ Qua | B94: Kg | C94: 0 | E94: =C94*D94 -> 0
A95: Củ Khoai Tây Bi Vàng | B95: Túi | C95: 20 | D95: 6000 | E95: =C95*D95 -> 120000
A96: Bông Cải Xanh 12Cm | B96: Kg | C96: 50 | D96: 16000 | E96: =C96*D96 -> 800000
A97: Củ Khoai Mỡ | B97: Kg | C97: 18 | D97: 25000 | E97: =C97*D97 -> 450000
A98: Củ Cải Muối | B98: Kg | C98: 1.5 | D98: 16000 | E98: =C98*D98 -> 24000
A99: Củ Hành Tây Tím | B99: Kg | C99: 5 | D99: 20000 | E99: =C99*D99 -> 100000
A100: Củ Khoai Lang Mật Size 78 | B100: Kg | C100: 205 | D100: 17000 | E100: =C100*D100 -> 3485000
A101: Ớt Chuông Đỏ Trung | B101: Kg | C101: 18 | D101: 25000 | E101: =C101*D101 -> 450000
...

Sheet 15.12
A2: hàng tồn cuối ngày 15/12
A3: Tên Sản phẩm | B3: ĐVT | C3: tồn | D3: giá | E3: thành tiền
A4: Cà Rốt | B4: Kg | C4: 0 | E4: =C4*D4 -> 0
A5: Cà Rốt | B5: Túi | C5: 0 | E5: =C5*D5 -> 0
A6: Cà Rốt Baby | B6: Vỉ | C6: 0 | E6: =C6*D6 -> 0
A7: Củ Cải Đỏ | B7: Hộp | C7: 20 | D7: 6500 | E7: =C7*D7 -> 130000
A8: Củ Cải Đỏ | B8: Kg | C8: 0 | E8: =C8*D8 -> 0
A9: Củ Dền | B9: Kg | C9: 0 | E9: =C9*D9 -> 0
A10: Củ Dền | B10: Túi | C10: 0 | E10: =C10*D10 -> 0
A11: Củ Hành Tây | B11: Kg | C11: 250 | D11: 19000 | E11: =C11*D11 -> 4750000
A12: Củ Hành Tây | B12: Túi 300gr | C12: 0 | E12: =C12*D12 -> 0
A13: Củ Hành Tây Trung | B13: Túi | C13: 170 | D13: 4800 | E13: =C13*D13 -> 816000
A14: Củ Khoai Lang Mật Size 46 | B14: Kg | C14: 305 | D14: 24000 | E14: =C14*D14 -> 7320000
A15: Củ Khoai Lang Mật Size 46 | B15: Túi | C15: 0 | E15: =C15*D15 -> 0
A16: Củ Khoai Lang Nhật | B16: Kg | C16: 100 | D16: 16000 | E16: =C16*D16 -> 1600000
A17: Củ Khoai Tây Vàng | B17: Kg | C17: 440 | D17: 18000 | E17: =C17*D17 -> 7920000
A18: Củ Khoai Tây Vàng | B18: Túi | C18: 0 | E18: =C18*D18 -> 0
A19: Bông Cải Xanh Baby | B19: Vỉ | C19: 0 | E19: =C19*D19 -> 0
A20: Bắp Cải Trắng | B20: Kg | C20: 165 | D20: 5500 | E20: =C20*D20 -> 907500
A21: Cải Bó Xôi | B21: Kg | C21: 16 | D21: 16000 | E21: =C21*D21 -> 256000
A22: Cải Bó Xôi | B22: Túi | C22: 0 | E22: =C22*D22 -> 0
A23: Cải Kale | B23: Túi | C23: 16 | D23: 3900 | E23: =C23*D23 -> 62400
A24: Cải Thảo | B24: Kg | C24: 250 | D24: 5500 | E24: =C24*D24 -> 1375000
A25: Cần Tây | B25: Cây | C25: 0 | E25: =C25*D25 -> 0
A26: Cần Tây | B26: Kg | C26: 0 | E26: =C26*D26 -> 0
A27: Xà Lách Lolo Xanh T.C | B27: Kg | C27: 3 | D27: 28000 | E27: =C27*D27 -> 84000
A28: Bí Đỏ Tròn | B28: Kg | C28: 0 | E28: =C28*D28 -> 0
A29: Bí Ngòi Xanh | B29: Kg | C29: 80 | D29: 13000 | E29: =C29*D29 -> 1040000
A30: Bí Ngòi Xanh | B30: Trái | C30: 0 | E30: =C30*D30 -> 0
A31: Bí Non Nhật | B31: Kg | C31: 22 | D31: 13000 | E31: =C31*D31 -> 286000
A32: Bí Non Nhật | B32: Trái | C32: 0 | E32: =C32*D32 -> 0
A33: Cà Chua Beef | B33: Kg | C33: 185 | D33: 24000 | E33: =C33*D33 -> 4440000
A34: Cà Chua Beef | B34: Vỉ 650gr | C34: 0 | E34: =C34*D34 -> 0
A35: Cà Chua Thường | B35: Kg | C35: 260 | D35: 20000 | E35: =C35*D35 -> 5200000
A36: Cà Chua Thường | B36: Vỉ | C36: 0 | E36: =C36*D36 -> 0
A37: Cà Chua Thường Trung | B37: Túi | C37: 65 | D37: 17000 | E37: =C37*D37 -> 1105000
A38: Dưa Leo Baby | B38: Kg | C38: 0 | E38: =C38*D38 -> 0
A39: Dưa Leo Baby | B39: Vỉ | C39: 65 | D39: 5000 | E39: =C39*D39 -> 325000
A40: Dưa Leo Thường | B40: Kg | C40: 20 | D40: 6000 | E40: =C40*D40 -> 120000
A41: Ớt Chuông Đỏ | B41: Kg | C41: 105 | D41: 38000 | E41: =C41*D41 -> 3990000
A42: Ớt Chuông Đỏ | B42: Trái | C42: 0 | E42: =C42*D42 -> 0
A43: Ớt Chuông Vàng | B43: Kg | C43: 0 | E43: =C43*D43 -> 0
A44: Ớt Chuông Vàng | B44: Trái | C44: 0 | E44: =C44*D44 -> 0
A45: Ớt Chuông Xanh | B45: Kg | C45: 30 | D45: 20000 | E45: =C45*D45 -> 600000
A46: Ớt Chuông Xanh | B46: Trái | C46: 0 | E46: =C46*D46 -> 0
A47: Bơ Booth | B47: Kg | C47: 0 | E47: =C47*D47 -> 0
A48: Ớt Chuông Ba Màu | B48: Vỉ | C48: 0 | E48: =C48*D48 -> 0
A49: Củ Khoai Lang Mật Size 23 | B49: Kg | C49: 1315 | D49: 24000 | E49: =C49*D49 -> 31560000
A50: Cà Chua Bi Đỏ | B50: Kg | C50: 3 | D50: 30000 | E50: =C50*D50 -> 90000
A51: Cà Chua Bi Đỏ | B51: Hộp 300gr | C51: 0 | E51: =C51*D51 -> 0
A52: Hạt Dẻ Ngố | B52: Kg | C52: 0 | D52: 27600 | E52: =C52*D52 -> 0
A53: Bắp Cải Tím | B53: Kg | C53: 6 | D53: 32000 | E53: =C53*D53 -> 192000
A54: Bắp Cải Trái Tim | B54: Kg | C54: 770 | D54: 5500 | E54: =C54*D54 -> 4235000
A55: Bông Cải Trắng | B55: Kg | C55: 0 | E55: =C55*D55 -> 0
A56: Cà Chua Beef Trung | B56: Kg | C56: 20 | D56: 21000 | E56: =C56*D56 -> 420000
A57: Cà Chua Beef Trung | B57: Vỉ 500gr | C57: 70 | D57: 10500 | E57: =C57*D57 -> 735000
A58: Cà Chua Bi Mix | B58: Hộp | C58: 32 | D58: 16500 | E58: =C58*D58 -> 528000
A59: Cà Chua Socola | B59: Kg | C59: 0 | E59: =C59*D59 -> 0
A60: Cà Chua Socola | B60: Hộp 250GR | C60: 184 | D60: 12000 | E60: =C60*D60 -> 2208000
A61: Cà Tím | B61: Kg | C61: 40 | D61: 10000 | E61: =C61*D61 -> 400000
A62: Cà Tím | B62: Cặp | C62: 0 | E62: =C62*D62 -> 0
A63: Cải Cầu Vồng | B63: Kg | C63: 0 | E63: =C63*D63 -> 0
A64: Cải Cầu Vồng | B64: Túi | C64: 8 | D64: 3900 | E64: =C64*D64 -> 31200
A65: Chuối Laba | B65: Kg | C65: 0 | E65: =C65*D65 -> 0
A66: Củ Cải Trắng | B66: Kg | C66: 35 | D66: 4500 | E66: =C66*D66 -> 157500
A67: Củ Gừng | B67: Kg | C67: 5 | D67: 23000 | E67: =C67*D67 -> 115000
A68: Củ Su Hào | B68: Kg | C68: 55 | D68: 9000 | E68: =C68*D68 -> 495000
A69: Đậu Cove Nhật | B69: Túi | C69: 9 | D69: 6000 | E69: =C69*D69 -> 54000
A70: Đậu Cove Trắng | B70: Kg | C70: 0 | E70: =C70*D70 -> 0
A71: Đậu Cove Trắng | B71: Túi 500gr | C71: 5 | D71: 9000 | E71: =C71*D71 -> 45000
A72: Đậu Đỏ | B72: Kg | C72: 12.5 | D72: 60000 | E72: =C72*D72 -> 750000
A73: Đậu Trắng | B73: Kg | C73: 0.5 | D73: 70000 | E73: =C73*D73 -> 35000
A74: Hành Paro | B74: Cây | C74: 0 | E74: =C74*D74 -> 0
A75: Hành Paro | B75: Kg | C75: 10 | D75: 21000 | E75: =C75*D75 -> 210000
A76: Lá Mè | B76: Túi | C76: 0 | E76: =C76*D76 -> 0
A77: Lá Nha Đam | B77: Kg | C77: 12 | D77: 14000 | E77: =C77*D77 -> 168000
A78: Ớt Chuông Baby | B78: Hộp | C78: 0 | E78: =C78*D78 -> 0
A79: Ớt Sweet Palemo | B79: Túi | C79: 79 | D79: 21000 | E79: =C79*D79 -> 1659000
A80: Trái Su Su | B80: Kg | C80: 5 | D80: 7000 | E80: =C80*D80 -> 35000
A81: Xà Lách Lolo Xanh | B81: Kg | C81: 5 | D81: 12000 | E81: =C81*D81 -> 60000
A82: Xà Lách Mỡ T.C | B82: Kg | C82: 0 | E82: =C82*D82 -> 0
A83: Xà Lách Romaine T.C | B83: Kg | C83: 0 | E83: =C83*D83 -> 0
A84: Xà Lách Thủy Tinh T.C | B84: Kg | C84: 0 | E84: =C84*D84 -> 0
A85: Trái Bầu | B85: Kg | C85: 0 | E85: =C85*D85 -> 0
A86: Bí Đao Xanh | B86: Kg | C86: 0 | E86: =C86*D86 -> 0
A87: Củ Khoai Tây Bi Vàng | B87: Kg | C87: 0 | E87: =C87*D87 -> 0
A88: Củ Khoai Tây Bi Vàng | B88: Túi | C88: 0 | E88: =C88*D88 -> 0
A89: Xà Lách Rocket | B89: Kg | C89: 0 | E89: =C89*D89 -> 0
A90: Đậu Hà Lan Trái | B90: Kg | C90: 0 | E90: =C90*D90 -> 0
A91: Bông Cải Xanh 7Cm | B91: Kg | C91: 12 | D91: 26000 | E91: =C91*D91 -> 312000
A92: Rau Bầu Đất | B92: Túi | C92: 0 | E92: =C92*D92 -> 0
A93: Xà Lách Lolo Xanh T.C Cây | B93: Cây | C93: 135 | D93: 6800 | E93: =C93*D93 -> 918000
A94: Xà Lách Thủy Tinh T.C Cây | B94: Cây | C94: 0 | E94: =C94*D94 -> 0
A95: Xà Lách Mỡ T.C Cây | B95: Cây | C95: 23 | D95: 6800 | E95: =C95*D95 -> 156400
A96: Củ Khoai Tây Vàng Trung | B96: Túi | C96: 80 | D96: 8000 | E96: =C96*D96 -> 640000
A97: Bí Đỏ Hồ Lô | B97: Kg | C97: 0 | E97: =C97*D97 -> 0
A98: Trái Bưởi Diễn | B98: Trái | C98: 0 | E98: =C98*D98 -> 0
A99: Trái Cam Canh | B99: Kg | C99: 1730 | D99: 28000 | E99: =C99*D99 -> 48440000
A100: Bơ 034 L1 | B100: Kg | C100: 0 | E100: =C100*D100 -> 0
A101: Đậu Tươi Hỗn Hợp Túi 100gr | B101: Túi | C101: 0 | E101: =C101*D101 -> 0
...

Sheet 16.12
A1: hnagf tồn cuối ngày 16/12 vr
A2: Tên Sản phẩm | B2: ĐVT | C2: tồn | D2: giá | E2: thành tiền
A3: Bắp Cải Tím | B3: Kg | C3: 0 | E3: =C3*D3 -> 0
A4: Bắp Cải Trái Tim | B4: Kg | C4: 1124 | D4: 5500 | E4: =C4*D4 -> 6182000
A5: Bắp Cải Trắng | B5: Kg | C5: 180 | D5: 5500 | E5: =C5*D5 -> 990000
A6: Bí Đỏ Hồ Lô | B6: Kg | C6: 0 | E6: =C6*D6 -> 0
A7: Bí Đỏ Tròn | B7: Kg | C7: 2240 | D7: 7000 | E7: =C7*D7 -> 15680000
A8: Bí Ngòi Xanh | B8: Kg | C8: 20 | D8: 16000 | E8: =C8*D8 -> 320000
A9: Bí Ngòi Xanh | B9: Trái | C9: 0 | E9: =C9*D9 -> 0
A10: Bí Non Nhật | B10: Kg | C10: 0 | E10: =C10*D10 -> 0
A11: Bí Non Nhật | B11: Trái | C11: 0 | E11: =C11*D11 -> 0
A12: Bơ 034 L1 | B12: Kg | C12: 0 | E12: =C12*D12 -> 0
A13: Bơ Booth | B13: Kg | C13: 0 | E13: =C13*D13 -> 0
A14: Bông Cải Trắng | B14: Kg | C14: 20 | D14: 25000 | E14: =C14*D14 -> 500000
A15: Bông Cải Xanh 10Cm | B15: Kg | C15: 0 | E15: =C15*D15 -> 0
A16: Bông Cải Xanh 12Cm | B16: Kg | C16: 0 | E16: =C16*D16 -> 0
A17: Bông Cải Xanh 7Cm | B17: Kg | C17: 0 | E17: =C17*D17 -> 0
A18: Bông Cải Xanh Baby | B18: Vỉ | C18: 18 | D18: 7600 | E18: =C18*D18 -> 136800
A19: Cà Chua Beef | B19: Kg | C19: 262 | D19: 22000 | E19: =C19*D19 -> 5764000
A20: Cà Chua Beef | B20: Vỉ | C20: 0 | E20: =C20*D20 -> 0
A21: Cà Chua Beef | B21: Vỉ 650gr | C21: 0 | E21: =C21*D21 -> 0
A22: Cà Chua Beef Trung | B22: Kg | C22: 60 | D22: 20000 | E22: =C22*D22 -> 1200000
A23: Cà Chua Beef Trung | B23: Vỉ 500gr | C23: 0 | E23: =C23*D23 -> 0
A24: Cà Chua Bi Đỏ | B24: Kg | C24: 3 | D24: 30000 | E24: =C24*D24 -> 90000
A25: Cà Chua Bi Đỏ | B25: Hộp 300gr | C25: 171 | D25: 9000 | E25: =C25*D25 -> 1539000
A26: Cà Chua Bi Mix | B26: Hộp | C26: 5 | D26: 16500 | E26: =C26*D26 -> 82500
A27: Cà Chua Socola | B27: Kg | C27: 10 | D27: 38000 | E27: =C27*D27 -> 380000
A28: Cà Chua Socola | B28: Hộp 250GR | C28: 324 | D28: 12000 | E28: =C28*D28 -> 3888000
A29: Cà Chua Thường | B29: Kg | C29: 200 | D29: 20000 | E29: =C29*D29 -> 4000000
A30: Cà Chua Thường | B30: Vỉ | C30: 0 | E30: =C30*D30 -> 0
A31: Cà Chua Thường Trung | B31: Túi | C31: 63 | D31: 16000 | E31: =C31*D31 -> 1008000
A32: Cà Rốt | B32: Kg | C32: 400 | D32: 13000 | E32: =C32*D32 -> 5200000
A33: Cà Rốt | B33: Túi | C33: 0 | E33: =C33*D33 -> 0
A34: Cà Rốt Baby | B34: Vỉ | C34: 0 | E34: =C34*D34 -> 0
A35: Cà Tím | B35: Kg | C35: 70 | D35: 10000 | E35: =C35*D35 -> 700000
A36: Cà Tím | B36: Cặp | C36: 0 | E36: =C36*D36 -> 0
A37: Cải Bó Xôi | B37: Kg | C37: 10 | D37: 20000 | E37: =C37*D37 -> 200000
A38: Cải Bó Xôi | B38: Túi | C38: 0 | E38: =C38*D38 -> 0
A39: Cải Cầu Vồng | B39: Túi | C39: 14 | D39: 3900 | E39: =C39*D39 -> 54600
A40: Cải Kale | B40: Túi | C40: 14 | D40: 3900 | E40: =C40*D40 -> 54600
A41: Cải Thảo | B41: Kg | C41: 0 | E41: =C41*D41 -> 0
A42: Cần Tây | B42: Cây | C42: 0 | E42: =C42*D42 -> 0
A43: Cần Tây | B43: Kg | C43: 70 | D43: 10000 | E43: =C43*D43 -> 700000
A44: Chuối Laba | B44: Kg | C44: 0 | E44: =C44*D44 -> 0
A45: Củ Cải Đỏ | B45: Hộp | C45: 5 | D45: 6500 | E45: =C45*D45 -> 32500
A46: Củ Cải Đỏ | B46: Kg | C46: 0 | E46: =C46*D46 -> 0
A47: Củ Cải Trắng | B47: Kg | C47: 43 | D47: 5000 | E47: =C47*D47 -> 215000
A48: Củ Dền | B48: Kg | C48: 75 | D48: 12000 | E48: =C48*D48 -> 900000
A49: Củ Dền | B49: Túi | C49: 0 | E49: =C49*D49 -> 0
A50: Củ Gừng | B50: Kg | C50: 5 | D50: 23000 | E50: =C50*D50 -> 115000
A51: Củ Hành Đỏ | B51: Kg | C51: 2 | D51: 50000 | E51: =C51*D51 -> 100000
A52: Củ Hành Tây | B52: Kg | C52: 300 | D52: 19000 | E52: =C52*D52 -> 5700000
A53: Củ Hành Tây | B53: Túi 300gr | C53: 0 | E53: =C53*D53 -> 0
A54: Củ Hành Tây Tím | B54: Kg | C54: 5 | D54: 20000 | E54: =C54*D54 -> 100000
A55: Củ Hành Tây Trung | B55: Túi | C55: 150 | D55: 4800 | E55: =C55*D55 -> 720000
A56: Củ Khoai Lang Mật Size 23 | B56: Kg | C56: 1200 | D56: 24000 | E56: =C56*D56 -> 28800000
A57: Củ Khoai Lang Mật Size 46 | B57: Kg | C57: 258 | D57: 24000 | E57: =C57*D57 -> 6192000
A58: Củ Khoai Lang Mật Size 78 | B58: Kg | C58: 203 | D58: 17000 | E58: =C58*D58 -> 3451000
A59: Củ Khoai Lang Nhật | B59: Kg | C59: 70 | D59: 16000 | E59: =C59*D59 -> 1120000
A60: Củ Khoai Mỡ | B60: Kg | C60: 40 | D60: 25000 | E60: =C60*D60 -> 1000000
A61: Củ Khoai Sâm | B61: Kg | C61: 0 | E61: =C61*D61 -> 0
A62: Củ Khoai Tây Vàng | B62: Kg | C62: 235 | D62: 18000 | E62: =C62*D62 -> 4230000
A63: Củ Khoai Tây Vàng | B63: Túi | C63: 0 | E63: =C63*D63 -> 0
A64: Củ Khoai Tây Vàng Trung | B64: Túi | C64: 90 | D64: 8000 | E64: =C64*D64 -> 720000
A65: Củ Su Hào | B65: Kg | C65: 14 | D65: 10000 | E65: =C65*D65 -> 140000
A66: Đậu Cove Nhật | B66: Túi | C66: 22 | D66: 10000 | E66: =C66*D66 -> 220000
A67: Đậu Cove Trắng | B67: Kg | C67: 0 | E67: =C67*D67 -> 0
A68: Đậu Cove Trắng | B68: Túi 500gr | C68: 0 | E68: =C68*D68 -> 0
A69: Đậu Đỏ | B69: Kg | C69: 3 | D69: 60000 | E69: =C69*D69 -> 180000
A70: Đậu Ngự | B70: Kg | C70: 0 | E70: =C70*D70 -> 0
A71: Đậu Trắng | B71: Kg | C71: 0 | E71: =C71*D71 -> 0
A72: Đậu Tươi Hỗn Hợp Túi 100gr | B72: Túi | C72: 0 | E72: =C72*D72 -> 0
A73: Dưa Leo Baby | B73: Kg | C73: 47 | D73: 8000 | E73: =C73*D73 -> 376000
A74: Dưa Leo Baby | B74: Vỉ | C74: 0 | E74: =C74*D74 -> 0
A75: Dưa Leo Nhật | B75: Kg | C75: 0 | E75: =C75*D75 -> 0
A76: Dưa Leo Thường | B76: Kg | C76: 45 | D76: 10000 | E76: =C76*D76 -> 450000
A77: Hành Paro | B77: Cây | C77: 0 | E77: =C77*D77 -> 0
A78: Hành Paro | B78: Kg | C78: 5 | D78: 19000 | E78: =C78*D78 -> 95000
A79: Hạt Dẻ Ngố | B79: Kg | C79: 1730 | D79: 27600 | E79: =C79*D79 -> 47748000
A80: Hồng Giòn Đà Lạt | B80: Kg | C80: 0 | E80: =C80*D80 -> 0
A81: Lá Giang | B81: Kg | C81: 0 | E81: =C81*D81 -> 0
A82: Lá Mè | B82: túi | C82: 10 | D82: 1900 | E82: =C82*D82 -> 19000
A83: Lá Mè | B83: Túi | C83: 0 | E83: =C83*D83 -> 0
A84: Lá Nha Đam | B84: Kg | C84: 18 | D84: 14000 | E84: =C84*D84 -> 252000
A85: Ớt Chuông Ba Màu | B85: Vỉ | C85: 0 | E85: =C85*D85 -> 0
A86: Ớt Chuông Baby | B86: Hộp | C86: 0 | E86: =C86*D86 -> 0
A87: Ớt Chuông Đỏ | B87: Kg | C87: 150 | D87: 38000 | E87: =C87*D87 -> 5700000
A88: Ớt Chuông Đỏ | B88: Trái | C88: 0 | E88: =C88*D88 -> 0
A89: Ớt Chuông Vàng | B89: Kg | C89: 43 | D89: 32000 | E89: =C89*D89 -> 1376000
A90: Ớt Chuông Vàng | B90: Trái | C90: 0 | E90: =C90*D90 -> 0
A91: Ớt Chuông Xanh | B91: Kg | C91: 74 | D91: 17000 | E91: =C91*D91 -> 1258000
A92: Ớt Chuông Xanh | B92: Trái | C92: 0 | E92: =C92*D92 -> 0
A93: Ớt Chuông Xanh Trung | B93: Kg | C93: 20 | D93: 12000 | E93: =C93*D93 -> 240000
A94: Ớt Sweet Palemo | B94: Kg | C94: 20 | D94: 45000 | E94: =C94*D94 -> 900000
A95: Ớt Sweet Palemo | B95: Túi | C95: 18 | D95: 21000 | E95: =C95*D95 -> 378000
A96: Rau Bầu Đất | B96: Túi | C96: 0 | E96: =C96*D96 -> 0
A97: Trái Cam Canh | B97: Kg | C97: 2940 | D97: 28000 | E97: =C97*D97 -> 82320000
A98: Trái Khổ Qua | B98: Kg | C98: 0 | E98: =C98*D98 -> 0
A99: Trái Su Su | B99: Kg | C99: 50 | D99: 7000 | E99: =C99*D99 -> 350000
A100: Xà Lách Lolo Xanh | B100: Kg | C100: 11 | D100: 14000 | E100: =C100*D100 -> 154000
...

Sheet 17.12
A1: hàng tồn cuối ngày 17/12 vr
A2: Tên Sản phẩm | B2: ĐVT | C2: tồn | D2: giá | E2: thành tiền
A3: Bắp Cải Tím | B3: Kg | C3: 50 | D3: 36000 | E3: =C3*D3 -> 1800000
A4: Bắp Cải Trái Tim | B4: Kg | C4: 1850 | D4: 5500 | E4: =C4*D4 -> 10175000
A5: Bắp Cải Trắng | B5: Kg | C5: 120 | D5: 5500 | E5: =C5*D5 -> 660000
A6: Bí Đao Xanh | B6: Kg | C6: 0 | E6: =C6*D6 -> 0
A7: Bí Đỏ Hồ Lô | B7: Kg | C7: 0 | E7: =C7*D7 -> 0
A8: Bí Đỏ Tròn | B8: Kg | C8: 2000 | D8: 7000 | E8: =C8*D8 -> 14000000
A9: Bí Ngòi Xanh | B9: Kg | C9: 0 | E9: =C9*D9 -> 0
A10: Bí Ngòi Xanh | B10: Trái | C10: 0 | E10: =C10*D10 -> 0
A11: Bí Non Nhật | B11: Kg | C11: 28 | D11: 13000 | E11: =C11*D11 -> 364000
A12: Bí Non Nhật | B12: Trái | C12: 0 | E12: =C12*D12 -> 0
A13: Bơ 034 L1 | B13: Kg | C13: 0 | E13: =C13*D13 -> 0
A14: Bơ Booth | B14: Kg | C14: 0 | E14: =C14*D14 -> 0
A15: Bông Cải Trắng | B15: Kg | C15: 0 | E15: =C15*D15 -> 0
A16: Bông Cải Xanh 10Cm | B16: Kg | C16: 0 | E16: =C16*D16 -> 0
A17: Bông Cải Xanh 12Cm | B17: Kg | C17: 0 | E17: =C17*D17 -> 0
A18: Bông Cải Xanh 7Cm | B18: Kg | C18: 0 | E18: =C18*D18 -> 0
A19: Bông Cải Xanh Baby | B19: Vỉ | C19: 10 | D19: 7600 | E19: =C19*D19 -> 76000
A20: Cà Chua Beef | B20: Kg | C20: 115 | D20: 22000 | E20: =C20*D20 -> 2530000
A21: Cà Chua Beef | B21: Vỉ | C21: 0 | E21: =C21*D21 -> 0
A22: Cà Chua Beef | B22: Vỉ 650gr | C22: 0 | E22: =C22*D22 -> 0
A23: Cà Chua Beef Trung | B23: Kg | C23: 14 | D23: 21000 | E23: =C23*D23 -> 294000
A24: Cà Chua Beef Trung | B24: Vỉ 500gr | C24: 0 | E24: =C24*D24 -> 0
A25: Cà Chua Bi Đỏ | B25: Hộp 500gr | C25: 14 | D25: 15000 | E25: =C25*D25 -> 210000
A26: Cà Chua Bi Đỏ | B26: Hộp 300gr | C26: 69 | D26: 9000 | E26: =C26*D26 -> 621000
A27: Cà Chua Bi Mix | B27: Hộp | C27: 0 | E27: =C27*D27 -> 0
A28: Cà Chua Socola | B28: Kg | C28: 0 | E28: =C28*D28 -> 0
A29: Cà Chua Socola | B29: Hộp 250GR | C29: 265 | D29: 12000 | E29: =C29*D29 -> 3180000
A30: Cà Chua Thường | B30: Kg | C30: 0 | E30: =C30*D30 -> 0
A31: Cà Chua Thường | B31: Vỉ | C31: 0 | E31: =C31*D31 -> 0
A32: Cà Chua Thường Trung | B32: Túi | C32: 135 | D32: 14000 | E32: =C32*D32 -> 1890000
A33: Cà Rốt | B33: Kg | C33: 232 | D33: 13000 | E33: =C33*D33 -> 3016000
A34: Cà Rốt | B34: Túi | C34: 0 | E34: =C34*D34 -> 0
A35: Cà Rốt Baby | B35: Kg | C35: 0 | E35: =C35*D35 -> 0
A36: Cà Rốt Baby | B36: Vỉ | C36: 0 | E36: =C36*D36 -> 0
A37: Cà Tím | B37: Kg | C37: 0 | E37: =C37*D37 -> 0
A38: Cà Tím | B38: Cặp | C38: 0 | E38: =C38*D38 -> 0
A39: Cải Bó Xôi | B39: Kg | C39: 0 | E39: =C39*D39 -> 0
A40: Cải Bó Xôi | B40: Túi | C40: 0 | E40: =C40*D40 -> 0
A41: Cải Cầu Vồng | B41: Túi | C41: 14 | D41: 3900 | E41: =C41*D41 -> 54600
A42: Cải Kale | B42: Kg | C42: 0 | E42: =C42*D42 -> 0
A43: Cải Kale | B43: Túi | C43: 10 | D43: 3900 | E43: =C43*D43 -> 39000
A44: Cải Thảo | B44: Kg | C44: 0 | E44: =C44*D44 -> 0
A45: Cần Tây | B45: Cây | C45: 0 | E45: =C45*D45 -> 0
A46: Cần Tây | B46: Kg | C46: 40 | D46: 10000 | E46: =C46*D46 -> 400000
A47: Chuối Laba | B47: Kg | C47: 0 | E47: =C47*D47 -> 0
A48: Củ Cải Đỏ | B48: Hộp | C48: 0 | E48: =C48*D48 -> 0
A49: Củ Cải Đỏ | B49: Kg | C49: 0 | E49: =C49*D49 -> 0
A50: Củ Cải Muối | B50: Kg | C50: 1.5 | D50: 16000 | E50: =C50*D50 -> 24000
A51: Củ Cải Trắng | B51: Kg | C51: 0 | E51: =C51*D51 -> 0
A52: Củ Dền | B52: Kg | C52: 0 | E52: =C52*D52 -> 0
A53: Củ Dền | B53: Túi | C53: 0 | E53: =C53*D53 -> 0
A54: Củ Gừng | B54: Kg | C54: 11 | D54: 23000 | E54: =C54*D54 -> 253000
A55: Củ Hành Tây | B55: Kg | C55: 350 | D55: 19000 | E55: =C55*D55 -> 6650000
A56: Củ Hành Tây | B56: Túi 300gr | C56: 0 | E56: =C56*D56 -> 0
A57: Củ Hành Tây Tím | B57: Kg | C57: 0 | E57: =C57*D57 -> 0
A58: Củ Hành Tây Trung | B58: Túi | C58: 133 | D58: 4800 | E58: =C58*D58 -> 638400
A59: Củ Khoai Lang Mật Size 23 | B59: Kg | C59: 540 | D59: 24000 | E59: =C59*D59 -> 12960000
A60: Củ Khoai Lang Mật Size 46 | B60: Kg | C60: 440 | D60: 24000 | E60: =C60*D60 -> 10560000
A61: Củ Khoai Lang Mật Size 78 | B61: Kg | C61: 205 | D61: 17000 | E61: =C61*D61 -> 3485000
A62: Củ Khoai Lang Nhật | B62: Kg | C62: 120 | D62: 16000 | E62: =C62*D62 -> 1920000
A63: Củ Khoai Mỡ | B63: Kg | C63: 33 | D63: 25000 | E63: =C63*D63 -> 825000
A64: Củ Khoai Sâm | B64: Kg | C64: 0 | E64: =C64*D64 -> 0
A65: Củ Khoai Tây Bi Vàng | B65: Kg | C65: 0 | E65: =C65*D65 -> 0
A66: Củ Khoai Tây Bi Vàng | B66: Túi | C66: 0 | E66: =C66*D66 -> 0
A67: Củ Khoai Tây Hồng | B67: Kg | C67: 0 | E67: =C67*D67 -> 0
A68: Củ Khoai Tây Vàng | B68: Kg | C68: 40 | D68: 18000 | E68: =C68*D68 -> 720000
A69: Củ Khoai Tây Vàng | B69: Túi | C69: 0 | E69: =C69*D69 -> 0
A70: Củ Khoai Tây Vàng Trung | B70: Túi | C70: 70 | D70: 8000 | E70: =C70*D70 -> 560000
A71: Củ Su Hào | B71: Kg | C71: 50 | D71: 10000 | E71: =C71*D71 -> 500000
A72: Đậu Cove Nhật | B72: Túi | C72: 10 | D72: 10000 | E72: =C72*D72 -> 100000
A73: Đậu Cove Trắng | B73: Kg | C73: 0 | E73: =C73*D73 -> 0
A74: Đậu Cove Trắng | B74: Túi 500gr | C74: 20 | D74: 11000 | E74: =C74*D74 -> 220000
A75: Đậu Đỏ | B75: Kg | C75: 2.5 | D75: 60000 | E75: =C75*D75 -> 150000
A76: Đậu Ngự | B76: Kg | C76: 0 | E76: =C76*D76 -> 0
A77: Đậu Trắng | B77: Kg | C77: 0 | E77: =C77*D77 -> 0
A78: Dưa Leo Baby | B78: Kg | C78: 0 | E78: =C78*D78 -> 0
A79: Dưa Leo Baby | B79: Vỉ | C79: 646 | D79: 7500 | E79: =C79*D79 -> 4845000
A80: Dưa Leo Nhật | B80: Kg | C80: 0 | E80: =C80*D80 -> 0
A81: Dưa Leo Thường | B81: Kg | C81: 25 | D81: 10000 | E81: =C81*D81 -> 250000
A82: Hành Paro | B82: Cây | C82: 0 | E82: =C82*D82 -> 0
A83: Hành Paro | B83: Kg | C83: 0 | E83: =C83*D83 -> 0
A84: Hạt Dẻ Ngố | B84: Kg | C84: 1500 | D84: 27600 | E84: =C84*D84 -> 41400000
A85: Hồng Giòn Đà Lạt | B85: Kg | C85: 0 | E85: =C85*D85 -> 0
A86: Lá Giang | B86: Kg | C86: 0.5 | D86: 45000 | E86: =C86*D86 -> 22500
A87: Lá Mè | B87: Túi | C87: 4 | D87: 1900 | E87: =C87*D87 -> 7600
A88: Lá Nha Đam | B88: Kg | C88: 7 | D88: 14000 | E88: =C88*D88 -> 98000
A89: Ớt Chuông Ba Màu | B89: Vỉ | C89: 0 | E89: =C89*D89 -> 0
A90: Ớt Chuông Baby | B90: Hộp | C90: 0 | E90: =C90*D90 -> 0
A91: Ớt Chuông Baby | B91: Kg | C91: 6 | D91: 44000 | E91: =C91*D91 -> 264000
A92: Ớt Chuông Đỏ | B92: Kg | C92: 106 | D92: 35000 | E92: =C92*D92 -> 3710000
A93: Ớt Chuông Đỏ | B93: Trái | C93: 0 | E93: =C93*D93 -> 0
A94: Ớt Chuông Vàng | B94: Kg | C94: 10 | D94: 32000 | E94: =C94*D94 -> 320000
A95: Ớt Chuông Vàng | B95: Trái | C95: 0 | E95: =C95*D95 -> 0
A96: Ớt Chuông Xanh | B96: Kg | C96: 65 | D96: 20000 | E96: =C96*D96 -> 1300000
A97: Ớt Chuông Xanh | B97: Trái | C97: 0 | E97: =C97*D97 -> 0
A98: Ớt Sweet Palemo | B98: Kg | C98: 20 | D98: 45000 | E98: =C98*D98 -> 900000
A99: Ớt Sweet Palemo | B99: Túi | C99: 60 | D99: 21000 | E99: =C99*D99 -> 1260000
A100: Rau Bầu Đất | B100: Túi | C100: 0 | E100: =C100*D100 -> 0
...

Sheet 18.12
A1: hàng tồn cuối ngày 18/12 vr
A2: Tên Sản phẩm | B2: ĐVT | C2: tồn | D2: giá | E2: thành tiền
A3: Cà Rốt | B3: Kg | C3: 340 | D3: 13000 | E3: =C3*D3 -> 4420000
A4: Cà Rốt | B4: Túi | C4: 0 | E4: =C4*D4 -> 0
A5: Cà Rốt Baby | B5: Vỉ | C5: 0 | E5: =C5*D5 -> 0
A6: Củ Cải Đỏ | B6: Hộp | C6: 0 | E6: =C6*D6 -> 0
A7: Củ Dền | B7: Kg | C7: 0 | E7: =C7*D7 -> 0
A8: Củ Dền | B8: Túi | C8: 0 | E8: =C8*D8 -> 0
A9: Củ Hành Tây | B9: Kg | C9: 513 | D9: 19000 | E9: =C9*D9 -> 9747000
A10: Củ Hành Tây | B10: Túi 300gr | C10: 0 | E10: =C10*D10 -> 0
A11: Củ Hành Tây Trung | B11: Túi | C11: 583 | D11: 4500 | E11: =C11*D11 -> 2623500
A12: Củ Khoai Lang Mật Size 46 | B12: Kg | C12: 130 | D12: 24000 | E12: =C12*D12 -> 3120000
A13: Củ Khoai Lang Nhật | B13: Kg | C13: 80 | D13: 16000 | E13: =C13*D13 -> 1280000
A14: Củ Khoai Tây Vàng | B14: Kg | C14: 240 | D14: 18000 | E14: =C14*D14 -> 4320000
A15: Củ Khoai Tây Vàng | B15: Túi | C15: 0 | E15: =C15*D15 -> 0
A16: Bông Cải Xanh Baby | B16: Vỉ | C16: 7 | D16: 7600 | E16: =C16*D16 -> 53200
A17: Bắp Cải Trắng | B17: Kg | C17: 630 | D17: 5000 | E17: =C17*D17 -> 3150000
A18: Cải Bó Xôi | B18: Kg | C18: 12 | D18: 24000 | E18: =C18*D18 -> 288000
A19: Cải Bó Xôi | B19: Túi | C19: 0 | E19: =C19*D19 -> 0
A20: Cải Kale | B20: Túi | C20: 0 | E20: =C20*D20 -> 0
A21: Cải Thảo | B21: Kg | E21: =C21*D21 -> 0
A22: Cần Tây | B22: Cây | C22: 0 | E22: =C22*D22 -> 0
A23: Cần Tây | B23: Kg | C23: 30 | D23: 10000 | E23: =C23*D23 -> 300000
A24: Xà Lách Lolo Xanh T.C | B24: Kg | C24: 6 | D24: 28000 | E24: =C24*D24 -> 168000
A25: Bí Đỏ Tròn | B25: Kg | C25: 1600 | D25: 7000 | E25: =C25*D25 -> 11200000
A26: Bí Ngòi Xanh | B26: Kg | C26: 55 | D26: 22000 | E26: =C26*D26 -> 1210000
A27: Bí Ngòi Xanh | B27: Trái | C27: 0 | E27: =C27*D27 -> 0
A28: Bí Non Nhật | B28: Trái | C28: 0 | E28: =C28*D28 -> 0
A29: Cà Chua Beef | B29: Kg | C29: 280 | D29: 22000 | E29: =C29*D29 -> 6160000
A30: Cà Chua Beef | B30: Vỉ 650gr | C30: 0 | E30: =C30*D30 -> 0
A31: Cà Chua Thường | B31: Kg | C31: 310 | D31: 20000 | E31: =C31*D31 -> 6200000
A32: Cà Chua Thường | B32: Vỉ | C32: 0 | E32: =C32*D32 -> 0
A33: Cà Chua Thường Trung | B33: Túi | C33: 90 | D33: 14000 | E33: =C33*D33 -> 1260000
A34: Dưa Leo Baby | B34: Kg | C34: 0 | E34: =C34*D34 -> 0
A35: Dưa Leo Baby | B35: Vỉ | C35: 0 | E35: =C35*D35 -> 0
A36: Dưa Leo Thường | B36: Kg | C36: 21 | D36: 12000 | E36: =C36*D36 -> 252000
A37: Ớt Chuông Đỏ | B37: Kg | C37: 85 | D37: 35000 | E37: =C37*D37 -> 2975000
A38: Ớt Chuông Đỏ | B38: Trái | C38: 0 | E38: =C38*D38 -> 0
A39: Ớt Chuông Vàng | B39: Kg | C39: 40 | D39: 35000 | E39: =C39*D39 -> 1400000
A40: Ớt Chuông Vàng | B40: Trái | C40: 0 | E40: =C40*D40 -> 0
A41: Ớt Chuông Xanh | B41: Kg | C41: 23 | D41: 20000 | E41: =C41*D41 -> 460000
A42: Ớt Chuông Xanh | B42: Trái | C42: 0 | E42: =C42*D42 -> 0
A43: Bơ Booth | B43: Kg | C43: 0 | E43: =C43*D43 -> 0
A44: Ớt Chuông Ba Màu | B44: Vỉ | C44: 0 | E44: =C44*D44 -> 0
A45: Củ Khoai Lang Mật Size 23 | B45: Kg | C45: 340 | D45: 24000 | E45: =C45*D45 -> 8160000
A46: Cà Chua Bi Đỏ | B46: Kg | C46: 10 | D46: 30000 | E46: =C46*D46 -> 300000
A47: Cà Chua Bi Đỏ | B47: Hộp 300gr | C47: 38 | D47: 9000 | E47: =C47*D47 -> 342000
A48: Hạt Dẻ Ngố | B48: Kg | C48: 1100 | D48: 27600 | E48: =C48*D48 -> 30360000
A49: Bắp Cải Tím | B49: Kg | C49: 34 | D49: 36000 | E49: =C49*D49 -> 1224000
A50: Bắp Cải Trái Tim | B50: Kg | C50: 1460 | D50: 5500 | E50: =C50*D50 -> 8030000
A51: Bông Cải Trắng | B51: Kg | C51: 0 | E51: =C51*D51 -> 0
A52: Cà Chua Beef Trung | B52: Kg | C52: 28 | D52: 20000 | E52: =C52*D52 -> 560000
A53: Cà Chua Beef Trung | B53: Vỉ 500gr | C53: 0 | E53: =C53*D53 -> 0
A54: Cà Chua Socola | B54: Kg | C54: 0 | E54: =C54*D54 -> 0
A55: Cà Chua Socola | B55: Hộp 250GR | C55: 303 | D55: 12000 | E55: =C55*D55 -> 3636000
A56: Cà Tím | B56: Kg | C56: 0 | E56: =C56*D56 -> 0
A57: Cà Tím | B57: Cặp | C57: 0 | E57: =C57*D57 -> 0
A58: Cải Cầu Vồng | B58: Túi | C58: 14 | D58: 3900 | E58: =C58*D58 -> 54600
A59: Chuối Laba | B59: Kg | C59: 0 | E59: =C59*D59 -> 0
A60: Củ Cải Trắng | B60: Kg | C60: 38 | D60: 5000 | E60: =C60*D60 -> 190000
A61: Củ Gừng | B61: Kg | C61: 10 | D61: 23000 | E61: =C61*D61 -> 230000
A62: Củ Su Hào | B62: Kg | C62: 0 | E62: =C62*D62 -> 0
A63: Đậu Cove Nhật | B63: Túi | C63: 20 | D63: 10000 | E63: =C63*D63 -> 200000
A64: Đậu Cove Trắng | B64: Kg | C64: 0 | E64: =C64*D64 -> 0
A65: Đậu Cove Trắng | B65: Túi 500gr | C65: 45 | D65: 11000 | E65: =C65*D65 -> 495000
A66: Đậu Đỏ | B66: Kg | C66: 3 | D66: 80000 | E66: =C66*D66 -> 240000
A67: Đậu Ngự | B67: Kg | C67: 0 | E67: =C67*D67 -> 0
A68: Đậu Trắng | B68: Kg | C68: 0 | E68: =C68*D68 -> 0
A69: Hành Paro | B69: Cây | C69: 0 | E69: =C69*D69 -> 0
A70: Lá Nha Đam | B70: Kg | C70: 8 | D70: 14000 | E70: =C70*D70 -> 112000
A71: Ớt Chuông Baby | B71: Hộp | C71: 0 | E71: =C71*D71 -> 0
A72: Ớt Sweet Palemo | B72: Túi | C72: 20 | D72: 22000 | E72: =C72*D72 -> 440000
A73: Trái Su Su | B73: Kg | C73: 113 | D73: 9000 | E73: =C73*D73 -> 1017000
A74: Xà Lách Lolo Xanh | B74: Kg | C74: 0 | E74: =C74*D74 -> 0
A75: Xà Lách Mỡ T.C | B75: Kg | C75: 2 | D75: 28000 | E75: =C75*D75 -> 56000
A76: Xà Lách Thủy Tinh T.C | B76: Kg | C76: 0 | E76: =C76*D76 -> 0
A77: Trái Mâm Xôi | B77: Hộp | C77: 0 | E77: =C77*D77 -> 0
A78: Bông Cải Xanh 7Cm | B78: Kg | C78: 0 | E78: =C78*D78 -> 0
A79: Rau Bầu Đất | B79: Túi | C79: 0 | E79: =C79*D79 -> 0
A80: Xà Lách Lolo Xanh T.C Cây | B80: Cây | C80: 0 | E80: =C80*D80 -> 0
A81: Xà Lách Thủy Tinh T.C Cây | B81: Cây | C81: 0 | E81: =C81*D81 -> 0
A82: Xà Lách Mỡ T.C Cây | B82: Cây | C82: 0 | E82: =C82*D82 -> 0
A83: Bí Đỏ Hồ Lô | B83: Kg | C83: 0 | E83: =C83*D83 -> 0
A84: Củ Khoai Tây Vàng Trung | B84: Túi | C84: 90 | D84: 8000 | E84: =C84*D84 -> 720000
A85: Trái Cam Canh | B85: Kg | C85: 4370 | D85: 28000 | E85: =C85*D85 -> 122360000
A86: Củ Khoai Tây Bi Vàng | B86: Túi | C86: 0 | E86: =C86*D86 -> 0
A87: Trái Khổ Qua | B87: Kg | C87: 0 | E87: =C87*D87 -> 0
A88: Bông Cải Xanh 12Cm | B88: Kg | C88: 0 | E88: =C88*D88 -> 0
A89: Dưa Leo Nhật | B89: Kg | C89: 0 | E89: =C89*D89 -> 0
A90: Củ Khoai Mỡ | B90: Kg | C90: 24 | D90: 25000 | E90: =C90*D90 -> 600000
A91: Củ Hành Tây Tím | B91: Kg | C91: 20 | D91: 20000 | E91: =C91*D91 -> 400000
A92: Củ Khoai Lang Mật Size 78 | B92: Kg | C92: 205 | D92: 17000 | E92: =C92*D92 -> 3485000
A93: Củ Khoai Lang Mật Xô | B93: Kg | C93: 200 | D93: 20000 | E93: =C93*D93 -> 4000000
A94: Ớt Chuông Đỏ Trung | B94: Kg | C94: 4 | D94: 25000 | E94: =C94*D94 -> 100000
A95: Ớt Chuông Xanh Trung | B95: Kg | C95: 16 | D95: 12000 | E95: =C95*D95 -> 192000
E96: =SUM(E3:E95) -> 248090300
A97: kq
A98: Tên Sản phẩm | B98: ĐVT | C98: tồn | D98: giá | E98: thành tiền
A99: Cà Rốt | B99: Kg | C99: 145 | D99: 13000 | E99: =C99*D99 -> 1885000
A100: Củ Cải Trắng | B100: Kg | C100: 75 | D100: 5000 | E100: =C100*D100 -> 375000
...

Sheet 19.12
A1: hàng tồn cuối ngày 19/12 vr
A2: Tên Sản phẩm | B2: ĐVT | C2: tồn | D2: giá | E2: thành tiền
A3: Bắp Cải Tím | B3: Kg | C3: 0 | E3: =C3*D3 -> 0
A4: Bắp Cải Trái Tim | B4: Kg | C4: 550 | D4: 5500 | E4: =C4*D4 -> 3025000
A5: Bắp Cải Trắng | B5: Kg | C5: 300 | D5: 5000 | E5: =C5*D5 -> 1500000
A6: Bí Đỏ Hồ Lô | B6: Kg | C6: 10 | D6: 11500 | E6: =C6*D6 -> 115000
A7: Bí Đỏ Tròn | B7: Kg | C7: 1338 | D7: 7000 | E7: =C7*D7 -> 9366000
A8: Bí Ngòi Vàng | B8: Kg | C8: 0 | E8: =C8*D8 -> 0
A9: Bí Ngòi Xanh | B9: Kg | C9: 20 | D9: 20500 | E9: =C9*D9 -> 410000
A10: Bí Ngòi Xanh | B10: Trái | C10: 0 | E10: =C10*D10 -> 0
A11: Bí Non Nhật | B11: Kg | C11: 0 | E11: =C11*D11 -> 0
A12: Bí Non Nhật | B12: Trái | C12: 0 | E12: =C12*D12 -> 0
A13: Bơ 034 L1 | B13: Kg | C13: 0 | E13: =C13*D13 -> 0
A14: Bơ Booth | B14: Kg | C14: 0 | E14: =C14*D14 -> 0
A15: Bông Cải Trắng | B15: Kg | C15: 50 | D15: 25000 | E15: =C15*D15 -> 1250000
A16: Bông Cải Xanh 10Cm | B16: Kg | C16: 0 | E16: =C16*D16 -> 0
A17: Bông Cải Xanh 12Cm | B17: Kg | C17: 0 | E17: =C17*D17 -> 0
A18: Bông Cải Xanh 7Cm | B18: Kg | C18: 0 | E18: =C18*D18 -> 0
A19: Bông Cải Xanh Baby | B19: Vỉ | C19: 0 | E19: =C19*D19 -> 0
A20: Cà Chua Beef | B20: Kg | C20: 365 | D20: 21000 | E20: =C20*D20 -> 7665000
A21: Cà Chua Beef | B21: Vỉ | C21: 0 | E21: =C21*D21 -> 0
A22: Cà Chua Beef | B22: Vỉ 650gr | C22: 0 | E22: =C22*D22 -> 0
A23: Cà Chua Beef Trung | B23: Kg | C23: 27 | D23: 19000 | E23: =C23*D23 -> 513000
A24: Cà Chua Beef Trung | B24: Vỉ 500gr | C24: 0 | E24: =C24*D24 -> 0
A25: Cà Chua Bi Đỏ | B25: Kg | C25: 8 | D25: 30000 | E25: =C25*D25 -> 240000
A26: Cà Chua Bi Đỏ | B26: Hộp 300gr | C26: 98 | D26: 9000 | E26: =C26*D26 -> 882000
A27: Cà Chua Bi Mix | B27: Hộp | C27: 9 | D27: 16500 | E27: =C27*D27 -> 148500
A28: Cà Chua Socola | B28: Kg | C28: 0 | E28: =C28*D28 -> 0
A29: Cà Chua Socola | B29: Hộp 250GR | C29: 178 | D29: 12000 | E29: =C29*D29 -> 2136000
A30: Cà Chua Thường | B30: Kg | C30: 360 | D30: 22000 | E30: =C30*D30 -> 7920000
A31: Cà Chua Thường | B31: Vỉ | C31: 0 | E31: =C31*D31 -> 0
A32: Cà Chua Thường Trung | B32: Túi | C32: 80 | D32: 16000 | E32: =C32*D32 -> 1280000
A33: Cà Rốt | B33: Kg | C33: 95 | D33: 13000 | E33: =C33*D33 -> 1235000
A34: Cà Rốt | B34: Túi | C34: 0 | E34: =C34*D34 -> 0
A35: Cà Rốt Baby | B35: Kg | C35: 0 | E35: =C35*D35 -> 0
A36: Cà Rốt Baby | B36: Vỉ | C36: 0 | E36: =C36*D36 -> 0
A37: Cà Tím | B37: Kg | C37: 70 | D37: 10000 | E37: =C37*D37 -> 700000
A38: Cà Tím | B38: Cặp | C38: 0 | E38: =C38*D38 -> 0
A39: Cải Bó Xôi | B39: Kg | C39: 0 | E39: =C39*D39 -> 0
A40: Cải Bó Xôi | B40: Túi | C40: 0 | E40: =C40*D40 -> 0
A41: Cải Cầu Vồng | B41: Kg | C41: 0 | E41: =C41*D41 -> 0
A42: Cải Cầu Vồng | B42: Túi | C42: 14 | D42: 3900 | E42: =C42*D42 -> 54600
A43: Cải Kale | B43: Kg | C43: 0 | E43: =C43*D43 -> 0
A44: Cải Kale | B44: Túi | C44: 0 | E44: =C44*D44 -> 0
A45: Cải Thảo | B45: Kg | C45: 0 | E45: =C45*D45 -> 0
A46: Cải Thảo Hỏa Tiễn | B46: Kg | C46: 0 | E46: =C46*D46 -> 0
A47: Cần Tây | B47: Cây | C47: 0 | E47: =C47*D47 -> 0
A48: Cần Tây | B48: Kg | C48: 50 | D48: 10000 | E48: =C48*D48 -> 500000
A49: Chuối Laba | B49: Kg | C49: 40 | D49: 14000 | E49: =C49*D49 -> 560000
A50: Củ Cải Đỏ | B50: Hộp | C50: 0 | E50: =C50*D50 -> 0
A51: Củ Cải Đỏ | B51: Kg | C51: 0 | E51: =C51*D51 -> 0
A52: Củ Cải Trắng | B52: Kg | C52: 25 | D52: 5000 | E52: =C52*D52 -> 125000
A53: Củ Dền | B53: Kg | C53: 40 | D53: 11000 | E53: =C53*D53 -> 440000
A54: Củ Dền | B54: Túi | C54: 0 | E54: =C54*D54 -> 0
A55: Củ Gừng | B55: Kg | C55: 12 | D55: 23000 | E55: =C55*D55 -> 276000
A56: Củ Hành Tây | B56: Kg | C56: 430 | D56: 19000 | E56: =C56*D56 -> 8170000
A57: Củ Hành Tây | B57: Túi 300gr | C57: 0 | E57: =C57*D57 -> 0
A58: Củ Hành Tây Tím | B58: Kg | C58: 25 | D58: 20000 | E58: =C58*D58 -> 500000
A59: Củ Hành Tây Trung | B59: Túi | C59: 500 | D59: 4500 | E59: =C59*D59 -> 2250000
A60: Củ Khoai Lang Mật Size 23 | B60: Kg | C60: 230 | D60: 24000 | E60: =C60*D60 -> 5520000
A61: Củ Khoai Lang Mật Size 46 | B61: Kg | C61: 90 | D61: 24000 | E61: =C61*D61 -> 2160000
A62: Củ Khoai Lang Mật Size 46 | B62: Túi | C62: 0 | E62: =C62*D62 -> 0
A63: Củ Khoai Lang Mật Size 78 | B63: Kg | C63: 205 | D63: 17000 | E63: =C63*D63 -> 3485000
A64: Củ Khoai Lang Mật Size Xô | B64: Kg | C64: 135 | D64: 20000 | E64: =C64*D64 -> 2700000
A65: Củ Khoai Lang Nhật | B65: Kg | C65: 0 | E65: =C65*D65 -> 0
A66: Củ Khoai Mỡ | B66: Kg | C66: 49 | D66: 25000 | E66: =C66*D66 -> 1225000
A67: Củ Khoai Sâm | B67: Kg | C67: 0 | E67: =C67*D67 -> 0
A68: Củ Khoai Tây Bi Vàng | B68: Kg | C68: 0 | E68: =C68*D68 -> 0
A69: Củ Khoai Tây Bi Vàng | B69: Túi | C69: 0 | E69: =C69*D69 -> 0
A70: Củ Khoai Tây Hồng | B70: Kg | C70: 0 | E70: =C70*D70 -> 0
A71: Củ Khoai Tây Vàng | B71: Kg | C71: 260 | D71: 18000 | E71: =C71*D71 -> 4680000
A72: Củ Khoai Tây Vàng | B72: Túi | C72: 0 | E72: =C72*D72 -> 0
A73: Củ Khoai Tây Vàng Trung | B73: Túi | C73: 30 | D73: 8000 | E73: =C73*D73 -> 240000
A74: Củ Su Hào | B74: Kg | C74: 30 | D74: 12000 | E74: =C74*D74 -> 360000
A75: Đậu Cove Nhật | B75: Túi | C75: 18 | D75: 6000 | E75: =C75*D75 -> 108000
A76: Đậu Cove Trắng | B76: Kg | C76: 9 | D76: 11000 | E76: =C76*D76 -> 99000
A77: Đậu Cove Trắng | B77: Túi 500gr | C77: 0 | E77: =C77*D77 -> 0
A78: Đậu Đỏ | B78: Kg | C78: 2.5 | D78: 80000 | E78: =C78*D78 -> 200000
A79: Đậu Hà Lan Trái | B79: Kg | C79: 0 | E79: =C79*D79 -> 0
A80: Đậu Ngự | B80: Kg | C80: 0 | E80: =C80*D80 -> 0
A81: Đậu Trắng | B81: Kg | C81: 0 | E81: =C81*D81 -> 0
A82: Đậu Tươi Hỗn Hợp Túi 100gr | B82: Túi | C82: 0 | E82: =C82*D82 -> 0
A83: Dưa Leo Baby | B83: Kg | C83: 0 | E83: =C83*D83 -> 0
A84: Dưa Leo Baby | B84: Vỉ | C84: 0 | E84: =C84*D84 -> 0
A85: Dưa Leo Nhật | B85: Kg | C85: 11 | D85: 14000 | E85: =C85*D85 -> 154000
A86: Dưa Leo Thường | B86: Kg | C86: 18 | D86: 12000 | E86: =C86*D86 -> 216000
A87: Hành Paro | B87: Cây | C87: 0 | E87: =C87*D87 -> 0
A88: Hành Paro | B88: Kg | C88: 6 | D88: 19000 | E88: =C88*D88 -> 114000
A89: Hạt Dẻ Ngố | B89: Kg | C89: 1840 | D89: 27600 | E89: =C89*D89 -> 50784000
A90: Hồng Giòn Đà Lạt | B90: Kg | C90: 0 | E90: =C90*D90 -> 0
A91: Lá Mè | B91: Túi | C91: 0 | E91: =C91*D91 -> 0
A92: Lá Nha Đam | B92: Kg | C92: 12 | D92: 14000 | E92: =C92*D92 -> 168000
A93: Ớt Chuông Ba Màu | B93: Vỉ | C93: 0 | E93: =C93*D93 -> 0
A94: Ớt Chuông Baby | B94: Hộp | C94: 0 | E94: =C94*D94 -> 0
A95: Ớt Chuông Baby | B95: Kg | C95: 4 | D95: 44000 | E95: =C95*D95 -> 176000
A96: Ớt Chuông Đỏ | B96: Kg | C96: 198 | D96: 35000 | E96: =C96*D96 -> 6930000
A97: Ớt Chuông Đỏ | B97: Trái | C97: 0 | E97: =C97*D97 -> 0
A98: Ớt Chuông Vàng | B98: Kg | C98: 90 | D98: 35000 | E98: =C98*D98 -> 3150000
A99: Ớt Chuông Vàng | B99: Trái | C99: 0 | E99: =C99*D99 -> 0
A100: Ớt Chuông Xanh | B100: Kg | C100: 0 | E100: =C100*D100 -> 0
...

Sheet 20.12
A2: Tên Sản phẩm | B2: ĐVT | C2: tồn | D2: giá | E2: thành tiền
A3: Bắp Cải Tím | B3: Kg | C3: 20 | D3: 36000 | E3: =C3*D3 -> 720000
A4: Bắp Cải Trái Tim | B4: Kg | C4: 778 | D4: 7000 | E4: =C4*D4 -> 5446000
A5: Bắp Cải Trắng | B5: Kg | C5: 440 | D5: 5000 | E5: =C5*D5 -> 2200000
A6: Bí Đỏ Hồ Lô | B6: Kg | C6: 0 | E6: =C6*D6 -> 0
A7: Bí Đỏ Tròn | B7: Kg | C7: 978 | D7: 7000 | E7: =C7*D7 -> 6846000
A8: Bí Ngòi Xanh | B8: Kg | C8: 18 | D8: 23000 | E8: =C8*D8 -> 414000
A9: Bí Ngòi Xanh | B9: Trái | C9: 0 | E9: =C9*D9 -> 0
A10: Bí Non Nhật | B10: Kg | C10: 40 | D10: 13000 | E10: =C10*D10 -> 520000
A11: Bí Non Nhật | B11: Trái | C11: 0 | E11: =C11*D11 -> 0
A12: Bơ Booth | B12: Kg | C12: 0 | E12: =C12*D12 -> 0
A13: Bông Cải Trắng | B13: Kg | C13: 0 | E13: =C13*D13 -> 0
A14: Bông Cải Xanh 10Cm | B14: Kg | C14: 0 | E14: =C14*D14 -> 0
A15: Bông Cải Xanh 12Cm | B15: Kg | C15: 0 | E15: =C15*D15 -> 0
A16: Bông Cải Xanh 7Cm | B16: Kg | C16: 0 | E16: =C16*D16 -> 0
A17: Bông Cải Xanh Baby | B17: Vỉ | C17: 3 | D17: 7600 | E17: =C17*D17 -> 22800
A18: Cà Chua Beef | B18: Kg | C18: 90 | D18: 21000 | E18: =C18*D18 -> 1890000
A19: Cà Chua Beef | B19: Vỉ | C19: 0 | E19: =C19*D19 -> 0
A20: Cà Chua Beef | B20: Vỉ 650gr | C20: 0 | E20: =C20*D20 -> 0
A21: Cà Chua Beef Trung | B21: Kg | C21: 271 | D21: 19000 | E21: =C21*D21 -> 5149000
A22: Cà Chua Beef Trung | B22: Vỉ 500gr | C22: 0 | E22: =C22*D22 -> 0
A23: Cà Chua Bi Đỏ | B23: Hộp 500gr | C23: 8 | D23: 15000 | E23: =C23*D23 -> 120000
A24: Cà Chua Bi Đỏ | B24: Hộp 300gr | C24: 72 | D24: 9000 | E24: =C24*D24 -> 648000
A25: Cà Chua Bi Mix | B25: Hộp | C25: 6 | D25: 16500 | E25: =C25*D25 -> 99000
A26: Cà Chua Socola | B26: Kg | C26: 4.8 | D26: 35000 | E26: =C26*D26 -> 168000
A27: Cà Chua Socola | B27: Hộp 250GR | C27: 154 | D27: 12000 | E27: =C27*D27 -> 1848000
A28: Cà Chua Thường | B28: Kg | C28: 420 | D28: 20000 | E28: =C28*D28 -> 8400000
A29: Cà Chua Thường | B29: Vỉ | C29: 0 | E29: =C29*D29 -> 0
A30: Cà Chua Thường Trung | B30: Túi | C30: 80 | D30: 16000 | E30: =C30*D30 -> 1280000
A31: Cà Rốt | B31: Kg | C31: 75 | D31: 13000 | E31: =C31*D31 -> 975000
A32: Cà Rốt | B32: Túi | C32: 0 | E32: =C32*D32 -> 0
A33: Cà Rốt Baby | B33: Vỉ | C33: 10 | D33: 10000 | E33: =C33*D33 -> 100000
A34: Cà Tím | B34: Kg | C34: 15 | D34: 10000 | E34: =C34*D34 -> 150000
A35: Cà Tím | B35: Cặp | C35: 0 | E35: =C35*D35 -> 0
A36: Cải Bó Xôi | B36: Kg | C36: 0 | E36: =C36*D36 -> 0
A37: Cải Bó Xôi | B37: Túi | C37: 0 | E37: =C37*D37 -> 0
A38: Cải Cầu Vồng | B38: Túi | C38: 7 | D38: 3900 | E38: =C38*D38 -> 27300
A39: Cải Kale | B39: Túi | C39: 22 | D39: 3900 | E39: =C39*D39 -> 85800
A40: Cải Thảo | B40: Kg | C40: 0 | E40: =C40*D40 -> 0
A41: Cải Thảo Hỏa Tiễn | B41: Kg | C41: 0 | E41: =C41*D41 -> 0
A42: Cần Tây | B42: Cây | C42: 0 | E42: =C42*D42 -> 0
A43: Cần Tây | B43: Kg | C43: 75 | D43: 10000 | E43: =C43*D43 -> 750000
A44: Chuối Laba | B44: Kg | C44: 20 | D44: 14000 | E44: =C44*D44 -> 280000
A45: Củ Cải Đỏ | B45: Hộp | C45: 7 | D45: 9000 | E45: =C45*D45 -> 63000
A46: Củ Cải Trắng | B46: Kg | C46: 68 | D46: 5500 | E46: =C46*D46 -> 374000
A47: Củ Dền | B47: Kg | C47: 19 | D47: 11000 | E47: =C47*D47 -> 209000
A48: Củ Dền | B48: Túi | C48: 0 | E48: =C48*D48 -> 0
A49: Củ Gừng | B49: Kg | C49: 8 | D49: 23000 | E49: =C49*D49 -> 184000
A50: Củ Hành Tây | B50: Kg | C50: 315 | D50: 19000 | E50: =C50*D50 -> 5985000
A51: Củ Hành Tây | B51: Túi 300gr | C51: 0 | E51: =C51*D51 -> 0
A52: Củ Hành Tây Tím | B52: Kg | C52: 20 | D52: 20000 | E52: =C52*D52 -> 400000
A53: Củ Hành Tây Trung | B53: Túi | C53: 300 | D53: 4500 | E53: =C53*D53 -> 1350000
A54: Củ Khoai Lang Mật Size 23 | B54: Kg | C54: 90 | D54: 24000 | E54: =C54*D54 -> 2160000
A55: Củ Khoai Lang Mật Size 46 | B55: Kg | C55: 0 | E55: =C55*D55 -> 0
A56: Củ Khoai Lang Mật Size 46 | B56: Túi | C56: 0 | E56: =C56*D56 -> 0
A57: Củ Khoai Lang Mật Size 78 | B57: Kg | C57: 180 | D57: 17000 | E57: =C57*D57 -> 3060000
A58: Củ Khoai Lang Nhật | B58: Kg | C58: 490 | D58: 16500 | E58: =C58*D58 -> 8085000
A59: Củ Khoai Mỡ | B59: Kg | C59: 75 | D59: 25000 | E59: =C59*D59 -> 1875000
A60: Củ Khoai Sâm | B60: Kg | C60: 0 | E60: =C60*D60 -> 0
A61: Củ Khoai Tây Bi Vàng | B61: Túi | C61: 0 | E61: =C61*D61 -> 0
A62: Củ Khoai Tây Vàng | B62: Kg | C62: 110 | D62: 18000 | E62: =C62*D62 -> 1980000
A63: Củ Khoai Tây Vàng | B63: Túi | C63: 0 | E63: =C63*D63 -> 0
A64: Củ Khoai Tây Vàng Trung | B64: Túi | C64: 30 | D64: 8000 | E64: =C64*D64 -> 240000
A65: Củ Su Hào | B65: Kg | C65: 38 | D65: 12000 | E65: =C65*D65 -> 456000
A66: Củ Tỏi | B66: Kg | C66: 0 | E66: =C66*D66 -> 0
A67: Đậu Cove Nhật | B67: Túi | C67: 3 | D67: 10000 | E67: =C67*D67 -> 30000
A68: Đậu Cove Trắng | B68: Kg | C68: 0 | E68: =C68*D68 -> 0
A69: Đậu Cove Trắng | B69: Túi 500gr | C69: 28 | D69: 11000 | E69: =C69*D69 -> 308000
A70: Đậu Đỏ | B70: Kg | C70: 0 | E70: =C70*D70 -> 0
A71: Đậu Ngự | B71: Kg | C71: 0 | E71: =C71*D71 -> 0
A72: Đậu Trắng | B72: Kg | C72: 0 | E72: =C72*D72 -> 0
A73: Đậu Tươi Hỗn Hợp Túi 100gr | B73: Túi | C73: 0 | E73: =C73*D73 -> 0
A74: Dưa Leo Baby | B74: Kg | C74: 0 | E74: =C74*D74 -> 0
A75: Dưa Leo Baby | B75: Vỉ | C75: 59 | D75: 8000 | E75: =C75*D75 -> 472000
A76: Dưa Leo Nhật | B76: Kg | C76: 7 | D76: 14000 | E76: =C76*D76 -> 98000
A77: Dưa Leo Thường | B77: Kg | C77: 20 | D77: 12000 | E77: =C77*D77 -> 240000
A78: Hành Paro | B78: Cây | C78: 0 | E78: =C78*D78 -> 0
A79: Hành Paro | B79: Kg | C79: 15 | D79: 19000 | E79: =C79*D79 -> 285000
A80: Hạt Dẻ Ngố | B80: Kg | C80: 1030 | D80: 27600 | E80: =C80*D80 -> 28428000
A81: Hồng Giòn Đà Lạt | B81: Kg | C81: 0 | E81: =C81*D81 -> 0
A82: Lá Mè | B82: túi | C82: 40 | D82: 2000 | E82: =C82*D82 -> 80000
A83: Lá Mè | B83: Túi | C83: 0 | E83: =C83*D83 -> 0
A84: Lá Nha Đam | B84: Kg | C84: 12 | D84: 14000 | E84: =C84*D84 -> 168000
A85: Ớt Chuông Ba Màu | B85: Vỉ | C85: 0 | E85: =C85*D85 -> 0
A86: Ớt Chuông Baby | B86: Hộp | C86: 0 | E86: =C86*D86 -> 0
A87: Ớt Chuông Baby | B87: Kg | C87: 2 | D87: 50000 | E87: =C87*D87 -> 100000
A88: Ớt Chuông Đỏ | B88: Kg | C88: 190 | D88: 35000 | E88: =C88*D88 -> 6650000
A89: Ớt Chuông Đỏ | B89: Trái | C89: 0 | E89: =C89*D89 -> 0
A90: Ớt Chuông Vàng | B90: Kg | C90: 55 | D90: 35000 | E90: =C90*D90 -> 1925000
A91: Ớt Chuông Vàng | B91: Trái | C91: 0 | E91: =C91*D91 -> 0
A92: Ớt Chuông Xanh | B92: Kg | C92: 0 | E92: =C92*D92 -> 0
A93: Ớt Chuông Xanh | B93: Trái | C93: 0 | E93: =C93*D93 -> 0
A94: Ớt Sweet Palemo | B94: túi | C94: 73 | D94: 22000 | E94: =C94*D94 -> 1606000
A95: Ớt Sweet Palemo | B95: Túi | C95: 0 | E95: =C95*D95 -> 0
A96: Rau Bầu Đất | B96: Túi | C96: 0 | E96: =C96*D96 -> 0
A97: Trái Bưởi Diễn | B97: Trái | C97: 0 | E97: =C97*D97 -> 0
A98: Trái Bưởi Đường | B98: Trái | C98: 880 | D98: 17000 | E98: =C98*D98 -> 14960000
A99: Trái Cam Canh | B99: Kg | C99: 4040 | D99: 28000 | E99: =C99*D99 -> 113120000
A100: Trái Khổ Qua | B100: Kg | C100: 0 | E100: =C100*D100 -> 0
A101: Trái Su Su | B101: Kg | C101: 0 | E101: =C101*D101 -> 0
...

Sheet 21.12
A2: hàng tồn cuối ngày 21/12 vr
A3: Tên Sản phẩm | B3: ĐVT | C3: tồn | D3: giá | E3: thành tiền
A4: Cà Rốt | B4: Kg | C4: 260 | D4: 13000 | E4: =C4*D4 -> 3380000
A5: Cà Rốt | B5: Túi | E5: =C5*D5 -> 0
A6: Cà Rốt Baby | B6: Vỉ | C6: 10 | D6: 10000 | E6: =C6*D6 -> 100000
A7: Củ Cải Đỏ | B7: Hộp | C7: 6 | D7: 9000 | E7: =C7*D7 -> 54000
A8: Củ Dền | B8: Kg | C8: 30 | D8: 11000 | E8: =C8*D8 -> 330000
A9: Củ Hành Tây | B9: Kg | C9: 360 | D9: 19000 | E9: =C9*D9 -> 6840000
A10: Củ Hành Tây Trung | B10: Túi | C10: 173.33333 | D10: 4500 | E10: =C10*D10 -> 780000
A11: Củ Khoai Lang Mật Size 46 | B11: Kg | C11: 40 | D11: 24000 | E11: =C11*D11 -> 960000
A12: Củ Khoai Lang Nhật | B12: Kg | C12: 340 | D12: 17000 | E12: =C12*D12 -> 5780000
A13: Củ Khoai Tây Vàng | B13: Kg | C13: 400 | D13: 18000 | E13: =C13*D13 -> 7200000
A14: Củ Khoai Tây Vàng | B14: Túi | C14: 36 | D14: 8000 | E14: =C14*D14 -> 288000
A15: Bông Cải Xanh Baby | B15: Vỉ | E15: =C15*D15 -> 0
A16: Bắp Cải Trắng | B16: Kg | C16: 380 | D16: 5500 | E16: =C16*D16 -> 2090000
A17: Cải Bó Xôi | B17: Kg | C17: 8 | D17: 32000 | E17: =C17*D17 -> 256000
A18: Cải Bó Xôi | B18: Túi | E18: =C18*D18 -> 0
A19: Cải Kale | B19: Túi | C19: 9 | D19: 3900 | E19: =C19*D19 -> 35100
A20: Cải Thảo | B20: Kg | E20: =C20*D20 -> 0
A21: Cần Tây | B21: Cây | E21: =C21*D21 -> 0
A22: Cần Tây | B22: Kg | C22: 55 | D22: 10000 | E22: =C22*D22 -> 550000
A23: Xà Lách Lolo Xanh T.C | B23: Kg | C23: 5 | D23: 28000 | E23: =C23*D23 -> 140000
A24: Bí Đỏ Tròn | B24: Kg | C24: 1060 | D24: 7000 | E24: =C24*D24 -> 7420000
A25: Bí Ngòi Xanh | B25: Kg | C25: 70 | D25: 21000 | E25: =C25*D25 -> 1470000
A26: Bí Ngòi Xanh | B26: Trái | E26: =C26*D26 -> 0
A27: Bí Non Nhật | B27: Kg | E27: =C27*D27 -> 0
A28: Bí Non Nhật | B28: Trái | E28: =C28*D28 -> 0
A29: Cà Chua Beef | B29: Kg | C29: 155 | D29: 17000 | E29: =C29*D29 -> 2635000
A30: Cà Chua Beef | B30: Vỉ 650gr | E30: =C30*D30 -> 0
A31: Cà Chua Thường | B31: Kg | C31: 343 | D31: 18000 | E31: =C31*D31 -> 6174000
A32: Cà Chua Thường | B32: Vỉ | E32: =C32*D32 -> 0
A33: Cà Chua Thường Trung | B33: Túi | C33: 100 | D33: 13000 | E33: =C33*D33 -> 1300000
A34: Dưa Leo Baby | B34: Kg | E34: =C34*D34 -> 0
A35: Dưa Leo Baby | B35: Vỉ | E35: =C35*D35 -> 0
A36: Dưa Leo Thường | B36: Kg | C36: 40 | D36: 15000 | E36: =C36*D36 -> 600000
A37: Ớt Chuông Đỏ | B37: Kg | C37: 185 | D37: 32000 | E37: =C37*D37 -> 5920000
A38: Ớt Chuông Đỏ | B38: Trái | E38: =C38*D38 -> 0
A39: Ớt Chuông Vàng | B39: Kg | C39: 8 | D39: 35000 | E39: =C39*D39 -> 280000
A40: Ớt Chuông Vàng | B40: Trái | E40: =C40*D40 -> 0
A41: Ớt Chuông Xanh | B41: Kg | E41: =C41*D41 -> 0
A42: Ớt Chuông Xanh | B42: Trái | E42: =C42*D42 -> 0
A43: Bơ Booth | B43: Kg | E43: =C43*D43 -> 0
A44: Ớt Chuông Ba Màu | B44: Vỉ | E44: =C44*D44 -> 0
A45: Củ Khoai Lang Mật Size 23 | B45: Kg | E45: =C45*D45 -> 0
A46: Cà Chua Bi Đỏ | B46: Kg | C46: 10 | D46: 30000 | E46: =C46*D46 -> 300000
A47: Cà Chua Bi Đỏ | B47: Hộp 300gr | C47: 80 | D47: 9000 | E47: =C47*D47 -> 720000
A48: Hạt Dẻ Ngố | B48: Kg | C48: 325 | D48: 27600 | E48: =C48*D48 -> 8970000
A49: Bắp Cải Tím | B49: Kg | C49: 11 | D49: 36000 | E49: =C49*D49 -> 396000
A50: Bắp Cải Trái Tim | B50: Kg | C50: 1108 | D50: 5500 | E50: =C50*D50 -> 6094000
A51: Bông Cải Trắng | B51: Kg | E51: =C51*D51 -> 0
A52: Cà tím | B52: Cặp | E52: =C52*D52 -> 0
A53: Cà Chua Beef Trung | B53: Kg | E53: =C53*D53 -> 0
A54: Cà Chua Beef Trung | B54: Vỉ 500gr | C54: 14 | D54: 9000 | E54: =C54*D54 -> 126000
A55: Cà Chua Bi Mix | B55: Hộp | C55: 9 | D55: 14400 | E55: =C55*D55 -> 129600
A56: Cà Chua Socola | B56: Kg | E56: =C56*D56 -> 0
A57: Cà Chua Socola | B57: Hộp 250GR | C57: 62 | D57: 14400 | E57: =C57*D57 -> 892800
A58: Cà Tím | B58: Kg | C58: 20 | D58: 10000 | E58: =C58*D58 -> 200000
A59: Cải Cầu Vồng | B59: Túi | C59: 5 | D59: 3900 | E59: =C59*D59 -> 19500
A60: Chuối Laba | B60: Kg | C60: 45 | D60: 14000 | E60: =C60*D60 -> 630000
A61: Củ Cải Trắng | B61: Kg | C61: 40 | D61: 5500 | E61: =C61*D61 -> 220000
A62: Củ Gừng | B62: Kg | C62: 14 | D62: 23000 | E62: =C62*D62 -> 322000
A63: Củ Su Hào | B63: Kg | C63: 45 | D63: 12000 | E63: =C63*D63 -> 540000
A64: Đậu Cove Nhật | B64: Túi | E64: =C64*D64 -> 0
A65: Đậu Cove Trắng | B65: Kg | C65: 20 | D65: 15000 | E65: =C65*D65 -> 300000
A66: Hành Paro | B66: Cây | E66: =C66*D66 -> 0
A67: Hành Paro | B67: Kg | E67: =C67*D67 -> 0
A68: Khổ qua | B68: Kg | E68: =C68*D68 -> 0
A69: Lá Mè | B69: Túi | C69: 4 | D69: 2100 | E69: =C69*D69 -> 8400
A70: Lá Nha Đam | B70: Kg | C70: 9 | D70: 14000 | E70: =C70*D70 -> 126000
A71: Ớt Chuông Baby | B71: Hộp | E71: =C71*D71 -> 0
A72: Ớt Sweet Palemo | B72: Túi | C72: 57 | D72: 22000 | E72: =C72*D72 -> 1254000
A73: Trái Su Su | B73: Kg | E73: =C73*D73 -> 0
A74: Xà Lách Lolo Xanh | B74: Kg | E74: =C74*D74 -> 0
A75: Xà Lách Mỡ T.C | B75: Kg | E75: =C75*D75 -> 0
A76: Xà Lách Thủy Tinh T.C | B76: Kg | C76: 3 | D76: 30000 | E76: =C76*D76 -> 90000
A77: Bông Cải Xanh 7Cm | B77: Kg | C77: 4 | D77: 36000 | E77: =C77*D77 -> 144000
A78: Rau Bầu Đất | B78: Túi | E78: =C78*D78 -> 0
A79: Xà Lách Thủy Tinh T.C Cây | B79: Cây | E79: =C79*D79 -> 0
A80: Xà Lách Mỡ T.C Cây | B80: Cây | E80: =C80*D80 -> 0
A81: Xà Lách Lolo Xanh T.C Cây | B81: Cây | E81: =C81*D81 -> 0
A82: Củ Khoai Tây Vàng Trung | B82: Túi | E82: =C82*D82 -> 0
A83: Trái Cam Canh | B83: Kg | C83: 3475 | D83: 28000 | E83: =C83*D83 -> 97300000
A84: Trái Bưởi Diễn | B84: Trái | E84: =C84*D84 -> 0
A85: Trái Mâm Xôi | B85: Hộp | E85: =C85*D85 -> 0
A86: Bông Cải Xanh 12Cm | B86: Kg | E86: =C86*D86 -> 0
A87: Củ Tỏi | B87: Kg | E87: =C87*D87 -> 0
A88: Bí Đỏ Hồ Lô | B88: Kg | E88: =C88*D88 -> 0
A89: Dưa Leo Nhật | B89: Kg | C89: 4 | D89: 14000 | E89: =C89*D89 -> 56000
A90: Củ Khoai Mỡ | B90: Kg | C90: 50 | D90: 25000 | E90: =C90*D90 -> 1250000
E91: =SUM(E4:E90) -> 174670400
A92: kq
A93: Tên Sản phẩm | B93: ĐVT | C93: tồn | D93: giá | E93: thành tiền
A94: Cà Rốt | B94: Kg | E94: =C94*D94 -> 0
A95: Củ Cải Muối | B95: Vỉ | C95: 0 | E95: =C95*D95 -> 0
A96: Củ Cải Trắng | B96: Kg | C96: 80 | D96: 5000 | E96: =C96*D96 -> 400000
A97: Củ Dền | B97: Kg | C97: 40 | D97: 11000 | E97: =C97*D97 -> 440000
A98: Củ Hành Tây | B98: Kg | E98: =C98*D98 -> 0
A99: Củ Khoai Lang Mật Size 46 | B99: Túi | E99: =C99*D99 -> 0
A100: Củ Khoai Lang Nhật | B100: Kg | E100: =C100*D100 -> 0
A101: Củ Khoai Tây Bi Vàng | B101: Túi | C101: 30 | D101: 6000 | E101: =C101*D101 -> 180000
...

Sheet 22.12
A1: hàng tồn cuối ngày 22/12 vr
A2: Tên Sản phẩm | B2: ĐVT | C2: tồn | D2: giá | E2: thành tiền
A3: Bắp Cải Tím | B3: Kg | C3: 30 | D3: 36000 | E3: =C3*D3 -> 1080000
A4: Bắp Cải Trái Tim | B4: Kg | C4: 1475 | D4: 5500 | E4: =C4*D4 -> 8112500
A5: Bắp Cải Trắng | B5: Kg | C5: 352 | D5: 5000 | E5: =C5*D5 -> 1760000
A6: Bí Đao Xanh | B6: Kg | C6: 0 | E6: =C6*D6 -> 0
A7: Bí Đỏ Hồ Lô | B7: Kg | C7: 4 | D7: 11500 | E7: =C7*D7 -> 46000
A8: Bí Đỏ Tròn | B8: Kg | C8: 930 | D8: 7000 | E8: =C8*D8 -> 6510000
A9: Bí Ngòi Vàng | B9: Kg | C9: 0 | E9: =C9*D9 -> 0
A10: Bí Ngòi Xanh | B10: Kg | C10: 128 | D10: 21000 | E10: =C10*D10 -> 2688000
A11: Bí Ngòi Xanh | B11: Trái | C11: 0 | E11: =C11*D11 -> 0
A12: Bí Non Nhật | B12: Kg | C12: 4 | D12: 14000 | E12: =C12*D12 -> 56000
A13: Bí Non Nhật | B13: Trái | C13: 0 | E13: =C13*D13 -> 0
A14: Bơ Booth | B14: Kg | C14: 0 | E14: =C14*D14 -> 0
A15: Bông Cải Trắng | B15: Kg | C15: 0 | E15: =C15*D15 -> 0
A16: Bông Cải Xanh 10Cm | B16: Kg | C16: 0 | E16: =C16*D16 -> 0
A17: Bông Cải Xanh 12Cm | B17: Kg | C17: 0 | E17: =C17*D17 -> 0
A18: Bông Cải Xanh 7Cm | B18: Kg | C18: 0 | E18: =C18*D18 -> 0
A19: Bông Cải Xanh Baby | B19: Vỉ | C19: 14 | D19: 8500 | E19: =C19*D19 -> 119000
A20: Cà Chua Beef | B20: Kg | C20: 20 | D20: 17000 | E20: =C20*D20 -> 340000
A21: Cà Chua Beef | B21: Vỉ | C21: 0 | E21: =C21*D21 -> 0
A22: Cà Chua Beef | B22: Vỉ 650gr | C22: 0 | E22: =C22*D22 -> 0
A23: Cà Chua Beef Trung | B23: Kg | C23: 25 | D23: 17000 | E23: =C23*D23 -> 425000
A24: Cà Chua Beef Trung | B24: Vỉ 500gr | C24: 0 | E24: =C24*D24 -> 0
A25: Cà Chua Bi Đỏ | B25: Kg | C25: 12 | D25: 30000 | E25: =C25*D25 -> 360000
A26: Cà Chua Bi Đỏ | B26: Hộp 300gr | C26: 81 | D26: 9000 | E26: =C26*D26 -> 729000
A27: Cà Chua Bi Mix | B27: Hộp | C27: 19 | D27: 14400 | E27: =C27*D27 -> 273600
A28: Cà Chua Socola | B28: Kg | C28: 0 | E28: =C28*D28 -> 0
A29: Cà Chua Socola | B29: Hộp 250GR | C29: 532 | D29: 12000 | E29: =C29*D29 -> 6384000
A30: Cà Chua Thường | B30: Kg | C30: 40 | D30: 14000 | E30: =C30*D30 -> 560000
A31: Cà Chua Thường | B31: Vỉ | C31: 0 | E31: =C31*D31 -> 0
A32: Cà Chua Thường Trung | B32: Túi | C32: 206 | D32: 13000 | E32: =C32*D32 -> 2678000
A33: Cà Rốt | B33: Kg | C33: 320 | D33: 13000 | E33: =C33*D33 -> 4160000
A34: Cà Rốt | B34: Túi | C34: 0 | E34: =C34*D34 -> 0
A35: Cà Rốt Baby | B35: Kg | C35: 0 | E35: =C35*D35 -> 0
A36: Cà Rốt Baby | B36: Vỉ | C36: 0 | E36: =C36*D36 -> 0
A37: Cà Tím | B37: Kg | C37: 80 | D37: 10000 | E37: =C37*D37 -> 800000
A38: Cà Tím | B38: Cặp | C38: 0 | E38: =C38*D38 -> 0
A39: Cải Bó Xôi | B39: Kg | C39: 11 | D39: 32000 | E39: =C39*D39 -> 352000
A40: Cải Bó Xôi | B40: Túi | C40: 0 | E40: =C40*D40 -> 0
A41: Cải Cầu Vồng | B41: Kg | C41: 0 | E41: =C41*D41 -> 0
A42: Cải Cầu Vồng | B42: Túi | C42: 6 | D42: 3900 | E42: =C42*D42 -> 23400
A43: Cải Kale | B43: Kg | C43: 0 | E43: =C43*D43 -> 0
A44: Cải Kale | B44: Túi | C44: 10 | D44: 3900 | E44: =C44*D44 -> 39000
A45: Cải Thảo | B45: Kg | C45: 300 | D45: 5500 | E45: =C45*D45 -> 1650000
A46: Cần Tây | B46: Cây | C46: 0 | E46: =C46*D46 -> 0
A47: Cần Tây | B47: Kg | C47: 25 | D47: 10000 | E47: =C47*D47 -> 250000
A48: Chuối Laba | B48: Kg | C48: 30 | D48: 14000 | E48: =C48*D48 -> 420000
A49: Củ Cải Đỏ | B49: Hộp | C49: 4 | D49: 9000 | E49: =C49*D49 -> 36000
A50: Củ Cải Đỏ | B50: Kg | C50: 0 | E50: =C50*D50 -> 0
A51: Củ Cải Trắng | B51: Kg | C51: 75 | D51: 5500 | E51: =C51*D51 -> 412500
A52: Củ Dền | B52: Kg | C52: 30 | D52: 11000 | E52: =C52*D52 -> 330000
A53: Củ Dền | B53: Túi | C53: 0 | E53: =C53*D53 -> 0
A54: Củ Gừng | B54: Kg | C54: 5 | D54: 23000 | E54: =C54*D54 -> 115000
A55: Củ Hành Tây | B55: Kg | C55: 195 | D55: 19000 | E55: =C55*D55 -> 3705000
A56: Củ Hành Tây | B56: Túi 300gr | C56: 0 | E56: =C56*D56 -> 0
A57: Củ Hành Tây Tím | B57: Kg | C57: 13 | D57: 20000 | E57: =C57*D57 -> 260000
A58: Củ Hành Tây Trung | B58: Túi | C58: 100 | D58: 4500 | E58: =C58*D58 -> 450000
A59: Củ Khoai Lang Mật Size 23 | B59: Kg | C59: 220 | D59: 24000 | E59: =C59*D59 -> 5280000
A60: Củ Khoai Lang Mật Size 46 | B60: Kg | C60: 0 | E60: =C60*D60 -> 0
A61: Củ Khoai Lang Mật Size 78 | B61: Kg | C61: 390 | D61: 17000 | E61: =C61*D61 -> 6630000
A62: Củ Khoai Lang Nhật | B62: Kg | C62: 108 | D62: 17000 | E62: =C62*D62 -> 1836000
A63: Củ Khoai Mỡ | B63: Kg | C63: 25 | D63: 25000 | E63: =C63*D63 -> 625000
A64: Củ Khoai Sâm | B64: Kg | C64: 0 | E64: =C64*D64 -> 0
A65: Củ Khoai Tây Bi Vàng | B65: Kg | C65: 0 | E65: =C65*D65 -> 0
A66: Củ Khoai Tây Bi Vàng | B66: Túi | C66: 0 | E66: =C66*D66 -> 0
A67: Củ Khoai Tây Vàng | B67: Kg | C67: 70 | D67: 18000 | E67: =C67*D67 -> 1260000
A68: Củ Khoai Tây Vàng | B68: Túi | C68: 0 | E68: =C68*D68 -> 0
A69: Củ Khoai Tây Vàng Trung | B69: Túi | C69: 50 | D69: 8000 | E69: =C69*D69 -> 400000
A70: Củ Su Hào | B70: Kg | C70: 66 | D70: 13000 | E70: =C70*D70 -> 858000
A71: Đậu Cove Nhật | B71: Túi | C71: 25 | D71: 6000 | E71: =C71*D71 -> 150000
A72: Đậu Cove Trắng | B72: Kg | C72: 0 | E72: =C72*D72 -> 0
A73: Đậu Cove Trắng | B73: Túi 500gr | C73: 17 | D73: 15000 | E73: =C73*D73 -> 255000
A74: Đậu Đỏ | B74: Kg | C74: 4.9 | D74: 60000 | E74: =C74*D74 -> 294000
A75: Đậu Ngự | B75: Kg | C75: 0 | E75: =C75*D75 -> 0
A76: Đậu Trắng | B76: Kg | C76: 0 | E76: =C76*D76 -> 0
A77: Dưa Leo Baby | B77: Kg | C77: 0 | E77: =C77*D77 -> 0
A78: Dưa Leo Baby | B78: Vỉ | C78: 0 | E78: =C78*D78 -> 0
A79: Dưa Leo Thường | B79: Kg | C79: 15 | D79: 15000 | E79: =C79*D79 -> 225000
A80: Hành Paro | B80: Cây | C80: 0 | E80: =C80*D80 -> 0
A81: Hành Paro | B81: Kg | C81: 13 | D81: 17000 | E81: =C81*D81 -> 221000
A82: Hạt Dẻ Ngố | B82: Kg | C82: 2060 | D82: 27600 | E82: =C82*D82 -> 56856000
A83: Hồng Giòn Đà Lạt | B83: Kg | C83: 0 | E83: =C83*D83 -> 0
A84: Hồng Treo Gió | B84: Hộp | C84: 7 | D84: 100000 | E84: =C84*D84 -> 700000
A85: Lá Mè | B85: Túi | C85: 0 | E85: =C85*D85 -> 0
A86: Lá Nha Đam | B86: Kg | C86: 12 | D86: 14000 | E86: =C86*D86 -> 168000
A87: Ớt Chuông Ba Màu | B87: Vỉ | C87: 0 | E87: =C87*D87 -> 0
A88: Ớt Chuông Baby | B88: Hộp | C88: 0 | E88: =C88*D88 -> 0
A89: Ớt Chuông Baby | B89: Kg | C89: 8 | D89: 44000 | E89: =C89*D89 -> 352000
A90: Ớt Chuông Đỏ | B90: Kg | C90: 110 | D90: 32000 | E90: =C90*D90 -> 3520000
A91: Ớt Chuông Đỏ | B91: Trái | C91: 0 | E91: =C91*D91 -> 0
A92: Ớt Chuông Vàng | B92: Kg | C92: 0 | E92: =C92*D92 -> 0
A93: Ớt Chuông Vàng | B93: Trái | C93: 0 | E93: =C93*D93 -> 0
A94: Ớt Chuông Xanh | B94: Kg | C94: 0 | E94: =C94*D94 -> 0
A95: Ớt Chuông Xanh | B95: Trái | C95: 0 | E95: =C95*D95 -> 0
A96: Ớt Sweet Palemo | B96: Túi | C96: 13 | D96: 22000 | E96: =C96*D96 -> 286000
A97: Rau Bầu Đất | B97: Túi | C97: 0 | E97: =C97*D97 -> 0
A98: Trái Bầu | B98: Kg | C98: 0 | E98: =C98*D98 -> 0
A99: Trái Bưởi Đường | B99: Trái | C99: 870 | D99: 17000 | E99: =C99*D99 -> 14790000
A100: Trái Cam Canh | B100: Kg | C100: 2881 | D100: 25000 | E100: =C100*D100 -> 72025000
...

Sheet 23.12
A1: hàng tồn cuối ngày 23/12 vr
A2: Tên Sản phẩm | B2: ĐVT | C2: tồn | D2: giá | E2: thành tiền
A3: Bắp Cải Tím | B3: Kg | C3: 15 | D3: 36000 | E3: =C3*D3 -> 540000
A4: Bắp Cải Trái Tim | B4: Kg | C4: 1645 | D4: 7500 | E4: =C4*D4 -> 12337500
A5: Bắp Cải Trắng | B5: Kg | C5: 190 | D5: 5000 | E5: =C5*D5 -> 950000
A6: Bí Đỏ Hồ Lô | B6: Kg | C6: 12 | D6: 11500 | E6: =C6*D6 -> 138000
A7: Bí Đỏ Tròn | B7: Kg | C7: 146 | D7: 7000 | E7: =C7*D7 -> 1022000
A8: Bí Ngòi Xanh | B8: Kg | C8: 200 | D8: 21000 | E8: =C8*D8 -> 4200000
A9: Bí Ngòi Xanh | B9: Trái | C9: 0 | E9: =C9*D9 -> 0
A10: Bí Non Nhật | B10: Kg | C10: 5 | D10: 14000 | E10: =C10*D10 -> 70000
A11: Bí Non Nhật | B11: Trái | C11: 0 | E11: =C11*D11 -> 0
A12: Bơ Booth | B12: Kg | C12: 0 | E12: =C12*D12 -> 0
A13: Bông Cải Trắng | B13: Kg | C13: 0 | E13: =C13*D13 -> 0
A14: Bông Cải Xanh 10Cm | B14: Kg | C14: 0 | E14: =C14*D14 -> 0
A15: Bông Cải Xanh 12Cm | B15: Kg | C15: 0 | E15: =C15*D15 -> 0
A16: Bông Cải Xanh 7Cm | B16: Kg | C16: 0 | E16: =C16*D16 -> 0
A17: Bông Cải Xanh Baby | B17: Vỉ | C17: 20 | D17: 8500 | E17: =C17*D17 -> 170000
A18: Cà Chua Beef | B18: Kg | C18: 770 | D18: 19000 | E18: =C18*D18 -> 14630000
A19: Cà Chua Beef | B19: Vỉ | C19: 0 | E19: =C19*D19 -> 0
A20: Cà Chua Beef | B20: Vỉ 650gr | C20: 0 | E20: =C20*D20 -> 0
A21: Cà Chua Beef Trung | B21: Kg | C21: 16 | D21: 16000 | E21: =C21*D21 -> 256000
A22: Cà Chua Beef Trung | B22: Vỉ 500gr | C22: 82 | D22: 8000 | E22: =C22*D22 -> 656000
A23: Cà Chua Bi Đỏ | B23: Kg | C23: 14 | D23: 24000 | E23: =C23*D23 -> 336000
A24: Cà Chua Bi Đỏ | B24: Hộp 300gr | C24: 29 | D24: 8400 | E24: =C24*D24 -> 243600
A25: Cà Chua Bi Mix | B25: Hộp | C25: 0 | E25: =C25*D25 -> 0
A26: Cà Chua Socola | B26: Kg | C26: 0 | E26: =C26*D26 -> 0
A27: Cà Chua Socola | B27: Hộp 250GR | C27: 680 | D27: 12000 | E27: =C27*D27 -> 8160000
A28: Cà Chua Thường | B28: Kg | C28: 410 | D28: 12000 | E28: =C28*D28 -> 4920000
A29: Cà Chua Thường | B29: Vỉ | C29: 0 | E29: =C29*D29 -> 0
A30: Cà Chua Thường Trung | B30: Túi | C30: 0 | E30: =C30*D30 -> 0
A31: Cà Rốt | B31: Kg | C31: 135 | D31: 13000 | E31: =C31*D31 -> 1755000
A32: Cà Rốt | B32: Túi | C32: 0 | E32: =C32*D32 -> 0
A33: Cà Rốt Baby | B33: Vỉ | C33: 5 | D33: 10000 | E33: =C33*D33 -> 50000
A34: Cà Tím | B34: Kg | C34: 0 | E34: =C34*D34 -> 0
A35: Cà Tím | B35: Cặp | C35: 0 | E35: =C35*D35 -> 0
A36: Cải Bó Xôi | B36: Kg | C36: 0 | E36: =C36*D36 -> 0
A37: Cải Bó Xôi | B37: Túi | C37: 0 | E37: =C37*D37 -> 0
A38: Cải Cầu Vồng | B38: Túi | C38: 0 | E38: =C38*D38 -> 0
A39: Cải Kale | B39: Túi | C39: 12 | D39: 3900 | E39: =C39*D39 -> 46800
A40: Cải Thảo | B40: Kg | C40: 0 | E40: =C40*D40 -> 0
A41: Cần Tây | B41: Cây | C41: 0 | E41: =C41*D41 -> 0
A42: Cần Tây | B42: Kg | C42: 55 | D42: 10000 | E42: =C42*D42 -> 550000
A43: Chuối Laba | B43: Kg | C43: 25 | D43: 14000 | E43: =C43*D43 -> 350000
A44: Củ Cải Đỏ | B44: Hộp | C44: 0 | E44: =C44*D44 -> 0
A45: Củ Cải Trắng | B45: Kg | C45: 0 | E45: =C45*D45 -> 0
A46: Củ Dền | B46: Kg | C46: 40 | D46: 10000 | E46: =C46*D46 -> 400000
A47: Củ Dền | B47: Túi | C47: 0 | E47: =C47*D47 -> 0
A48: Củ Gừng | B48: Kg | C48: 5 | D48: 23000 | E48: =C48*D48 -> 115000
A49: Củ Hành Tây | B49: Kg | C49: 486 | D49: 19000 | E49: =C49*D49 -> 9234000
A50: Củ Hành Tây | B50: Túi 300gr | C50: 0 | E50: =C50*D50 -> 0
A51: Củ Hành Tây Tím | B51: Kg | C51: 10 | D51: 20000 | E51: =C51*D51 -> 200000
A52: Củ Hành Tây Trung | B52: Túi | C52: 0 | E52: =C52*D52 -> 0
A53: Củ Khoai Lang Mật Size 23 | B53: Kg | C53: 100 | D53: 24000 | E53: =C53*D53 -> 2400000
A54: Củ Khoai Lang Mật Size 46 | B54: Kg | C54: 90 | D54: 24000 | E54: =C54*D54 -> 2160000
A55: Củ Khoai Lang Mật Size 46 | B55: Túi | C55: 0 | E55: =C55*D55 -> 0
A56: Củ Khoai Lang Mật Size 78 | B56: Kg | C56: 430 | D56: 17000 | E56: =C56*D56 -> 7310000
A57: Củ Khoai Lang Nhật | B57: Kg | C57: 160 | D57: 17000 | E57: =C57*D57 -> 2720000
A58: Củ Khoai Mỡ | B58: Kg | C58: 0 | E58: =C58*D58 -> 0
A59: Củ Khoai Sâm | B59: Kg | C59: 0 | E59: =C59*D59 -> 0
A60: Củ Khoai Tây Bi Vàng | B60: Túi | C60: 0 | E60: =C60*D60 -> 0
A61: Củ Khoai Tây Vàng | B61: Kg | C61: 500 | D61: 17000 | E61: =C61*D61 -> 8500000
A62: Củ Khoai Tây Vàng | B62: Túi | C62: 0 | E62: =C62*D62 -> 0
A63: Củ Khoai Tây Vàng Trung | B63: Túi | C63: 16 | D63: 8000 | E63: =C63*D63 -> 128000
A64: Củ Su Hào | B64: Kg | C64: 5 | D64: 13000 | E64: =C64*D64 -> 65000
A65: Đậu Cove Nhật | B65: Túi | C65: 0 | E65: =C65*D65 -> 0
A66: Đậu Cove Trắng | B66: Kg | C66: 0 | E66: =C66*D66 -> 0
A67: Đậu Cove Trắng | B67: Túi 500gr | C67: 25 | D67: 14000 | E67: =C67*D67 -> 350000
A68: Đậu Đỏ | B68: Kg | C68: 0 | E68: =C68*D68 -> 0
A69: Đậu Ngự | B69: Kg | C69: 0 | E69: =C69*D69 -> 0
A70: Đậu Trắng | B70: Kg | C70: 0 | E70: =C70*D70 -> 0
A71: Đậu Tươi Hỗn Hợp Túi 100gr | B71: Túi | C71: 0 | E71: =C71*D71 -> 0
A72: Dưa Leo Baby | B72: Kg | C72: 0 | E72: =C72*D72 -> 0
A73: Dưa Leo Baby | B73: Vỉ | C73: 0 | E73: =C73*D73 -> 0
A74: Dưa Leo Nhật | B74: Kg | C74: 0 | E74: =C74*D74 -> 0
A75: Dưa Leo Thường | B75: Kg | C75: 32 | D75: 15000 | E75: =C75*D75 -> 480000
A76: Hành Paro | B76: Cây | C76: 0 | E76: =C76*D76 -> 0
A77: Hành Paro | B77: Kg | C77: 10 | D77: 17000 | E77: =C77*D77 -> 170000
A78: Hạt Dẻ Ngố | B78: Kg | C78: 1860 | D78: 27600 | E78: =C78*D78 -> 51336000
A79: Hồng Giòn Đà Lạt | B79: Kg | C79: 0 | E79: =C79*D79 -> 0
A80: Hồng Treo Gió | B80: Hộp | C80: 0 | E80: =C80*D80 -> 0
A81: Lá Mè | B81: Túi | C81: 0 | E81: =C81*D81 -> 0
A82: Lá Nha Đam | B82: Kg | C82: 5 | D82: 14000 | E82: =C82*D82 -> 70000
A83: Ớt Chuông Ba Màu | B83: Vỉ | C83: 0 | E83: =C83*D83 -> 0
A84: Ớt Chuông Baby | B84: Hộp | C84: 0 | E84: =C84*D84 -> 0
A85: Ớt Chuông Baby | B85: Kg | C85: 3 | D85: 44000 | E85: =C85*D85 -> 132000
A86: Ớt Chuông Đỏ | B86: Kg | C86: 125 | D86: 35000 | E86: =C86*D86 -> 4375000
A87: Ớt Chuông Đỏ | B87: Trái | C87: 0 | E87: =C87*D87 -> 0
A88: Ớt Chuông Vàng | B88: Kg | C88: 0 | E88: =C88*D88 -> 0
A89: Ớt Chuông Vàng | B89: Trái | C89: 0 | E89: =C89*D89 -> 0
A90: Ớt Chuông Xanh | B90: Kg | C90: 0 | E90: =C90*D90 -> 0
A91: Ớt Chuông Xanh | B91: Trái | C91: 0 | E91: =C91*D91 -> 0
A92: Ớt Sweet Palemo | B92: Túi | C92: 0 | E92: =C92*D92 -> 0
A93: Rau Bầu Đất | B93: Túi | C93: 0 | E93: =C93*D93 -> 0
A94: Trái Bưởi Đường | B94: Trái | C94: 835 | D94: 17000 | E94: =C94*D94 -> 14195000
A95: Trái Cam Canh | B95: Kg | C95: 2861 | D95: 28000 | E95: =C95*D95 -> 80108000
A96: Trái Khổ Qua | B96: Kg | C96: 0 | E96: =C96*D96 -> 0
A97: Trái Mâm Xôi | B97: Hộp | C97: 0 | E97: =C97*D97 -> 0
A98: Trái Su Su | B98: Kg | C98: 135 | D98: 16000 | E98: =C98*D98 -> 2160000
A99: Xà Lách Lolo Xanh | B99: Kg | C99: 10 | D99: 28000 | E99: =C99*D99 -> 280000
A100: Xà Lách Lolo Xanh T.C | B100: Kg | C100: 0 | E100: =C100*D100 -> 0
...

Sheet 24.12
A2: Tên Sản phẩm | B2: ĐVT | C2: tồn | D2: giá | E2: thành tiền
A3: Cà Rốt | B3: Kg | C3: 178 | D3: 13000 | E3: =C3*D3 -> 2314000
A4: Cà Rốt | B4: Túi | C4: 0 | E4: =C4*D4 -> 0
A5: Cà Rốt Baby | B5: Vỉ | C5: 0 | E5: =C5*D5 -> 0
A6: Củ Cải Đỏ | B6: Hộp | C6: 0 | E6: =C6*D6 -> 0
A7: Củ Cải Đỏ | B7: Kg | C7: 0 | E7: =C7*D7 -> 0
A8: Củ Dền | B8: Kg | C8: 40 | D8: 10000 | E8: =C8*D8 -> 400000
A9: Củ Dền | B9: Túi | C9: 0 | E9: =C9*D9 -> 0
A10: Củ Hành Tây | B10: Kg | C10: 445 | D10: 19000 | E10: =C10*D10 -> 8455000
A11: Củ Hành Tây | B11: Túi 300gr | C11: 0 | E11: =C11*D11 -> 0
A12: Củ Hành Tây Trung | B12: Túi | C12: 0 | E12: =C12*D12 -> 0
A13: Củ Khoai Lang Mật Size 46 | B13: Kg | C13: 340 | D13: 30000 | E13: =C13*D13 -> 10200000
A14: Củ Khoai Lang Mật Size 46 | B14: Túi | C14: 0 | E14: =C14*D14 -> 0
A15: Củ Khoai Lang Nhật | B15: Kg | C15: 100 | D15: 17000 | E15: =C15*D15 -> 1700000
A16: Củ Khoai Tây Vàng | B16: Kg | C16: 450 | D16: 18000 | E16: =C16*D16 -> 8100000
A17: Củ Khoai Tây Vàng | B17: Túi | C17: 0 | E17: =C17*D17 -> 0
A18: Bông Cải Xanh Baby | B18: Vỉ | C18: 17 | D18: 8500 | E18: =C18*D18 -> 144500
A19: Bắp Cải Trắng | B19: Kg | C19: 130 | D19: 5000 | E19: =C19*D19 -> 650000
A20: Cải Bó Xôi | B20: Kg | C20: 19 | D20: 35000 | E20: =C20*D20 -> 665000
A21: Cải Bó Xôi | B21: Túi | C21: 0 | E21: =C21*D21 -> 0
A22: Cải Kale | B22: Túi | C22: 14 | D22: 3900 | E22: =C22*D22 -> 54600
A23: Cải Thảo | B23: Kg | C23: 0 | E23: =C23*D23 -> 0
A24: Cần Tây | B24: Cây | C24: 0 | E24: =C24*D24 -> 0
A25: Cần Tây | B25: Kg | C25: 27 | D25: 10000 | E25: =C25*D25 -> 270000
A26: Xà Lách Lolo Xanh T.C | B26: Kg | C26: 0 | E26: =C26*D26 -> 0
A27: Bí Đỏ Tròn | B27: Kg | C27: 330 | D27: 11500 | E27: =C27*D27 -> 3795000
A28: Bí Ngòi Xanh | B28: Kg | C28: 155 | D28: 21000 | E28: =C28*D28 -> 3255000
A29: Bí Ngòi Xanh | B29: Trái | C29: 0 | E29: =C29*D29 -> 0
A30: Bí Non Nhật | B30: Kg | C30: 5 | D30: 17000 | E30: =C30*D30 -> 85000
A31: Bí Non Nhật | B31: Trái | C31: 0 | E31: =C31*D31 -> 0
A32: Cà Chua Beef | B32: Kg | C32: 192 | D32: 18000 | E32: =C32*D32 -> 3456000
A33: Cà Chua Beef | B33: Vỉ | C33: 0 | E33: =C33*D33 -> 0
A34: Cà Chua Beef | B34: Vỉ 650gr | C34: 0 | E34: =C34*D34 -> 0
A35: Cà Chua Thường | B35: Kg | C35: 220 | D35: 14000 | E35: =C35*D35 -> 3080000
A36: Cà Chua Thường | B36: Vỉ | C36: 0 | E36: =C36*D36 -> 0
A37: Cà Chua Thường Trung | B37: Túi | C37: 260 | D37: 7000 | E37: =C37*D37 -> 1820000
A38: Dưa Leo Baby | B38: Kg | C38: 240 | D38: 9500 | E38: =C38*D38 -> 2280000
A39: Dưa Leo Baby | B39: Vỉ | C39: 757 | D39: 9000 | E39: =C39*D39 -> 6813000
A40: Dưa Leo Thường | B40: Kg | C40: 6 | D40: 15000 | E40: =C40*D40 -> 90000
A41: Ớt Chuông Đỏ | B41: Kg | C41: 155 | D41: 35000 | E41: =C41*D41 -> 5425000
A42: Ớt Chuông Đỏ | B42: Trái | C42: 0 | E42: =C42*D42 -> 0
A43: Ớt Chuông Vàng | B43: Kg | C43: 92 | D43: 40000 | E43: =C43*D43 -> 3680000
A44: Ớt Chuông Vàng | B44: Trái | C44: 0 | E44: =C44*D44 -> 0
A45: Ớt Chuông Xanh | B45: Kg | C45: 8 | D45: 30000 | E45: =C45*D45 -> 240000
A46: Ớt Chuông Xanh | B46: Trái | C46: 0 | E46: =C46*D46 -> 0
A47: Bơ Booth | B47: Kg | C47: 0 | E47: =C47*D47 -> 0
A48: Ớt Chuông Ba Màu | B48: Vỉ | C48: 0 | E48: =C48*D48 -> 0
A49: Củ Khoai Lang Mật Size 23 | B49: Kg | C49: 210 | D49: 30000 | E49: =C49*D49 -> 6300000
A50: Cà Chua Bi Đỏ | B50: Kg | C50: 0 | E50: =C50*D50 -> 0
A51: Cà Chua Bi Đỏ | B51: Hộp 300gr | C51: 125 | D51: 8400 | E51: =C51*D51 -> 1050000
A52: Củ Khoai Sâm | B52: Kg | C52: 0 | E52: =C52*D52 -> 0
A53: Hạt Dẻ Ngố | B53: Kg | C53: 0 | E53: =C53*D53 -> 0
A54: Bắp Cải Tím | B54: Kg | C54: 16 | D54: 36000 | E54: =C54*D54 -> 576000
A55: Bắp Cải Trái Tim | B55: Kg | C55: 1205 | D55: 7500 | E55: =C55*D55 -> 9037500
A56: Bông Cải Trắng | B56: Kg | C56: 0 | E56: =C56*D56 -> 0
A57: Bông Cải Xanh 10Cm | B57: Kg | C57: 0 | E57: =C57*D57 -> 0
A58: Cà Chua Beef Trung | B58: Kg | C58: 25 | D58: 16000 | E58: =C58*D58 -> 400000
A59: Cà Chua Beef Trung | B59: Vỉ 500gr | C59: 0 | E59: =C59*D59 -> 0
A60: Cà Chua Bi Mix | B60: Hộp | C60: 42 | D60: 14400 | E60: =C60*D60 -> 604800
A61: Cà Chua Socola | B61: Kg | C61: 0 | E61: =C61*D61 -> 0
A62: Cà Chua Socola | B62: Hộp 250GR | C62: 449 | D62: 10000 | E62: =C62*D62 -> 4490000
A63: Cà Tím | B63: Kg | C63: 55 | D63: 16000 | E63: =C63*D63 -> 880000
A64: Cà Tím | B64: Cặp | C64: 0 | E64: =C64*D64 -> 0
A65: Cải Cầu Vồng | B65: Kg | C65: 0 | E65: =C65*D65 -> 0
A66: Cải Cầu Vồng | B66: Túi | C66: 20 | D66: 4500 | E66: =C66*D66 -> 90000
A67: Chuối Laba | B67: Kg | C67: 25 | D67: 14000 | E67: =C67*D67 -> 350000
A68: Củ Cải Trắng | B68: Kg | C68: 60 | D68: 5500 | E68: =C68*D68 -> 330000
A69: Củ Gừng | B69: Kg | C69: 5 | D69: 23000 | E69: =C69*D69 -> 115000
A70: Củ Su Hào | B70: Kg | C70: 38 | D70: 13000 | E70: =C70*D70 -> 494000
A71: Đậu Cove Nhật | B71: Túi | C71: 19 | D71: 11000 | E71: =C71*D71 -> 209000
A72: Đậu Cove Trắng | B72: Kg | C72: 0 | E72: =C72*D72 -> 0
A73: Đậu Cove Trắng | B73: Túi 500gr | C73: 15 | D73: 14000 | E73: =C73*D73 -> 210000
A74: Đậu Đỏ | B74: Kg | C74: 0.5 | D74: 80000 | E74: =C74*D74 -> 40000
A75: Đậu Ngự | B75: Kg | C75: 1.5 | D75: 70000 | E75: =C75*D75 -> 105000
A76: Đậu Trắng | B76: Kg | C76: 1.5 | D76: 70000 | E76: =C76*D76 -> 105000
A77: Hành Paro | B77: Cây | C77: 0 | E77: =C77*D77 -> 0
A78: Hành Paro | B78: Kg | C78: 7 | D78: 17000 | E78: =C78*D78 -> 119000
A79: Hồng Giòn Đà Lạt | B79: Kg | C79: 0 | E79: =C79*D79 -> 0
A80: Lá Mè | B80: Túi | C80: 0 | E80: =C80*D80 -> 0
A81: Lá Nha Đam | B81: Kg | C81: 13 | D81: 14000 | E81: =C81*D81 -> 182000
A82: Ớt Chuông Baby | B82: Hộp | C82: 0 | E82: =C82*D82 -> 0
A83: Ớt Chuông Baby | B83: Kg | C83: 10 | D83: 44000 | E83: =C83*D83 -> 440000
A84: Ớt Sweet Palemo | B84: Kg | C84: 40 | D84: 60000 | E84: =C84*D84 -> 2400000
A85: Ớt Sweet Palemo | B85: Túi | C85: 82 | D85: 22000 | E85: =C85*D85 -> 1804000
A86: Trái Su Su | B86: Kg | C86: 207 | D86: 16000 | E86: =C86*D86 -> 3312000
A87: Xà Lách Lolo Xanh | B87: Kg | C87: 0 | E87: =C87*D87 -> 0
A88: Xà Lách Mỡ T.C | B88: Kg | C88: 0 | E88: =C88*D88 -> 0
A89: Xà Lách Romaine T.C | B89: Kg | C89: 0 | E89: =C89*D89 -> 0
A90: Xà Lách Thủy Tinh T.C | B90: Kg | C90: 0 | E90: =C90*D90 -> 0
A91: Dưa Leo Nhật | B91: Kg | C91: 0 | E91: =C91*D91 -> 0
A92: Củ Hành Tây Tím | B92: Kg | C92: 10 | D92: 20000 | E92: =C92*D92 -> 200000
A93: Củ Khoai Tây Bi Vàng | B93: Kg | C93: 0 | E93: =C93*D93 -> 0
A94: Củ Khoai Tây Bi Vàng | B94: Túi | C94: 0 | E94: =C94*D94 -> 0
A95: Bí Ngòi Vàng | B95: Kg | C95: 0 | E95: =C95*D95 -> 0
A96: Xà Lách Carol | B96: Kg | C96: 0 | E96: =C96*D96 -> 0
A97: Trái Bầu | B97: Kg | C97: 0 | E97: =C97*D97 -> 0
A98: Rau Bầu Đất | B98: Túi | C98: 0 | E98: =C98*D98 -> 0
A99: Xà Lách Lolo Xanh T.C Cây | B99: Cây | C99: 0 | E99: =C99*D99 -> 0
A100: Xà Lách Thủy Tinh T.C Cây | B100: Cây | C100: 0 | E100: =C100*D100 -> 0
A101: Bông Cải Xanh 7Cm | B101: Kg | C101: 19 | D101: 38000 | E101: =C101*D101 -> 722000
...

Sheet 25.12
A1: hàng tồn cuối ngày 25/12 vr
A2: Tên Sản phẩm | B2: ĐVT | C2: tồn | D2: giá | E2: thành tiền
A3: Bắp Cải Tím | B3: Kg | C3: 16 | D3: 36000 | E3: =C3*D3 -> 576000
A4: Bắp Cải Trái Tim | B4: Kg | C4: 1205 | D4: 7500 | E4: =C4*D4 -> 9037500
A5: Bắp Cải Trắng | B5: Kg | C5: 130 | D5: 5000 | E5: =C5*D5 -> 650000
A6: Bí Đỏ Hồ Lô | B6: Kg | C6: 0 | E6: =C6*D6 -> 0
A7: Bí Đỏ Tròn | B7: Kg | C7: 330 | D7: 11500 | E7: =C7*D7 -> 3795000
A8: Bí Ngòi Vàng | B8: Kg | C8: 0 | E8: =C8*D8 -> 0
A9: Bí Ngòi Xanh | B9: Kg | C9: 155 | D9: 21000 | E9: =C9*D9 -> 3255000
A10: Bí Ngòi Xanh | B10: Trái | C10: 0 | E10: =C10*D10 -> 0
A11: Bí Non Nhật | B11: Kg | C11: 5 | D11: 17000 | E11: =C11*D11 -> 85000
A12: Bí Non Nhật | B12: Trái | C12: 0 | E12: =C12*D12 -> 0
A13: Bơ Booth | B13: Kg | C13: 0 | E13: =C13*D13 -> 0
A14: Bông Cải Trắng | B14: Kg | C14: 0 | E14: =C14*D14 -> 0
A15: Bông Cải Xanh 10Cm | B15: Kg | C15: 0 | E15: =C15*D15 -> 0
A16: Bông Cải Xanh 12Cm | B16: Kg | C16: 0 | E16: =C16*D16 -> 0
A17: Bông Cải Xanh 7Cm | B17: Kg | C17: 19 | D17: 22000 | E17: =C17*D17 -> 418000
A18: Bông Cải Xanh Baby | B18: Vỉ | C18: 17 | D18: 8500 | E18: =C18*D18 -> 144500
A19: Cà Chua Beef | B19: Kg | C19: 192 | D19: 18000 | E19: =C19*D19 -> 3456000
A20: Cà Chua Beef | B20: Vỉ | C20: 0 | E20: =C20*D20 -> 0
A21: Cà Chua Beef | B21: Vỉ 650gr | C21: 0 | E21: =C21*D21 -> 0
A22: Cà Chua Beef Trung | B22: Kg | C22: 25 | D22: 16000 | E22: =C22*D22 -> 400000
A23: Cà Chua Beef Trung | B23: Vỉ 500gr | C23: 0 | E23: =C23*D23 -> 0
A24: Cà Chua Bi Đỏ | B24: Hộp 500gr | C24: 0 | E24: =C24*D24 -> 0
A25: Cà Chua Bi Đỏ | B25: Hộp 300gr | C25: 125 | D25: 8400 | E25: =C25*D25 -> 1050000
A26: Cà Chua Bi Mix | B26: Hộp | C26: 42 | D26: 12600 | E26: =C26*D26 -> 529200
A27: Cà Chua Socola | B27: Kg | C27: 0 | E27: =C27*D27 -> 0
A28: Cà Chua Socola | B28: Hộp 250GR | C28: 449 | D28: 10000 | E28: =C28*D28 -> 4490000
A29: Cà Chua Thường | B29: Kg | C29: 220 | D29: 15000 | E29: =C29*D29 -> 3300000
A30: Cà Chua Thường | B30: Vỉ | C30: 0 | E30: =C30*D30 -> 0
A31: Cà Chua Thường Trung | B31: Túi | C31: 260 | D31: 7000 | E31: =C31*D31 -> 1820000
A32: Cà Rốt | B32: Kg | C32: 178 | D32: 13000 | E32: =C32*D32 -> 2314000
A33: Cà Rốt | B33: Túi | C33: 0 | E33: =C33*D33 -> 0
A34: Cà Rốt Baby | B34: Vỉ | C34: 0 | E34: =C34*D34 -> 0
A35: Cà Tím | B35: Kg | C35: 55 | D35: 16000 | E35: =C35*D35 -> 880000
A36: Cà Tím | B36: Cặp | C36: 0 | E36: =C36*D36 -> 0
A37: Cải Bó Xôi | B37: Kg | C37: 19 | D37: 35000 | E37: =C37*D37 -> 665000
A38: Cải Bó Xôi | B38: Túi | C38: 0 | E38: =C38*D38 -> 0
A39: Cải Cầu Vồng | B39: Kg | C39: 0 | E39: =C39*D39 -> 0
A40: Cải Cầu Vồng | B40: Túi | C40: 20 | D40: 4500 | E40: =C40*D40 -> 90000
A41: Cải Kale | B41: Túi | C41: 14 | D41: 3900 | E41: =C41*D41 -> 54600
A42: Cải Thảo | B42: Kg | C42: 0 | E42: =C42*D42 -> 0
A43: Cần Tây | B43: Cây | C43: 0 | E43: =C43*D43 -> 0
A44: Cần Tây | B44: Kg | C44: 27 | D44: 10000 | E44: =C44*D44 -> 270000
A45: Chuối Laba | B45: Kg | C45: 25 | D45: 14000 | E45: =C45*D45 -> 350000
A46: Củ Cải Đỏ | B46: Hộp | C46: 0 | E46: =C46*D46 -> 0
A47: Củ Cải Đỏ | B47: Kg | C47: 0 | E47: =C47*D47 -> 0
A48: Củ Cải Trắng | B48: Kg | C48: 60 | D48: 6500 | E48: =C48*D48 -> 390000
A49: Củ Dền | B49: Kg | C49: 40 | D49: 10000 | E49: =C49*D49 -> 400000
A50: Củ Dền | B50: Túi | C50: 0 | E50: =C50*D50 -> 0
A51: Củ Gừng | B51: Kg | C51: 5 | D51: 23000 | E51: =C51*D51 -> 115000
A52: Củ Hành Tây | B52: Kg | C52: 445 | D52: 16000 | E52: =C52*D52 -> 7120000
A53: Củ Hành Tây | B53: Túi 300gr | C53: 0 | E53: =C53*D53 -> 0
A54: Củ Hành Tây Tím | B54: Kg | C54: 10 | D54: 20000 | E54: =C54*D54 -> 200000
A55: Củ Hành Tây Trung | B55: Túi | C55: 0 | E55: =C55*D55 -> 0
A56: Củ Khoai Lang Mật Size 23 | B56: Kg | C56: 210 | D56: 30000 | E56: =C56*D56 -> 6300000
A57: Củ Khoai Lang Mật Size 46 | B57: Kg | C57: 340 | D57: 30000 | E57: =C57*D57 -> 10200000
A58: Củ Khoai Lang Mật Size 46 | B58: Túi | C58: 0 | E58: =C58*D58 -> 0
A59: Củ Khoai Lang Mật Size 78 | B59: Kg | C59: 320 | D59: 17000 | E59: =C59*D59 -> 5440000
A60: Củ Khoai Lang Nhật | B60: Kg | C60: 100 | D60: 17000 | E60: =C60*D60 -> 1700000
A61: Củ Khoai Mỡ | B61: Kg | C61: 0 | E61: =C61*D61 -> 0
A62: Củ Khoai Sâm | B62: Kg | C62: 0 | E62: =C62*D62 -> 0
A63: Củ Khoai Tây Bi Vàng | B63: Kg | C63: 0 | E63: =C63*D63 -> 0
A64: Củ Khoai Tây Bi Vàng | B64: Túi | C64: 0 | E64: =C64*D64 -> 0
A65: Củ Khoai Tây Vàng | B65: Kg | C65: 450 | D65: 17000 | E65: =C65*D65 -> 7650000
A66: Củ Khoai Tây Vàng | B66: Túi | C66: 0 | E66: =C66*D66 -> 0
A67: Củ Khoai Tây Vàng Trung | B67: Túi | C67: 90 | D67: 7500 | E67: =C67*D67 -> 675000
A68: Củ Su Hào | B68: Kg | C68: 38 | D68: 13000 | E68: =C68*D68 -> 494000
A69: Đậu Cove Nhật | B69: Túi | C69: 19 | D69: 9000 | E69: =C69*D69 -> 171000
A70: Đậu Cove Trắng | B70: Kg | C70: 0 | E70: =C70*D70 -> 0
A71: Đậu Cove Trắng | B71: Túi 500gr | C71: 15 | D71: 14000 | E71: =C71*D71 -> 210000
A72: Đậu Đỏ | B72: Kg | C72: 0.5 | D72: 80000 | E72: =C72*D72 -> 40000
A73: Đậu Ngự | B73: Kg | C73: 1.5 | D73: 70000 | E73: =C73*D73 -> 105000
A74: Đậu Trắng | B74: Kg | C74: 1.5 | D74: 70000 | E74: =C74*D74 -> 105000
A75: Dưa Leo Baby | B75: Kg | C75: 240 | D75: 9500 | E75: =C75*D75 -> 2280000
A76: Dưa Leo Baby | B76: Vỉ | C76: 757 | D76: 9000 | E76: =C76*D76 -> 6813000
A77: Dưa Leo Nhật | B77: Kg | C77: 0 | E77: =C77*D77 -> 0
A78: Dưa Leo Thường | B78: Kg | C78: 6 | D78: 12000 | E78: =C78*D78 -> 72000
A79: Hành Paro | B79: Cây | C79: 0 | E79: =C79*D79 -> 0
A80: Hành Paro | B80: Kg | C80: 7 | D80: 17000 | E80: =C80*D80 -> 119000
A81: Hạt Dẻ Ngố | B81: Kg | C81: 0 | E81: =C81*D81 -> 0
A82: Hạt Dẻ Tươi | B82: Kg | C82: 1330 | D82: 27600 | E82: =C82*D82 -> 36708000
A83: Hồng Giòn Đà Lạt | B83: Kg | C83: 0 | E83: =C83*D83 -> 0
A84: Lá Mè | B84: Túi | C84: 0 | E84: =C84*D84 -> 0
A85: Lá Nha Đam | B85: Kg | C85: 13 | D85: 14000 | E85: =C85*D85 -> 182000
A86: Ớt Chuông Ba Màu | B86: Vỉ | C86: 0 | E86: =C86*D86 -> 0
A87: Ớt Chuông Baby | B87: Hộp | C87: 0 | E87: =C87*D87 -> 0
A88: Ớt Chuông Baby | B88: Kg | C88: 10 | D88: 44000 | E88: =C88*D88 -> 440000
A89: Ớt Chuông Đỏ | B89: Kg | C89: 155 | D89: 35000 | E89: =C89*D89 -> 5425000
A90: Ớt Chuông Đỏ | B90: Trái | C90: 0 | E90: =C90*D90 -> 0
A91: Ớt Chuông Vàng | B91: Kg | C91: 92 | D91: 40000 | E91: =C91*D91 -> 3680000
A92: Ớt Chuông Vàng | B92: Trái | C92: 0 | E92: =C92*D92 -> 0
A93: Ớt Chuông Xanh | B93: Kg | C93: 8 | D93: 30000 | E93: =C93*D93 -> 240000
A94: Ớt Chuông Xanh | B94: Trái | C94: 0 | E94: =C94*D94 -> 0
A95: Ớt Sweet Palemo | B95: Kg | C95: 40 | D95: 60000 | E95: =C95*D95 -> 2400000
A96: Ớt Sweet Palemo | B96: Túi | C96: 82 | D96: 22000 | E96: =C96*D96 -> 1804000
A97: Rau Bầu Đất | B97: Túi | C97: 0 | E97: =C97*D97 -> 0
A98: Rau Mầm | B98: Kg | C98: 0 | E98: =C98*D98 -> 0
A99: Trái Bầu | B99: Kg | C99: 0 | E99: =C99*D99 -> 0
A100: Trái Bưởi Đường | B100: Trái | C100: 825 | D100: 17000 | E100: =C100*D100 -> 14025000
...

Sheet 26.12
A1: hàng tồn cuối ngày 26/12
A2: Tên Sản phẩm | B2: ĐVT | C2: tồn | D2: giá | E2: thành tiền
A3: Bắp Cải Tím | B3: Kg | C3: 34 | D3: 36000 | E3: =C3*D3 -> 1224000
A4: Bắp Cải Trái Tim | B4: Kg | C4: 890 | D4: 7500 | E4: =C4*D4 -> 6675000
A5: Bắp Cải Trắng | B5: Kg | C5: 624 | D5: 5000 | E5: =C5*D5 -> 3120000
A6: Bí Đao Xanh | B6: Kg | C6: 0 | E6: =C6*D6 -> 0
A7: Bí Đỏ Hồ Lô | B7: Kg | C7: 25 | D7: 11500 | E7: =C7*D7 -> 287500
A8: Bí Đỏ Tròn | B8: Kg | C8: 360 | D8: 11500 | E8: =C8*D8 -> 4140000
A9: Bí Ngòi Vàng | B9: Kg | C9: 0 | E9: =C9*D9 -> 0
A10: Bí Ngòi Xanh | B10: Kg | C10: 120 | D10: 21000 | E10: =C10*D10 -> 2520000
A11: Bí Ngòi Xanh | B11: Trái | C11: 0 | E11: =C11*D11 -> 0
A12: Bí Ngòi Xanh | B12: Trái 250gr | C12: 0 | E12: =C12*D12 -> 0
A13: Bí Non Nhật | B13: Kg | C13: 18 | D13: 22000 | E13: =C13*D13 -> 396000
A14: Bí Non Nhật | B14: Trái | C14: 0 | E14: =C14*D14 -> 0
A15: Bơ Booth | B15: Kg | C15: 0 | E15: =C15*D15 -> 0
A16: Bông Cải Trắng | B16: Kg | C16: 4 | D16: 16000 | E16: =C16*D16 -> 64000
A17: Bông Cải Xanh 10Cm | B17: Kg | C17: 108 | D17: 25000 | E17: =C17*D17 -> 2700000
A18: Bông Cải Xanh 12Cm | B18: Kg | C18: 0 | E18: =C18*D18 -> 0
A19: Bông Cải Xanh 7Cm | B19: Kg | C19: 22 | D19: 35000 | E19: =C19*D19 -> 770000
A20: Bông Cải Xanh Baby | B20: Vỉ | C20: 7 | D20: 9000 | E20: =C20*D20 -> 63000
A21: Cà Chua Beef | B21: Kg | C21: 295 | D21: 17000 | E21: =C21*D21 -> 5015000
A22: Cà Chua Beef | B22: Vỉ | C22: 0 | E22: =C22*D22 -> 0
A23: Cà Chua Beef | B23: Vỉ 650gr | C23: 0 | E23: =C23*D23 -> 0
A24: Cà Chua Beef Trung | B24: Kg | C24: 28 | D24: 16000 | E24: =C24*D24 -> 448000
A25: Cà Chua Beef Trung | B25: Vỉ 500gr | C25: 0 | E25: =C25*D25 -> 0
A26: Cà Chua Bi Đỏ | B26: Kg | C26: 16 | D26: 24000 | E26: =C26*D26 -> 384000
A27: Cà Chua Bi Đỏ | B27: Hộp 300gr | C27: 93 | D27: 8400 | E27: =C27*D27 -> 781200
A28: Cà Chua Bi Mix | B28: Hộp | C28: 5 | D28: 12600 | E28: =C28*D28 -> 63000
A29: Cà Chua Socola | B29: Kg | C29: 11 | D29: 31000 | E29: =C29*D29 -> 341000
A30: Cà Chua Socola | B30: Hộp 250GR | C30: 403 | D30: 10000 | E30: =C30*D30 -> 4030000
A31: Cà Chua Thường | B31: Kg | C31: 980 | D31: 16000 | E31: =C31*D31 -> 15680000
A32: Cà Chua Thường | B32: Vỉ | C32: 0 | E32: =C32*D32 -> 0
A33: Cà Chua Thường Trung | B33: Túi | C33: 120 | D33: 7000 | E33: =C33*D33 -> 840000
A34: Cà Rốt | B34: Kg | C34: 210 | D34: 13000 | E34: =C34*D34 -> 2730000
A35: Cà Rốt | B35: Túi | C35: 0 | E35: =C35*D35 -> 0
A36: Cà Rốt Baby | B36: Kg | C36: 0 | E36: =C36*D36 -> 0
A37: Cà Rốt Baby | B37: Vỉ | C37: 8 | D37: 10000 | E37: =C37*D37 -> 80000
A38: Cà Tím | B38: Kg | C38: 135 | D38: 16000 | E38: =C38*D38 -> 2160000
A39: Cà Tím | B39: Cặp | C39: 0 | E39: =C39*D39 -> 0
A40: Cải Bó Xôi | B40: Kg | C40: 3 | D40: 34000 | E40: =C40*D40 -> 102000
A41: Cải Bó Xôi | B41: Túi | C41: 0 | E41: =C41*D41 -> 0
A42: Cải Cầu Vồng | B42: Kg | C42: 0 | E42: =C42*D42 -> 0
A43: Cải Cầu Vồng | B43: Túi | C43: 13 | D43: 3900 | E43: =C43*D43 -> 50700
A44: Cải Kale | B44: Kg | C44: 0 | E44: =C44*D44 -> 0
A45: Cải Kale | B45: Túi | C45: 8 | D45: 3900 | E45: =C45*D45 -> 31200
A46: Cải Thảo | B46: Kg | C46: 910 | D46: 5500 | E46: =C46*D46 -> 5005000
A47: Cải Thảo Hỏa Tiễn | B47: Kg | C47: 15 | D47: 16000 | E47: =C47*D47 -> 240000
A48: Cần Tây | B48: Cây | C48: 0 | E48: =C48*D48 -> 0
A49: Cần Tây | B49: Kg | C49: 16 | D49: 12000 | E49: =C49*D49 -> 192000
A50: Chuối Laba | B50: Kg | C50: 18 | D50: 14000 | E50: =C50*D50 -> 252000
A51: Củ Cải Đỏ | B51: Hộp | C51: 8 | D51: 11500 | E51: =C51*D51 -> 92000
A52: Củ Cải Đỏ | B52: Kg | C52: 0 | E52: =C52*D52 -> 0
A53: Củ Cải Muối | B53: Kg | C53: 9 | D53: 16000 | E53: =C53*D53 -> 144000
A54: Củ Cải Trắng | B54: Kg | C54: 112 | D54: 7000 | E54: =C54*D54 -> 784000
A55: Củ Dền | B55: Kg | C55: 77 | D55: 10000 | E55: =C55*D55 -> 770000
A56: Củ Dền | B56: Túi | C56: 0 | E56: =C56*D56 -> 0
A57: Củ Gừng | B57: Kg | C57: 25 | D57: 23000 | E57: =C57*D57 -> 575000
A58: Củ Hành Tây | B58: Kg | C58: 280 | D58: 14000 | E58: =C58*D58 -> 3920000
A59: Củ Hành Tây | B59: Túi 300gr | C59: 0 | E59: =C59*D59 -> 0
A60: Củ Hành Tây Tím | B60: Kg | C60: 10 | D60: 20000 | E60: =C60*D60 -> 200000
A61: Củ Hành Tây Trung | B61: Túi | C61: 130 | D61: 3600 | E61: =C61*D61 -> 468000
A62: Củ Khoai Lang Mật Size 23 | B62: Kg | C62: 140 | D62: 30000 | E62: =C62*D62 -> 4200000
A63: Củ Khoai Lang Mật Size 46 | B63: Kg | C63: 665 | D63: 30000 | E63: =C63*D63 -> 19950000
A64: Củ Khoai Lang Mật Size 46 | B64: Túi | C64: 0 | E64: =C64*D64 -> 0
A65: Củ Khoai Lang Mật Size 78 | B65: Kg | C65: 280 | D65: 17000 | E65: =C65*D65 -> 4760000
A66: Củ Khoai Lang Nhật | B66: Kg | C66: 68 | D66: 17000 | E66: =C66*D66 -> 1156000
A67: Củ Khoai Mỡ | B67: Kg | C67: 38 | D67: 25000 | E67: =C67*D67 -> 950000
A68: Củ Khoai Sâm | B68: Kg | C68: 0 | E68: =C68*D68 -> 0
A69: Củ Khoai Tây Bi Vàng | B69: Túi | C69: 0 | E69: =C69*D69 -> 0
A70: Củ Khoai Tây Vàng | B70: Kg | C70: 705 | D70: 17000 | E70: =C70*D70 -> 11985000
A71: Củ Khoai Tây Vàng | B71: Túi | C71: 0 | E71: =C71*D71 -> 0
A72: Củ Khoai Tây Vàng Trung | B72: Túi | C72: 120 | D72: 7500 | E72: =C72*D72 -> 900000
A73: Củ Su Hào | B73: Kg | C73: 35 | D73: 13000 | E73: =C73*D73 -> 455000
A74: Đậu Cove Nhật | B74: Túi | C74: 80 | D74: 9000 | E74: =C74*D74 -> 720000
A75: Đậu Cove Trắng | B75: Kg | C75: 0 | E75: =C75*D75 -> 0
A76: Đậu Cove Trắng | B76: Túi 500gr | C76: 179 | D76: 14500 | E76: =C76*D76 -> 2595500
A77: Đậu Đỏ | B77: Kg | C77: 0 | E77: =C77*D77 -> 0
A78: Đậu Hà Lan Trái | B78: Kg | C78: 0 | E78: =C78*D78 -> 0
A79: Đậu Ngự | B79: Kg | C79: 0 | E79: =C79*D79 -> 0
A80: Đậu Trắng | B80: Kg | C80: 0 | E80: =C80*D80 -> 0
A81: Đậu Tươi Hỗn Hợp Túi 100gr | B81: Túi | C81: 0 | E81: =C81*D81 -> 0
A82: Dưa Leo Baby | B82: Kg | C82: 63 | D82: 9500 | E82: =C82*D82 -> 598500
A83: Dưa Leo Baby | B83: Vỉ | C83: 1925 | D83: 7000 | E83: =C83*D83 -> 13475000
A84: Dưa Leo Nhật | B84: Kg | C84: 0 | E84: =C84*D84 -> 0
A85: Dưa Leo Thường | B85: Kg | C85: 20 | D85: 12000 | E85: =C85*D85 -> 240000
A86: Hành Paro | B86: Cây | C86: 0 | E86: =C86*D86 -> 0
A87: Hành Paro | B87: Kg | C87: 20 | D87: 17000 | E87: =C87*D87 -> 340000
A88: Hạt Dẻ Ngố | B88: Kg | C88: 1000 | D88: 27600 | E88: =C88*D88 -> 27600000
A89: Hồng Giòn Đà Lạt | B89: Kg | C89: 0 | E89: =C89*D89 -> 0
A90: Lá Mè | B90: Túi | C90: 0 | E90: =C90*D90 -> 0
A91: Lá Nha Đam | B91: Kg | C91: 28 | D91: 14000 | E91: =C91*D91 -> 392000
A92: Ớt Chuông Ba Màu | B92: Vỉ | C92: 0 | E92: =C92*D92 -> 0
A93: Ớt Chuông Baby | B93: Hộp | C93: 0 | E93: =C93*D93 -> 0
A94: Ớt Chuông Baby | B94: Kg | C94: 4 | D94: 45000 | E94: =C94*D94 -> 180000
A95: Ớt Chuông Đỏ | B95: Kg | C95: 34 | D95: 32000 | E95: =C95*D95 -> 1088000
A96: Ớt Chuông Đỏ | B96: Trái | C96: 0 | E96: =C96*D96 -> 0
A97: Ớt Chuông Đỏ | B97: Trái 150gr | C97: 0 | E97: =C97*D97 -> 0
A98: Ớt Chuông Vàng | B98: Kg | C98: 4 | D98: 38000 | E98: =C98*D98 -> 152000
A99: Ớt Chuông Vàng | B99: Trái | C99: 0 | E99: =C99*D99 -> 0
A100: Ớt Chuông Vàng | B100: Trái 150gr | C100: 0 | E100: =C100*D100 -> 0
...

Sheet 27.12
A1: hàng tồn cuối ngày 27/12 vr
A2: Tên Sản phẩm | B2: ĐVT | C2: tồn | D2: giá | E2: thành tiền
A3: Cà Rốt | B3: Kg | C3: 65 | D3: 14000 | E3: =C3*D3 -> 910000
A4: Cà Rốt | B4: Túi | C4: 0 | E4: =C4*D4 -> 0
A5: Cà Rốt Baby | B5: Vỉ | C5: 0 | E5: =C5*D5 -> 0
A6: Củ Cải Đỏ | B6: Hộp | C6: 8 | D6: 11500 | E6: =C6*D6 -> 92000
A7: Củ Dền | B7: Kg | C7: 106 | D7: 10000 | E7: =C7*D7 -> 1060000
A8: Củ Dền | B8: Túi | C8: 0 | E8: =C8*D8 -> 0
A9: Củ Hành Tây | B9: Kg | C9: 258 | D9: 14500 | E9: =C9*D9 -> 3741000
A10: Củ Hành Tây | B10: Túi 300gr | C10: 0 | E10: =C10*D10 -> 0
A11: Củ Hành Tây Trung | B11: Túi | C11: 100 | D11: 3600 | E11: =C11*D11 -> 360000
A12: Củ Khoai Lang Mật Size 46 | B12: Kg | C12: 390 | D12: 30000 | E12: =C12*D12 -> 11700000
A13: Củ Khoai Lang Mật Size 46 | B13: Túi | C13: 0 | E13: =C13*D13 -> 0
A14: Củ Khoai Lang Nhật | B14: Kg | C14: 110 | D14: 17000 | E14: =C14*D14 -> 1870000
A15: Củ Khoai Tây Vàng | B15: Kg | C15: 350 | D15: 17000 | E15: =C15*D15 -> 5950000
A16: Củ Khoai Tây Vàng | B16: Túi | C16: 0 | E16: =C16*D16 -> 0
A17: Bông Cải Xanh Baby | B17: Vỉ | C17: 0 | E17: =C17*D17 -> 0
A18: Bắp Cải Trắng | B18: Kg | C18: 266 | D18: 5000 | E18: =C18*D18 -> 1330000
A19: Cải Bó Xôi | B19: Kg | C19: 0 | E19: =C19*D19 -> 0
A20: Cải Bó Xôi | B20: Túi | C20: 0 | E20: =C20*D20 -> 0
A21: Cải Kale | B21: Túi | C21: 0 | E21: =C21*D21 -> 0
A22: Cải Thảo | B22: Kg | C22: 750 | D22: 7000 | E22: =C22*D22 -> 5250000
A23: Cần Tây | B23: Cây | C23: 0 | E23: =C23*D23 -> 0
A24: Cần Tây | B24: Kg | C24: 0 | E24: =C24*D24 -> 0
A25: Xà Lách Lolo Xanh T.C | B25: Kg | C25: 15 | D25: 28000 | E25: =C25*D25 -> 420000
A26: Bí Đỏ Tròn | B26: Kg | C26: 440 | D26: 11500 | E26: =C26*D26 -> 5060000
A27: Bí Ngòi Xanh | B27: Kg | C27: 285 | D27: 21000 | E27: =C27*D27 -> 5985000
A28: Bí Ngòi Xanh | B28: Trái | C28: 0 | E28: =C28*D28 -> 0
A29: Bí Non Nhật | B29: Kg | C29: 5 | D29: 22000 | E29: =C29*D29 -> 110000
A30: Bí Non Nhật | B30: Trái | C30: 0 | E30: =C30*D30 -> 0
A31: Cà Chua Beef | B31: Kg | C31: 375 | D31: 15000 | E31: =C31*D31 -> 5625000
A32: Cà Chua Beef | B32: Vỉ | C32: 0 | E32: =C32*D32 -> 0
A33: Cà Chua Beef | B33: Vỉ 650gr | C33: 0 | E33: =C33*D33 -> 0
A34: Cà Chua Thường | B34: Kg | C34: 400 | D34: 16000 | E34: =C34*D34 -> 6400000
A35: Cà Chua Thường | B35: Vỉ | C35: 0 | E35: =C35*D35 -> 0
A36: Cà Chua Thường Trung | B36: Túi | C36: 90 | D36: 7000 | E36: =C36*D36 -> 630000
A37: Dưa Leo Baby | B37: Kg | C37: 0 | E37: =C37*D37 -> 0
A38: Dưa Leo Baby | B38: Vỉ | C38: 200 | D38: 7000 | E38: =C38*D38 -> 1400000
A39: Dưa Leo Thường | B39: Kg | C39: 12 | D39: 12000 | E39: =C39*D39 -> 144000
A40: Ớt Chuông Đỏ | B40: Kg | C40: 153 | D40: 32000 | E40: =C40*D40 -> 4896000
A41: Ớt Chuông Đỏ | B41: Trái | C41: 0 | E41: =C41*D41 -> 0
A42: Ớt Chuông Vàng | B42: Kg | C42: 33 | D42: 38000 | E42: =C42*D42 -> 1254000
A43: Ớt Chuông Vàng | B43: Trái | C43: 0 | E43: =C43*D43 -> 0
A44: Ớt Chuông Xanh | B44: Kg | C44: 50 | D44: 27000 | E44: =C44*D44 -> 1350000
A45: Ớt Chuông Xanh | B45: Trái | C45: 0 | E45: =C45*D45 -> 0
A46: Bơ Booth | B46: Kg | C46: 0 | E46: =C46*D46 -> 0
A47: Ớt Chuông Ba Màu | B47: Vỉ | C47: 0 | E47: =C47*D47 -> 0
A48: Củ Khoai Lang Mật Size 23 | B48: Kg | C48: 0 | E48: =C48*D48 -> 0
A49: Cà Chua Bi Đỏ | B49: Kg | C49: 5 | D49: 28000 | E49: =C49*D49 -> 140000
A50: Cà Chua Bi Đỏ | B50: Hộp 300gr | C50: 56 | D50: 8400 | E50: =C50*D50 -> 470400
A51: Củ Khoai Sâm | B51: Kg | C51: 0 | E51: =C51*D51 -> 0
A52: Hạt Dẻ Ngố | B52: Kg | C52: 260 | D52: 27600 | E52: =C52*D52 -> 7176000
A53: Bắp Cải Tím | B53: Kg | C53: 51 | D53: 24000 | E53: =C53*D53 -> 1224000
A54: Bắp Cải Trái Tim | B54: Kg | C54: 80 | D54: 7500 | E54: =C54*D54 -> 600000
A55: Bông Cải Trắng | B55: Kg | C55: 0 | E55: =C55*D55 -> 0
A56: Bông Cải Xanh 10Cm | B56: Kg | C56: 10 | D56: 25000 | E56: =C56*D56 -> 250000
A57: Cà Chua Beef Trung | B57: Kg | C57: 43 | D57: 14000 | E57: =C57*D57 -> 602000
A58: Cà Chua Beef Trung | B58: Vỉ 500gr | C58: 0 | E58: =C58*D58 -> 0
A59: Cà Chua Bi Mix | B59: Hộp | C59: 6 | D59: 12000 | E59: =C59*D59 -> 72000
A60: Cà Chua Socola | B60: Kg | C60: 8 | D60: 31000 | E60: =C60*D60 -> 248000
A61: Cà Chua Socola | B61: Hộp 250GR | C61: 0 | E61: =C61*D61 -> 0
A62: Cà Tím | B62: Kg | C62: 51 | D62: 16000 | E62: =C62*D62 -> 816000
A63: Cà Tím | B63: Cặp | C63: 0 | E63: =C63*D63 -> 0
A64: Cải Cầu Vồng | B64: Túi | C64: 10 | D64: 3900 | E64: =C64*D64 -> 39000
A65: Chuối Laba | B65: Kg | C65: 0 | E65: =C65*D65 -> 0
A66: Củ Cải Trắng | B66: Kg | C66: 128 | D66: 7000 | E66: =C66*D66 -> 896000
A67: Củ Gừng | B67: Kg | C67: 8 | D67: 17000 | E67: =C67*D67 -> 136000
A68: Củ Su Hào | B68: Kg | C68: 40 | D68: 13000 | E68: =C68*D68 -> 520000
A69: Đậu Cove Nhật | B69: Túi | C69: 0 | E69: =C69*D69 -> 0
A70: Đậu Cove Trắng | B70: Kg | C70: 0 | E70: =C70*D70 -> 0
A71: Đậu Cove Trắng | B71: Túi 500gr | C71: 194 | D71: 14500 | E71: =C71*D71 -> 2813000
A72: Đậu Đỏ | B72: Kg | C72: 0 | E72: =C72*D72 -> 0
A73: Đậu Ngự | B73: Kg | C73: 0.5 | D73: 70000 | E73: =C73*D73 -> 35000
A74: Đậu Trắng | B74: Kg | C74: 0 | E74: =C74*D74 -> 0
A75: Hành Paro | B75: Cây | C75: 0 | E75: =C75*D75 -> 0
A76: Hành Paro | B76: Kg | C76: 23 | D76: 17000 | E76: =C76*D76 -> 391000
A77: Hồng Giòn Đà Lạt | B77: Kg | C77: 0 | E77: =C77*D77 -> 0
A78: Lá Mè | B78: Túi | C78: 0 | E78: =C78*D78 -> 0
A79: Lá Nha Đam | B79: Kg | C79: 27 | D79: 14000 | E79: =C79*D79 -> 378000
A80: Ớt Chuông Baby | B80: Hộp | C80: 0 | E80: =C80*D80 -> 0
A81: Ớt Chuông Baby | B81: Kg | C81: 3 | D81: 45000 | E81: =C81*D81 -> 135000
A82: Ớt Sweet Palemo | B82: Túi | C82: 93 | D82: 22000 | E82: =C82*D82 -> 2046000
A83: Trái Su Su | B83: Kg | C83: 65 | D83: 16000 | E83: =C83*D83 -> 1040000
A84: Xà Lách Lolo Xanh | B84: Kg | C84: 15 | D84: 30000 | E84: =C84*D84 -> 450000
A85: Xà Lách Mỡ T.C | B85: Kg | C85: 0 | E85: =C85*D85 -> 0
A86: Xà Lách Romaine T.C | B86: Kg | C86: 0 | E86: =C86*D86 -> 0
A87: Xà Lách Thủy Tinh T.C | B87: Kg | C87: 0 | E87: =C87*D87 -> 0
A88: Bông Cải Xanh 7Cm | B88: Kg | C88: 35 | D88: 35000 | E88: =C88*D88 -> 1225000
A89: Rau Bầu Đất | B89: Túi | C89: 0 | E89: =C89*D89 -> 0
A90: Xà Lách Lolo Xanh T.C Cây | B90: Cây | C90: 0 | E90: =C90*D90 -> 0
A91: Củ Khoai Tây Vàng Trung | B91: Túi | C91: 80 | D91: 7500 | E91: =C91*D91 -> 600000
A92: Xà Lách Thủy Tinh T.C Cây | B92: Cây | C92: 0 | E92: =C92*D92 -> 0
A93: Trái Mâm Xôi | B93: Hộp | C93: 0 | E93: =C93*D93 -> 0
A94: Bí Đỏ Hồ Lô | B94: Kg | C94: 0 | E94: =C94*D94 -> 0
A95: Xà Lách Mỡ T.C Cây | B95: Cây | C95: 0 | E95: =C95*D95 -> 0
A96: Trái Cam Canh | B96: Kg | C96: 536 | D96: 28000 | E96: =C96*D96 -> 15008000
A97: Bơ 034 L1 | B97: Kg | C97: 0 | E97: =C97*D97 -> 0
A98: Trái Khổ Qua | B98: Kg | C98: 0 | E98: =C98*D98 -> 0
A99: Củ Khoai Tây Bi Vàng | B99: Túi | C99: 0 | E99: =C99*D99 -> 0
A100: Đậu Tươi Hỗn Hợp Túi 100gr | B100: Túi | C100: 0 | E100: =C100*D100 -> 0
...

Sheet 28.12
A1: hàng tồn cuối ngày 28/12 vr
A2: Tên Sản phẩm | B2: ĐVT | C2: tồn | D2: giá | E2: thành tiền
A3: Cà Rốt | B3: Kg | C3: 194 | D3: 14000 | E3: =C3*D3 -> 2716000
A4: Cà Rốt | B4: Túi | C4: 0 | E4: =C4*D4 -> 0
A5: Cà Rốt Baby | B5: Vỉ | C5: 0 | E5: =C5*D5 -> 0
A6: Củ Dền | B6: Kg | C6: 92 | D6: 10000 | E6: =C6*D6 -> 920000
A7: Củ Dền | B7: Túi | C7: 0 | E7: =C7*D7 -> 0
A8: Củ Hành Tây | B8: Kg | C8: 240 | D8: 14500 | E8: =C8*D8 -> 3480000
A9: Củ Hành Tây | B9: Túi 300gr | C9: 0 | E9: =C9*D9 -> 0
A10: Củ Hành Tây Trung | B10: Túi | C10: 133 | D10: 3600 | E10: =C10*D10 -> 478800
A11: Củ Khoai Lang Mật Size 46 | B11: Kg | C11: 150 | D11: 30000 | E11: =C11*D11 -> 4500000
A12: Củ Khoai Lang Mật Size 46 | B12: Túi | C12: 0 | E12: =C12*D12 -> 0
A13: Củ Khoai Lang Nhật | B13: Kg | C13: 250 | D13: 17000 | E13: =C13*D13 -> 4250000
A14: Củ Khoai Tây Vàng | B14: Kg | C14: 210 | D14: 17000 | E14: =C14*D14 -> 3570000
A15: Củ Khoai Tây Vàng | B15: Túi | C15: 0 | E15: =C15*D15 -> 0
A16: Bông Cải Xanh Baby | B16: Vỉ | C16: 0 | E16: =C16*D16 -> 0
A17: Bắp Cải Trắng | B17: Kg | C17: 210 | D17: 5000 | E17: =C17*D17 -> 1050000
A18: Cải Bó Xôi | B18: Kg | C18: 3 | D18: 34000 | E18: =C18*D18 -> 102000
A19: Cải Bó Xôi | B19: Túi | C19: 0 | E19: =C19*D19 -> 0
A20: Cải Kale | B20: Túi | C20: 17 | D20: 3900 | E20: =C20*D20 -> 66300
A21: Cải Thảo | B21: Kg | C21: 620 | D21: 7000 | E21: =C21*D21 -> 4340000
A22: Cần Tây | B22: Cây | C22: 0 | E22: =C22*D22 -> 0
A23: Cần Tây | B23: Kg | C23: 72 | D23: 10000 | E23: =C23*D23 -> 720000
A24: Xà Lách Lolo Xanh T.C | B24: Kg | C24: 0 | E24: =C24*D24 -> 0
A25: Bí Đỏ Tròn | B25: Kg | C25: 260 | D25: 11500 | E25: =C25*D25 -> 2990000
A26: Bí Ngòi Xanh | B26: Kg | C26: 217 | D26: 21000 | E26: =C26*D26 -> 4557000
A27: Bí Ngòi Xanh | B27: Trái | C27: 0 | E27: =C27*D27 -> 0
A28: Bí Non Nhật | B28: Kg | C28: 0 | E28: =C28*D28 -> 0
A29: Bí Non Nhật | B29: Trái | C29: 0 | E29: =C29*D29 -> 0
A30: Cà Chua Beef | B30: Kg | C30: 115 | D30: 15000 | E30: =C30*D30 -> 1725000
A31: Cà Chua Beef | B31: Vỉ 650gr | C31: 0 | E31: =C31*D31 -> 0
A32: Cà Chua Thường | B32: Vỉ | C32: 0 | E32: =C32*D32 -> 0
A33: Cà Chua Thường Trung | B33: Túi | C33: 245 | D33: 13000 | E33: =C33*D33 -> 3185000
A34: Dưa Leo Baby | B34: Kg | C34: 0 | E34: =C34*D34 -> 0
A35: Dưa Leo Baby | B35: Vỉ | C35: 2535 | D35: 5500 | E35: =C35*D35 -> 13942500
A36: Dưa Leo Thường | B36: Kg | C36: 10 | D36: 12000 | E36: =C36*D36 -> 120000
A37: Ớt Chuông Đỏ | B37: Kg | C37: 111 | D37: 38000 | E37: =C37*D37 -> 4218000
A38: Ớt Chuông Đỏ | B38: Trái | C38: 0 | E38: =C38*D38 -> 0
A39: Ớt Chuông Vàng | B39: Kg | C39: 188 | D39: 42000 | E39: =C39*D39 -> 7896000
A40: Ớt Chuông Vàng | B40: Trái | C40: 0 | E40: =C40*D40 -> 0
A41: Ớt Chuông Xanh | B41: Kg | C41: 0 | E41: =C41*D41 -> 0
A42: Ớt Chuông Xanh | B42: Trái | C42: 0 | E42: =C42*D42 -> 0
A43: Ớt Chuông Ba Màu | B43: Vỉ | C43: 0 | E43: =C43*D43 -> 0
A44: Củ Khoai Lang Mật Size 23 | B44: Kg | C44: 20 | D44: 30000 | E44: =C44*D44 -> 600000
A45: Cà Chua Bi Đỏ | B45: Kg | C45: 5 | D45: 28000 | E45: =C45*D45 -> 140000
A46: Cà Chua Bi Đỏ | B46: Hộp 300gr | C46: 78 | D46: 8400 | E46: =C46*D46 -> 655200
A47: Hạt Dẻ Ngố | B47: Kg | C47: 1390 | D47: 27600 | E47: =C47*D47 -> 38364000
A48: Bắp Cải Tím | B48: Kg | C48: 20 | D48: 20000 | E48: =C48*D48 -> 400000
A49: Bắp Cải Trái Tim | B49: Kg | C49: 610 | D49: 7500 | E49: =C49*D49 -> 4575000
A50: Bông Cải Trắng | B50: Kg | C50: 43 | D50: 16000 | E50: =C50*D50 -> 688000
A51: Cà Chua Beef Trung | B51: Kg | C51: 145 | D51: 8000 | E51: =C51*D51 -> 1160000
A52: Cà Chua Beef Trung | B52: Vỉ 500gr | C52: 0 | E52: =C52*D52 -> 0
A53: Cà Chua Bi Mix | B53: Hộp | C53: 4 | D53: 12000 | E53: =C53*D53 -> 48000
A54: Cà Chua Socola | B54: Kg | C54: 0 | E54: =C54*D54 -> 0
A55: Cà Chua Socola | B55: Hộp 250GR | C55: 0 | E55: =C55*D55 -> 0
A56: Cà Tím | B56: Kg | C56: 66 | D56: 16000 | E56: =C56*D56 -> 1056000
A57: Cà Tím | B57: Cặp | C57: 0 | E57: =C57*D57 -> 0
A58: Cải Cầu Vồng | B58: Túi | C58: 0 | E58: =C58*D58 -> 0
A59: Chuối Laba | B59: Kg | C59: 20 | D59: 14000 | E59: =C59*D59 -> 280000
A60: Củ Cải Trắng | B60: Kg | C60: 95 | D60: 7000 | E60: =C60*D60 -> 665000
A61: Củ Gừng | B61: Kg | C61: 10 | D61: 17000 | E61: =C61*D61 -> 170000
A62: Củ Su Hào | B62: Kg | C62: 62 | D62: 13000 | E62: =C62*D62 -> 806000
A63: Đậu Cove Nhật | B63: Túi | C63: 12 | D63: 11000 | E63: =C63*D63 -> 132000
A64: Đậu Cove Trắng | B64: Kg | C64: 0 | E64: =C64*D64 -> 0
A65: Đậu Cove Trắng | B65: Túi 500gr | C65: 45 | D65: 14500 | E65: =C65*D65 -> 652500
A66: Đậu Đỏ | B66: Kg | C66: 0 | E66: =C66*D66 -> 0
A67: Đậu Ngự | B67: Kg | C67: 1 | D67: 70000 | E67: =C67*D67 -> 70000
A68: Đậu Trắng | B68: Kg | C68: 0 | E68: =C68*D68 -> 0
A69: Hành Paro | B69: Cây | C69: 0 | E69: =C69*D69 -> 0
A70: Hành Paro | B70: Kg | C70: 0 | E70: =C70*D70 -> 0
A71: Lá Mè | B71: Túi | C71: 0 | E71: =C71*D71 -> 0
A72: Lá Nha Đam | B72: Kg | C72: 17 | D72: 14000 | E72: =C72*D72 -> 238000
A73: Ớt Chuông Baby | B73: Hộp | C73: 0 | E73: =C73*D73 -> 0
A74: Ớt Chuông Baby | B74: Kg | C74: 10 | D74: 45000 | E74: =C74*D74 -> 450000
A75: Ớt Sweet Palemo | B75: Túi | C75: 64 | D75: 22000 | E75: =C75*D75 -> 1408000
A76: Trái Su Su | B76: Kg | C76: 116 | D76: 16000 | E76: =C76*D76 -> 1856000
A77: Xà Lách Lolo Xanh | B77: Kg | C77: 10 | D77: 32000 | E77: =C77*D77 -> 320000
A78: Xà Lách Mỡ T.C | B78: Kg | C78: 5 | D78: 28000 | E78: =C78*D78 -> 140000
A79: Xà Lách Thủy Tinh T.C | B79: Kg | C79: 17 | D79: 30000 | E79: =C79*D79 -> 510000
A80: Bông Cải Xanh 7Cm | B80: Kg | C80: 11 | D80: 35000 | E80: =C80*D80 -> 385000
A81: Rau Bầu Đất | B81: Túi | C81: 0 | E81: =C81*D81 -> 0
A82: Xà Lách Lolo Xanh T.C Cây | B82: Cây | C82: 0 | E82: =C82*D82 -> 0
A83: Củ Khoai Tây Vàng Trung | B83: Túi | C83: 60 | D83: 7500 | E83: =C83*D83 -> 450000
A84: Xà Lách Thủy Tinh T.C Cây | B84: Cây | C84: 0 | E84: =C84*D84 -> 0
A85: Bí Đỏ Hồ Lô | B85: Kg | C85: 0 | E85: =C85*D85 -> 0
A86: Xà Lách Mỡ T.C Cây | B86: Cây | C86: 0 | E86: =C86*D86 -> 0
A87: Trái Cam Canh | B87: Kg | C87: 148 | D87: 28000 | E87: =C87*D87 -> 4144000
A88: Củ Khoai Tây Bi Vàng | B88: Túi | C88: 0 | E88: =C88*D88 -> 0
A89: Trái Khổ Qua | B89: Kg | C89: 0 | E89: =C89*D89 -> 0
A90: Bông Cải Xanh 12Cm | B90: Kg | C90: 0 | E90: =C90*D90 -> 0
A91: Dưa Leo Nhật | B91: Kg | C91: 0 | E91: =C91*D91 -> 0
A92: Củ Khoai Mỡ | B92: Kg | C92: 7 | D92: 25000 | E92: =C92*D92 -> 175000
A93: Cải Thảo Hỏa Tiễn | B93: Kg | C93: 14 | D93: 16000 | E93: =C93*D93 -> 224000
A94: Chanh Dây Tím | B94: Kg | C94: 7 | D94: 27000 | E94: =C94*D94 -> 189000
A95: Củ Cải Muối | B95: Kg | C95: 8 | D95: 16000 | E95: =C95*D95 -> 128000
A96: Củ Hành Tây Tím | B96: Kg | C96: 10 | D96: 20000 | E96: =C96*D96 -> 200000
A97: Củ Khoai Lang Mật Size 78 | B97: Kg | C97: 280 | D97: 17000 | E97: =C97*D97 -> 4760000
A98: Ớt Chuông Đỏ Trung | B98: Kg | C98: 10 | D98: 33000 | E98: =C98*D98 -> 330000
A99: Ớt Chuông Xanh Trung | B99: Kg | C99: 12 | D99: 22000 | E99: =C99*D99 -> 264000
A100: Trái Bưởi Diễn | B100: Trái | C100: 1874 | D100: 10000 | E100: =C100*D100 -> 18740000
...

Sheet 29.12
A1: hàng tồn cuối ngày 29/12 vr
A2: Tên Sản phẩm VR | B2: ĐVT | C2: tồn | D2: giá | E2: thành tiền
A3: Bắp Cải Tím | B3: Kg | C3: 11 | D3: 20000 | E3: =C3*D3 -> 220000
A4: Bắp Cải Trắng | B4: Kg | C4: 510 | D4: 5000 | E4: =C4*D4 -> 2550000
A5: Bí Đao Xanh | B5: Kg | C5: 0 | E5: =C5*D5 -> 0
A6: Bí Đỏ Hồ Lô | B6: Kg | C6: 0 | E6: =C6*D6 -> 0
A7: Bí Đỏ Tròn | B7: Kg | C7: 40 | D7: 10000 | E7: =C7*D7 -> 400000
A8: Bí Ngòi Vàng | B8: Kg | C8: 0 | E8: =C8*D8 -> 0
A9: Bí Ngòi Xanh | B9: Kg | C9: 292 | D9: 16000 | E9: =C9*D9 -> 4672000
A10: Bí Ngòi Xanh | B10: Trái | C10: 0 | E10: =C10*D10 -> 0
A11: Bí Non Nhật | B11: Kg | C11: 0 | E11: =C11*D11 -> 0
A12: Bí Non Nhật | B12: Trái | C12: 0 | E12: =C12*D12 -> 0
A13: Bơ Booth | B13: Kg | C13: 0 | E13: =C13*D13 -> 0
A14: Bông Cải Trắng | B14: Kg | C14: 8 | D14: 16000 | E14: =C14*D14 -> 128000
A15: Bông Cải Xanh 12Cm | B15: Kg | C15: 70 | D15: 25000 | E15: =C15*D15 -> 1750000
A16: Bông Cải Xanh 7Cm | B16: Kg | C16: 0 | E16: =C16*D16 -> 0
A17: Bông Cải Xanh Baby | B17: Vỉ | C17: 0 | E17: =C17*D17 -> 0
A18: Cà Chua Beef | B18: Kg | C18: 240 | D18: 15000 | E18: =C18*D18 -> 3600000
A19: Cà Chua Beef | B19: Vỉ | C19: 0 | E19: =C19*D19 -> 0
A20: Cà Chua Beef | B20: Vỉ 650gr | C20: 0 | E20: =C20*D20 -> 0
A21: Cà Chua Beef Trung | B21: Kg | C21: 0 | E21: =C21*D21 -> 0
A22: Cà Chua Beef Trung | B22: Vỉ 500gr | C22: 0 | E22: =C22*D22 -> 0
A23: Cà Chua Bi Đỏ | B23: Kg | C23: 0 | E23: =C23*D23 -> 0
A24: Cà Chua Bi Đỏ | B24: Hộp 300gr | C24: 40 | D24: 8400 | E24: =C24*D24 -> 336000
A25: Cà Chua Bi Mix | B25: Hộp | C25: 21 | D25: 12000 | E25: =C25*D25 -> 252000
A26: Cà Chua Socola | B26: Kg | C26: 0 | E26: =C26*D26 -> 0
A27: Cà Chua Socola | B27: Hộp 250GR | C27: 55 | D27: 9000 | E27: =C27*D27 -> 495000
A28: Cà Chua Thường | B28: Kg | C28: 140 | D28: 15000 | E28: =C28*D28 -> 2100000
A29: Cà Chua Thường | B29: Vỉ | C29: 0 | E29: =C29*D29 -> 0
A30: Cà Chua Thường Trung | B30: Túi | C30: 80 | D30: 13000 | E30: =C30*D30 -> 1040000
A31: Cà Rốt | B31: Kg | C31: 163 | D31: 11000 | E31: =C31*D31 -> 1793000
A32: Cà Rốt | B32: Túi | C32: 0 | E32: =C32*D32 -> 0
A33: Cà Rốt Baby | B33: Kg | C33: 0 | E33: =C33*D33 -> 0
A34: Cà Rốt Baby | B34: Vỉ | C34: 0 | E34: =C34*D34 -> 0
A35: Cà Tím | B35: Kg | C35: 61 | D35: 15000 | E35: =C35*D35 -> 915000
A36: Cà Tím | B36: Cặp | C36: 0 | E36: =C36*D36 -> 0
A37: Cải Bó Xôi | B37: Kg | C37: 4 | D37: 30000 | E37: =C37*D37 -> 120000
A38: Cải Bó Xôi | B38: Túi | C38: 0 | E38: =C38*D38 -> 0
A39: Cải Cầu Vồng | B39: Kg | C39: 0 | E39: =C39*D39 -> 0
A40: Cải Cầu Vồng | B40: Túi | C40: 3 | D40: 3900 | E40: =C40*D40 -> 11700
A41: Cải Kale | B41: Túi | C41: 6 | D41: 3900 | E41: =C41*D41 -> 23400
A42: Cải Thảo | B42: Kg | C42: 290 | D42: 7000 | E42: =C42*D42 -> 2030000
A43: Cần Tây | B43: Cây | C43: 0 | E43: =C43*D43 -> 0
A44: Cần Tây | B44: Kg | C44: 30 | D44: 9000 | E44: =C44*D44 -> 270000
A45: Chuối Laba | B45: Kg | C45: 18 | D45: 14000 | E45: =C45*D45 -> 252000
A46: Củ Cải Trắng | B46: Kg | C46: 122 | D46: 7000 | E46: =C46*D46 -> 854000
A47: Củ Dền | B47: Kg | C47: 67 | D47: 10000 | E47: =C47*D47 -> 670000
A48: Củ Dền | B48: Túi | C48: 0 | E48: =C48*D48 -> 0
A49: Củ Gừng | B49: Kg | C49: 18 | D49: 17000 | E49: =C49*D49 -> 306000
A50: Củ Hành Tây | B50: Kg | C50: 308 | D50: 14500 | E50: =C50*D50 -> 4466000
A51: Củ Hành Tây | B51: Túi 300gr | C51: 0 | E51: =C51*D51 -> 0
A52: Củ Hành Tây Trung | B52: Túi | C52: 100 | D52: 3600 | E52: =C52*D52 -> 360000
A53: Củ Khoai Lang Mật Size 23 | B53: Kg | C53: 890 | D53: 28000 | E53: =C53*D53 -> 24920000
A54: Củ Khoai Lang Mật Size 46 | B54: Kg | C54: 275 | D54: 28000 | E54: =C54*D54 -> 7700000
A55: Củ Khoai Lang Mật Size 46 | B55: Túi | C55: 0 | E55: =C55*D55 -> 0
A56: Củ Khoai Lang Nhật | B56: Kg | C56: 290 | D56: 17000 | E56: =C56*D56 -> 4930000
A57: Củ Khoai Mỡ | B57: Kg | C57: 0 | E57: =C57*D57 -> 0
A58: Củ Khoai Tây Vàng | B58: Kg | C58: 390 | D58: 17000 | E58: =C58*D58 -> 6630000
A59: Củ Khoai Tây Vàng | B59: Túi | C59: 0 | E59: =C59*D59 -> 0
A60: Củ Khoai Tây Vàng Trung | B60: Túi | C60: 80 | D60: 7500 | E60: =C60*D60 -> 600000
A61: Củ Su Hào | B61: Kg | C61: 98 | D61: 13000 | E61: =C61*D61 -> 1274000
A62: Đậu Cove Nhật | B62: Túi | C62: 20 | D62: 9000 | E62: =C62*D62 -> 180000
A63: Đậu Cove Trắng | B63: Kg | C63: 0 | E63: =C63*D63 -> 0
