Workbook

Sheet 1.11
A2: hàng tồn cuối ngày 1/11 vr
A3: Tên Sản phẩm | B3: ĐVT | C3: Tồn ĐL | D3: giá | E3: thành tiền
A4: Cà Rốt | B4: Kg | C4: 60 | D4: 19000 | E4: =C4*D4 -> 1140000
A5: Cà Rốt | B5: Túi | C5: 0 | E5: =C5*D5 -> 0
A6: Cà Rốt Baby | B6: Kg | C6: 0 | E6: =C6*D6 -> 0
A7: Cà Rốt Baby | B7: Vỉ | C7: 0 | E7: =C7*D7 -> 0
A8: Củ Cải Đỏ | B8: Kg | C8: 0 | E8: =C8*D8 -> 0
A9: Củ Cải Đỏ 300Gr | B9: Hộp | C9: 0 | E9: =C9*D9 -> 0
A10: Củ Cải Trắng | B10: Kg | C10: 7 | D10: 6500 | E10: =C10*D10 -> 45500
A11: Củ Dền | B11: Kg | C11: 0 | E11: =C11*D11 -> 0
A12: Củ Dền | B12: Túi | C12: 0 | E12: =C12*D12 -> 0
A13: Củ Gừng | B13: Kg | C13: 0 | E13: =C13*D13 -> 0
A14: Củ Hành Tây | B14: Kg | C14: 178 | D14: 30000 | E14: =C14*D14 -> 5340000
A15: Củ Hành Tây Tím | B15: Kg | C15: 9 | D15: 20000 | E15: =C15*D15 -> 180000
A16: Củ Hành Tây Tím | B16: Túi | C16: 0 | E16: =C16*D16 -> 0
A17: Củ Hành Tây Trung | B17: Kg | C17: 0 | E17: =C17*D17 -> 0
A18: Củ Hành Tây Trung | B18: Túi | C18: 567 | D18: 7200 | E18: =C18*D18 -> 4082400
A19: Củ Khoai Lang Mật Size 46 | B19: Kg | C19: 0 | D19: 23000 | E19: =C19*D19 -> 0 | F19: 0
A20: Củ Khoai Lang Mật Size 46 | B20: Túi | C20: 0 | E20: =C20*D20 -> 0
A21: Củ Khoai Lang Nhật | B21: Kg | C21: 230 | D21: 22000 | E21: =C21*D21 -> 5060000
A22: Củ Khoai Lang Nhật | B22: Túi | C22: 0 | E22: =C22*D22 -> 0
A23: Củ Khoai Mỡ | B23: Kg | C23: 0 | E23: =C23*D23 -> 0
A24: Củ Khoai Tây Bi Vàng | B24: Kg | C24: 10 | D24: 12000 | E24: =C24*D24 -> 120000
A25: Củ Khoai Tây Bi Vàng | B25: Túi | C25: 0 | E25: =C25*D25 -> 0
A26: Củ Khoai Tây Vàng | B26: Kg | C26: 310 | D26: 15000 | E26: =C26*D26 -> 4650000
A27: Củ Khoai Tây Vàng | B27: Túi | C27: 44 | D27: 6000 | E27: =C27*D27 -> 264000
A28: Củ Su Hào | B28: Kg | C28: 0 | E28: =C28*D28 -> 0
A29: Bông Cải Xanh 7Cm | B29: Kg | C29: 0 | E29: =C29*D29 -> 0
A30: Bông Cải Xanh Baby | B30: Kg | C30: 0 | E30: =C30*D30 -> 0
A31: Bông Cải Xanh Baby | B31: Vỉ | C31: 0 | E31: =C31*D31 -> 0
A32: Hoa Atiso Đỏ | B32: Vỉ | C32: 0 | E32: =C32*D32 -> 0
A33: Bắp Cải Tím | B33: Kg | C33: 0 | E33: =C33*D33 -> 0
A34: Bắp Cải Trái Tim | B34: Kg | C34: 0 | E34: =C34*D34 -> 0
A35: Bắp Cải Trắng | B35: Kg | C35: 1340 | D35: 13748.5 | E35: =C35*D35 -> 18422990
A36: Cải Bó Xôi | B36: Kg | C36: 0 | E36: =C36*D36 -> 0
A37: Cải Bó Xôi | B37: Túi | C37: 0 | E37: =C37*D37 -> 0
A38: Cải Cầu Vồng | B38: Kg | C38: 0 | E38: =C38*D38 -> 0
A39: Cải Cầu Vồng | B39: Túi | C39: 0 | E39: =C39*D39 -> 0
A40: Cải Kale | B40: Kg | C40: 0 | E40: =C40*D40 -> 0
A41: Cải Kale | B41: Túi | C41: 0 | E41: =C41*D41 -> 0
A42: Cải Kale | B42: Túi 150gr | C42: 0 | E42: =C42*D42 -> 0
A43: Cải Thảo | B43: Kg | C43: 200 | D43: 7500 | E43: =C43*D43 -> 1500000
A44: Cần Tây | B44: Cây | C44: 0 | E44: =C44*D44 -> 0
A45: Cần Tây | B45: Kg | C45: 0 | E45: =C45*D45 -> 0
A46: Cần Tây | B46: Túi | C46: 0 | E46: =C46*D46 -> 0
A47: Hành Paro | B47: Cây | C47: 0 | E47: =C47*D47 -> 0
A48: Hành Paro | B48: Kg | C48: 3 | D48: 48000 | E48: =C48*D48 -> 144000
A49: Lá Mè | B49: Kg | C49: 0 | E49: =C49*D49 -> 0
A50: Lá Mè | B50: Túi | C50: 0 | E50: =C50*D50 -> 0
A51: Lá Nha Đam | B51: Kg | C51: 0 | E51: =C51*D51 -> 0
A52: Lá Tía Tô | B52: Kg | C52: 0 | E52: =C52*D52 -> 0
A53: Lá Tía Tô | B53: Túi | C53: 0 | E53: =C53*D53 -> 0
A54: Lá Hương Thảo | B54: Túi | C54: 0 | E54: =C54*D54 -> 0
A55: Măng Tây | B55: Kg | C55: 0 | E55: =C55*D55 -> 0
A56: Măng Tây | B56: Bó | C56: 0 | E56: =C56*D56 -> 0
A57: Rau Ngò Rí | B57: Kg | C57: 0 | E57: =C57*D57 -> 0
A58: Rau Ngò Rí | B58: Gói | C58: 0 | E58: =C58*D58 -> 0
A59: Xà Lách Lolo Xanh | B59: Kg | C59: 12 | D59: 30000 | E59: =C59*D59 -> 360000
A60: Xà Lách Lolo Xanh | B60: Túi | C60: 0 | E60: =C60*D60 -> 0
A61: Xà Lách Lolo Xanh T.C | B61: Kg | C61: 5 | D61: 28000 | E61: =C61*D61 -> 140000
A62: Xà Lách Lolo Xanh T.C Cây | B62: Cây | C62: 0 | E62: =C62*D62 -> 0
A63: Xà Lách Mỡ T.C | B63: Kg | C63: 3 | D63: 28000 | E63: =C63*D63 -> 84000
A64: Xà Lách Mỡ T.C Cây | B64: Cây | C64: 0 | E64: =C64*D64 -> 0
A65: Xà Lách Mỹ | B65: Kg | C65: 0 | E65: =C65*D65 -> 0
A66: Xà Lách Rocket | B66: Kg | C66: 0 | E66: =C66*D66 -> 0
A67: Xà Lách Rocket | B67: Túi | C67: 0 | E67: =C67*D67 -> 0
A68: Xà Lách Romaine | B68: Kg | C68: 0 | E68: =C68*D68 -> 0
A69: Xà Lách Romaine | B69: Túi | C69: 0 | E69: =C69*D69 -> 0
A70: Xà Lách Thủy Tinh T.C | B70: Kg | C70: 0 | E70: =C70*D70 -> 0
A71: Xà Lách Thủy Tinh T.C Cây | B71: Cây | C71: 0 | E71: =C71*D71 -> 0
A72: Xà Lách Mỡ | B72: Kg | C72: 0 | E72: =C72*D72 -> 0
A73: Bí Đao Xanh | B73: Kg | C73: 0 | E73: =C73*D73 -> 0
A74: Bí Đao Xanh | B74: Trái | C74: 0 | E74: =C74*D74 -> 0
A75: Bí Đỏ Hồ Lô | B75: Kg | C75: 24 | D75: 10000 | E75: =C75*D75 -> 240000
A76: Bí Đỏ Tròn | B76: Kg | C76: 610 | D76: 5000 | E76: =C76*D76 -> 3050000
A77: Bí Ngòi Xanh | B77: Kg | C77: 86 | D77: 19000 | E77: =C77*D77 -> 1634000
A78: Bí Ngòi Xanh | B78: Trái | C78: 0 | E78: =C78*D78 -> 0
A79: Bí Non Nhật | B79: Kg | C79: 34 | D79: 9500 | E79: =C79*D79 -> 323000
A80: Bí Non Nhật | B80: Trái | C80: 0 | E80: =C80*D80 -> 0
A81: Cà Chua Beef | B81: Kg | C81: 225 | D81: 25000 | E81: =C81*D81 -> 5625000
A82: Cà Chua Beef | B82: Vỉ | C82: 0 | E82: =C82*D82 -> 0
A83: Cà Chua Beef 500Gr | B83: Vỉ | C83: 0 | E83: =C83*D83 -> 0
A84: Cà Chua Beef 650Gr | B84: Vỉ | C84: 0 | E84: =C84*D84 -> 0
A85: Cà Chua Bi 300Gr | B85: Hộp | C85: 64 | D85: 11400 | E85: =C85*D85 -> 729600
A86: Cà Chua Bi Mix | B86: Hộp | C86: 0 | E86: =C86*D86 -> 0
A87: Cà Chua Bi Mix | B87: Kg | C87: 0 | E87: =C87*D87 -> 0
A88: Cà Chua Socola | B88: Kg | C88: 0 | E88: =C88*D88 -> 0
A89: Cà Chua Socola 250Gr | B89: Hộp | C89: 0 | E89: =C89*D89 -> 0
A90: Cà Chua Thường | B90: Kg | C90: 350 | D90: 21000 | E90: =C90*D90 -> 7350000
A91: Cà Chua Thường | B91: Vỉ | C91: 0 | E91: =C91*D91 -> 0
A92: Cà Chua Thường Trung | B92: Túi | C92: 5 | D92: 19000 | E92: =C92*D92 -> 95000
A93: Cà Tím | B93: Kg | C93: 0 | E93: =C93*D93 -> 0
A94: Cà Tím Cặp 400Gr | B94: Vỉ | C94: 0 | E94: =C94*D94 -> 0
A95: Chanh Không Hạt | B95: Kg | C95: 0 | E95: =C95*D95 -> 0
A96: Chanh Không Hạt | B96: Vỉ | C96: 0 | E96: =C96*D96 -> 0
A97: Đậu Cove Trắng | B97: Kg | C97: 0 | E97: =C97*D97 -> 0
A98: Đậu Cove Trắng 300Gr | B98: Túi | C98: 0 | E98: =C98*D98 -> 0
A99: Đậu Cove Trắng 500Gr | B99: Túi | C99: 0 | E99: =C99*D99 -> 0
A100: Đậu Cove Nhật 300Gr | B100: Túi | C100: 0 | E100: =C100*D100 -> 0
A101: Đậu Đỏ | B101: Kg | C101: 0 | E101: =C101*D101 -> 0
...

Sheet 2.11
A2: hàng tồn cuối ngày 2/11 vr
A3: Tên Sản phẩm | B3: ĐVT | C3: Tồn ĐL | D3: giá | E3: thành tiền
A4: Cà Rốt | B4: Kg | C4: 0 | E4: =C4*D4 -> 0
A5: Cà Rốt | B5: Túi | C5: 0 | E5: =C5*D5 -> 0
A6: Cà Rốt Baby | B6: Vỉ | C6: 0 | E6: =C6*D6 -> 0
A7: Củ Cải Đỏ 300Gr | B7: Hộp | C7: 0 | E7: =C7*D7 -> 0
A8: Củ Cải Trắng | B8: Kg | C8: 0 | E8: =C8*D8 -> 0
A9: Củ Dền | B9: Kg | C9: 0 | E9: =C9*D9 -> 0
A10: Củ Dền | B10: Túi | C10: 0 | E10: =C10*D10 -> 0
A11: Củ Gừng | B11: Kg | C11: 0 | E11: =C11*D11 -> 0
A12: Củ Hành Tây | B12: Kg | C12: 2125 | D12: 28000 | E12: =C12*D12 -> 59500000
A13: Củ Hành Tây Tím | B13: Kg | C13: 9 | D13: 20000 | E13: =C13*D13 -> 180000
A14: Củ Hành Tây Trung | B14: Túi | C14: 426 | D14: 5400 | E14: =C14*D14 -> 2300400
A15: Củ Khoai Lang Mật Size 46 | B15: Kg | C15: 285 | D15: 22000 | E15: =C15*D15 -> 6270000 | F15: 200
A16: Củ Khoai Lang Nhật | B16: Kg | C16: 160 | D16: 20000 | E16: =C16*D16 -> 3200000
A17: Củ Khoai Mỡ | B17: Kg | C17: 0 | E17: =C17*D17 -> 0
A18: Củ Khoai Tây Bi Vàng | B18: Túi | C18: 0 | E18: =C18*D18 -> 0
A19: Củ Khoai Tây Vàng | B19: Kg | C19: 187 | D19: 15000 | E19: =C19*D19 -> 2805000
A20: Củ Khoai Tây Vàng | B20: Túi | C20: 0 | E20: =C20*D20 -> 0
A21: Củ Su Hào | B21: Kg | C21: 5 | D21: 18000 | E21: =C21*D21 -> 90000
A22: Bông Cải Xanh 7Cm | B22: Kg | C22: 9 | D22: 40000 | E22: =C22*D22 -> 360000
A23: Bông Cải Xanh Baby | B23: Vỉ | C23: 0 | E23: =C23*D23 -> 0
A24: Bắp Cải Tím | B24: Kg | C24: 0 | E24: =C24*D24 -> 0
A25: Bắp Cải Trái Tim | B25: Kg | C25: 35 | D25: 15000 | E25: =C25*D25 -> 525000
A26: Bắp Cải Trắng | B26: Kg | C26: 1920 | D26: 13748.5 | E26: =C26*D26 -> 26397120
A27: Cải Bó Xôi | B27: Kg | C27: 0 | E27: =C27*D27 -> 0
A28: Cải Bó Xôi | B28: Túi | C28: 14 | D28: 10000 | E28: =C28*D28 -> 140000
A29: Cải Cầu Vồng | B29: Túi | C29: 0 | E29: =C29*D29 -> 0
A30: Cải Kale | B30: Túi | C30: 0 | E30: =C30*D30 -> 0
A31: Cải Kale | B31: Túi 150gr | C31: 0 | E31: =C31*D31 -> 0
A32: Cải Thảo | B32: Kg | C32: 250 | D32: 7500 | E32: =C32*D32 -> 1875000
A33: Cần Tây | B33: Cây | C33: 0 | E33: =C33*D33 -> 0
A34: Cần Tây | B34: Kg | C34: 20 | D34: 14000 | E34: =C34*D34 -> 280000
A35: Hành Paro | B35: Cây | C35: 0 | E35: =C35*D35 -> 0
A36: Hành Paro | B36: Kg | C36: 6 | D36: 48000 | E36: =C36*D36 -> 288000
A37: Lá Mè | B37: Túi | C37: 0 | E37: =C37*D37 -> 0
A38: Lá Nha Đam | B38: Kg | C38: 6 | D38: 14000 | E38: =C38*D38 -> 84000
A39: Lá Quế Tây | B39: Túi | C39: 0 | E39: =C39*D39 -> 0
A40: Lá Tía Tô | B40: Kg | C40: 0 | E40: =C40*D40 -> 0
A41: Lá Hương Thảo | B41: Túi | C41: 0 | E41: =C41*D41 -> 0
A42: Măng Tây | B42: Bó | C42: 0 | E42: =C42*D42 -> 0
A43: Rau Ngò Rí | B43: Gói | C43: 0 | E43: =C43*D43 -> 0
A44: Xà Lách Lolo Xanh | B44: Kg | C44: 10 | D44: 29000 | E44: =C44*D44 -> 290000
A45: Xà Lách Lolo Xanh T.C | B45: Kg | C45: 2 | D45: 28000 | E45: =C45*D45 -> 56000
A46: Xà Lách Lolo Xanh T.C Cây | B46: Cây | C46: 0 | E46: =C46*D46 -> 0
A47: Xà Lách Mỡ T.C | B47: Kg | C47: 0 | E47: =C47*D47 -> 0
A48: Xà Lách Mỡ T.C Cây | B48: Cây | C48: 0 | E48: =C48*D48 -> 0
A49: Xà Lách Mỹ | B49: Kg | C49: 0 | E49: =C49*D49 -> 0
A50: Xà Lách Rocket | B50: Kg | C50: 0 | E50: =C50*D50 -> 0
A51: Xà Lách Thủy Tinh T.C | B51: Kg | C51: 9 | D51: 30000 | E51: =C51*D51 -> 270000
A52: Xà Lách Thủy Tinh T.C Cây | B52: Cây | C52: 35 | D52: 7000 | E52: =C52*D52 -> 245000
A53: Xà Lách Mỡ | B53: Kg | C53: 0 | E53: =C53*D53 -> 0
A54: Bí Đao Xanh | B54: Trái | C54: 0 | E54: =C54*D54 -> 0
A55: Bí Đỏ Hồ Lô | B55: Kg | C55: 0 | E55: =C55*D55 -> 0
A56: Bí Đỏ Tròn | B56: Kg | C56: 260 | D56: 5000 | E56: =C56*D56 -> 1300000
A57: Bí Ngòi Xanh | B57: Kg | C57: 144 | D57: 19000 | E57: =C57*D57 -> 2736000
A58: Bí Ngòi Xanh | B58: Trái | C58: 0 | E58: =C58*D58 -> 0
A59: Bí Non Nhật | B59: Kg | C59: 45 | D59: 13000 | E59: =C59*D59 -> 585000
A60: Bí Non Nhật | B60: Trái | C60: 0 | E60: =C60*D60 -> 0
A61: Cà Chua Beef | B61: Kg | C61: 210 | D61: 25000 | E61: =C61*D61 -> 5250000
A62: Cà Chua Beef | B62: Vỉ | C62: 0 | E62: =C62*D62 -> 0
A63: Cà Chua Beef 500Gr | B63: Vỉ | C63: 0 | E63: =C63*D63 -> 0
A64: Cà Chua Beef 650Gr | B64: Vỉ | C64: 0 | E64: =C64*D64 -> 0
A65: Cà Chua Bi 300Gr | B65: Hộp | C65: 67 | D65: 11400 | E65: =C65*D65 -> 763800
A66: Cà Chua Bi Mix | B66: Hộp | C66: 0 | E66: =C66*D66 -> 0
A67: Cà Chua Socola | B67: Kg | C67: 0 | E67: =C67*D67 -> 0
A68: Cà Chua Socola 250Gr | B68: Hộp | C68: 37 | D68: 9000 | E68: =C68*D68 -> 333000
A69: Cà Chua Thường | B69: Kg | C69: 150 | D69: 23000 | E69: =C69*D69 -> 3450000
A70: Cà Chua Thường | B70: Vỉ | C70: 0 | E70: =C70*D70 -> 0
A71: Cà Chua Thường Trung | B71: Túi | C71: 67 | D71: 20000 | E71: =C71*D71 -> 1340000
A72: Cà Tím | B72: Kg | C72: 0 | E72: =C72*D72 -> 0
A73: Cà Tím Cặp 400Gr | B73: Vỉ | C73: 0 | E73: =C73*D73 -> 0
A74: Chanh Không Hạt | B74: Vỉ | C74: 0 | E74: =C74*D74 -> 0
A75: Đậu Cove Trắng | B75: Kg | C75: 0 | E75: =C75*D75 -> 0
A76: Đậu Cove Trắng 300Gr | B76: Túi | C76: 0 | E76: =C76*D76 -> 0
A77: Đậu Cove Trắng 500Gr | B77: Túi | C77: 0 | E77: =C77*D77 -> 0
A78: Đậu Cove Nhật 300Gr | B78: Túi | C78: 2 | D78: 8000 | E78: =C78*D78 -> 16000
A79: Đậu Đỏ | B79: Kg | C79: 2 | D79: 80000 | E79: =C79*D79 -> 160000
A80: Đậu Ngự | B80: Kg | C80: 2 | D80: 70000 | E80: =C80*D80 -> 140000
A81: Dưa Leo Baby | B81: Kg | C81: 0 | E81: =C81*D81 -> 0
A82: Dưa Leo Baby 500Gr | B82: Vỉ | C82: 304 | D82: 7500 | E82: =C82*D82 -> 2280000
A83: Dưa Leo Thường | B83: Kg | C83: 56 | D83: 7000 | E83: =C83*D83 -> 392000
A84: Ớt Chuông Baby | B84: Hộp | C84: 0 | E84: =C84*D84 -> 0
A85: Ớt Chuông Baby | B85: Kg | C85: 2 | D85: 50000 | E85: =C85*D85 -> 100000
A86: Ớt Chuông Đỏ | B86: Kg | C86: 35 | D86: 46000 | E86: =C86*D86 -> 1610000
A87: Ớt Chuông Đỏ | B87: Trái | C87: 0 | E87: =C87*D87 -> 0
A88: Ớt Chuông Snack | B88: Kg | C88: 0 | E88: =C88*D88 -> 0
A89: Ớt Chuông Vàng | B89: Kg | C89: 93 | D89: 40000 | E89: =C89*D89 -> 3720000
A90: Ớt Chuông Vàng | B90: Trái | C90: 0 | E90: =C90*D90 -> 0
A91: Ớt Chuông Xanh | B91: Kg | C91: 0 | E91: =C91*D91 -> 0
A92: Ớt Chuông Xanh | B92: Trái | C92: 0 | E92: =C92*D92 -> 0
A93: Ớt Sweet Palemo 300Gr | B93: Túi | C93: 64 | D93: 20000 | E93: =C93*D93 -> 1280000
A94: Trái Chanh Vàng | B94: Kg | C94: 0 | E94: =C94*D94 -> 0
A95: Trái Su Su | B95: Kg | C95: 0 | E95: =C95*D95 -> 0
A96: Đậu Trắng | B96: Kg | C96: 2 | D96: 70000 | E96: =C96*D96 -> 140000
A97: Trái Khổ Qua | B97: Kg | C97: 6 | D97: 12000 | E97: =C97*D97 -> 72000
A98: Chuối Laba | B98: Kg | C98: 0 | E98: =C98*D98 -> 0
A99: Bơ Booth | B99: Kg | C99: 80 | D99: 26000 | E99: =C99*D99 -> 2080000
A100: Ớt Chuông Ba Màu Vỉ 350gr | B100: Vỉ | C100: 0 | E100: =C100*D100 -> 0
A101: Củ Khoai Lang Mật Size 23 | B101: Kg | C101: 120 | D101: 22000 | E101: =C101*D101 -> 2640000 | F101: 120
...

Sheet 3.11
A2: hàng tồn cuối ngày 3/11 vr
A3: Tên Sản phẩm | B3: ĐVT | C3: Tồn ĐL | D3: giá | E3: thành tiền
A4: Cà Rốt | B4: Kg | C4: 0 | E4: =C4*D4 -> 0
A5: Cà Rốt | B5: Túi | C5: 0 | E5: =C5*D5 -> 0
A6: Cà Rốt Baby | B6: Kg | C6: 0 | E6: =C6*D6 -> 0
A7: Cà Rốt Baby | B7: Vỉ | C7: 0 | E7: =C7*D7 -> 0
A8: Củ Cải Đỏ | B8: Hộp | C8: 0 | E8: =C8*D8 -> 0
A9: Củ Cải Đỏ | B9: Kg | C9: 0 | E9: =C9*D9 -> 0
A10: Củ Cải Đỏ 300Gr | B10: Hộp | C10: 0 | E10: =C10*D10 -> 0
A11: Củ Cải Trắng | B11: Kg | C11: 0 | E11: =C11*D11 -> 0
A12: Củ Dền | B12: Kg | C12: 0 | E12: =C12*D12 -> 0
A13: Củ Dền | B13: Túi | C13: 0 | E13: =C13*D13 -> 0
A14: Củ Gừng | B14: Kg | C14: 3 | D14: 45000 | E14: =C14*D14 -> 135000
A15: Củ Hành Tây | B15: Kg | C15: 2178 | D15: 28000 | E15: =C15*D15 -> 60984000
A16: Củ Hành Tây Tím | B16: Kg | C16: 0 | E16: =C16*D16 -> 0
A17: Củ Hành Tây Tím | B17: Túi | C17: 0 | E17: =C17*D17 -> 0
A18: Củ Hành Tây Trung | B18: Kg | C18: 0 | E18: =C18*D18 -> 0
A19: Củ Hành Tây Trung | B19: Túi | C19: 283 | D19: 5400 | E19: =C19*D19 -> 1528200
A20: Củ Khoai Lang Mật Size 46 | B20: Kg | C20: 705 | D20: 22000 | E20: =C20*D20 -> 15510000 | F20: 700
A21: Củ Khoai Lang Mật Size 46 | B21: Túi | C21: 0 | E21: =C21*D21 -> 0
A22: Củ Khoai Lang Nhật | B22: Kg | C22: 140 | D22: 19500 | E22: =C22*D22 -> 2730000
A23: Củ Khoai Lang Nhật | B23: Túi | C23: 0 | E23: =C23*D23 -> 0
A24: Củ Khoai Mỡ | B24: Kg | C24: 0 | E24: =C24*D24 -> 0
A25: Củ Khoai Tây Bi Vàng | B25: Túi | C25: 0 | E25: =C25*D25 -> 0
A26: Củ Khoai Tây Vàng | B26: Kg | C26: 168 | D26: 15000 | E26: =C26*D26 -> 2520000
A27: Củ Khoai Tây Vàng | B27: Túi | C27: 0 | E27: =C27*D27 -> 0
A28: Củ Su Hào | B28: Kg | C28: 0 | E28: =C28*D28 -> 0
A29: Bông Cải Xanh 7Cm | B29: Kg | C29: 0 | E29: =C29*D29 -> 0
A30: Bông Cải Xanh Baby | B30: Kg | C30: 0 | E30: =C30*D30 -> 0
A31: Bông Cải Xanh Baby | B31: Vỉ | C31: 0 | E31: =C31*D31 -> 0
A32: Bắp Cải Tím | B32: Kg | C32: 0 | E32: =C32*D32 -> 0
A33: Bắp Cải Trái Tim | B33: Kg | C33: 180 | D33: 15000 | E33: =C33*D33 -> 2700000
A34: Bắp Cải Trắng | B34: Kg | C34: 1840 | D34: 13748.5 | E34: =C34*D34 -> 25297240
A35: Cải Bó Xôi | B35: Kg | C35: 0 | E35: =C35*D35 -> 0
A36: Cải Bó Xôi | B36: Túi | C36: 0 | E36: =C36*D36 -> 0
A37: Cải Cầu Vồng | B37: Kg | C37: 0 | E37: =C37*D37 -> 0
A38: Cải Cầu Vồng | B38: Túi | C38: 0 | E38: =C38*D38 -> 0
A39: Cải Kale | B39: Kg | C39: 0 | E39: =C39*D39 -> 0
A40: Cải Kale | B40: Túi | C40: 0 | E40: =C40*D40 -> 0
A41: Cải Kale | B41: Túi 150gr | C41: 0 | E41: =C41*D41 -> 0
A42: Cải Thảo | B42: Kg | C42: 250 | D42: 7500 | E42: =C42*D42 -> 1875000
A43: Cần Tây | B43: Cây | C43: 0 | E43: =C43*D43 -> 0
A44: Cần Tây | B44: Kg | C44: 0 | E44: =C44*D44 -> 0
A45: Hành Paro | B45: Cây | C45: 0 | E45: =C45*D45 -> 0
A46: Hành Paro | B46: Kg | C46: 0 | E46: =C46*D46 -> 0
A47: Lá Mè | B47: Kg | C47: 0 | E47: =C47*D47 -> 0
A48: Lá Mè | B48: Túi | C48: 0 | E48: =C48*D48 -> 0
A49: Lá Nha Đam | B49: Kg | C49: 0 | E49: =C49*D49 -> 0
A50: Lá Quế Tây | B50: Túi | C50: 0 | E50: =C50*D50 -> 0
A51: Lá Tía Tô | B51: Kg | C51: 0 | E51: =C51*D51 -> 0
A52: Lá Tía Tô | B52: Túi | C52: 0 | E52: =C52*D52 -> 0
A53: Lá Hương Thảo | B53: Túi | C53: 0 | E53: =C53*D53 -> 0
A54: Măng Tây | B54: Kg | C54: 0 | E54: =C54*D54 -> 0
... A57: Rau Ngò Rí | B57: Gói | C57: 0 | E57: =C57*D57 -> 0
A58: Xà Lách Lolo Xanh | B58: Kg | C58: 11 | D58: 32000 | E58: =C58*D58 -> 352000
A59: Xà Lách Lolo Xanh | B59: Túi | C59: 0 | E59: =C59*D59 -> 0
A60: Xà Lách Lolo Xanh T.C | B60: Kg | C60: 0 | E60: =C60*D60 -> 0
A61: Xà Lách Lolo Xanh T.C Cây | B61: Cây | C61: 0 | E61: =C61*D61 -> 0
A62: Xà Lách Mỡ T.C | B62: Kg | C62: 0 | E62: =C62*D62 -> 0
A63: Xà Lách Mỡ T.C Cây | B63: Cây | C63: 0 | E63: =C63*D63 -> 0
A64: Xà Lách Mỹ | B64: Kg | C64: 0 | E64: =C64*D64 -> 0
A65: Xà Lách Rocket | B65: Kg | C65: 0 | E65: =C65*D65 -> 0
A66: Xà Lách Rocket | B66: Túi | C66: 0 | E66: =C66*D66 -> 0
A67: Xà Lách Romaine | B67: Kg | C67: 0 | E67: =C67*D67 -> 0
A68: Xà Lách Romaine | B68: Túi | C68: 0 | E68: =C68*D68 -> 0
A69: Xà Lách Thủy Tinh T.C | B69: Kg | C69: 2 | D69: 30000 | E69: =C69*D69 -> 60000
A70: Xà Lách Thủy Tinh T.C Cây | B70: Cây | C70: 0 | E70: =C70*D70 -> 0
A71: Xà Lách Mỡ | B71: Kg | C71: 0 | E71: =C71*D71 -> 0
A72: Bí Đao Xanh | B72: Kg | C72: 0 | E72: =C72*D72 -> 0
A73: Bí Đao Xanh | B73: Trái | C73: 0 | E73: =C73*D73 -> 0
A74: Bí Đỏ Hồ Lô | B74: Kg | C74: 18 | D74: 11000 | E74: =C74*D74 -> 198000
A75: Bí Đỏ Tròn | B75: Kg | C75: 220 | D75: 5000 | E75: =C75*D75 -> 1100000
A76: Bí Ngòi Xanh | B76: Kg | C76: 0 | E76: =C76*D76 -> 0
A77: Bí Ngòi Xanh | B77: Trái | C77: 0 | E77: =C77*D77 -> 0
A78: Bí Non Nhật | B78: Kg | C78: 78 | D78: 9500 | E78: =C78*D78 -> 741000
A79: Bí Non Nhật | B79: Trái | C79: 0 | E79: =C79*D79 -> 0
A80: Cà Chua Beef | B80: Kg | C80: 100 | D80: 25000 | E80: =C80*D80 -> 2500000
A81: Cà Chua Beef | B81: Vỉ | C81: 0 | E81: =C81*D81 -> 0
A82: Cà Chua Beef 500Gr | B82: Vỉ | C82: 0 | E82: =C82*D82 -> 0
A83: Cà Chua Beef 650Gr | B83: Vỉ | C83: 0 | E83: =C83*D83 -> 0
A84: Cà Chua Bi 300Gr | B84: Hộp | C84: 80 | D84: 11400 | E84: =C84*D84 -> 912000
A85: Cà Chua Bi Mix | B85: Hộp | C85: 0 | E85: =C85*D85 -> 0
A86: Cà Chua Bi Mix | B86: Kg | C86: 0 | E86: =C86*D86 -> 0
A87: Cà Chua Socola | B87: Kg | C87: 0 | E87: =C87*D87 -> 0
A88: Cà Chua Socola | B88: Hộp 300gr | C88: 0 | E88: =C88*D88 -> 0
A89: Cà Chua Socola | B89: Hộp 250GR | C89: 0 | E89: =C89*D89 -> 0
A90: Cà Chua Thường | B90: Kg | C90: 130 | D90: 23000 | E90: =C90*D90 -> 2990000
A91: Cà Chua Thường | B91: Vỉ | C91: 0 | E91: =C91*D91 -> 0
A92: Cà Chua Thường Trung | B92: Túi | C92: 190 | D92: 20000 | E92: =C92*D92 -> 3800000
A93: Cà Tím | B93: Kg | C93: 0 | E93: =C93*D93 -> 0
A94: Cà Tím | B94: Cặp | C94: 0 | E94: =C94*D94 -> 0
A95: Chanh Không Hạt | B95: Kg | C95: 0 | E95: =C95*D95 -> 0
A96: Chanh Không Hạt | B96: Vỉ | C96: 0 | E96: =C96*D96 -> 0
A97: Đậu Cove Trắng | B97: Kg | C97: 0 | E97: =C97*D97 -> 0
A98: Đậu Cove Trắng | B98: Túi 300gr | C98: 0 | E98: =C98*D98 -> 0
A99: Đậu Cove Trắng | B99: Túi 500gr | C99: 0 | E99: =C99*D99 -> 0
A100: Đậu Cove Trắng 300Gr | B100: Túi | C100: 0 | E100: =C100*D100 -> 0
A101: Đậu Cove Nhật 300Gr | B101: Túi | C101: 0 | E101: =C101*D101 -> 0
A102: Đậu Đỏ | B102: Kg | C102: 1.5 | D102: 80000 | E102: =C102*D102 -> 120000
A103: Đậu Đỏ | B103: Vỉ | C103: 0 | E103: =C103*D103 -> 0
...

Sheet 4.11
A2: hàng tồn cuối ngày 4/11 vr
A3: Tên Sản phẩm | B3: ĐVT | C3: Tồn ĐL | D3: giá | E3: thành tiền
A4: Cà Rốt | B4: Kg | E4: =C4*D4 -> 0
A5: Cà Rốt | B5: Túi | E5: =C5*D5 -> 0
A6: Cà Rốt Baby | B6: Kg | E6: =C6*D6 -> 0
A7: Cà Rốt Baby | B7: Vỉ | E7: =C7*D7 -> 0
A8: Củ Cải Đỏ | B8: Hộp | E8: =C8*D8 -> 0
A9: Củ Cải Đỏ | B9: Kg | E9: =C9*D9 -> 0
A10: Củ Cải Trắng | B10: Kg | E10: =C10*D10 -> 0
A11: Củ Dền | B11: Kg | C11: 10 | D11: 15000 | E11: =C11*D11 -> 150000
A12: Củ Dền | B12: Túi | E12: =C12*D12 -> 0
A13: Củ Hành Tây | B13: Kg | C13: 2100 | D13: 28000 | E13: =C13*D13 -> 58800000
A14: Củ Hành Tây | B14: Túi 300gr | E14: =C14*D14 -> 0
A15: Củ Hành Tây Tím | B15: Kg | E15: =C15*D15 -> 0
A16: Củ Hành Tây Tím | B16: Túi | E16: =C16*D16 -> 0
A17: Củ Hành Tây Trung | B17: Kg | E17: =C17*D17 -> 0
A18: Củ Hành Tây Trung | B18: Túi | C18: 156 | D18: 5400 | E18: =C18*D18 -> 842400
A19: Củ Khoai Lang Mật Size 46 | B19: Kg | C19: 1175 | D19: 21000 | E19: =C19*D19 -> 24675000 | F19: dung 22, giang 20 | H19: 1170
A20: Củ Khoai Lang Mật Size 46 | B20: Túi | E20: =C20*D20 -> 0
A21: Củ Khoai Lang Nhật | B21: Kg | C21: 140 | D21: 19500 | E21: =C21*D21 -> 2730000
A22: Củ Khoai Lang Nhật | B22: Túi | E22: =C22*D22 -> 0
A23: Củ Khoai Mỡ | B23: Kg | E23: =C23*D23 -> 0
A24: Củ Khoai Tây Vàng | B24: Kg | C24: 130 | D24: 15000 | E24: =C24*D24 -> 1950000
A25: Củ Khoai Tây Vàng | B25: Túi | E25: =C25*D25 -> 0
A26: Củ Su Hào | B26: Kg | E26: =C26*D26 -> 0
A27: Bông Cải Xanh 7Cm | B27: Kg | C27: 8 | D27: 40000 | E27: =C27*D27 -> 320000
A28: Bông Cải Xanh Baby | B28: Kg | E28: =C28*D28 -> 0
A29: Bông Cải Xanh Baby | B29: Vỉ | E29: =C29*D29 -> 0
A30: Bắp Cải Tím | B30: Kg | E30: =C30*D30 -> 0
A31: Bắp Cải Trái Tim | B31: Kg | C31: 280 | D31: 15000 | E31: =C31*D31 -> 4200000
A32: Bắp Cải Trắng | B32: Kg | C32: 2820 | D32: 11000 | E32: =C32*D32 -> 31020000
A33: Bắp Cải Trắng | B33: Bắp | E33: =C33*D33 -> 0
A34: Cải Bó Xôi | B34: Kg | E34: =C34*D34 -> 0
A35: Cải Bó Xôi | B35: Túi | E35: =C35*D35 -> 0
A36: Cải Cầu Vồng | B36: Kg | E36: =C36*D36 -> 0
A37: Cải Cầu Vồng | B37: Túi | E37: =C37*D37 -> 0
A38: Cải Kale | B38: Kg | E38: =C38*D38 -> 0
A39: Cải Kale | B39: Túi | E39: =C39*D39 -> 0
A40: Cải Kale | B40: Túi 150gr | E40: =C40*D40 -> 0
A41: Cải Thảo | B41: Kg | C41: 620 | D41: 7500 | E41: =C41*D41 -> 4650000
A42: Cần Tây | B42: Cây | E42: =C42*D42 -> 0
A43: Cần Tây | B43: Kg | C43: 55 | D43: 11000 | E43: =C43*D43 -> 605000
A44: Cần Tây | B44: Túi | E44: =C44*D44 -> 0
A45: Hành Paro | B45: Cây | E45: =C45*D45 -> 0
A46: Hành Paro | B46: Kg | E46: =C46*D46 -> 0
A47: Lá Mè | B47: Kg | E47: =C47*D47 -> 0
A48: Lá Mè | B48: Túi | E48: =C48*D48 -> 0
A49: Lá Nha Đam | B49: Kg | E49: =C49*D49 -> 0
A50: Lá Quế Tây | B50: Kg | E50: =C50*D50 -> 0
A51: Lá Quế Tây | B51: Túi | E51: =C51*D51 -> 0
A52: Lá Tía Tô | B52: Kg | E52: =C52*D52 -> 0
A53: Lá Tía Tô | B53: Túi | E53: =C53*D53 -> 0
A54: Lá Hương Thảo | B54: Kg | E54: =C54*D54 -> 0
A55: Lá Hương Thảo | B55: Túi | E55: =C55*D55 -> 0
... A70: Xà Lách Romaine | B70: Túi | E70: =C70*D70 -> 0
A71: Xà Lách Thủy Tinh T.C | B71: Kg | C71: 4 | D71: 30000 | E71: =C71*D71 -> 120000
A72: Xà Lách Thủy Tinh T.C Cây | B72: Cây | E72: =C72*D72 -> 0
A73: Xà Lách Mỡ | B73: Kg | E73: =C73*D73 -> 0
A74: Bí Đao Xanh | B74: Kg | E74: =C74*D74 -> 0
A75: Bí Đao Xanh | B75: Trái | E75: =C75*D75 -> 0
A76: Bí Đỏ Tròn | B76: Kg | E76: =C76*D76 -> 0
A77: Bí Ngòi Xanh | B77: Kg | E77: =C77*D77 -> 0
A78: Bí Ngòi Xanh | B78: Trái | E78: =C78*D78 -> 0
A79: Bí Non Nhật | B79: Kg | E79: =C79*D79 -> 0
A80: Bí Non Nhật | B80: Trái | E80: =C80*D80 -> 0
A81: Cà Chua Beef | B81: Kg | C81: 23 | D81: 25000 | E81: =C81*D81 -> 575000
A82: Cà Chua Beef | B82: Vỉ | E82: =C82*D82 -> 0
A83: Cà Chua Beef | B83: Vỉ 650gr | E83: =C83*D83 -> 0
A84: Cà Chua Beef 500Gr | B84: Vỉ | E84: =C84*D84 -> 0
A85: Cà Chua Bi Mix | B85: Hộp | E85: =C85*D85 -> 0
A86: Cà Chua Bi Mix | B86: Kg | E86: =C86*D86 -> 0
A87: Cà Chua Socola | B87: Kg | E87: =C87*D87 -> 0
A88: Cà Chua Socola | B88: Hộp 300gr | E88: =C88*D88 -> 0
A89: Cà Chua Socola | B89: Hộp 250GR | E89: =C89*D89 -> 0
A90: Cà Chua Thường | B90: Kg | C90: 310 | D90: 23000 | E90: =C90*D90 -> 7130000
A91: Cà Chua Thường | B91: Vỉ | E91: =C91*D91 -> 0
A92: Cà Chua Thường Trung | B92: Túi | C92: 120 | D92: 20000 | E92: =C92*D92 -> 2400000
A93: Chanh Không Hạt | B93: Vỉ | E93: =C93*D93 -> 0
A94: Đậu Cove Trắng | B94: Kg | E94: =C94*D94 -> 0
A95: Đậu Cove Trắng | B95: Túi 300gr | C95: 6 | D95: 13000 | E95: =C95*D95 -> 78000
A96: Đậu Cove Trắng | B96: Túi 500gr | C96: 6 | D96: 9000 | E96: =C96*D96 -> 54000
A97: Đậu Đỏ | B97: Kg | C97: 2 | D97: 80000 | E97: =C97*D97 -> 160000
A98: Đậu Đỏ | B98: Vỉ | E98: =C98*D98 -> 0
A99: Dưa Leo Baby | B99: Kg | C99: 30 | D99: 12000 | E99: =C99*D99 -> 360000
A100: Dưa Leo Baby | B100: Vỉ | E100: =C100*D100 -> 0
A101: Dưa Leo Nhật | B101: Kg | E101: =C101*D101 -> 0
A102: Dưa Leo Nhật | B102: Túi | E102: =C102*D102 -> 0
A103: Dưa Leo Thường | B103: Kg | C103: 20 | D103: 6000 | E103: =C103*D103 -> 120000
A104: Ớt Chuông Baby | B104: Hộp | E104: =C104*D104 -> 0
A105: Ớt Chuông Baby | B105: Kg | E105: =C105*D105 -> 0
A106: Ớt Chuông Đỏ | B106: Kg | C106: 64 | D106: 46000 | E106: =C106*D106 -> 2944000
A107: Ớt Chuông Đỏ | B107: Trái | E107: =C107*D107 -> 0
A108: Ớt Chuông Snack | B108: Hộp | E108: =C108*D108 -> 0
A109: Ớt Chuông Snack | B109: Kg | E109: =C109*D109 -> 0
A110: Ớt Chuông Vàng | B110: Kg | C110: 122 | D110: 32000 | E110: =C110*D110 -> 3904000
A111: Ớt Chuông Vàng | B111: Trái | E111: =C111*D111 -> 0
A112: Ớt Chuông Xanh | B112: Kg | C112: 25 | D112: 35000 | E112: =C112*D112 -> 875000
A113: Ớt Chuông Xanh | B113: Trái | E113: =C113*D113 -> 0
A114: Trái Chanh Vàng | B114: Kg | E114: =C114*D114 -> 0
A115: Trái Chanh Vàng | B115: Trái | E115: =C115*D115 -> 0
...

Sheet 5.11
A1: Tên Sản phẩm | B1: ĐVT | C1: Tồn ĐL | D1: Giá | E1: Thành tiền
A2: Cà Rốt | B2: Kg | C2: 0
A3: Cà Rốt | B3: Túi | C3: 0
A4: Cà Rốt Baby | B4: Kg | C4: 0
A5: Cà Rốt Baby | B5: Vỉ | C5: 0
A6: Củ Cải Đỏ | B6: Hộp | C6: 0
A7: Củ Cải Đỏ | B7: Kg | C7: 2 | D7: 40000 | E7: =+D7*C7 -> 80000
A8: Củ Dền | B8: Kg | C8: 0
A9: Củ Dền | B9: Túi | C9: 0
A10: Củ Hành Tây | B10: Kg | C10: 1895 | D10: 28000 | E10: =+D10*C10 -> 53060000
A11: Củ Hành Tây | B11: Túi 300gr | C11: 0
A12: Củ Hành Tây Trung | B12: Túi | C12: 0
A13: Củ Khoai Lang Mật Size 46 | B13: Kg | C13: 1015 | D13: =VLOOKUP(A13,'4.11'!A17:D226,4,) -> 21000 | E13: =+D13*C13 -> 21315000 | F13: 1010
A14: Củ Khoai Lang Mật Size 46 | B14: Túi | C14: 0
A15: Củ Khoai Lang Nhật | B15: Kg | C15: 120 | D15: =VLOOKUP(A15,'4.11'!A19:D228,4,) -> 19500 | E15: =+D15*C15 -> 2340000
A16: Củ Khoai Lang Nhật | B16: Túi | C16: 0
A17: Củ Khoai Tây Vàng | B17: Kg | C17: 115 | D17: =VLOOKUP(A17,'4.11'!A21:D230,4,) -> 15000 | E17: =+D17*C17 -> 1725000
A18: Củ Khoai Tây Vàng | B18: Túi | C18: 0
A19: Bông Cải Xanh Baby | B19: Kg | C19: 0
A20: Bông Cải Xanh Baby | B20: Vỉ | C20: 0
A21: Bắp Cải Trắng | B21: Kg | C21: 650 | D21: =VLOOKUP(A21,'4.11'!A25:D234,4,) -> 11000 | E21: =+D21*C21 -> 7150000
A22: Cải Bó Xôi | B22: Kg | C22: 0
A23: Cải Bó Xôi | B23: Túi | C23: 55 | D23: 13500 | E23: =+D23*C23 -> 742500
A24: Cải Kale | B24: Kg | C24: 0
A25: Cải Kale | B25: Túi | C25: 0
A26: Cải Kale | B26: Túi 150gr | C26: 0
A27: Cải Thảo | B27: Kg | C27: 1440 | D27: =VLOOKUP(A27,'4.11'!A31:D240,4,) -> 7500 | E27: =+D27*C27 -> 10800000
A28: Cần Tây | B28: Cây | C28: 0
A29: Cần Tây | B29: Kg | C29: 5 | D29: 11000 | E29: =+D29*C29 -> 55000
A30: Cần Tây | B30: Túi | C30: 0
A31: Xà Lách Lolo Xanh T.C | B31: Kg | C31: 3 | D31: 28000 | E31: =+D31*C31 -> 84000
A32: Bí Đỏ Tròn | B32: Kg | C32: 135 | D32: 5200 | E32: =+D32*C32 -> 702000
A33: Bí Ngòi Xanh | B33: Kg | C33: 0
A34: Bí Ngòi Xanh | B34: Trái | C34: 0
A35: Bí Non Nhật | B35: Kg | C35: 60 | D35: 18000 | E35: =+D35*C35 -> 1080000
A36: Bí Non Nhật | B36: Trái | C36: 0
A37: Cà Chua Beef | B37: Kg | C37: 495 | D37: =VLOOKUP(A37,'4.11'!A41:D250,4,) -> 25000 | E37: =+D37*C37 -> 12375000
A38: Cà Chua Beef | B38: Vỉ | C38: 0
A39: Cà Chua Beef | B39: Vỉ 650gr | C39: 0
A40: Cà Chua Thường | B40: Kg | C40: 660 | D40: =VLOOKUP(A40,'4.11'!A44:D253,4,) -> 23000 | E40: =+D40*C40 -> 15180000
A41: Cà Chua Thường | B41: Vỉ | C41: 0
A42: Cà Chua Thường Trung | B42: Túi | C42: 75 | D42: =VLOOKUP(A42,'4.11'!A46:D255,4,) -> 20000 | E42: =+D42*C42 -> 1500000
A43: Dưa Leo Baby | B43: Kg | C43: 0
A44: Dưa Leo Baby | B44: Vỉ | C44: 389 | D44: =VLOOKUP(A44,'4.11'!A48:D257,4,) -> 12000 | E44: =+D44*C44 -> 4668000
A45: Dưa Leo Thường | B45: Kg | C45: 49 | D45: =VLOOKUP(A45,'4.11'!A49:D258,4,) -> 6000 | E45: =+D45*C45 -> 294000
A46: Ớt Chuông Đỏ | B46: Kg | C46: 110 | D46: =VLOOKUP(A46,'4.11'!A50:D259,4,) -> 46000 | E46: =+D46*C46 -> 5060000
A47: Ớt Chuông Đỏ | B47: Trái | C47: 0
A48: Ớt Chuông Vàng | B48: Kg | C48: 86 | D48: =VLOOKUP(A48,'4.11'!A52:D261,4,) -> 32000 | E48: =+D48*C48 -> 2752000
A49: Ớt Chuông Vàng | B49: Trái | C49: 0
A50: Ớt Chuông Xanh | B50: Kg | C50: 110 | D50: =VLOOKUP(A50,'4.11'!A54:D263,4,) -> 35000 | E50: =+D50*C50 -> 3850000
A51: Ớt Chuông Xanh | B51: Trái | C51: 0
A52: Bơ Booth | B52: Kg | C52: 89 | D52: 26000 | E52: =+D52*C52 -> 2314000
A53: Ớt Chuông Ba Màu | B53: Vỉ | C53: 0
A54: Củ Khoai Lang Mật Size 23 | B54: Kg | C54: 620 | D54: =VLOOKUP(A54,'4.11'!A58:D267,4,) -> 21000 | E54: =+D54*C54 -> 13020000 | F54: 620
A55: Cà Chua Bi Đỏ | B55: Kg | C55: 9 | D55: 38000 | E55: =+D55*C55 -> 342000
A56: Cà Chua Bi Đỏ | B56: Hộp 300gr | C56: 18 | D56: 11400 | E56: =+D56*C56 -> 205200
A57: Củ Khoai Sâm | B57: Kg | C57: 60 | D57: =VLOOKUP(A57,'4.11'!A61:D270,4,) -> 19319 | E57: =+D57*C57 -> 1159140
A58: Hạt Dẻ Ngố | B58: Kg | C58: =350+2000 -> 2350 | D58: =VLOOKUP(A58,'4.11'!A62:D271,4,) -> 28600 | E58: =+D58*C58 -> 67210000 | F58: 2 TẤN ĐI ĐƯỜNG
A59: Bông Cải Xanh 7Cm | B59: Kg | C59: 0
A60: Xà Lách Lolo Xanh | B60: Kg | C60: 0
A61: Xà Lách Lolo Xanh | B61: Túi | C61: 0
A62: Xà Lách Mỡ | B62: Kg | C62: 0
A63: Xà Lách Mỹ | B63: Kg | C63: 0
A64: Củ Khoai Mỡ | B64: Kg | C64: 0
A65: Cà Tím Sọc Pha Lê | B65: Hộp | C65: 0
A66: Đậu Cove Trắng | B66: Kg | C66: 0
A67: Đậu Cove Trắng | B67: Túi 300gr | C67: 0
A68: Đậu Cove Trắng | B68: Túi 500gr | C68: 0
A69: Ớt Chuông Baby | B69: Hộp | C69: 0
A70: Ớt Chuông Baby | B70: Kg | C70: 0
... A73: Ớt Sweet Palemo | B73: Túi | C73: 0
A74: Ớt Sweet Palemo | B74: túi | C74: 3 | D74: 20000 | E74: =+D74*C74 -> 60000
A75: Bắp Cải Tím | B75: Kg | C75: 55 | D75: 30000 | E75: =+D75*C75 -> 1650000
A76: Măng Tây | B76: Kg | C76: 0
A77: Măng Tây | B77: Bó | C77: 0
A78: Rau Ngò Rí | B78: Kg | C78: 0
A79: Rau Ngò Rí | B79: Gói | C79: 0
A80: Hành Paro | B80: Cây | C80: 0
A81: Hành Paro | B81: Kg | C81: 0
A82: Hành Paro | B82: Cây | C82: 0
A83: Lá Tía Tô | B83: Kg | C83: 0
A84: Lá Tía Tô | B84: Túi | C84: 0
A85: Cà Chua Bi Mix | B85: Hộp | C85: 0
A86: Bí Đao Xanh | B86: Kg | C86: 0
A87: Bí Đao Xanh | B87: Trái | C87: 0
... A89: Củ Cải Trắng | B89: Kg | C89: 0
A90: Củ Su Hào | B90: Kg | C90: 4 | D90: 18000 | E90: =+D90*C90 -> 72000
A91: Xà Lách Mỡ T.C Cây | B91: Cây | C91: 0
A92: Lá É | B92: Kg | C92: 0
A93: Lá É | B93: Gói | C93: 0
A94: Bắp Cải Trái Tim | B94: Kg | C94: 505 | D94: 15000 | E94: =+D94*C94 -> 7575000
A95: Bí Ngô Mini | B95: Kg | C95: 0
A96: Cà Chua Beef Trung | B96: Kg | C96: 62 | D96: 15000 | E96: =+D96*C96 -> 930000
A97: Cà Chua Beef Trung | B97: Vỉ 500gr | C97: 0
A98: Cà Chua Socola | B98: Kg | C98: 26.5 | D98: =10000*4 -> 40000 | E98: =+D98*C98 -> 1060000
A99: Cà Chua Socola | B99: Hộp 300gr | C99: 0
A100: Cà Chua Socola | B100: Hộp 250GR | C100: 0
A101: Cải Thìa | B101: Kg | C101: 0
A102: Cải Thìa | B102: Túi | C102: 0
A103: Chanh Không Hạt | B103: Vỉ | C103: 0
...

Sheet 6.11
A1: hàng tồn cuối ngày 6/11 vr
A2: Tên Sản phẩm | B2: ĐVT | C2: Tồn ĐL | D2: giá | E2: thành tiền
A3: Cà Rốt | B3: Kg | C3: 170 | D3: 19000 | E3: =C3*D3 -> 3230000
A4: Cà Rốt | B4: Túi | C4: 0 | E4: =C4*D4 -> 0
A5: Cà Rốt Baby | B5: Vỉ | C5: 0 | E5: =C5*D5 -> 0
A6: Củ Cải Đỏ | B6: Hộp | C6: 0 | E6: =C6*D6 -> 0
A7: Củ Cải Đỏ | B7: Kg | C7: 0 | E7: =C7*D7 -> 0
A8: Củ Dền | B8: Kg | C8: 73 | D8: 15000 | E8: =C8*D8 -> 1095000
A9: Củ Dền | B9: Túi | C9: 0 | E9: =C9*D9 -> 0
A10: Củ Hành Tây | B10: Kg | C10: 1693 | D10: 28000 | E10: =C10*D10 -> 47404000
A11: Củ Hành Tây | B11: Túi 300gr | C11: 0 | E11: =C11*D11 -> 0
A12: Củ Hành Tây Trung | B12: Kg | C12: 0 | E12: =C12*D12 -> 0
A13: Củ Hành Tây Trung | B13: Túi | C13: 0 | E13: =C13*D13 -> 0
A14: Củ Khoai Lang Mật Size 46 | B14: Kg | C14: 1180 | D14: 21000 | E14: =C14*D14 -> 24780000 | F14: 1175
A15: Củ Khoai Lang Mật Size 46 | B15: Túi | C15: 0 | E15: =C15*D15 -> 0
A16: Củ Khoai Lang Nhật | B16: Kg | C16: 200 | D16: 19000 | E16: =C16*D16 -> 3800000
A17: Củ Khoai Lang Nhật | B17: Túi | C17: 0 | E17: =C17*D17 -> 0
A18: Củ Khoai Tây Vàng | B18: Kg | C18: 220 | D18: 15000 | E18: =C18*D18 -> 3300000
A19: Củ Khoai Tây Vàng | B19: Túi | C19: 0 | E19: =C19*D19 -> 0
A20: Bông Cải Xanh Baby | B20: Kg | C20: 0 | E20: =C20*D20 -> 0
A21: Bông Cải Xanh Baby | B21: Vỉ | C21: 0 | E21: =C21*D21 -> 0
A22: Bắp Cải Trắng | B22: Kg | C22: 350 | D22: 11000 | E22: =C22*D22 -> 3850000
A23: Cải Bó Xôi | B23: Kg | C23: 0 | E23: =C23*D23 -> 0
A24: Cải Bó Xôi | B24: Túi | C24: 40 | D24: 12000 | E24: =C24*D24 -> 480000
A25: Cải Kale | B25: Kg | C25: 0 | E25: =C25*D25 -> 0
A26: Cải Kale | B26: Túi | C26: 0 | E26: =C26*D26 -> 0
A27: Cải Kale | B27: Túi 150gr | C27: 0 | E27: =C27*D27 -> 0
A28: Cải Thảo | B28: Kg | C28: 1860 | D28: 7500 | E28: =C28*D28 -> 13950000
A29: Cần Tây | B29: Cây | C29: 0 | E29: =C29*D29 -> 0
A30: Cần Tây | B30: Kg | C30: 126 | D30: 11000 | E30: =C30*D30 -> 1386000
A31: Cần Tây | B31: Túi | C31: 0 | E31: =C31*D31 -> 0
A32: Xà Lách Lolo Xanh T.C | B32: Kg | C32: 3 | D32: 28000 | E32: =C32*D32 -> 84000
A33: Bí Đỏ Tròn | B33: Kg | C33: 2345 | D33: 5200 | E33: =C33*D33 -> 12194000
A34: Bí Ngòi Xanh | B34: Kg | C34: 0 | E34: =C34*D34 -> 0
A35: Bí Ngòi Xanh | B35: Trái | C35: 0 | E35: =C35*D35 -> 0
A36: Bí Non Nhật | B36: Kg | C36: 43 | D36: 13000 | E36: =C36*D36 -> 559000
A37: Bí Non Nhật | B37: Trái | C37: 0 | E37: =C37*D37 -> 0
A38: Cà Chua Beef | B38: Kg | C38: 173 | D38: 25000 | E38: =C38*D38 -> 4325000
A39: Cà Chua Beef | B39: Vỉ | C39: 0 | E39: =C39*D39 -> 0
A40: Cà Chua Beef | B40: Vỉ 650gr | C40: 0 | E40: =C40*D40 -> 0
A41: Cà Chua Thường | B41: Kg | C41: 205 | D41: 19000 | E41: =C41*D41 -> 3895000
A42: Cà Chua Thường | B42: Vỉ | C42: 0 | E42: =C42*D42 -> 0
A43: Cà Chua Thường Trung | B43: Kg | C43: 250 | D43: 18000 | E43: =C43*D43 -> 4500000 | F43: 80kg giá 20. 170kg tồn giá 17
A44: Cà Chua Thường Trung | B44: Túi | C44: 0 | E44: =C44*D44 -> 0
A45: Dưa Leo Baby | B45: Kg | C45: 170 | D45: 12000 | E45: =C45*D45 -> 2040000
A46: Dưa Leo Baby | B46: Vỉ | C46: 0 | E46: =C46*D46 -> 0
A47: Dưa Leo Thường | B47: Kg | C47: 27 | D47: 6000 | E47: =C47*D47 -> 162000
A48: Ớt Chuông Đỏ | B48: Kg | C48: 98 | D48: 44000 | E48: =C48*D48 -> 4312000
A49: Ớt Chuông Đỏ | B49: Trái | C49: 0 | E49: =C49*D49 -> 0
A50: Ớt Chuông Vàng | B50: Kg | C50: 75 | D50: 28000 | E50: =C50*D50 -> 2100000
A51: Ớt Chuông Vàng | B51: Trái | C51: 0 | E51: =C51*D51 -> 0
A52: Ớt Chuông Xanh | B52: Kg | C52: 45 | D52: 35000 | E52: =C52*D52 -> 1575000
A53: Ớt Chuông Xanh | B53: Trái | C53: 0 | E53: =C53*D53 -> 0
A54: Bơ Booth | B54: Kg | C54: 0 | E54: =C54*D54 -> 0
A55: Ớt Chuông Ba Màu | B55: Kg | C55: 0 | E55: =C55*D55 -> 0
A56: Ớt Chuông Ba Màu | B56: Vỉ | C56: 0 | E56: =C56*D56 -> 0
A57: Củ Khoai Lang Mật Size 23 | B57: Kg | C57: 430 | D57: 21000 | E57: =C57*D57 -> 9030000 | F57: 430
A58: Cà Chua Bi Đỏ | B58: Kg | C58: 17 | D58: 38000 | E58: =C58*D58 -> 646000
A59: Cà Chua Bi Đỏ | B59: Hộp 300gr | C59: 0 | E59: =C59*D59 -> 0
A60: Củ Khoai Sâm | B60: Kg | C60: 60 | D60: 19319 | E60: =C60*D60 -> 1159140
A61: Hạt Dẻ Ngố | B61: Kg | C61: 1500 | D61: 28600 | E61: =C61*D61 -> 42900000
A62: Bông Cải Xanh 7Cm | B62: Kg | C62: 34 | D62: 39000 | E62: =C62*D62 -> 1326000
A63: Cà Chua Beef Trung | B63: Kg | C63: 30 | D63: 17000 | E63: =C63*D63 -> 510000
A64: Cà Chua Beef Trung | B64: Vỉ 500gr | C64: 0 | E64: =C64*D64 -> 0
A65: Bắp Cải Tím | B65: Kg | C65: 30 | D65: 30000 | E65: =C65*D65 -> 900000
A66: Bí Đao Xanh | B66: Kg | C66: 0 | E66: =C66*D66 -> 0
A67: Bí Đao Xanh | B67: Trái | C67: 0 | E67: =C67*D67 -> 0
A68: Cà Chua Bi Mix | B68: Hộp | C68: 0 | E68: =C68*D68 -> 0
A69: Cà Chua Bi Mix | B69: Kg | C69: 0 | E69: =C69*D69 -> 0
A70: Cà Chua Socola | B70: Kg | C70: 0 | E70: =C70*D70 -> 0
A71: Cà Chua Socola | B71: Hộp 300gr | C71: 0 | E71: =C71*D71 -> 0
A72: Cà Chua Socola | B72: Hộp 250GR | C72: 0 | E72: =C72*D72 -> 0
A73: Cà Tím Sọc Pha Lê | B73: Hộp | C73: 0 | E73: =C73*D73 -> 0
A74: Chanh Không Hạt | B74: Kg | C74: 0 | E74: =C74*D74 -> 0
A75: Chanh Không Hạt | B75: Vỉ | C75: 0 | E75: =C75*D75 -> 0
A76: Củ Cải Trắng | B76: Kg | C76: 0 | E76: =C76*D76 -> 0
A77: Củ Hành Tây Tím | B77: Kg | C77: 11 | D77: 20000 | E77: =C77*D77 -> 220000
A78: Củ Hành Tây Tím | B78: Túi | C78: 0 | E78: =C78*D78 -> 0
A79: Củ Khoai Mỡ | B79: Kg | C79: 76 | D79: 29000 | E79: =C79*D79 -> 2204000
A80: Củ Su Hào | B80: Kg | C80: 29 | D80: 18000 | E80: =C80*D80 -> 522000
A81: Đậu Cove Nhật | B81: Kg | C81: 0 | E81: =C81*D81 -> 0
A82: Đậu Cove Nhật | B82: Túi | C82: 0 | E82: =C82*D82 -> 0
A83: Đậu Cove Trắng | B83: Kg | C83: 5 | D83: 13000 | E83: =C83*D83 -> 65000
A84: Đậu Cove Trắng | B84: Túi | C84: 0 | E84: =C84*D84 -> 0
A85: Đậu Cove Trắng | B85: Túi 300gr | C85: 0 | E85: =C85*D85 -> 0
A86: Đậu Đỏ | B86: Kg | C86: 0 | E86: =C86*D86 -> 0
A87: Đậu Đỏ | B87: Vỉ | C87: 0 | E87: =C87*D87 -> 0
A88: Đậu Tươi Hỗn Hợp Túi 100gr | B88: Túi | C88: 0 | E88: =C88*D88 -> 0
A89: Dưa Leo Nhật | B89: Kg | C89: 0 | E89: =C89*D89 -> 0
A90: Dưa Leo Nhật | B90: Túi | C90: 0 | E90: =C90*D90 -> 0
A91: Hành Paro | B91: Cây | C91: 0 | E91: =C91*D91 -> 0
A92: Hành Paro | B92: Kg | C92: 0 | E92: =C92*D92 -> 0
A93: Lá É | B93: Kg | C93: 0 | E93: =C93*D93 -> 0
A94: Lá É | B94: Gói | C94: 0 | E94: =C94*D94 -> 0
A95: Lá Hương Thảo | B95: Túi | C95: 0 | E95: =C95*D95 -> 0
... A97: Lá Mè | B97: Túi | C97: 0 | E97: =C97*D97 -> 0
A98: Lá Nha Đam | B98: Kg | C98: 8 | D98: 14000 | E98: =C98*D98 -> 112000
A99: Lá Quế Tây | B99: Túi | C99: 0 | E99: =C99*D99 -> 0
A100: Lá Tía Tô | B100: Kg | C100: 0 | E100: =C100*D100 -> 0
A101: Lá Tía Tô | B101: Túi | C101: 0 | E101: =C101*D101 -> 0
...

Sheet 7.11
A1: hàng tồn cuối ngày 7/11 vr
A2: Tên Sản phẩm | B2: ĐVT | C2: Tồn ĐL | D2: giá | E2: thành tiền
A3: Bắp Cải Tím | B3: Kg | C3: 0 | E3: =C3*D3 -> 0
A4: Bắp Cải Trái Tim | B4: Kg | C4: 107 | D4: 12000 | E4: =C4*D4 -> 1284000
A5: Bắp Cải Trắng | B5: Kg | C5: 300 | D5: 11000 | E5: =C5*D5 -> 3300000
A6: Bí Đao Xanh | B6: Kg | C6: 0 | E6: =C6*D6 -> 0
A7: Bí Đao Xanh | B7: Trái | C7: 0 | E7: =C7*D7 -> 0
A8: Bí Đỏ Hồ Lô | B8: Kg | C8: 0 | E8: =C8*D8 -> 0
A9: Bí Đỏ Tròn | B9: Kg | C9: 2000 | D9: 5200 | E9: =C9*D9 -> 10400000
A10: Bí Ngòi Vàng | B10: Kg | C10: 0 | E10: =C10*D10 -> 0
A11: Bí Ngòi Xanh | B11: Kg | C11: 0 | E11: =C11*D11 -> 0
A12: Bí Ngòi Xanh | B12: Trái | C12: 0 | E12: =C12*D12 -> 0
A13: Bí Non Nhật | B13: Kg | C13: 41 | D13: 15000 | E13: =C13*D13 -> 615000
A14: Bí Non Nhật | B14: Trái | C14: 0 | E14: =C14*D14 -> 0
A15: Bơ Booth | B15: Kg | C15: 54 | D15: 26000 | E15: =C15*D15 -> 1404000
A16: Bông Cải Trắng | B16: Kg | C16: 0 | E16: =C16*D16 -> 0
A17: Bông Cải Xanh 10Cm | B17: Kg | C17: 9 | D17: 34000 | E17: =C17*D17 -> 306000
A18: Bông Cải Xanh 7Cm | B18: Kg | C18: 54 | D18: 39000 | E18: =C18*D18 -> 2106000
A19: Bông Cải Xanh Baby | B19: Kg | C19: 0 | E19: =C19*D19 -> 0
A20: Bông Cải Xanh Baby | B20: Vỉ | C20: 0 | E20: =C20*D20 -> 0
A21: Cà Chua Beef | B21: Kg | C21: 234 | D21: 25000 | E21: =C21*D21 -> 5850000
A22: Cà Chua Beef | B22: Vỉ | C22: 0 | E22: =C22*D22 -> 0
A23: Cà Chua Beef | B23: Vỉ 650gr | C23: 0 | E23: =C23*D23 -> 0
A24: Cà Chua Beef Trung | B24: Kg | C24: 15 | D24: 17000 | E24: =C24*D24 -> 255000
A25: Cà Chua Beef Trung | B25: Vỉ 500gr | C25: 50 | D25: 11000 | E25: =C25*D25 -> 550000
A26: Cà Chua Bi Đỏ | B26: Kg | C26: 2.5 | D26: 38000 | E26: =C26*D26 -> 95000
A27: Cà Chua Bi Đỏ | B27: Hộp 300gr | C27: 0 | E27: =C27*D27 -> 0
A28: Cà Chua Bi Mix | B28: Hộp | C28: 0 | E28: =C28*D28 -> 0
A29: Cà Chua Socola | B29: Kg | C29: 3 | D29: 36000 | E29: =C29*D29 -> 108000
A30: Cà Chua Socola | B30: Hộp 300gr | C30: 0 | E30: =C30*D30 -> 0
A31: Cà Chua Socola | B31: Hộp 250GR | C31: 0 | E31: =C31*D31 -> 0
A32: Cà Chua Thường | B32: Kg | C32: 190 | D32: 19000 | E32: =C32*D32 -> 3610000
A33: Cà Chua Thường | B33: Vỉ | C33: 0 | E33: =C33*D33 -> 0
A34: Cà Chua Thường Trung | B34: Túi | C34: 208 | D34: 18000 | E34: =C34*D34 -> 3744000
A35: Cà Rốt | B35: Kg | C35: 0 | E35: =C35*D35 -> 0
A36: Cà Rốt | B36: Túi | C36: 0 | E36: =C36*D36 -> 0
A37: Cà Rốt Baby | B37: Kg | C37: 0 | E37: =C37*D37 -> 0
A38: Cà Rốt Baby | B38: Vỉ | C38: 0 | E38: =C38*D38 -> 0
A39: Cà Tím | B39: Kg | C39: 35 | D39: 11000 | E39: =C39*D39 -> 385000
A40: Cà Tím | B40: Cặp | C40: 0 | E40: =C40*D40 -> 0
A41: Cải Bẹ Dún T.C | B41: Túi | C41: 0 | E41: =C41*D41 -> 0
A42: Cải Bó Xôi | B42: Kg | C42: 0 | E42: =C42*D42 -> 0
A43: Cải Bó Xôi | B43: Túi | C43: 0 | E43: =C43*D43 -> 0
A44: Cải Cầu Vồng | B44: Kg | C44: 0 | E44: =C44*D44 -> 0
A45: Cải Cầu Vồng | B45: Túi | C45: 0 | E45: =C45*D45 -> 0
A46: Cải Kale | B46: Kg | C46: 0 | E46: =C46*D46 -> 0
A47: Cải Kale | B47: Túi | C47: 0 | E47: =C47*D47 -> 0
A48: Cải Thảo | B48: Kg | C48: 1260 | D48: 7500 | E48: =C48*D48 -> 9450000
A49: Cải Thảo Hỏa Tiễn | B49: Kg | C49: 0 | E49: =C49*D49 -> 0
A50: Cần Tây | B50: Cây | C50: 0 | E50: =C50*D50 -> 0
A51: Cần Tây | B51: Kg | C51: 121 | D51: 11000 | E51: =C51*D51 -> 1331000
A52: Chanh Không Hạt | B52: Vỉ | C52: 0 | E52: =C52*D52 -> 0
A53: Chuối Laba | B53: Kg | C53: 0 | E53: =C53*D53 -> 0
A54: Củ Cải Đỏ | B54: Hộp | C54: 0 | E54: =C54*D54 -> 0
A55: Củ Cải Đỏ | B55: Kg | C55: 0 | E55: =C55*D55 -> 0
A56: Củ Cải Trắng | B56: Kg | C56: 0 | E56: =C56*D56 -> 0
A57: Củ Dền | B57: Kg | C57: 0 | E57: =C57*D57 -> 0
A58: Củ Dền | B58: Túi | C58: 0 | E58: =C58*D58 -> 0
A59: Củ Gừng | B59: Kg | C59: 1 | D59: 45000 | E59: =C59*D59 -> 45000
A60: Củ Hành Tây | B60: Kg | C60: 1590 | D60: 28000 | E60: =C60*D60 -> 44520000
A61: Củ Hành Tây | B61: Túi 300gr | C61: 0 | E61: =C61*D61 -> 0
A62: Củ Hành Tây Trung | B62: Túi | C62: 0 | E62: =C62*D62 -> 0
A63: Củ Khoai Lang Mật Size 23 | B63: Kg | C63: 915 | D63: 21000 | E63: =C63*D63 -> 19215000
A64: Củ Khoai Lang Mật Size 46 | B64: Kg | C64: 770 | D64: 21000 | E64: =C64*D64 -> 16170000
A65: Củ Khoai Lang Mật Size 78 | B65: Kg | C65: 510 | D65: 20000 | E65: =C65*D65 -> 10200000
A66: Củ Khoai Lang Nhật | B66: Kg | C66: 0 | E66: =C66*D66 -> 0
A67: Củ Khoai Mỡ | B67: Kg | C67: 0 | E67: =C67*D67 -> 0
A68: Củ Khoai Sâm | B68: Kg | C68: 27 | D68: 19319 | E68: =C68*D68 -> 521613
A69: Củ Khoai Tây Bi Vàng | B69: Kg | C69: 15 | D69: 12000 | E69: =C69*D69 -> 180000
A70: Củ Khoai Tây Bi Vàng | B70: Túi | C70: 0 | E70: =C70*D70 -> 0
A71: Củ Khoai Tây Vàng | B71: Kg | C71: 90 | D71: 15000 | E71: =C71*D71 -> 1350000
A72: Củ Khoai Tây Vàng | B72: Túi | C72: 0 | E72: =C72*D72 -> 0
A73: Củ Khoai Tây Vàng Trung | B73: Túi | C73: 80 | D73: 6000 | E73: =C73*D73 -> 480000
A74: Củ Su Hào | B74: Kg | C74: 0 | E74: =C74*D74 -> 0
A75: Đậu Cove Nhật | B75: Túi | C75: 0 | E75: =C75*D75 -> 0
A76: Đậu Cove Trắng | B76: Kg | C76: 0 | E76: =C76*D76 -> 0
A77: Đậu Cove Trắng | B77: Túi 300gr | C77: 0 | E77: =C77*D77 -> 0
A78: Đậu Cove Trắng | B78: Túi 500gr | C78: 9 | D78: 13000 | E78: =C78*D78 -> 117000
A79: Đậu Đỏ | B79: Kg | C79: 0 | E79: =C79*D79 -> 0
A80: Đậu Đỏ | B80: Vỉ | C80: 0 | E80: =C80*D80 -> 0
A81: Đậu Hà Lan Trái | B81: Kg | C81: 0 | E81: =C81*D81 -> 0
A82: Đậu Ngự | B82: Kg | C82: 0 | E82: =C82*D82 -> 0
A83: Đậu Trắng | B83: Kg | C83: 0 | E83: =C83*D83 -> 0
A84: Dưa Leo Baby | B84: Vỉ | C84: 152 | D84: 6000 | E84: =C84*D84 -> 912000
A85: Dưa Leo Nhật | B85: Kg | C85: 0 | E85: =C85*D85 -> 0
A86: Dưa Leo Nhật | B86: Túi | C86: 0 | E86: =C86*D86 -> 0
A87: Dưa Leo Thường | B87: Kg | C87: 44 | D87: 7000 | E87: =C87*D87 -> 308000
A88: Hành Paro | B88: Cây | C88: 0 | E88: =C88*D88 -> 0
A89: Hành Paro | B89: Kg | C89: 0 | E89: =C89*D89 -> 0
A90: Hạt Dẻ Ngố | B90: Kg | C90: =1020+1500 -> 2520 | D90: 28600 | E90: =C90*D90 -> 72072000
A91: Hoa Atiso Đỏ | B91: Vỉ | C91: 0 | E91: =C91*D91 -> 0
A92: Hồng Giòn Đà Lạt | B92: Kg | C92: 0 | E92: =C92*D92 -> 0
A93: Lá É | B93: Kg | C93: 0 | E93: =C93*D93 -> 0
A94: Lá Hương Thảo | B94: Túi | C94: 0 | E94: =C94*D94 -> 0
A95: Lá Mè | B95: Túi | C95: 0 | E95: =C95*D95 -> 0
A96: Lá Nha Đam | B96: Kg | C96: 0 | E96: =C96*D96 -> 0
A97: Lá Tía Tô | B97: Túi | C97: 0 | E97: =C97*D97 -> 0
A98: Măng Tây | B98: Bó | C98: 0 | E98: =C98*D98 -> 0
A99: Ớt Chuông Ba Màu | B99: Vỉ | C99: 0 | E99: =C99*D99 -> 0
A100: Ớt Chuông Baby | B100: Hộp | C100: 0 | E100: =C100*D100 -> 0
...

Sheet 8.11
A2: Tên Sản phẩm | B2: ĐVT | C2: tồn | D2: giá | E2: thành tiền
A3: Cà Rốt | B3: Kg | C3: 70 | D3: 18000 | E3: =C3*D3 -> 1260000
A4: Cà Rốt | B4: Túi | C4: 0 | E4: =C4*D4 -> 0
A5: Cà Rốt Baby | B5: Vỉ | C5: 0 | E5: =C5*D5 -> 0
A6: Củ Cải Đỏ | B6: Hộp | C6: 0 | E6: =C6*D6 -> 0
A7: Củ Cải Đỏ | B7: Kg | C7: 0 | E7: =C7*D7 -> 0
A8: Củ Dền | B8: Kg | C8: 50 | D8: 15000 | E8: =C8*D8 -> 750000
A9: Củ Dền | B9: Túi | C9: 0 | E9: =C9*D9 -> 0
A10: Củ Hành Tây | B10: Kg | C10: 1462 | D10: 28000 | E10: =C10*D10 -> 40936000
A11: Củ Hành Tây | B11: Túi 300gr | C11: 0 | E11: =C11*D11 -> 0
A12: Củ Hành Tây Trung | B12: Kg | C12: 0 | E12: =C12*D12 -> 0
A13: Củ Hành Tây Trung | B13: Túi | C13: 750 | D13: 4500 | E13: =C13*D13 -> 3375000
A14: Củ Khoai Lang Mật Size 46 | B14: Kg | C14: 730 | D14: 21000 | E14: =C14*D14 -> 15330000
A15: Củ Khoai Lang Mật Size 46 | B15: Túi | C15: 0 | E15: =C15*D15 -> 0
A16: Củ Khoai Lang Nhật | B16: Kg | C16: 170 | D16: 19000 | E16: =C16*D16 -> 3230000
A17: Củ Khoai Lang Nhật | B17: Túi | C17: 0 | E17: =C17*D17 -> 0
A18: Củ Khoai Tây Vàng | B18: Kg | C18: 185 | D18: 15000 | E18: =C18*D18 -> 2775000
A19: Củ Khoai Tây Vàng | B19: Túi | C19: 0 | E19: =C19*D19 -> 0
A20: Bông Cải Xanh Baby | B20: Kg | C20: 0 | E20: =C20*D20 -> 0
A21: Bông Cải Xanh Baby | B21: Vỉ | C21: 0 | E21: =C21*D21 -> 0
A22: Bắp Cải Trắng | B22: Kg | C22: 45 | D22: 11000 | E22: =C22*D22 -> 495000
A23: Cải Bó Xôi | B23: Kg | C23: 0 | E23: =C23*D23 -> 0
A24: Cải Bó Xôi | B24: Túi | C24: 0 | E24: =C24*D24 -> 0
A25: Cải Kale | B25: Kg | C25: 0 | E25: =C25*D25 -> 0
A26: Cải Kale | B26: Túi | C26: 0 | E26: =C26*D26 -> 0
A27: Cải Kale | B27: Túi 150gr | C27: 0 | E27: =C27*D27 -> 0
A28: Cải Thảo | B28: Kg | C28: 1040 | D28: 7500 | E28: =C28*D28 -> 7800000
A29: Cần Tây | B29: Cây | C29: 0 | E29: =C29*D29 -> 0
A30: Cần Tây | B30: Kg | C30: 208 | D30: 11000 | E30: =C30*D30 -> 2288000
A31: Cần Tây | B31: Túi | C31: 0 | E31: =C31*D31 -> 0
A32: Xà Lách Lolo Xanh T.C | B32: Kg | C32: 0 | E32: =C32*D32 -> 0
A33: Bí Đỏ Tròn | B33: Kg | C33: 520 | D33: 5200 | E33: =C33*D33 -> 2704000
A34: Bí Ngòi Xanh | B34: Kg | C34: 0 | E34: =C34*D34 -> 0
A35: Bí Ngòi Xanh | B35: Trái | C35: 0 | E35: =C35*D35 -> 0
A36: Bí Non Nhật | B36: Kg | C36: 48 | D36: 15000 | E36: =C36*D36 -> 720000
A37: Bí Non Nhật | B37: Trái | C37: 0 | E37: =C37*D37 -> 0
A38: Cà Chua Beef | B38: Kg | C38: 220 | D38: 25000 | E38: =C38*D38 -> 5500000
A39: Cà Chua Beef | B39: Vỉ | C39: 0 | E39: =C39*D39 -> 0
A40: Cà Chua Beef | B40: Vỉ 650gr | C40: 0 | E40: =C40*D40 -> 0
A41: Cà Chua Thường | B41: Kg | C41: 300 | D41: 19000 | E41: =C41*D41 -> 5700000
A42: Cà Chua Thường | B42: Vỉ | C42: 0 | E42: =C42*D42 -> 0
A43: Cà Chua Thường Trung | B43: Túi | C43: 20 | D43: 16000 | E43: =C43*D43 -> 320000
A44: Dưa Leo Baby | B44: Kg | C44: 132.5 | D44: 12000 | E44: =C44*D44 -> 1590000
A45: Dưa Leo Baby | B45: Vỉ | C45: 0 | E45: =C45*D45 -> 0
A46: Dưa Leo Thường | B46: Kg | C46: 52 | D46: 7000 | E46: =C46*D46 -> 364000
A47: Ớt Chuông Đỏ | B47: Kg | C47: 81 | D47: 42000 | E47: =C47*D47 -> 3402000
A48: Ớt Chuông Đỏ | B48: Trái | C48: 0 | E48: =C48*D48 -> 0
A49: Ớt Chuông Vàng | B49: Kg | C49: 97 | D49: 22000 | E49: =C49*D49 -> 2134000
A50: Ớt Chuông Vàng | B50: Trái | C50: 0 | E50: =C50*D50 -> 0
A51: Ớt Chuông Xanh | B51: Kg | C51: 73 | D51: 30000 | E51: =C51*D51 -> 2190000
A52: Ớt Chuông Xanh | B52: Trái | C52: 0 | E52: =C52*D52 -> 0
A53: Bơ Booth | B53: Kg | C53: 0 | E53: =C53*D53 -> 0
A54: Ớt Chuông Ba Màu | B54: Vỉ | C54: 0 | E54: =C54*D54 -> 0
A55: Củ Khoai Lang Mật Size 23 | B55: Kg | C55: 690 | D55: 21000 | E55: =C55*D55 -> 14490000
A56: Cà Chua Bi Đỏ | B56: Kg | C56: 31.5 | D56: 38000 | E56: =C56*D56 -> 1197000
A57: Cà Chua Bi Đỏ | B57: Hộp 300gr | C57: 6 | D57: 11400 | E57: =C57*D57 -> 68400
A58: Củ Khoai Sâm | B58: Kg | C58: 0 | E58: =C58*D58 -> 0
A59: Hạt Dẻ Ngố | B59: Kg | C59: =1980 -> 1980 | D59: 28600 | E59: =C59*D59 -> 56628000
A60: Bắp Cải Tím | B60: Kg | C60: 0 | E60: =C60*D60 -> 0
A61: Xà Lách Lolo Xanh | B61: Kg | C61: 7 | D61: 32000 | E61: =C61*D61 -> 224000
A62: Xà Lách Lolo Xanh | B62: Túi | C62: 0 | E62: =C62*D62 -> 0
A63: Xà Lách Mỡ | B63: Kg | C63: 0 | E63: =C63*D63 -> 0
A64: Xà Lách Mỹ | B64: Kg | C64: 0 | E64: =C64*D64 -> 0
A65: Ớt Sweet Palemo | B65: Túi | C65: 0 | E65: =C65*D65 -> 0
A66: Cà Chua Socola | B66: Kg | C66: 9.5 | D66: 30000 | E66: =C66*D66 -> 285000
A67: Cà Chua Socola | B67: Hộp 300gr | C67: 0 | E67: =C67*D67 -> 0
A68: Cà Chua Socola | B68: Hộp 250GR | C68: 0 | E68: =C68*D68 -> 0
A69: Xà Lách Lolo Tím | B69: Kg | C69: 0 | E69: =C69*D69 -> 0
A70: Xà Lách Lolo Tím | B70: Túi | C70: 0 | E70: =C70*D70 -> 0
A71: Măng Tây | B71: Kg | C71: 0 | E71: =C71*D71 -> 0
A72: Măng Tây | B72: Bó | C72: 0 | E72: =C72*D72 -> 0
A73: Đậu Cove Trắng | B73: Kg | C73: 8 | D73: 26000 | E73: =C73*D73 -> 208000
A74: Đậu Cove Trắng | B74: Túi 300gr | C74: 0 | E74: =C74*D74 -> 0
A75: Đậu Cove Trắng | B75: Túi 500gr | C75: 0 | E75: =C75*D75 -> 0
A76: Rau Ngò Rí | B76: Kg | C76: 0 | E76: =C76*D76 -> 0
A77: Rau Ngò Rí | B77: Gói | C77: 0 | E77: =C77*D77 -> 0
A78: Hành Paro | B78: Cây | C78: 0 | E78: =C78*D78 -> 0
A79: Hành Paro | B79: Kg | C79: 0 | E79: =C79*D79 -> 0
A80: Lá Tía Tô | B80: Kg | C80: 0 | E80: =C80*D80 -> 0
A81: Lá Tía Tô | B81: Túi | C81: 0 | E81: =C81*D81 -> 0
A82: Cà Chua Bi Mix | B82: Hộp | C82: 0 | E82: =C82*D82 -> 0
A83: Cà Chua Bi Mix | B83: Kg | C83: 0 | E83: =C83*D83 -> 0
A84: Bí Đao Xanh | B84: Kg | C84: 0 | E84: =C84*D84 -> 0
A85: Bí Đao Xanh | B85: Trái | C85: 0 | E85: =C85*D85 -> 0
... A94: Ớt Chuông Baby | B94: Kg | C94: 0 | E94: =C94*D94 -> 0
A95: Bắp Cải Trái Tim | B95: Kg | C95: 10 | D95: 12000 | E95: =C95*D95 -> 120000
A96: Bí Ngòi Vàng | B96: Kg | C96: 0 | E96: =C96*D96 -> 0
A97: Cà Chua Beef Trung | B97: Kg | C97: 40 | D97: 17000 | E97: =C97*D97 -> 680000
A98: Cà Chua Beef Trung | B98: Vỉ 500gr | C98: 0 | E98: =C98*D98 -> 0
A99: Cải Bẹ Dún T.C | B99: Túi | C99: 0 | E99: =C99*D99 -> 0
A100: Chanh Không Hạt | B100: Vỉ | C100: 0 | E100: =C100*D100 -> 0
A101: Củ Cải Trắng | B101: Kg | C101: 0 | E101: =C101*D101 -> 0
A102: Củ Su Hào | B102: Kg | C102: 0 | E102: =C102*D102 -> 0
A103: Đậu Cove Nhật | B103: Kg | C103: 0 | E103: =C103*D103 -> 0
A104: Đậu Cove Nhật | B104: Túi | C104: 0 | E104: =C104*D104 -> 0
A105: Đậu Đỏ | B105: Kg | C105: 0 | E105: =C105*D105 -> 0
A106: Đậu Đỏ | B106: Vỉ | C106: 0 | E106: =C106*D106 -> 0
A107: Dưa Leo Nhật | B107: Kg | C107: 0 | E107: =C107*D107 -> 0
A108: Dưa Leo Nhật | B108: Túi | C108: 0 | E108: =C108*D108 -> 0
A109: Hoa Atiso Đỏ | B109: Vỉ | C109: 0 | E109: =C109*D109 -> 0
...

Sheet 9.11
A1: Tên Sản phẩm | B1: ĐVT | C1: Tồn ĐL | D1: Giá | E1: Thành tiền
A2: Cà Rốt | B2: Kg | C2: 0
A3: Cà Rốt | B3: Túi | C3: 0
A4: Cà Rốt Baby | B4: Kg | C4: 0
A5: Cà Rốt Baby | B5: Vỉ | C5: 0
A6: Củ Cải Đỏ | B6: Hộp | C6: 0
A7: Củ Dền | B7: Kg | C7: 37 | D7: 17000 | E7: =+D7*C7 -> 629000
A8: Củ Dền | B8: Túi | C8: 0
A9: Củ Hành Tây | B9: Kg | C9: 1377 | D9: =VLOOKUP(A9,'8.11'!A5:D213,4,) -> 28000 | E9: =+D9*C9 -> 38556000
A10: Củ Hành Tây | B10: Túi 300gr | C10: 0
A11: Củ Hành Tây Trung | B11: Kg | C11: 0
A12: Củ Hành Tây Trung | B12: Túi | C12: 766 | D12: =15000*0.3 -> 4500 | E12: =+D12*C12 -> 3447000
A13: Củ Khoai Lang Mật Size 46 | B13: Kg | C13: 675 | D13: =VLOOKUP(A13,'8.11'!A9:D217,4,) -> 21000 | E13: =+D13*C13 -> 14175000
A14: Củ Khoai Lang Mật Size 46 | B14: Túi | C14: 0
A15: Củ Khoai Lang Nhật | B15: Kg | C15: 140 | D15: =VLOOKUP(A15,'8.11'!A11:D219,4,) -> 19000 | E15: =+D15*C15 -> 2660000
A16: Củ Khoai Lang Nhật | B16: Túi | C16: 0
A17: Củ Khoai Tây Vàng | B17: Kg | C17: 155 | D17: =VLOOKUP(A17,'8.11'!A13:D221,4,) -> 15000 | E17: =+D17*C17 -> 2325000
A18: Củ Khoai Tây Vàng | B18: Túi | C18: 0
A19: Bông Cải Xanh Baby | B19: Kg | C19: 0
A20: Bông Cải Xanh Baby | B20: Vỉ | C20: 0
A21: Bắp Cải Trắng | B21: Kg | C21: 645 | D21: =VLOOKUP(A21,'8.11'!A17:D225,4,) -> 11000 | E21: =+D21*C21 -> 7095000
A22: Cải Bó Xôi | B22: Kg | C22: 0
A23: Cải Bó Xôi | B23: Túi | C23: 17 | D23: =38000*0.3 -> 11400 | E23: =+D23*C23 -> 193800
A24: Cải Kale | B24: Kg | C24: 0
A25: Cải Kale | B25: Túi | C25: 0
A26: Cải Kale | B26: Túi 150gr | C26: 0
A27: Cải Thảo | B27: Kg | C27: 4200 | D27: =VLOOKUP(A27,'8.11'!A23:D231,4,) -> 7500 | E27: =+D27*C27 -> 31500000
A28: Cần Tây | B28: Cây | C28: 0
A29: Cần Tây | B29: Kg | C29: 125 | D29: 10000 | E29: =+D29*C29 -> 1250000
A30: Cần Tây | B30: Túi | C30: 0
A31: Xà Lách Lolo Xanh T.C | B31: Kg | C31: 0
A32: Bí Đỏ Tròn | B32: Kg | C32: 590 | D32: =VLOOKUP(A32,'8.11'!A28:D236,4,) -> 5200 | E32: =+D32*C32 -> 3068000
A33: Bí Ngòi Xanh | B33: Kg | C33: 152 | D33: 23000 | E33: =+D33*C33 -> 3496000
A34: Bí Ngòi Xanh | B34: Trái | C34: 0
A35: Bí Ngòi Xanh | B35: Trái 250gr | C35: 0
A36: Bí Non Nhật | B36: Kg | C36: 48 | D36: =VLOOKUP(A36,'8.11'!A32:D240,4,) -> 15000 | E36: =+D36*C36 -> 720000
A37: Bí Non Nhật | B37: Trái | C37: 0
A38: Cà Chua Beef | B38: Kg | C38: 220 | D38: =VLOOKUP(A38,'8.11'!A34:D242,4,) -> 25000 | E38: =+D38*C38 -> 5500000
A39: Cà Chua Beef | B39: Vỉ | C39: 0
A40: Cà Chua Beef | B40: Vỉ 650gr | C40: 0
A41: Cà Chua Thường | B41: Kg | C41: 280 | D41: 17000 | E41: =+D41*C41 -> 4760000
A42: Cà Chua Thường | B42: Vỉ | C42: 0
A43: Cà Chua Thường Trung | B43: Túi | C43: 120 | D43: 14000 | E43: =+D43*C43 -> 1680000
A44: Dưa Leo Baby | B44: Kg | C44: 0
A45: Dưa Leo Baby | B45: Vỉ | C45: 229 | D45: 6000 | E45: =+D45*C45 -> 1374000
A46: Dưa Leo Thường | B46: Kg | C46: 0
A47: Ớt Chuông Đỏ | B47: Kg | C47: 35 | D47: =VLOOKUP(A47,'8.11'!A43:D251,4,) -> 42000 | E47: =+D47*C47 -> 1470000
A48: Ớt Chuông Đỏ | B48: Trái | C48: 0
A49: Ớt Chuông Vàng | B49: Kg | C49: 83 | D49: =VLOOKUP(A49,'8.11'!A45:D253,4,) -> 22000 | E49: =+D49*C49 -> 1826000
A50: Ớt Chuông Vàng | B50: Trái | C50: 0
A51: Ớt Chuông Vàng | B51: Trái 150gr | C51: 0
A52: Ớt Chuông Xanh | B52: Kg | C52: 172 | D52: =VLOOKUP(A52,'8.11'!A48:D256,4,) -> 30000 | E52: =+D52*C52 -> 5160000
A53: Ớt Chuông Xanh | B53: Trái | C53: 0
A54: Ớt Chuông Xanh | B54: Trái 150gr | C54: 0
A55: Bơ Booth | B55: Kg | C55: 0
A56: Ớt Chuông Ba Màu | B56: Vỉ | C56: 0
A57: Củ Khoai Lang Mật Size 23 | B57: Kg | C57: 250 | D57: =VLOOKUP(A57,'8.11'!A53:D261,4,) -> 21000 | E57: =+D57*C57 -> 5250000
A58: Cà Chua Bi Đỏ | B58: Kg | C58: 4.5 | D58: =VLOOKUP(A58,'8.11'!A54:D262,4,) -> 38000 | E58: =+D58*C58 -> 171000
A59: Cà Chua Bi Đỏ | B59: Hộp 300gr | C59: 0
A60: Củ Khoai Sâm | B60: Kg | C60: 0
A61: Hạt Dẻ Ngố | B61: Kg | C61: =770 -> 770 | D61: =VLOOKUP(A61,'8.11'!A57:D265,4,) -> 28600 | E61: =+D61*C61 -> 22022000
A62: Bắp Cải Tím | B62: Kg | C62: 0
A63: Bắp Cải Trái Tim | B63: Kg | C63: 25 | D63: =VLOOKUP(A63,'8.11'!A59:D267,4,) -> 12000 | E63: =+D63*C63 -> 300000
A64: Bí Đao Xanh | B64: Kg | C64: 0
A65: Bí Đao Xanh | B65: Trái | C65: 0
A66: Bí Ngô Mini | B66: Kg | C66: 0
A67: Bông Cải Xanh 7Cm | B67: Kg | C67: 0
A68: Cà Chua Beef Trung | B68: Kg | C68: 50 | D68: =VLOOKUP(A68,'8.11'!A64:D272,4,) -> 17000 | E68: =+D68*C68 -> 850000
A69: Cà Chua Beef Trung | B69: Vỉ 500gr | C69: 0
A70: Cà Chua Bi Mix | B70: Hộp | C70: 0
A71: Cà Chua Bi Mix | B71: Kg | C71: 0
A72: Cà Chua Socola | B72: Kg | C72: 0
A73: Cà Chua Socola | B73: Hộp 300gr | C73: 0
A74: Cà Chua Socola | B74: Hộp 250GR | C74: 0
A75: Cải Bẹ Dún T.C | B75: Kg | C75: 0
A76: Cải Bẹ Dún T.C | B76: Túi | C76: 0
A77: Chanh Không Hạt | B77: Vỉ | C77: 0
A78: Củ Cải Trắng | B78: Kg | C78: 0
A79: Củ Hành Tây Tím | B79: Kg | C79: 0
A80: Củ Hành Tây Tím | B80: Túi | C80: 0
A81: Củ Khoai Mỡ | B81: Kg | C81: 0
A82: Củ Su Hào | B82: Kg | C82: 11 | D82: 18000 | E82: =+D82*C82 -> 198000
A83: Đậu Cove Trắng | B83: Kg | C83: 8 | D83: 11000 | E83: =+D83*C83 -> 88000
A84: Đậu Cove Trắng | B84: Túi 300gr | C84: 0
A85: Đậu Cove Trắng | B85: Túi 500gr | C85: 0
A86: Đậu Đỏ | B86: Kg | C86: 0
A87: Đậu Đỏ | B87: Vỉ | C87: 0
A88: Đậu Tươi Hỗn Hợp Túi 100gr | B88: Túi | C88: 0
A89: Dưa Leo Nhật | B89: Kg | C89: 0
A90: Dưa Leo Nhật | B90: Túi | C90: 0
A91: Hành Paro | B91: Cây | C91: 0
A92: Hành Paro | B92: Kg | C92: 20 | D92: 43000 | E92: =+D92*C92 -> 860000
A93: Hồng Treo Gió | B93: Hộp | C93: 5 | D93: 100000 | E93: =+D93*C93 -> 500000
A94: Hồng Treo Gió | B94: Kg | C94: 0
A95: Lá É | B95: Gói | C95: 0
A96: Lá Hương Thảo | B96: Túi | C96: 0
A97: Lá Mè | B97: Kg | C97: 0
A98: Lá Mè | B98: Túi | C98: 0
A99: Lá Nha Đam | B99: Kg | C99: 0
A100: Lá Tía Tô | B100: Kg | C100: 0
...

Sheet 10.11
A1: Tên Sản phẩm | B1: ĐVT | C1: Tồn ĐL | D1: Giá | E1: Thành tiền
A2: Bắp Cải Tím | B2: Kg | C2: 7 | D2: 30000 | E2: =+D2*C2 -> 210000
A3: Bắp Cải Trái Tim | B3: Kg | C3: 0
A4: Bắp Cải Trắng | B4: Kg | C4: 520 | D4: =VLOOKUP(A4,'9.11'!A9:D168,4,) -> 11000 | E4: =+D4*C4 -> 5720000
A5: Bí Đao Xanh | B5: Kg | C5: 0
A6: Bí Đao Xanh | B6: Trái | C6: 0
A7: Bí Đỏ Hồ Lô | B7: Kg | C7: 0
A8: Bí Đỏ Tròn | B8: Kg | C8: 680 | D8: =VLOOKUP(A8,'9.11'!A13:D172,4,) -> 5200 | E8: =+D8*C8 -> 3536000
A9: Bí Ngô Mini | B9: Kg | C9: 0
A10: Bí Ngòi Vàng | B10: Kg | C10: 0
A11: Bí Ngòi Xanh | B11: Kg | C11: 117 | D11: =VLOOKUP(A11,'9.11'!A16:D175,4,) -> 23000 | E11: =+D11*C11 -> 2691000
A12: Bí Ngòi Xanh | B12: Trái | C12: 0
A13: Bí Non Nhật | B13: Kg | C13: 60 | D13: =VLOOKUP(A13,'9.11'!A18:D177,4,) -> 15000 | E13: =+D13*C13 -> 900000
A14: Bí Non Nhật | B14: Trái | C14: 0
A15: Bơ Booth | B15: Kg | C15: 0
A16: Bông Cải Trắng | B16: Kg | C16: 5 | D16: 27000 | E16: =+D16*C16 -> 135000
A17: Bông Cải Xanh 10Cm | B17: Kg | C17: 0
A18: Bông Cải Xanh 7Cm | B18: Kg | C18: 0
A19: Bông Cải Xanh Baby | B19: Kg | C19: 0
A20: Bông Cải Xanh Baby | B20: Vỉ | C20: 0
A21: Cà Chua Beef | B21: Kg | C21: 140 | D21: 24000 | E21: =+D21*C21 -> 3360000
A22: Cà Chua Beef | B22: Vỉ | C22: 0
A23: Cà Chua Beef | B23: Vỉ 650gr | C23: 0
A24: Cà Chua Beef Trung | B24: Kg | C24: 91 | D24: =VLOOKUP(A24,'9.11'!A29:D188,4,) -> 17000 | E24: =+D24*C24 -> 1547000
A25: Cà Chua Beef Trung | B25: Vỉ 500gr | C25: 0
A26: Cà Chua Bi Đỏ | B26: Kg | C26: 0
A27: Cà Chua Bi Đỏ | B27: Hộp 300gr | C27: 0
A28: Cà Chua Bi Mix | B28: Hộp | C28: 0
A29: Cà Chua Bi Mix | B29: Kg | C29: 0
A30: Cà Chua Socola | B30: Kg | C30: 0
A31: Cà Chua Socola | B31: Hộp 300gr | C31: 0
A32: Cà Chua Socola | B32: Hộp 250GR | C32: 0
A33: Cà Chua Thường | B33: Kg | C33: 240 | D33: =VLOOKUP(A33,'9.11'!A38:D197,4,) -> 17000 | E33: =+D33*C33 -> 4080000
A34: Cà Chua Thường | B34: Vỉ | C34: 0
A35: Cà Chua Thường Trung | B35: Túi | C35: 87 | D35: =VLOOKUP(A35,'9.11'!A40:D199,4,) -> 14000 | E35: =+D35*C35 -> 1218000
A36: Cà Rốt | B36: Kg | C36: 65 | D36: 16000 | E36: =+D36*C36 -> 1040000
A37: Cà Rốt | B37: Túi | C37: 0
A38: Cà Rốt Baby | B38: Kg | C38: 0
A39: Cà Rốt Baby | B39: Vỉ | C39: 0
A40: Cà Rốt Trung | B40: Kg | C40: 0
A41: Cà Tím | B41: Kg | C41: 10 | D41: 8000 | E41: =+D41*C41 -> 80000
A42: Cà Tím | B42: Cặp | C42: 0
A43: Cải Bẹ Dún T.C | B43: Kg | C43: 0
A44: Cải Bẹ Dún T.C | B44: Túi | C44: 0
A45: Cải Bó Xôi | B45: Kg | C45: 0
A46: Cải Bó Xôi | B46: Túi | C46: 30 | D46: =38000*0.3 -> 11400 | E46: =+D46*C46 -> 342000
A47: Cải Cầu Vồng | B47: Kg | C47: 0
A48: Cải Cầu Vồng | B48: Túi | C48: 0
A49: Cải Kale | B49: Kg | C49: 0
A50: Cải Kale | B50: Túi | C50: 0
A51: Cải Kale | B51: Túi 150gr | C51: 0
A52: Cải Thảo | B52: Kg | C52: 2458 | D52: =VLOOKUP(A52,'9.11'!A57:D216,4,) -> 7500 | E52: =+D52*C52 -> 18435000
A53: Cải Thìa | B53: Túi | C53: 0
A54: CAM | B54: Kg | C54: 17 | D54: =VLOOKUP(A54,'9.11'!A59:D218,4,) -> 45000 | E54: =+D54*C54 -> 765000
A55: Cần Tây | B55: Cây | C55: 0
A56: Cần Tây | B56: Kg | C56: 13 | D56: 10000 | E56: =+D56*C56 -> 130000
A57: Cần Tây | B57: Túi | C57: 0
A58: Chanh Không Hạt | B58: Kg | C58: 0
A59: Chanh Không Hạt | B59: Vỉ | C59: 0
A60: Chuối Laba | B60: Kg | C60: 0
A61: Củ Cải Đỏ | B61: Hộp | C61: 0
A62: Củ Cải Đỏ | B62: Kg | C62: 0
A63: Củ Cải Trắng | B63: Kg | C63: 0
A64: Củ Dền | B64: Kg | C64: 27 | D64: =VLOOKUP(A64,'9.11'!A69:D228,4,) -> 17000 | E64: =+D64*C64 -> 459000
A65: Củ Dền | B65: Túi | C65: 0
A66: Củ Gừng | B66: Kg | C66: 0
A67: Củ Hành Tây | B67: Kg | C67: 1184 | D67: =VLOOKUP(A67,'9.11'!A72:D231,4,) -> 21000 | E67: =+D67*C67 -> 24864000
A68: Củ Hành Tây | B68: Túi 300gr | C68: 0
A69: Củ Hành Tây Tím | B69: Kg | C69: 0
A70: Củ Hành Tây Tím | B70: Túi | C70: 0
A71: Củ Hành Tây Trung | B71: Kg | C71: 0
A72: Củ Hành Tây Trung | B72: Túi | C72: 726 | D72: =15000*0.3 -> 4500 | E72: =+D72*C72 -> 3267000
A73: Củ Khoai Lang Mật Size 23 | B73: Kg | C73: 370 | D73: 22000 | E73: =+D73*C73 -> 8140000
A74: Củ Khoai Lang Mật Size 46 | B74: Kg | C74: 900 | D74: 22000 | E74: =+D74*C74 -> 19800000
A75: Củ Khoai Lang Mật Size 46 | B75: Túi | C75: 0
A76: Củ Khoai Lang Mật Size 78 | B76: Kg | C76: 410 | D76: =VLOOKUP(A76,'9.11'!A81:D240,4,) -> 20000 | E76: =+D76*C76 -> 8200000
A77: Củ Khoai Lang Mật Size 910 | B77: Kg | C77: 0
A78: Củ Khoai Lang Nhật | B78: Kg | C78: 160 | D78: =VLOOKUP(A78,'9.11'!A83:D242,4,) -> 19000 | E78: =+D78*C78 -> 3040000
A79: Củ Khoai Lang Nhật | B79: Túi | C79: 0
A80: Củ Khoai Mỡ | B80: Kg | C80: 0
A81: Củ Khoai Sâm | B81: Kg | C81: 0
A82: Củ Khoai Tây Bi Vàng | B82: Túi | C82: 0
A83: Củ Khoai Tây Hồng | B83: Kg | C83: 0
A84: Củ Khoai Tây Vàng | B84: Kg | C84: 95 | D84: =VLOOKUP(A84,'9.11'!A89:D248,4,) -> 15000 | E84: =+D84*C84 -> 1425000
A85: Củ Khoai Tây Vàng | B85: Túi | C85: 0
A86: Củ Khoai Tây Vàng Trung | B86: Túi | C86: 60 | D86: =VLOOKUP(A86,'9.11'!A91:D250,4,) -> 6000 | E86: =+D86*C86 -> 360000
A87: Củ Su Hào | B87: Kg | C87: 20 | D87: 18000 | E87: =+D87*C87 -> 360000
A88: Đậu Cove Nhật | B88: Kg | C88: 0
A89: Đậu Cove Nhật | B89: Túi | C89: 0
A90: Đậu Cove Trắng | B90: Kg | C90: 2 | D90: 10000 | E90: =+D90*C90 -> 20000
A91: Đậu Cove Trắng | B91: Túi 300gr | C91: 0
A92: Đậu Cove Trắng | B92: Túi 500gr | C92: 0
A93: Đậu Đỏ | B93: Kg | C93: 0
A94: Đậu Đỏ | B94: Vỉ | C94: 0
A95: Đậu Hà Lan Trái | B95: Kg | C95: 0
A96: Đậu Ngự | B96: Kg | C96: 0
A97: Đậu Trắng | B97: Kg | C97: 0
A98: Đậu Tươi Hỗn Hợp Túi 100gr | B98: Túi | C98: 0
A99: Dưa Leo Baby | B99: Kg | C99: 0
A100: Dưa Leo Baby | B100: Vỉ | C100: 553 | D100: 6000 | E100: =+D100*C100 -> 3318000
...

Sheet 11.11
A1: Tên Sản phẩm | B1: ĐVT | C1: Tồn ĐL | D1: Giá | E1: Thành tiền
A2: Bắp Cải Tím | B2: Kg | C2: 5 | D2: =VLOOKUP(A2,'10.11'!A2:D169,4,) -> 30000 | E2: =+D2*C2 -> 150000
A3: Bắp Cải Trái Tim | B3: Kg | C3: 25 | D3: 18000 | E3: =+D3*C3 -> 450000
A4: Bắp Cải Trắng | B4: Kg | C4: 390 | D4: =VLOOKUP(A4,'10.11'!A4:D171,4,) -> 11000 | E4: =+D4*C4 -> 4290000
A5: Bí Đao Xanh | B5: Kg | C5: 0
A6: Bí Đao Xanh | B6: Trái | C6: 0
A7: Bí Đỏ Hồ Lô | B7: Kg | C7: 0
A8: Bí Đỏ Tròn | B8: Kg | C8: 2420 | D8: =VLOOKUP(A8,'10.11'!A8:D175,4,) -> 5200 | E8: =+D8*C8 -> 12584000
A9: Bí Ngô Mini | B9: Kg | C9: 0
A10: Bí Ngòi Vàng | B10: Kg | C10: 0
A11: Bí Ngòi Xanh | B11: Kg | C11: 80 | D11: =VLOOKUP(A11,'10.11'!A11:D178,4,) -> 23000 | E11: =+D11*C11 -> 1840000
A12: Bí Ngòi Xanh | B12: Trái | C12: 0
A13: Bí Non Nhật | B13: Kg | C13: 40 | D13: =VLOOKUP(A13,'10.11'!A13:D180,4,) -> 15000 | E13: =+D13*C13 -> 600000
A14: Bí Non Nhật | B14: Trái | C14: 0
A15: Bơ Booth | B15: Kg | C15: 150 | D15: 26000 | E15: =+D15*C15 -> 3900000
A16: Bông Cải Trắng | B16: Kg | C16: 0
A17: Bông Cải Xanh 10Cm | B17: Kg | C17: 0
A18: Bông Cải Xanh 7Cm | B18: Kg | C18: 30 | D18: 39000 | E18: =+D18*C18 -> 1170000
A19: Bông Cải Xanh Baby | B19: Kg | C19: 0
A20: Bông Cải Xanh Baby | B20: Vỉ | C20: 0
A21: Cà Chua Beef | B21: Kg | C21: 0
A22: Cà Chua Beef | B22: Vỉ | C22: 0
A23: Cà Chua Beef | B23: Vỉ 650gr | C23: 0
A24: Cà Chua Beef Trung | B24: Kg | C24: 25 | D24: =VLOOKUP(A24,'10.11'!A24:D191,4,) -> 17000 | E24: =+D24*C24 -> 425000
A25: Cà Chua Beef Trung | B25: Vỉ 500gr | C25: 0
A26: Cà Chua Bi Đỏ | B26: Kg | C26: 10 | D26: 33000 | E26: =+D26*C26 -> 330000
A27: Cà Chua Bi Đỏ | B27: Hộp 300gr | C27: 108 | D27: 9900 | E27: =+D27*C27 -> 1069200
A28: Cà Chua Bi Mix | B28: Hộp | C28: 0
A29: Cà Chua Bi Mix | B29: Kg | C29: 0
A30: Cà Chua Socola | B30: Kg | C30: 4.5 | D30: 40000 | E30: =+D30*C30 -> 180000
A31: Cà Chua Socola | B31: Hộp 300gr | C31: 0
A32: Cà Chua Socola | B32: Hộp 250GR | C32: 0
A33: Cà Chua Thường | B33: Kg | C33: 0
A34: Cà Chua Thường | B34: Vỉ | C34: 0
A35: Cà Chua Thường Trung | B35: Túi | C35: 0
A36: Cà Rốt | B36: Kg | C36: 90 | D36: =VLOOKUP(A36,'10.11'!A36:D203,4,) -> 16000 | E36: =+D36*C36 -> 1440000
A37: Cà Rốt | B37: Túi | C37: 0
A38: Cà Rốt Baby | B38: Kg | C38: 0
A39: Cà Rốt Baby | B39: Vỉ | C39: 0
A40: Cà Rốt Trung | B40: Kg | C40: 0
A41: Cà Tím | B41: Kg | C41: 20 | D41: =VLOOKUP(A41,'10.11'!A41:D208,4,) -> 8000 | E41: =+D41*C41 -> 160000
A42: Cà Tím | B42: Cặp | C42: 0
A43: Cà Tím Sọc Pha Lê | B43: Hộp | C43: 0
A44: Cải Bẹ Dún T.C | B44: Kg | C44: 0
A45: Cải Bó Xôi | B45: Kg | C45: 0
A46: Cải Bó Xôi | B46: Túi | C46: 65 | D46: =VLOOKUP(A46,'10.11'!A46:D213,4,) -> 11400 | E46: =+D46*C46 -> 741000
A47: Cải Cầu Vồng | B47: Kg | C47: 0
A48: Cải Cầu Vồng | B48: Túi | C48: 0
A49: Cải Kale | B49: Kg | C49: 0
A50: Cải Kale | B50: Túi | C50: 0
A51: Cải Kale | B51: Túi 150gr | C51: 0
A52: Cải Thảo | B52: Kg | C52: 2100 | D52: =VLOOKUP(A52,'10.11'!A52:D219,4,) -> 7500 | E52: =+D52*C52 -> 15750000
A53: Cải Thìa | B53: Kg | C53: 0
A54: Cần Tây | B54: Cây | C54: 0
A55: Cần Tây | B55: Kg | C55: 105 | D55: 10000 | E55: =+D55*C55 -> 1050000
A56: Chanh Không Hạt | B56: Kg | C56: 0
A57: Chanh Không Hạt | B57: Vỉ | C57: 0
A58: Chuối Laba | B58: Kg | C58: 0
A59: Củ Cải Đỏ | B59: Hộp | C59: 0
A60: Củ Cải Đỏ | B60: Kg | C60: 0
A61: Củ Cải Trắng | B61: Kg | C61: 0
A62: Củ Dền | B62: Kg | C62: 30 | D62: =VLOOKUP(A62,'10.11'!A62:D229,4,) -> 17000 | E62: =+D62*C62 -> 510000
A63: Củ Dền | B63: Túi | C63: 0
A64: Củ Gừng | B64: Kg | C64: 3 | D64: 45000 | E64: =+D64*C64 -> 135000
A65: Củ Hành Tây | B65: Kg | C65: 950 | D65: =VLOOKUP(A65,'10.11'!A65:D232,4,) -> 21000 | E65: =+D65*C65 -> 19950000
A66: Củ Hành Tây | B66: Túi 300gr | C66: 0
A67: Củ Hành Tây Tím | B67: Kg | C67: 20 | D67: 20000 | E67: =+D67*C67 -> 400000
A68: Củ Hành Tây Tím | B68: Túi | C68: 0
A69: Củ Hành Tây Trung | B69: Túi | C69: 570 | D69: =15000*0.3 -> 4500 | E69: =+D69*C69 -> 2565000
A70: Củ Khoai Lang Mật Size 23 | B70: Kg | C70: 150 | D70: =VLOOKUP(A70,'10.11'!A70:D237,4,) -> 22000 | E70: =+D70*C70 -> 3300000
A71: Củ Khoai Lang Mật Size 46 | B71: Kg | C71: 740 | D71: =VLOOKUP(A71,'10.11'!A71:D238,4,) -> 22000 | E71: =+D71*C71 -> 16280000
A72: Củ Khoai Lang Mật Size 46 | B72: Túi | C72: 0
A73: Củ Khoai Lang Mật Size 78 | B73: Kg | C73: 710 | D73: =VLOOKUP(A73,'10.11'!A73:D240,4,) -> 20000 | E73: =+D73*C73 -> 14200000
A74: Củ Khoai Lang Mật Size 910 | B74: Kg | C74: 0
A75: Củ Khoai Lang Nhật | B75: Kg | C75: 80 | D75: =VLOOKUP(A75,'10.11'!A75:D242,4,) -> 19000 | E75: =+D75*C75 -> 1520000
A76: Củ Khoai Lang Nhật | B76: Túi | C76: 0
A77: Củ Khoai Mỡ | B77: Kg | C77: 0
A78: Củ Khoai Sâm | B78: Kg | C78: 0
A79: Củ Khoai Tây Bi Vàng | B79: Túi | C79: 0
A80: Củ Khoai Tây Vàng | B80: Kg | C80: 380 | D80: =VLOOKUP(A80,'10.11'!A80:D247,4,) -> 15000 | E80: =+D80*C80 -> 5700000
A81: Củ Khoai Tây Vàng | B81: Túi | C81: 0
A82: Củ Khoai Tây Vàng Trung | B82: Túi | C82: 0
A83: Củ Su Hào | B83: Kg | C83: 4 | D83: =VLOOKUP(A83,'10.11'!A83:D250,4,) -> 18000 | E83: =+D83*C83 -> 72000
A84: Đậu Cove Nhật | B84: Kg | C84: 0
A85: Đậu Cove Nhật | B85: Túi | C85: 0
A86: Đậu Cove Trắng | B86: Kg | C86: 16 | D86: =VLOOKUP(A86,'10.11'!A86:D253,4,) -> 10000 | E86: =+D86*C86 -> 160000
A87: Đậu Cove Trắng | B87: Túi 300gr | C87: 0
A88: Đậu Cove Trắng | B88: Túi 500gr | C88: 0
A89: Đậu Đỏ | B89: Kg | C89: 0
A90: Đậu Đỏ | B90: Vỉ | C90: 0
A91: Đậu Ngự | B91: Kg | C91: 0
A92: Đậu Trắng | B92: Kg | C92: 0
A93: Đậu Tươi Hỗn Hợp Túi 100gr | B93: Túi | C93: 0
A94: Dưa Leo Baby | B94: Kg | C94: 35 | D94: 12000 | E94: =+D94*C94 -> 420000
A95: Dưa Leo Baby | B95: Vỉ | C95: 530 | D95: 6000 | E95: =+D95*C95 -> 3180000
A96: Dưa Leo Nhật | B96: Kg | C96: 0
A97: Dưa Leo Nhật | B97: Túi | C97: 0
A98: Dưa Leo Thường | B98: Kg | C98: 12 | D98: =VLOOKUP(A98,'10.11'!A98:D265,4,) -> 9000 | E98: =+D98*C98 -> 108000
A99: Hành Paro | B99: Cây | C99: 0
A100: Hành Paro | B100: Kg | C100: 0
...

Sheet 12.11
A1: hàng tồn cuối ngày 12/11 vr
A2: Tên Sản phẩm | B2: ĐVT | C2: Tồn ĐL | D2: giá | E2: thành tiền
A3: Cà Rốt | B3: Kg | C3: 25 | D3: 15000 | E3: =C3*D3 -> 375000
A4: Cà Rốt | B4: Túi | C4: 0 | E4: =C4*D4 -> 0
A5: Cà Rốt Baby | B5: Kg | C5: 0 | E5: =C5*D5 -> 0
A6: Cà Rốt Baby | B6: Vỉ | C6: 0 | E6: =C6*D6 -> 0
A7: Củ Cải Đỏ | B7: Hộp | C7: 0 | E7: =C7*D7 -> 0
A8: Củ Cải Đỏ | B8: Kg | C8: 0 | E8: =C8*D8 -> 0
A9: Củ Dền | B9: Kg | C9: 33 | D9: 17000 | E9: =C9*D9 -> 561000
A10: Củ Dền | B10: Túi | C10: 0 | E10: =C10*D10 -> 0
A11: Củ Hành Tây | B11: Kg | C11: 965 | D11: 22000 | E11: =C11*D11 -> 21230000
A12: Củ Hành Tây | B12: Túi 300gr | C12: 0 | E12: =C12*D12 -> 0
A13: Củ Hành Tây Trung | B13: Túi | C13: 1360 | D13: 4500 | E13: =C13*D13 -> 6120000
A14: Củ Khoai Lang Mật Size 46 | B14: Kg | C14: 610 | D14: 21000 | E14: =C14*D14 -> 12810000
A15: Củ Khoai Lang Nhật | B15: Kg | C15: 230 | D15: 19000 | E15: =C15*D15 -> 4370000
A16: Củ Khoai Tây Vàng | B16: Kg | C16: 210 | D16: 15000 | E16: =C16*D16 -> 3150000
A17: Củ Khoai Tây Vàng | B17: Túi | C17: 0 | E17: =C17*D17 -> 0
A18: Bông Cải Xanh Baby | B18: Kg | C18: 0 | E18: =C18*D18 -> 0
A19: Bông Cải Xanh Baby | B19: Vỉ | C19: 0 | E19: =C19*D19 -> 0
A20: Bắp Cải Trắng | B20: Kg | C20: 360 | D20: 11000 | E20: =C20*D20 -> 3960000
A21: Cải Bó Xôi | B21: Kg | C21: 0 | E21: =C21*D21 -> 0
A22: Cải Bó Xôi | B22: Túi | C22: 8 | D22: 10000 | E22: =C22*D22 -> 80000
A23: Cải Kale | B23: Kg | C23: 0 | E23: =C23*D23 -> 0
A24: Cải Kale | B24: Túi | C24: 0 | E24: =C24*D24 -> 0
A25: Cải Kale | B25: Túi 150gr | C25: 0 | E25: =C25*D25 -> 0
A26: Cải Thảo | B26: Kg | C26: 3640 | D26: 7500 | E26: =C26*D26 -> 27300000
A27: Cần Tây | B27: Cây | C27: 0 | E27: =C27*D27 -> 0
A28: Cần Tây | B28: Kg | C28: 23 | D28: 10000 | E28: =C28*D28 -> 230000
A29: Cần Tây | B29: Túi | C29: 0 | E29: =C29*D29 -> 0
A30: Xà Lách Lolo Xanh T.C | B30: Kg | C30: 0 | E30: =C30*D30 -> 0
A31: Bí Đỏ Tròn | B31: Kg | C31: 1970 | D31: 5200 | E31: =C31*D31 -> 10244000
A32: Bí Ngòi Xanh | B32: Kg | C32: 157 | D32: 14000 | E32: =C32*D32 -> 2198000
A33: Bí Ngòi Xanh | B33: Trái | C33: 0 | E33: =C33*D33 -> 0
A34: Bí Non Nhật | B34: Kg | C34: 110 | D34: 14000 | E34: =C34*D34 -> 1540000
A35: Bí Non Nhật | B35: Trái | C35: 0 | E35: =C35*D35 -> 0
A36: Cà Chua Beef | B36: Kg | C36: 322 | D36: 25000 | E36: =C36*D36 -> 8050000
A37: Cà Chua Beef | B37: Vỉ | C37: 0 | E37: =C37*D37 -> 0
A38: Cà Chua Beef | B38: Vỉ 650gr | C38: 0 | E38: =C38*D38 -> 0
A39: Cà Chua Thường | B39: Kg | C39: 190 | D39: 19000 | E39: =C39*D39 -> 3610000
A40: Cà Chua Thường | B40: Vỉ | C40: 0 | E40: =C40*D40 -> 0
A41: Cà Chua Thường Trung | B41: Kg | C41: 40 | D41: 16000 | E41: =C41*D41 -> 640000
A42: Cà Chua Thường Trung | B42: Túi | C42: 0 | E42: =C42*D42 -> 0
A43: Dưa Leo Baby | B43: Vỉ | C43: 550 | D43: 6000 | E43: =C43*D43 -> 3300000
A44: Dưa Leo Thường | B44: Kg | C44: 33 | D44: 10000 | E44: =C44*D44 -> 330000
A45: Ớt Chuông Đỏ | B45: Kg | C45: 105 | D45: 40000 | E45: =C45*D45 -> 4200000
A46: Ớt Chuông Đỏ | B46: Trái | C46: 0 | E46: =C46*D46 -> 0
A47: Ớt Chuông Vàng | B47: Kg | C47: 150 | D47: 19000 | E47: =C47*D47 -> 2850000
A48: Ớt Chuông Vàng | B48: Trái | C48: 0 | E48: =C48*D48 -> 0
A49: Ớt Chuông Xanh | B49: Kg | C49: 40 | D49: 27000 | E49: =C49*D49 -> 1080000
A50: Ớt Chuông Xanh | B50: Trái | C50: 0 | E50: =C50*D50 -> 0
A51: Bơ Booth | B51: Kg | C51: 90 | D51: 28000 | E51: =C51*D51 -> 2520000
A52: Ớt Chuông Ba Màu | B52: Vỉ | C52: 0 | E52: =C52*D52 -> 0
A53: Củ Khoai Lang Mật Size 23 | B53: Kg | C53: 0 | E53: =C53*D53 -> 0
A54: Cà Chua Bi Đỏ | B54: Kg | C54: 7 | D54: 33000 | E54: =C54*D54 -> 231000
A55: Cà Chua Bi Đỏ | B55: Hộp 300gr | C55: 121 | D55: 9900 | E55: =C55*D55 -> 1197900
A56: Hạt Dẻ Ngố | B56: Kg | C56: 1575 | D56: 28600 | E56: =C56*D56 -> 45045000
A57: Cà Chua Socola | B57: Hộp | C57: 0 | E57: =C57*D57 -> 0
A58: Cà Chua Socola | B58: Kg | C58: 5 | D58: 48000 | E58: =C58*D58 -> 240000
A59: Cà Chua Socola | B59: Hộp 300gr | C59: 0 | E59: =C59*D59 -> 0
A60: Cà Chua Socola | B60: Hộp 250GR | C60: 0 | E60: =C60*D60 -> 0
A61: Ớt Sweet Palemo | B61: Kg | C61: 0 | E61: =C61*D61 -> 0
A62: Ớt Sweet Palemo | B62: Túi | C62: 0 | E62: =C62*D62 -> 0
A63: Bí Đao Xanh | B63: Kg | C63: 0 | E63: =C63*D63 -> 0
A64: Bí Đao Xanh | B64: Trái | C64: 0 | E64: =C64*D64 -> 0
A65: Xà Lách Lolo Tím | B65: Túi | C65: 0 | E65: =C65*D65 -> 0
A66: Bắp Cải Tím | B66: Kg | C66: 7 | D66: 28000 | E66: =C66*D66 -> 196000
A67: Xà Lách Mỡ | B67: Kg | C67: 0 | E67: =C67*D67 -> 0
A68: Măng Tây | B68: Kg | C68: 0 | E68: =C68*D68 -> 0
A69: Măng Tây | B69: Bó | C69: 0 | E69: =C69*D69 -> 0
A70: Đậu Cove Trắng | B70: Kg | C70: 0 | E70: =C70*D70 -> 0
A71: Đậu Cove Trắng | B71: Túi | C71: 10 | D71: 10000 | E71: =C71*D71 -> 100000
A72: Đậu Cove Trắng | B72: Túi 500gr | C72: 0 | E72: =C72*D72 -> 0
A73: Rau Ngò Rí | B73: Túi | C73: 0 | E73: =C73*D73 -> 0
A74: Hành Paro | B74: Cây | C74: 0 | E74: =C74*D74 -> 0
A75: Hành Paro | B75: Kg | C75: 0 | E75: =C75*D75 -> 0
A76: Lá Tía Tô | B76: Túi | C76: 0 | E76: =C76*D76 -> 0
A77: Ớt Chuông Baby | B77: Hộp | C77: 0 | E77: =C77*D77 -> 0
A78: Ớt Chuông Baby | B78: Kg | C78: 0 | E78: =C78*D78 -> 0
A79: Cà Chua Bi Mix | B79: Hộp | C79: 0 | E79: =C79*D79 -> 0
A80: Lá Mè | B80: Túi | C80: 0 | E80: =C80*D80 -> 0
A81: Xà Lách Lolo Xanh | B81: Kg | C81: 0 | E81: =C81*D81 -> 0
A82: Xà Lách Mỡ T.C Cây | B82: Cây | C82: 0 | E82: =C82*D82 -> 0
A83: Xà Lách Lolo Xanh T.C Cây | B83: Cây | C83: 0 | E83: =C83*D83 -> 0
A84: Bắp Cải Trái Tim | B84: Kg | C84: 33 | D84: 18000 | E84: =C84*D84 -> 594000
A85: Bí Ngô Mini | B85: Kg | C85: 0 | E85: =C85*D85 -> 0
A86: Bí Ngòi Vàng | B86: Kg | C86: 0 | E86: =C86*D86 -> 0
A87: Bông Cải Xanh 7Cm | B87: Kg | C87: 8 | D87: 39000 | E87: =C87*D87 -> 312000
A88: Cà Chua Beef Trung | B88: Kg | C88: 0 | E88: =C88*D88 -> 0
A89: Cà Chua Beef Trung | B89: Vỉ 500gr | C89: 0 | E89: =C89*D89 -> 0
A90: Chanh Không Hạt | B90: Vỉ | C90: 0 | E90: =C90*D90 -> 0
A91: Củ Hành Tây Tím | B91: Kg | C91: 0 | E91: =C91*D91 -> 0
A92: Củ Su Hào | B92: Kg | C92: 10 | D92: 18000 | E92: =C92*D92 -> 180000
A93: Đậu Đỏ | B93: Kg | C93: 4 | D93: 80000 | E93: =C93*D93 -> 320000
A94: Lá Hương Thảo | B94: Túi | C94: 0 | E94: =C94*D94 -> 0
A95: Lá Quế Tây | B95: Túi | C95: 0 | E95: =C95*D95 -> 0
A96: Ớt Chuông Snack | B96: Kg | C96: 0 | E96: =C96*D96 -> 0
A97: Trái Mâm Xôi | B97: Hộp | C97: 0 | E97: =C97*D97 -> 0
A98: Xà Lách Mỹ | B98: Kg | C98: 0 | E98: =C98*D98 -> 0
A99: Xà Lách Thủy Tinh T.C Cây | B99: Cây | C99: 0 | E99: =C99*D99 -> 0
A100: Củ Khoai Mỡ | B100: Kg | C100: 0 | E100: =C100*D100 -> 0
...

Sheet 13.11
A2: hàng tồn cuối ngày 13/11 vr
A3: Tên Sản phẩm | B3: ĐVT | C3: Tồn ĐL | D3: giá | E3: thành tiền
A4: Cà Rốt | B4: Kg | C4: 140 | D4: 15000 | E4: =C4*D4 -> 2100000
A5: Cà Rốt | B5: Túi | C5: 0 | E5: =C5*D5 -> 0
A6: Cà Rốt Baby | B6: Vỉ | C6: 0 | E6: =C6*D6 -> 0
A7: Củ Cải Đỏ | B7: Hộp | C7: 0 | E7: =C7*D7 -> 0
A8: Củ Cải Đỏ | B8: Kg | C8: 0 | E8: =C8*D8 -> 0
A9: Củ Dền | B9: Kg | C9: 85 | D9: 17000 | E9: =C9*D9 -> 1445000
A10: Củ Dền | B10: Túi | C10: 0 | E10: =C10*D10 -> 0
A11: Củ Hành Tây | B11: Kg | C11: 665 | D11: 22000 | E11: =C11*D11 -> 14630000
A12: Củ Hành Tây | B12: Túi 300gr | C12: 0 | E12: =C12*D12 -> 0
A13: Củ Hành Tây Trung | B13: Túi | C13: 1433.3333 | D13: 4500 | E13: =C13*D13 -> 6450000
A14: Củ Khoai Lang Mật Size 46 | B14: Kg | C14: 180 | D14: 21000 | E14: =C14*D14 -> 3780000
A15: Củ Khoai Lang Mật Size 46 | B15: Túi | C15: 0 | E15: =C15*D15 -> 0
A16: Củ Khoai Lang Nhật | B16: Kg | C16: 420 | D16: 19000 | E16: =C16*D16 -> 7980000
A17: Củ Khoai Lang Nhật | B17: Túi | C17: 0 | E17: =C17*D17 -> 0
A18: Củ Khoai Tây Vàng | B18: Kg | C18: 365 | D18: 15000 | E18: =C18*D18 -> 5475000
A19: Củ Khoai Tây Vàng | B19: Túi | C19: 0 | E19: =C19*D19 -> 0
A20: Bông Cải Xanh Baby | B20: Kg | C20: 0 | E20: =C20*D20 -> 0
A21: Bông Cải Xanh Baby | B21: Vỉ | C21: 0 | E21: =C21*D21 -> 0
A22: Bắp Cải Trắng | B22: Kg | C22: 488 | D22: 11000 | E22: =C22*D22 -> 5368000
A23: Cải Bó Xôi | B23: Kg | C23: 0 | E23: =C23*D23 -> 0
A24: Cải Bó Xôi | B24: Túi | C24: 25 | D24: 12000 | E24: =C24*D24 -> 300000
A25: Cải Kale | B25: Kg | C25: 0 | E25: =C25*D25 -> 0
A26: Cải Kale | B26: Túi | C26: 0 | E26: =C26*D26 -> 0
A27: Cải Kale | B27: Túi 150gr | C27: 0 | E27: =C27*D27 -> 0
A28: Cải Thảo | B28: Kg | C28: 5475 | D28: 7500 | E28: =C28*D28 -> 41062500
A29: Cần Tây | B29: Cây | C29: 0 | E29: =C29*D29 -> 0
A30: Cần Tây | B30: Kg | C30: 115 | D30: 10000 | E30: =C30*D30 -> 1150000
A31: Cần Tây | B31: Túi | C31: 0 | E31: =C31*D31 -> 0
A32: Xà Lách Lolo Xanh T.C | B32: Kg | C32: 0 | E32: =C32*D32 -> 0
A33: Bí Đỏ Tròn | B33: Kg | C33: 1560 | D33: 5200 | E33: =C33*D33 -> 8112000
A34: Bí Ngòi Xanh | B34: Kg | C34: 245 | D34: 14000 | E34: =C34*D34 -> 3430000
A35: Bí Ngòi Xanh | B35: Trái | C35: 0 | E35: =C35*D35 -> 0
A36: Bí Non Nhật | B36: Kg | C36: 90 | D36: 14000 | E36: =C36*D36 -> 1260000
A37: Bí Non Nhật | B37: Trái | C37: 0 | E37: =C37*D37 -> 0
A38: Cà Chua Beef | B38: Kg | C38: 245 | D38: 24000 | E38: =C38*D38 -> 5880000
A39: Cà Chua Beef | B39: Vỉ | C39: 0 | E39: =C39*D39 -> 0
A40: Cà Chua Beef | B40: Vỉ 650gr | C40: 0 | E40: =C40*D40 -> 0
A41: Cà Chua Thường | B41: Kg | C41: 337 | D41: 18000 | E41: =C41*D41 -> 6066000
A42: Cà Chua Thường | B42: Vỉ | C42: 0 | E42: =C42*D42 -> 0
A43: Cà Chua Thường Trung | B43: Kg | E43: =C43*D43 -> 0
A44: Cà Chua Thường Trung | B44: Túi | C44: 145 | D44: 15000 | E44: =C44*D44 -> 2175000
A45: Dưa Leo Baby | B45: Kg | C45: 65 | D45: 7500 | E45: =C45*D45 -> 487500
A46: Dưa Leo Baby | B46: Vỉ | C46: 370 | D46: 6000 | E46: =C46*D46 -> 2220000
A47: Dưa Leo Thường | B47: Kg | C47: 43 | D47: 10000 | E47: =C47*D47 -> 430000
A48: Ớt Chuông Đỏ | B48: Kg | C48: 141 | D48: 38000 | E48: =C48*D48 -> 5358000
A49: Ớt Chuông Đỏ | B49: Trái | C49: 0 | E49: =C49*D49 -> 0
A50: Ớt Chuông Vàng | B50: Kg | C50: 73 | D50: 18000 | E50: =C50*D50 -> 1314000
A51: Ớt Chuông Vàng | B51: Trái | C51: 0 | E51: =C51*D51 -> 0
A52: Ớt Chuông Xanh | B52: Kg | C52: 0 | E52: =C52*D52 -> 0
A53: Ớt Chuông Xanh | B53: Trái | C53: 0 | E53: =C53*D53 -> 0
A54: Bơ Booth | B54: Kg | C54: 0 | E54: =C54*D54 -> 0
A55: Ớt Chuông Ba Màu | B55: Vỉ | C55: 0 | E55: =C55*D55 -> 0
A56: Củ Khoai Lang Mật Size 23 | B56: Kg | C56: 0 | E56: =C56*D56 -> 0
A57: Cà Chua Bi Đỏ | B57: Kg | C57: 0 | E57: =C57*D57 -> 0
A58: Cà Chua Bi Đỏ | B58: Hộp 300gr | C58: 0 | E58: =C58*D58 -> 0
A59: Củ Khoai Sâm | B59: Kg | C59: 0 | E59: =C59*D59 -> 0
A60: Hạt Dẻ Ngố | B60: Kg | C60: =1165+1500 -> 2665 | D60: 28600 | E60: =C60*D60 -> 76219000 | F60: 1500 đi đường
A61: Bắp Cải Tím | B61: Kg | C61: 37 | D61: 30000 | E61: =C61*D61 -> 1110000
A62: Xà Lách Lolo Xanh | B62: Kg | C62: 0 | E62: =C62*D62 -> 0
A63: Xà Lách Lolo Xanh | B63: Túi | C63: 0 | E63: =C63*D63 -> 0
A64: Xà Lách Mỡ | B64: Kg | C64: 0 | E64: =C64*D64 -> 0
A65: Xà Lách Mỹ | B65: Kg | C65: 0 | E65: =C65*D65 -> 0
A66: Củ Khoai Mỡ | B66: Kg | C66: 3 | D66: 30000 | E66: =C66*D66 -> 90000
A67: Cà Tím Sọc Pha Lê | B67: Hộp | C67: 0 | E67: =C67*D67 -> 0
A68: Hành Paro | B68: Cây | C68: 0 | E68: =C68*D68 -> 0
A69: Hành Paro | B69: Kg | C69: 10 | D69: 38000 | E69: =C69*D69 -> 380000
A70: Hành Paro | B70: Cây | C70: 0 | E70: =C70*D70 -> 0
A71: Ớt Chuông Baby | B71: Hộp | C71: 0 | E71: =C71*D71 -> 0
A72: Ớt Chuông Baby | B72: Kg | C72: 0 | E72: =C72*D72 -> 0
A73: Lá Mè | B73: Túi | C73: 0 | E73: =C73*D73 -> 0
A74: Ớt Sweet Palemo | B74: Kg | C74: 0 | E74: =C74*D74 -> 0
A75: Ớt Sweet Palemo | B75: Túi | C75: 31 | D75: 22000 | E75: =C75*D75 -> 682000
A76: Măng Tây | B76: Kg | C76: 0 | E76: =C76*D76 -> 0
A77: Măng Tây | B77: Bó | C77: 0 | E77: =C77*D77 -> 0
A78: Đậu Cove Trắng | B78: Kg | C78: 0 | E78: =C78*D78 -> 0
A79: Đậu Cove Trắng | B79: Túi 300gr | C79: 0 | E79: =C79*D79 -> 0
A80: Đậu Cove Trắng | B80: Túi 500gr | C80: 9 | D80: 13000 | E80: =C80*D80 -> 117000
A81: Rau Ngò Rí | B81: Túi | C81: 0 | E81: =C81*D81 -> 0
A82: Rau Ngò Rí | B82: Gói | C82: 0 | E82: =C82*D82 -> 0
A83: Lá Tía Tô | B83: Kg | C83: 0 | E83: =C83*D83 -> 0
A84: Lá Tía Tô | B84: Túi | C84: 0 | E84: =C84*D84 -> 0
A85: Cà Chua Bi Mix | B85: Hộp | C85: 0 | E85: =C85*D85 -> 0
A86: Cà Chua Socola | B86: Hộp | C86: 0 | E86: =C86*D86 -> 0
A87: Cà Chua Socola | B87: Kg | C87: 2.5 | D87: 44000 | E87: =C87*D87 -> 110000
A88: Cà Chua Socola | B88: Hộp 300gr | C88: 0 | E88: =C88*D88 -> 0
A89: Cà Chua Socola | B89: Hộp 250GR | C89: 0 | E89: =C89*D89 -> 0
A90: Bí Đao Xanh | B90: Kg | C90: 0 | E90: =C90*D90 -> 0
A91: Bí Đao Xanh | B91: Trái | C91: 0 | E91: =C91*D91 -> 0
A92: Bắp Cải Trái Tim | B92: Kg | C92: 320 | D92: 15000 | E92: =C92*D92 -> 4800000
A93: Bí Ngô Mini | B93: Kg | C93: 0 | E93: =C93*D93 -> 0
A94: Bông Cải Xanh 7Cm | B94: Kg | C94: 0 | E94: =C94*D94 -> 0
A95: Cà Chua Beef Trung | B95: Kg | C95: 70 | D95: 17000 | E95: =C95*D95 -> 1190000
A96: Cà Chua Beef Trung | B96: Vỉ 500gr | C96: 0 | E96: =C96*D96 -> 0
A97: Chanh Không Hạt | B97: Vỉ | C97: 0 | E97: =C97*D97 -> 0
A98: Củ Su Hào | B98: Kg | C98: 44 | D98: 18000 | E98: =C98*D98 -> 792000
A99: Đậu Đỏ | B99: Kg | C99: 1 | D99: 80000 | E99: =C99*D99 -> 80000
A100: Đậu Đỏ | B100: Vỉ | C100: 0 | E100: =C100*D100 -> 0
A101: Dưa Leo Nhật | B101: Kg | C101: 0 | E101: =C101*D101 -> 0
...

Sheet 14.11
A2: hàng tồn cuối ngày 14/11 vr
A3: Tên Sản phẩm | B3: ĐVT | C3: Tồn ĐL | D3: giá | E3: thành tiền
A4: Cà Rốt | B4: Kg | C4: 18 | D4: 15000 | E4: =C4*D4 -> 270000
A5: Cà Rốt | B5: Túi | C5: 0 | E5: =C5*D5 -> 0
A6: Cà Rốt Baby | B6: Vỉ | C6: 0 | E6: =C6*D6 -> 0
A7: Củ Cải Đỏ | B7: Hộp | C7: 0 | E7: =C7*D7 -> 0
A8: Củ Cải Đỏ | B8: Kg | C8: 0 | E8: =C8*D8 -> 0
A9: Củ Dền | B9: Kg | C9: 25 | D9: 17000 | E9: =C9*D9 -> 425000
A10: Củ Dền | B10: Túi | C10: 0 | E10: =C10*D10 -> 0
A11: Củ Hành Tây | B11: Kg | C11: 480 | D11: 22000 | E11: =C11*D11 -> 10560000
A12: Củ Hành Tây | B12: Túi 300gr | C12: 0 | E12: =C12*D12 -> 0
A13: Củ Hành Tây Trung | B13: Túi | C13: 1337 | D13: 4500 | E13: =C13*D13 -> 6016500
A14: Củ Khoai Lang Mật Size 46 | B14: Kg | C14: 620 | D14: 23000 | E14: =C14*D14 -> 14260000
A15: Củ Khoai Lang Mật Size 46 | B15: Túi | C15: 0 | E15: =C15*D15 -> 0
A16: Củ Khoai Lang Nhật | B16: Kg | C16: 520 | D16: 19000 | E16: =C16*D16 -> 9880000
A17: Củ Khoai Tây Vàng | B17: Kg | C17: 265 | D17: 15000 | E17: =C17*D17 -> 3975000
A18: Củ Khoai Tây Vàng | B18: Túi | C18: 0 | E18: =C18*D18 -> 0
A19: Bông Cải Xanh Baby | B19: Kg | C19: 0 | E19: =C19*D19 -> 0
A20: Bông Cải Xanh Baby | B20: Vỉ | C20: 0 | E20: =C20*D20 -> 0
A21: Bắp Cải Trắng | B21: Kg | C21: 650 | D21: 11000 | E21: =C21*D21 -> 7150000
A22: Cải Bó Xôi | B22: Kg | C22: 0 | E22: =C22*D22 -> 0
A23: Cải Bó Xôi | B23: Túi | C23: 20 | D23: 12000 | E23: =C23*D23 -> 240000
A24: Cải Kale | B24: Kg | C24: 0 | E24: =C24*D24 -> 0
A25: Cải Kale | B25: Túi | C25: 0 | E25: =C25*D25 -> 0
A26: Cải Thảo | B26: Kg | C26: 3380 | D26: 7500 | E26: =C26*D26 -> 25350000
A27: Cần Tây | B27: Cây | C27: 0 | E27: =C27*D27 -> 0
A28: Cần Tây | B28: Kg | C28: 150 | D28: 10000 | E28: =C28*D28 -> 1500000
A29: Xà Lách Lolo Xanh T.C | B29: Kg | C29: 54 | D29: 28000 | E29: =C29*D29 -> 1512000
A30: Bí Đỏ Tròn | B30: Kg | C30: 900 | D30: 5200 | E30: =C30*D30 -> 4680000
A31: Bí Ngòi Xanh | B31: Kg | C31: 262 | D31: 11000 | E31: =C31*D31 -> 2882000
A32: Bí Ngòi Xanh | B32: Trái | C32: 0 | E32: =C32*D32 -> 0
A33: Bí Non Nhật | B33: Kg | C33: 383 | D33: 11000 | E33: =C33*D33 -> 4213000
A34: Bí Non Nhật | B34: Trái | C34: 0 | E34: =C34*D34 -> 0
A35: Cà Chua Beef | B35: Kg | C35: 230 | D35: 24000 | E35: =C35*D35 -> 5520000
A36: Cà Chua Beef | B36: Vỉ | C36: 0 | E36: =C36*D36 -> 0
A37: Cà Chua Beef | B37: Vỉ 650gr | C37: 0 | E37: =C37*D37 -> 0
A38: Cà Chua Thường | B38: Kg | C38: 750 | D38: 18000 | E38: =C38*D38 -> 13500000
A39: Cà Chua Thường | B39: Vỉ | C39: 0 | E39: =C39*D39 -> 0
A40: Cà Chua Thường Trung | B40: Túi | C40: 0 | E40: =C40*D40 -> 0
A41: Dưa Leo Baby | B41: Kg | C41: 0 | E41: =C41*D41 -> 0
A42: Dưa Leo Baby | B42: Vỉ | C42: 0 | E42: =C42*D42 -> 0
A43: Dưa Leo Thường | B43: Kg | C43: 0 | E43: =C43*D43 -> 0
A44: Dưa Leo Thường | B44: Vỉ | C44: 48 | D44: 4800 | E44: =C44*D44 -> 230400
A45: Ớt Chuông Đỏ | B45: Kg | C45: 165 | D45: 37000 | E45: =C45*D45 -> 6105000
A46: Ớt Chuông Đỏ | B46: Trái | C46: 0 | E46: =C46*D46 -> 0
A47: Ớt Chuông Vàng | B47: Kg | C47: 100 | D47: 17000 | E47: =C47*D47 -> 1700000
A48: Ớt Chuông Vàng | B48: Trái | C48: 0 | E48: =C48*D48 -> 0
A49: Ớt Chuông Xanh | B49: Kg | C49: 0 | E49: =C49*D49 -> 0
A50: Ớt Chuông Xanh | B50: Trái | C50: 0 | E50: =C50*D50 -> 0
A51: Bơ Booth | B51: Kg | C51: 0 | E51: =C51*D51 -> 0
A52: Ớt Chuông Ba Màu | B52: Vỉ | C52: 0 | E52: =C52*D52 -> 0
A53: Củ Khoai Lang Mật Size 23 | B53: Kg | C53: 955 | D53: 23000 | E53: =C53*D53 -> 21965000
A54: Cà Chua Bi Đỏ | B54: Kg | C54: 38.5 | D54: 33000 | E54: =C54*D54 -> 1270500
A55: Cà Chua Bi Đỏ | B55: Hộp 300gr | C55: 100 | D55: 9900 | E55: =C55*D55 -> 990000
A56: Củ Khoai Sâm | B56: Kg | C56: 0 | E56: =C56*D56 -> 0
A57: Hạt Dẻ Ngố | B57: Kg | C57: 2350 | D57: 28600 | E57: =C57*D57 -> 67210000
A58: Bí Đao Xanh | B58: Trái | C58: 0 | E58: =C58*D58 -> 0
A59: Cà Chua Bi Mix | B59: Hộp | C59: 24 | D59: 17000 | E59: =C59*D59 -> 408000
A60: Cà Chua Socola | B60: Kg | C60: 8 | D60: 45000 | E60: =C60*D60 -> 360000
A61: Cà Chua Socola | B61: Hộp 250GR | C61: 0 | E61: =C61*D61 -> 0
A62: Đậu Cove Trắng | B62: Kg | C62: 12 | D62: 11500 | E62: =C62*D62 -> 138000
A63: Đậu Cove Trắng | B63: Túi 300gr | C63: 0 | E63: =C63*D63 -> 0
A64: Đậu Cove Trắng | B64: Túi 500gr | C64: 0 | E64: =C64*D64 -> 0
A65: Hành Paro | B65: Cây | C65: 0 | E65: =C65*D65 -> 0
A66: Hành Paro | B66: Kg | C66: 13 | D66: 38000 | E66: =C66*D66 -> 494000
A67: Lá Mè | B67: Túi | C67: 0 | E67: =C67*D67 -> 0
A68: Lá Tía Tô | B68: Túi | C68: 0 | E68: =C68*D68 -> 0
A69: Măng Tây | B69: Bó | C69: 0 | E69: =C69*D69 -> 0
A70: Ớt Chuông Baby | B70: Hộp | C70: 0 | E70: =C70*D70 -> 0
A71: Ớt Chuông Baby | B71: Kg | C71: 0 | E71: =C71*D71 -> 0
A72: Ớt Sweet Palemo | B72: Túi | C72: 0 | E72: =C72*D72 -> 0
A73: Rau Ngò Rí | B73: Gói | C73: 0 | E73: =C73*D73 -> 0
A74: Bắp Cải Tím | B74: Kg | C74: 17 | D74: 30000 | E74: =C74*D74 -> 510000
A75: Xà Lách Lolo Xanh | B75: Kg | C75: 0 | E75: =C75*D75 -> 0
A76: Xà Lách Mỡ | B76: Kg | C76: 0 | E76: =C76*D76 -> 0
A77: Bắp Cải Trái Tim | B77: Kg | C77: 245 | D77: 15000 | E77: =C77*D77 -> 3675000
A78: Bông Cải Xanh 7Cm | B78: Kg | C78: 0 | E78: =C78*D78 -> 0
A79: Cà Chua Beef Trung | B79: Kg | C79: 0 | E79: =C79*D79 -> 0
A80: Cà Chua Beef Trung | B80: Vỉ 500gr | C80: 0 | E80: =C80*D80 -> 0
A81: Chanh Không Hạt | B81: Vỉ | C81: 0 | E81: =C81*D81 -> 0
A82: Củ Khoai Tây Bi Vàng | B82: Túi | C82: 0 | E82: =C82*D82 -> 0
A83: Đậu Cove Nhật | B83: Túi | C83: 0 | E83: =C83*D83 -> 0
A84: Dưa Leo Nhật | B84: Kg | C84: 0 | E84: =C84*D84 -> 0
A85: Dưa Leo Nhật | B85: Túi | C85: 0 | E85: =C85*D85 -> 0
A86: Lá Hương Thảo | B86: Túi | C86: 0 | E86: =C86*D86 -> 0
A87: Lá Nha Đam | B87: Kg | C87: 7 | D87: 14000 | E87: =C87*D87 -> 98000
A88: Ớt Chuông Snack | B88: Kg | C88: 0 | E88: =C88*D88 -> 0
A89: Xà Lách Lolo Xanh T.C Cây | B89: Cây | C89: 120 | D89: 6800 | E89: =C89*D89 -> 816000
A90: Xà Lách Mỡ T.C | B90: Kg | C90: 0 | E90: =C90*D90 -> 0
A91: Xà Lách Mỡ T.C Cây | B91: Cây | C91: 0 | E91: =C91*D91 -> 0
A92: Xà Lách Thủy Tinh T.C Cây | B92: Cây | C92: 0 | E92: =C92*D92 -> 0
A93: Hồng Treo Gió | B93: Hộp | C93: 0 | E93: =C93*D93 -> 0
A94: Hồng Treo Gió | B94: Túi | C94: 46 | D94: 100000 | E94: =C94*D94 -> 4600000
A95: Củ Khoai Mỡ | B95: Kg | C95: 0 | E95: =C95*D95 -> 0
A96: Xà Lách Rocket | B96: Kg | C96: 0 | E96: =C96*D96 -> 0
A97: Xà Lách Rocket | B97: Túi | C97: 0 | E97: =C97*D97 -> 0
A98: Xà Lách Romaine | B98: Túi | C98: 0 | E98: =C98*D98 -> 0
A99: Củ Cải Trắng | B99: Kg | C99: 0 | E99: =C99*D99 -> 0
A100: Củ Su Hào | B100: Kg | C100: 40 | D100: 18000 | E100: =C100*D100 -> 720000
A101: Đậu Đỏ | B101: Kg | C101: 0 | E101: =C101*D101 -> 0
...

Sheet 15.11
A1: Tên Sản phẩm | B1: ĐVT | C1: Tồn ĐL | D1: Giá | E1: Thành tiền
A2: Bắp Cải Tím | B2: Kg | C2: 66 | D2: =VLOOKUP(A2,'14.11'!A4:D129,4,) -> 30000 | E2: =+D2*C2 -> 1980000
A3: Bắp Cải Trái Tim | B3: Kg | C3: 128 | D3: =VLOOKUP(A3,'14.11'!A5:D130,4,) -> 15000 | E3: =+D3*C3 -> 1920000
A4: Bắp Cải Trắng | B4: Kg | C4: 477 | D4: =VLOOKUP(A4,'14.11'!A6:D131,4,) -> 11000 | E4: =+D4*C4 -> 5247000
A5: Bí Đao Xanh | B5: Kg | C5: 0
A6: Bí Đao Xanh | B6: Trái | C6: 0
A7: Bí Đỏ Hồ Lô | B7: Kg | C7: 0
A8: Bí Đỏ Tròn | B8: Kg | C8: 0
A9: Bí Ngô Mini | B9: Kg | C9: 0
A10: Bí Ngòi Vàng | B10: Kg | C10: 0
A11: Bí Ngòi Xanh | B11: Kg | C11: 117 | D11: =VLOOKUP(A11,'14.11'!A13:D138,4,) -> 11000 | E11: =+D11*C11 -> 1287000
A12: Bí Ngòi Xanh | B12: Trái | C12: 0
A13: Bí Non Nhật | B13: Kg | C13: 0
A14: Bí Non Nhật | B14: Trái | C14: 0
A15: Bơ Booth | B15: Kg | C15: 0
A16: Bông Cải Trắng | B16: Kg | C16: 25 | D16: 40000 | E16: =+D16*C16 -> 1000000
A17: Bông Cải Xanh 10Cm | B17: Kg | C17: 0
A18: Bông Cải Xanh 7Cm | B18: Kg | C18: 0
A19: Bông Cải Xanh Baby | B19: Kg | C19: 0
A20: Bông Cải Xanh Baby | B20: Vỉ | C20: 0
A21: Cà Chua Beef | B21: Kg | C21: 46 | D21: =VLOOKUP(A21,'14.11'!A23:D148,4,) -> 24000 | E21: =+D21*C21 -> 1104000
A22: Cà Chua Beef | B22: Vỉ | C22: 0
A23: Cà Chua Beef | B23: Vỉ 650gr | C23: 42 | D23: =VLOOKUP(A23,'14.11'!A25:D150,4,) -> 24000 | E23: =+D23*C23 -> 1008000
A24: Cà Chua Beef Trung | B24: Kg | C24: 0
A25: Cà Chua Beef Trung | B25: Vỉ 500gr | C25: 0
A26: Cà Chua Bi Đỏ | B26: Kg | C26: 30 | D26: =VLOOKUP(A26,'14.11'!A28:D153,4,) -> 33000 | E26: =+D26*C26 -> 990000
A27: Cà Chua Bi Đỏ | B27: Hộp 300gr | C27: 79 | D27: =VLOOKUP(A27,'14.11'!A29:D154,4,) -> 33000 | E27: =+D27*C27 -> 2607000
A28: Cà Chua Bi Mix | B28: Hộp | C28: 9 | D28: =VLOOKUP(A28,'14.11'!A30:D155,4,) -> 17000 | E28: =+D28*C28 -> 153000
A29: Cà Chua Bi Mix | B29: Kg | C29: 0
A30: Cà Chua Socola | B30: Kg | C30: 13.5 | D30: =VLOOKUP(A30,'14.11'!A32:D157,4,) -> 45000 | E30: =+D30*C30 -> 607500
A31: Cà Chua Socola | B31: Hộp 300gr | C31: 0
A32: Cà Chua Socola | B32: Hộp 250GR | C32: 0
A33: Cà Chua Thường | B33: Kg | C33: 342 | D33: =VLOOKUP(A33,'14.11'!A35:D160,4,) -> 18000 | E33: =+D33*C33 -> 6156000
A34: Cà Chua Thường | B34: Vỉ | C34: 0
A35: Cà Chua Thường Trung | B35: Túi | C35: 200 | D35: 16000 | E35: =+D35*C35 -> 3200000
A36: Cà Rốt | B36: Kg | C36: 144 | D36: 15000 | E36: =+D36*C36 -> 2160000
A37: Cà Rốt | B37: Túi | C37: 0
A38: Cà Rốt Baby | B38: Kg | C38: 0
A39: Cà Rốt Baby | B39: Vỉ | C39: 0
A40: Cà Tím | B40: Kg | C40: 60 | D40: =VLOOKUP(A40,'14.11'!A42:D167,4,) -> 9000 | E40: =+D40*C40 -> 540000
A41: Cà Tím | B41: Cặp | C41: 0
A42: Cải Bẹ Dún T.C | B42: Túi | C42: 0
A43: Cải Bó Xôi | B43: Kg | C43: 0
A44: Cải Bó Xôi | B44: Túi | C44: 72 | D44: =36000*0.3 -> 10800 | E44: =+D44*C44 -> 777600
A45: Cải Cầu Vồng | B45: Kg | C45: 0
A46: Cải Cầu Vồng | B46: Túi | C46: 0
A47: Cải Kale | B47: Kg | C47: 0
A48: Cải Kale | B48: Túi | C48: 0
A49: Cải Kale | B49: Túi 150gr | C49: 0
A50: Cải Thảo | B50: Kg | C50: 4380 | D50: =VLOOKUP(A50,'14.11'!A52:D177,4,) -> 7500 | E50: =+D50*C50 -> 32850000
A51: Cải Thảo Hỏa Tiễn | B51: Kg | C51: 0
A52: Cải Thìa | B52: Kg | C52: 0
A53: Cần Tây | B53: Cây | C53: 0
A54: Cần Tây | B54: Kg | C54: 155 | D54: 11000 | E54: =+D54*C54 -> 1705000
A55: Chanh Không Hạt | B55: Kg | C55: 0
A56: Chanh Không Hạt | B56: Vỉ | C56: 0
A57: Chuối Laba | B57: Kg | C57: 70 | D57: =VLOOKUP(A57,'14.11'!A59:D184,4,) -> 13000 | E57: =+D57*C57 -> 910000
A58: Củ Cải Đỏ | B58: Hộp | C58: 0
A59: Củ Cải Trắng | B59: Kg | C59: 110 | D59: 7000 | E59: =+D59*C59 -> 770000
A60: Củ Dền | B60: Kg | C60: 46 | D60: 18000 | E60: =+D60*C60 -> 828000
A61: Củ Dền | B61: Túi | C61: 0
A62: Củ Gừng | B62: Kg | C62: 4 | D62: 45000 | E62: =+D62*C62 -> 180000
A63: Củ Hành Tây | B63: Kg | C63: 0
A64: Củ Hành Tây | B64: Túi 300gr | C64: 0
A65: Củ Hành Tây Tím | B65: Kg | C65: 17 | D65: =VLOOKUP(A65,'14.11'!A67:D192,4,) -> 31000 | E65: =+D65*C65 -> 527000
A66: Củ Hành Tây Tím | B66: Túi | C66: 0
A67: Củ Hành Tây Trung | B67: Kg | C67: 0
A68: Củ Hành Tây Trung | B68: Túi | C68: 1307 | D68: =15000*0.3 -> 4500 | E68: =+D68*C68 -> 5881500
A69: Củ Khoai Lang Mật Size 23 | B69: Kg | C69: 160 | D69: 26000 | E69: =+D69*C69 -> 4160000
A70: Củ Khoai Lang Mật Size 46 | B70: Kg | C70: 280 | D70: 23000 | E70: =+D70*C70 -> 6440000
A71: Củ Khoai Lang Mật Size 46 | B71: Túi | C71: 0
A72: Củ Khoai Lang Mật Size 78 | B72: Kg | C72: 0
A73: Củ Khoai Lang Nhật | B73: Kg | C73: 270 | D73: =VLOOKUP(A73,'14.11'!A75:D200,4,) -> 19000 | E73: =+D73*C73 -> 5130000
A74: Củ Khoai Lang Nhật | B74: Túi | C74: 0
A75: Củ Khoai Mỡ | B75: Kg | C75: 2 | D75: 30000 | E75: =+D75*C75 -> 60000
A76: Củ Khoai Sâm | B76: Kg | C76: 0
A77: Củ Khoai Tây Bi Vàng | B77: Túi | C77: 0
A78: Củ Khoai Tây Vàng | B78: Kg | C78: 330 | D78: =VLOOKUP(A78,'14.11'!A80:D205,4,) -> 15000 | E78: =+D78*C78 -> 4950000
A79: Củ Khoai Tây Vàng | B79: Túi | C79: 0
A80: Củ Khoai Tây Vàng Trung | B80: Kg | C80: 55 | D80: 12000 | E80: =+D80*C80 -> 660000
A81: Củ Khoai Tây Vàng Trung | B81: Túi | C81: 0
A82: Củ Su Hào | B82: Kg | C82: 77 | D82: =VLOOKUP(A82,'14.11'!A84:D209,4,) -> 18000 | E82: =+D82*C82 -> 1386000
A83: Đậu Cove Nhật | B83: Kg | C83: 0
A84: Đậu Cove Nhật | B84: Túi | C84: 55 | D84: 6000 | E84: =+D84*C84 -> 330000
A85: Đậu Cove Trắng | B85: Kg | C85: 0
A86: Đậu Cove Trắng | B86: Túi 300gr | C86: 0
A87: Đậu Cove Trắng | B87: Túi 500gr | C87: 45 | D87: 10000 | E87: =+D87*C87 -> 450000
A88: Đậu Đỏ | B88: Kg | C88: 1 | D88: 8000 | E88: =+D88*C88 -> 8000
A89: Đậu Đỏ | B89: Vỉ | C89: 0
A90: Đậu Ngự | B90: Kg | C90: 0.5 | D90: 70000 | E90: =+D90*C90 -> 35000
A91: Đậu Trắng | B91: Kg | C91: 3 | D91: 70000 | E91: =+D91*C91 -> 210000
A92: Đậu Tươi Hỗn Hợp Túi 100gr | B92: Túi | C92: 0
A93: Dưa Leo Baby | B93: Kg | C93: 9 | D93: 6000 | E93: =+D93*C93 -> 54000
A94: Dưa Leo Baby | B94: Vỉ | C94: 0
A95: Dưa Leo Nhật | B95: Kg | C95: 7 | D95: 10000 | E95: =+D95*C95 -> 70000
A96: Dưa Leo Nhật | B96: Túi | C96: 0
A97: Dưa Leo Thường | B97: Kg | C97: 78 | D97: 7000 | E97: =+D97*C97 -> 546000
A98: Hành Paro | B98: Cây | C98: 0
A99: Hành Paro | B99: Kg | C99: 65 | D99: 38000 | E99: =+D99*C99 -> 2470000
A100: Hạt Dẻ Ngố | B100: Kg | C100: =1150+2000 -> 3150 | D100: =VLOOKUP(A100,'14.11'!A102:D227,4,) -> 28600 | E100: =+D100*C100 -> 90090000
...

Sheet 16.11
A1: hàng tồn cuối ngày 16/11
A2: Tên Sản phẩm | B2: ĐVT | C2: Tồn ĐL | D2: giá | E2: thành tiền
A3: Bắp Cải Tím | B3: Kg | C3: 12 | D3: 30000 | E3: =C3*D3 -> 360000
A4: Bắp Cải Trái Tim | B4: Kg | C4: 0 | E4: =C4*D4 -> 0
A5: Bắp Cải Trắng | B5: Kg | C5: 370 | D5: 11000 | E5: =C5*D5 -> 4070000
A6: Bí Đao Xanh | B6: Trái | C6: 0 | E6: =C6*D6 -> 0
A7: Bí Đỏ Hồ Lô | B7: Kg | C7: 0 | E7: =C7*D7 -> 0
A8: Bí Đỏ Tròn | B8: Kg | C8: 960 | D8: 5200 | E8: =C8*D8 -> 4992000
A9: Bí Ngô Mini | B9: Kg | C9: 0 | E9: =C9*D9 -> 0
A10: Bí Ngòi Xanh | B10: Kg | C10: 110 | D10: 11000 | E10: =C10*D10 -> 1210000
A11: Bí Ngòi Xanh | B11: Trái | C11: 0 | E11: =C11*D11 -> 0
A12: Bí Non Nhật | B12: Kg | C12: 50 | D12: 12000 | E12: =C12*D12 -> 600000
A13: Bí Non Nhật | B13: Trái | C13: 0 | E13: =C13*D13 -> 0
A14: Bơ Booth | B14: Kg | C14: 0 | E14: =C14*D14 -> 0
A15: Bông Cải Trắng | B15: Kg | C15: 0 | E15: =C15*D15 -> 0
A16: Bông Cải Xanh 10Cm | B16: Kg | C16: 0 | E16: =C16*D16 -> 0
A17: Bông Cải Xanh 7Cm | B17: Kg | C17: 0 | E17: =C17*D17 -> 0
A18: Bông Cải Xanh Baby | B18: Vỉ | C18: 0 | E18: =C18*D18 -> 0
A19: Cà Chua Beef | B19: Kg | C19: 242 | D19: 24000 | E19: =C19*D19 -> 5808000
A20: Cà Chua Beef | B20: Vỉ | C20: 0 | E20: =C20*D20 -> 0
A21: Cà Chua Beef | B21: Vỉ 650gr | C21: 0 | E21: =C21*D21 -> 0
A22: Cà Chua Beef 500Gr | B22: Vỉ | C22: 0 | E22: =C22*D22 -> 0
A23: Cà Chua Beef Trung | B23: Kg | C23: 0 | E23: =C23*D23 -> 0
A24: Cà Chua Beef Trung | B24: Vỉ 500gr | C24: 80 | D24: 10500 | E24: =C24*D24 -> 840000
A25: Cà Chua Bi Đỏ | B25: Kg | C25: 30 | D25: 33000 | E25: =C25*D25 -> 990000
A26: Cà Chua Bi Đỏ | B26: Hộp 300gr | C26: 110 | D26: 9900 | E26: =C26*D26 -> 1089000
A27: Cà Chua Bi Mix | B27: Hộp | C27: 0 | E27: =C27*D27 -> 0
A28: Cà Chua Socola | B28: Kg | C28: 11 | D28: 44000 | E28: =C28*D28 -> 484000
A29: Cà Chua Socola | B29: Hộp 300gr | C29: 0 | E29: =C29*D29 -> 0
A30: Cà Chua Socola | B30: Hộp 250GR | C30: 0 | E30: =C30*D30 -> 0
A31: Cà Chua Thường | B31: Kg | C31: 280 | D31: 18000 | E31: =C31*D31 -> 5040000
A32: Cà Chua Thường | B32: Vỉ | C32: 0 | E32: =C32*D32 -> 0
A33: Cà Chua Thường Trung | B33: Túi | C33: 60 | D33: 15000 | E33: =C33*D33 -> 900000
A34: Cà Rốt | B34: Kg | C34: 240 | D34: 15000 | E34: =C34*D34 -> 3600000
A35: Cà Rốt | B35: Túi | C35: 0 | E35: =C35*D35 -> 0
A36: Cà Rốt Baby | B36: Vỉ | C36: 0 | E36: =C36*D36 -> 0
A37: Cà Tím | B37: Kg | C37: 130 | D37: 10000 | E37: =C37*D37 -> 1300000
A38: Cà Tím | B38: Cặp | C38: 0 | E38: =C38*D38 -> 0
A39: Cải Bó Xôi | B39: Kg | C39: 0 | E39: =C39*D39 -> 0
A40: Cải Bó Xôi | B40: Túi | C40: 0 | E40: =C40*D40 -> 0
A41: Cải Cầu Vồng | B41: Túi | C41: 0 | E41: =C41*D41 -> 0
A42: Cải Kale | B42: Túi | C42: 0 | E42: =C42*D42 -> 0
A43: Cải Kale | B43: Túi 150gr | C43: 0 | E43: =C43*D43 -> 0
A44: Cải Thảo | B44: Kg | C44: 3310 | D44: 7500 | E44: =C44*D44 -> 24825000
A45: Cải Thảo Hỏa Tiễn | B45: Kg | C45: 0 | E45: =C45*D45 -> 0
A46: Cần Tây | B46: Cây | C46: 0 | E46: =C46*D46 -> 0
A47: Cần Tây | B47: Kg | C47: 110 | D47: 10000 | E47: =C47*D47 -> 1100000
A48: Chanh Không Hạt | B48: Vỉ | C48: 0 | E48: =C48*D48 -> 0
A49: Chuối Laba | B49: Kg | C49: 0 | E49: =C49*D49 -> 0
A50: Củ Cải Đỏ | B50: Hộp | C50: 0 | E50: =C50*D50 -> 0
A51: Củ Cải Trắng | B51: Kg | C51: 0 | E51: =C51*D51 -> 0
A52: Củ Dền | B52: Kg | C52: 20 | D52: 18000 | E52: =C52*D52 -> 360000
A53: Củ Dền | B53: Túi | C53: 0 | E53: =C53*D53 -> 0
A54: Củ Gừng | B54: Kg | C54: 0 | E54: =C54*D54 -> 0
A55: Củ Hành Tây | B55: Kg | C55: 0 | E55: =C55*D55 -> 0
A56: Củ Hành Tây | B56: Túi 300gr | C56: 0 | E56: =C56*D56 -> 0
A57: Củ Hành Tây Tím | B57: Kg | C57: 4 | D57: 20000 | E57: =C57*D57 -> 80000
A58: Củ Hành Tây Trung | B58: Túi | C58: 1118 | D58: 4500 | E58: =C58*D58 -> 5031000
A59: Củ Khoai Lang Mật Size 23 | B59: Kg | C59: 570 | D59: 23000 | E59: =C59*D59 -> 13110000
A60: Củ Khoai Lang Mật Size 46 | B60: Kg | C60: 70 | D60: 23000 | E60: =C60*D60 -> 1610000
A61: Củ Khoai Lang Mật Size 46 | B61: Túi | C61: 0 | E61: =C61*D61 -> 0
A62: Củ Khoai Lang Nhật | B62: Kg | C62: 270 | D62: 19000 | E62: =C62*D62 -> 5130000
A63: Củ Khoai Mỡ | B63: Kg | C63: 3 | D63: 26000 | E63: =C63*D63 -> 78000
A64: Củ Khoai Sâm | B64: Kg | C64: 0 | E64: =C64*D64 -> 0
A65: Củ Khoai Tây Bi Vàng | B65: Túi | C65: 0 | E65: =C65*D65 -> 0
A66: Củ Khoai Tây Vàng | B66: Kg | C66: 380 | D66: 15000 | E66: =C66*D66 -> 5700000
A67: Củ Khoai Tây Vàng | B67: Túi | C67: 0 | E67: =C67*D67 -> 0
A68: Củ Khoai Tây Vàng Trung | B68: Túi | C68: 110 | D68: 6000 | E68: =C68*D68 -> 660000
A69: Củ Su Hào | B69: Kg | C69: 40 | D69: 18000 | E69: =C69*D69 -> 720000
A70: Đậu Cove Nhật | B70: Túi | C70: 40 | D70: 6000 | E70: =C70*D70 -> 240000
A71: Đậu Cove Trắng | B71: Kg | C71: 0 | E71: =C71*D71 -> 0
A72: Đậu Cove Trắng | B72: Túi 300gr | C72: 0 | E72: =C72*D72 -> 0
A73: Đậu Cove Trắng | B73: Túi 500gr | C73: 0 | E73: =C73*D73 -> 0
A74: Đậu Đỏ | B74: Kg | C74: 0.5 | D74: 80000 | E74: =C74*D74 -> 40000
A75: Đậu Ngự | B75: Kg | C75: 0.5 | D75: 70000 | E75: =C75*D75 -> 35000
A76: Đậu Trắng | B76: Kg | C76: 0.5 | D76: 70000 | E76: =C76*D76 -> 35000
A77: Dưa Leo Baby | B77: Kg | C77: 0 | E77: =C77*D77 -> 0
A78: Dưa Leo Baby | B78: Vỉ | C78: 0 | E78: =C78*D78 -> 0
A79: Dưa Leo Nhật | B79: Kg | C79: 0 | E79: =C79*D79 -> 0
A80: Dưa Leo Thường | B80: Kg | C80: 50 | D80: 5000 | E80: =C80*D80 -> 250000 | F80: tiên 3. hồng 7
A81: Hành Paro | B81: Cây | C81: 0 | E81: =C81*D81 -> 0
A82: Hành Paro | B82: Kg | C82: 15 | D82: 38000 | E82: =C82*D82 -> 570000
A83: Hạt Dẻ Ngố | B83: Kg | C83: 1840 | D83: 28600 | E83: =C83*D83 -> 52624000
A84: Hồng Giòn Đà Lạt | B84: Kg | C84: 0 | E84: =C84*D84 -> 0
A85: Hồng Treo Gió | B85: Hộp | C85: 15 | D85: 10000 | E85: =C85*D85 -> 150000
A86: Lá É | B86: Gói | C86: 0 | E86: =C86*D86 -> 0
A87: Lá Hương Thảo | B87: Túi | C87: 0 | E87: =C87*D87 -> 0
A88: Lá Mè | B88: Túi | C88: 0 | E88: =C88*D88 -> 0
A89: Lá Nha Đam | B89: Kg | C89: 4 | D89: 15000 | E89: =C89*D89 -> 60000
A90: Măng Tây | B90: Bó | C90: 0 | E90: =C90*D90 -> 0
A91: Ớt Chuông Ba Màu | B91: Vỉ | C91: 0 | E91: =C91*D91 -> 0
A92: Ớt Chuông Baby | B92: Hộp | C92: 0 | E92: =C92*D92 -> 0
A93: Ớt Chuông Baby | B93: Kg | C93: 0 | E93: =C93*D93 -> 0
A94: Ớt Chuông Đỏ | B94: Kg | C94: 90 | D94: 37000 | E94: =C94*D94 -> 3330000
A95: Ớt Chuông Đỏ | B95: Trái | C95: 0 | E95: =C95*D95 -> 0
A96: Ớt Chuông Vàng | B96: Kg | C96: 85 | D96: 17000 | E96: =C96*D96 -> 1445000
A97: Ớt Chuông Vàng | B97: Trái | C97: 0 | E97: =C97*D97 -> 0
A98: Ớt Chuông Xanh | B98: Kg | C98: 0 | E98: =C98*D98 -> 0
A99: Ớt Chuông Xanh | B99: Trái | C99: 0 | E99: =C99*D99 -> 0
A100: Ớt Sweet Palemo | B100: Túi | C100: 110 | D100: 22000 | E100: =C100*D100 -> 2420000
...

Sheet 17.11
A1: hàng tồn cuối ngày 17/11 vr
A2: Tên Sản phẩm | B2: ĐVT | C2: Tồn ĐL | D2: giá | E2: thành tiền
A3: Bắp Cải Tím | B3: Kg | C3: 56 | D3: 30000 | E3: =C3*D3 -> 1680000
A4: Bắp Cải Trái Tim | B4: Kg | C4: 115 | D4: 17000 | E4: =C4*D4 -> 1955000
A5: Bắp Cải Trắng | B5: Kg | C5: 949 | D5: 11000 | E5: =C5*D5 -> 10439000
A6: Bí Đao Xanh | B6: Kg | C6: 0 | E6: =C6*D6 -> 0
A7: Bí Đao Xanh | B7: Trái | C7: 0 | E7: =C7*D7 -> 0
A8: Bí Đỏ Hồ Lô | B8: Kg | C8: 10 | D8: 13000 | E8: =C8*D8 -> 130000
A9: Bí Đỏ Tròn | B9: Kg | C9: 530 | D9: 5300 | E9: =C9*D9 -> 2809000
A10: Bí Ngòi Vàng | B10: Kg | C10: 0 | E10: =C10*D10 -> 0
A11: Bí Ngòi Xanh | B11: Kg | C11: 150 | D11: 10000 | E11: =C11*D11 -> 1500000
A12: Bí Ngòi Xanh | B12: Trái | C12: 0 | E12: =C12*D12 -> 0
A13: Bí Non Nhật | B13: Kg | C13: 143 | D13: 11000 | E13: =C13*D13 -> 1573000
A14: Bí Non Nhật | B14: Trái | C14: 0 | E14: =C14*D14 -> 0
A15: Bơ Booth | B15: Kg | C15: 0 | E15: =C15*D15 -> 0
A16: Bông Cải Trắng | B16: Kg | C16: 0 | E16: =C16*D16 -> 0
A17: Bông Cải Xanh 10Cm | B17: Kg | C17: 12 | D17: 33000 | E17: =C17*D17 -> 396000
A18: Bông Cải Xanh 7Cm | B18: Kg | C18: 0 | E18: =C18*D18 -> 0
A19: Bông Cải Xanh Baby | B19: Kg | C19: 0 | E19: =C19*D19 -> 0
A20: Bông Cải Xanh Baby | B20: Vỉ | C20: 0 | E20: =C20*D20 -> 0
A21: Cà Chua Beef | B21: Kg | C21: 773 | D21: 24000 | E21: =C21*D21 -> 18552000
A22: Cà Chua Beef | B22: Vỉ | C22: 0 | E22: =C22*D22 -> 0
A23: Cà Chua Beef | B23: Vỉ 650gr | C23: 0 | E23: =C23*D23 -> 0
A24: Cà Chua Beef Trung | B24: Kg | C24: 0 | E24: =C24*D24 -> 0
A25: Cà Chua Beef Trung | B25: Vỉ 500gr | C25: 114 | D25: 10500 | E25: =C25*D25 -> 1197000
A26: Cà Chua Bi Đỏ | B26: Hộp 500gr | C26: 19 | D26: 16500 | E26: =C26*D26 -> 313500
A27: Cà Chua Bi Đỏ | B27: Hộp 300gr | C27: 87 | D27: 9900 | E27: =C27*D27 -> 861300
A28: Cà Chua Bi Mix | B28: Hộp | C28: 10 | D28: 15000 | E28: =C28*D28 -> 150000
A29: Cà Chua Socola | B29: Kg | C29: 10.5 | D29: 34000 | E29: =C29*D29 -> 357000
A30: Cà Chua Socola | B30: Hộp 300gr | C30: 0 | E30: =C30*D30 -> 0
A31: Cà Chua Socola | B31: Hộp 250GR | C31: 0 | E31: =C31*D31 -> 0
A32: Cà Chua Thường | B32: Kg | C32: 620 | D32: 15500 | E32: =C32*D32 -> 9610000
A33: Cà Chua Thường | B33: Vỉ | C33: 0 | E33: =C33*D33 -> 0
A34: Cà Chua Thường Trung | B34: Túi | C34: 0 | E34: =C34*D34 -> 0
A35: Cà Rốt | B35: Kg | C35: 20 | D35: 15000 | E35: =C35*D35 -> 300000
A36: Cà Rốt | B36: Túi | C36: 0 | E36: =C36*D36 -> 0
A37: Cà Rốt Baby | B37: Kg | C37: 0 | E37: =C37*D37 -> 0
A38: Cà Rốt Baby | B38: Vỉ | C38: 0 | E38: =C38*D38 -> 0
A39: Cà Rốt Trung | B39: Kg | C39: 0 | E39: =C39*D39 -> 0
A40: Cà Tím | B40: Kg | C40: 118 | D40: 10000 | E40: =C40*D40 -> 1180000
A41: Cà Tím | B41: Cặp | C41: 0 | E41: =C41*D41 -> 0
A42: Cà Tím Sọc Pha Lê | B42: Hộp | C42: 0 | E42: =C42*D42 -> 0
A43: Cải Bẹ Dún T.C | B43: Túi | C43: 0 | E43: =C43*D43 -> 0
A44: Cải Bó Xôi | B44: Kg | C44: 0 | E44: =C44*D44 -> 0
A45: Cải Bó Xôi | B45: Túi | C45: 14 | D45: 12000 | E45: =C45*D45 -> 168000
A46: Cải Cầu Vồng | B46: Kg | C46: 0 | E46: =C46*D46 -> 0
A47: Cải Cầu Vồng | B47: Túi | C47: 0 | E47: =C47*D47 -> 0
A48: Cải Kale | B48: Kg | C48: 0 | E48: =C48*D48 -> 0
A49: Cải Kale | B49: Túi | C49: 0 | E49: =C49*D49 -> 0
A50: Cải Kale | B50: Túi 150gr | C50: 0 | E50: =C50*D50 -> 0
A51: Cải Ngọt | B51: Túi | C51: 0 | E51: =C51*D51 -> 0
A52: Cải Thảo | B52: Kg | C52: 1190 | D52: 7500 | E52: =C52*D52 -> 8925000
A53: Cần Tây | B53: Cây | C53: 0 | E53: =C53*D53 -> 0
A54: Cần Tây | B54: Kg | C54: 180 | D54: 10000 | E54: =C54*D54 -> 1800000
A55: Chanh Không Hạt | B55: Vỉ | C55: 0 | E55: =C55*D55 -> 0
A56: Chuối Laba | B56: Kg | C56: 0 | E56: =C56*D56 -> 0
A57: Củ Cải Đỏ | B57: Hộp | C57: 13 | D57: 14000 | E57: =C57*D57 -> 182000
A58: Củ Cải Trắng | B58: Kg | C58: 115 | D58: 6500 | E58: =C58*D58 -> 747500
A59: Củ Dền | B59: Kg | C59: 67 | D59: 18000 | E59: =C59*D59 -> 1206000
A60: Củ Dền | B60: Túi | C60: 0 | E60: =C60*D60 -> 0
A61: Củ Gừng | B61: Kg | C61: 0 | E61: =C61*D61 -> 0
A62: Củ Hành Tây | B62: Kg | C62: 227 | D62: 21000 | E62: =C62*D62 -> 4767000
A63: Củ Hành Tây | B63: Túi 300gr | C63: 0 | E63: =C63*D63 -> 0
A64: Củ Hành Tây Tím | B64: Kg | C64: 5 | D64: 20000 | E64: =C64*D64 -> 100000
A65: Củ Hành Tây Tím | B65: Túi | C65: 0 | E65: =C65*D65 -> 0
A66: Củ Hành Tây Trung | B66: Túi | C66: 1408 | D66: 4500 | E66: =C66*D66 -> 6336000
A67: Củ Khoai Lang Mật Size 23 | B67: Kg | C67: 790 | D67: 25000 | E67: =C67*D67 -> 19750000
A68: Củ Khoai Lang Mật Size 46 | B68: Kg | C68: 983 | D68: 25000 | E68: =C68*D68 -> 24575000
A69: Củ Khoai Lang Mật Size 46 | B69: Túi | C69: 0 | E69: =C69*D69 -> 0
A70: Củ Khoai Lang Nhật | B70: Kg | C70: 260 | D70: 18000 | E70: =C70*D70 -> 4680000
A71: Củ Khoai Lang Nhật | B71: Túi | C71: 0 | E71: =C71*D71 -> 0
A72: Củ Khoai Mỡ | B72: Kg | C72: 3 | D72: 26000 | E72: =C72*D72 -> 78000
A73: Củ Khoai Sâm | B73: Kg | C73: 0 | E73: =C73*D73 -> 0
A74: Củ Khoai Tây Bi Vàng | B74: Túi | C74: 0 | E74: =C74*D74 -> 0
A75: Củ Khoai Tây Hồng | B75: Kg | C75: 0 | E75: =C75*D75 -> 0
A76: Củ Khoai Tây Vàng | B76: Kg | C76: 50 | D76: 15000 | E76: =C76*D76 -> 750000
A77: Củ Khoai Tây Vàng | B77: Túi | C77: 0 | E77: =C77*D77 -> 0
A78: Củ Khoai Tây Vàng Trung | B78: Túi | C78: 220 | D78: 6000 | E78: =C78*D78 -> 1320000
A79: Củ Su Hào | B79: Kg | C79: 100 | D79: 18000 | E79: =C79*D79 -> 1800000
A80: Đậu Cove Nhật | B80: Túi | C80: 0 | E80: =C80*D80 -> 0
A81: Đậu Cove Trắng | B81: Kg | C81: 0 | E81: =C81*D81 -> 0
A82: Đậu Cove Trắng | B82: Túi 300gr | C82: 0 | E82: =C82*D82 -> 0
A83: Đậu Cove Trắng | B83: Túi 500gr | C83: 20 | D83: 10000 | E83: =C83*D83 -> 200000
A84: Đậu Đỏ | B84: Kg | C84: 0 | E84: =C84*D84 -> 0
A85: Đậu Đỏ | B85: Vỉ | C85: 0 | E85: =C85*D85 -> 0
A86: Đậu Hà Lan Trái | B86: Kg | C86: 0 | E86: =C86*D86 -> 0
A87: Đậu Ngự | B87: Kg | C87: 0 | E87: =C87*D87 -> 0
A88: Đậu Trắng | B88: Kg | C88: 0 | E88: =C88*D88 -> 0
A89: Đậu Tươi Hỗn Hợp Túi 100gr | B89: Túi | C89: 0 | E89: =C89*D89 -> 0
A90: Dưa Leo Baby | B90: Kg | C90: 28 | D90: 7000 | E90: =C90*D90 -> 196000
A91: Dưa Leo Baby | B91: Vỉ | C91: 794 | D91: 5000 | E91: =C91*D91 -> 3970000
A92: Dưa Leo Nhật | B92: Kg | C92: 0 | E92: =C92*D92 -> 0
A93: Dưa Leo Nhật | B93: Túi | C93: 0 | E93: =C93*D93 -> 0
A94: Dưa Leo Thường | B94: Kg | C94: 22 | D94: 5000 | E94: =C94*D94 -> 110000
A95: Hành Paro | B95: Cây | C95: 0 | E95: =C95*D95 -> 0
A96: Hành Paro | B96: Kg | C96: 50 | D96: 38000 | E96: =C96*D96 -> 1900000
A97: Hạt Dẻ Ngố | B97: Kg | C97: 1500 | D97: 28600 | E97: =C97*D97 -> 42900000
A98: Hồng Giòn Đà Lạt | B98: Kg | C98: 0 | E98: =C98*D98 -> 0
A99: Hồng Treo Gió | B99: Hộp | C99: 21 | D99: 100000 | E99: =C99*D99 -> 2100000
A100: Lá É | B100: Gói | C100: 0 | E100: =C100*D100 -> 0
...

Sheet 18.11
A2: hàng tồn cuối ngày 18/11 vr
A3: Tên Sản phẩm | B3: ĐVT | C3: Tồn ĐL | D3: giá | E3: thành tiền
A4: Cà Rốt | B4: Kg | C4: 390 | D4: 14000 | E4: =C4*D4 -> 5460000
A5: Cà Rốt | B5: Túi | C5: 0 | E5: =C5*D5 -> 0
A6: Cà Rốt Baby | B6: Vỉ | C6: 4 | D6: 11000 | E6: =C6*D6 -> 44000
A7: Củ Cải Đỏ | B7: Hộp | C7: 0 | E7: =C7*D7 -> 0
A8: Củ Dền | B8: Kg | C8: 78 | D8: 18000 | E8: =C8*D8 -> 1404000
A9: Củ Dền | B9: Túi | C9: 0 | E9: =C9*D9 -> 0
A10: Củ Hành Tây | B10: Kg | C10: 20 | D10: 21000 | E10: =C10*D10 -> 420000
A11: Củ Hành Tây | B11: Túi 300gr | C11: 0 | E11: =C11*D11 -> 0
A12: Củ Hành Tây Trung | B12: Túi | C12: 1387 | D12: 4500 | E12: =C12*D12 -> 6241500
A13: Củ Khoai Lang Mật Size 46 | B13: Kg | C13: 759 | D13: 25000 | E13: =C13*D13 -> 18975000
A14: Củ Khoai Lang Nhật | B14: Kg | C14: 160 | D14: 19000 | E14: =C14*D14 -> 3040000
A15: Củ Khoai Tây Vàng | B15: Kg | C15: 250 | D15: 15000 | E15: =C15*D15 -> 3750000
A16: Củ Khoai Tây Vàng | B16: Túi | C16: 0 | E16: =C16*D16 -> 0
A17: Bông Cải Xanh Baby | B17: Vỉ | C17: 0 | E17: =C17*D17 -> 0
A18: Bắp Cải Trắng | B18: Kg | C18: 404 | D18: 13500 | E18: =C18*D18 -> 5454000
A19: Cải Bó Xôi | B19: Kg | C19: 0 | E19: =C19*D19 -> 0
A20: Cải Bó Xôi | B20: Túi | C20: 0 | E20: =C20*D20 -> 0
A21: Cải Kale | B21: Túi | C21: 0 | E21: =C21*D21 -> 0
A22: Cải Thảo | B22: Kg | C22: 850 | D22: 7500 | E22: =C22*D22 -> 6375000
A23: Cần Tây | B23: Cây | C23: 0 | E23: =C23*D23 -> 0
A24: Cần Tây | B24: Kg | C24: 188 | D24: 14000 | E24: =C24*D24 -> 2632000
A25: Xà Lách Lolo Xanh T.C | B25: Kg | C25: 70 | D25: 28000 | E25: =C25*D25 -> 1960000
A26: Bí Đỏ Tròn | B26: Kg | C26: 260 | D26: 5300 | E26: =C26*D26 -> 1378000
A27: Bí Ngòi Xanh | B27: Kg | C27: 300 | D27: 10000 | E27: =C27*D27 -> 3000000
A28: Bí Ngòi Xanh | B28: Trái | C28: 0 | E28: =C28*D28 -> 0
A29: Bí Non Nhật | B29: Kg | C29: 51 | D29: 10000 | E29: =C29*D29 -> 510000
A30: Bí Non Nhật | B30: Trái | C30: 0 | E30: =C30*D30 -> 0
A31: Cà Chua Beef | B31: Kg | C31: 127 | D31: 21000 | E31: =C31*D31 -> 2667000
A32: Cà Chua Beef | B32: Vỉ 650gr | C32: 0 | E32: =C32*D32 -> 0
A33: Cà Chua Thường | B33: Kg | C33: 520 | D33: 15500 | E33: =C33*D33 -> 8060000
A34: Cà Chua Thường | B34: Vỉ | C34: 0 | E34: =C34*D34 -> 0
A35: Cà Chua Thường Trung | B35: Túi | C35: 60 | D35: 12000 | E35: =C35*D35 -> 720000
A36: Dưa Leo Baby | B36: Kg | C36: 0 | E36: =C36*D36 -> 0
A37: Dưa Leo Baby | B37: Vỉ | C37: 892 | D37: 5000 | E37: =C37*D37 -> 4460000
A38: Dưa Leo Thường | B38: Kg | C38: 18 | D38: 5000 | E38: =C38*D38 -> 90000
A39: Ớt Chuông Đỏ | B39: Kg | C39: 10 | D39: 37000 | E39: =C39*D39 -> 370000
A40: Ớt Chuông Đỏ | B40: Trái | C40: 0 | E40: =C40*D40 -> 0
A41: Ớt Chuông Vàng | B41: Kg | C41: 83 | D41: 16000 | E41: =C41*D41 -> 1328000
A42: Ớt Chuông Vàng | B42: Trái | C42: 0 | E42: =C42*D42 -> 0
A43: Ớt Chuông Xanh | B43: Kg | C43: 40 | D43: 26000 | E43: =C43*D43 -> 1040000
A44: Ớt Chuông Xanh | B44: Trái | C44: 0 | E44: =C44*D44 -> 0
A45: Bơ Booth | B45: Kg | C45: 0 | E45: =C45*D45 -> 0
A46: Ớt Chuông Ba Màu | B46: Vỉ | C46: 0 | E46: =C46*D46 -> 0
A47: Củ Khoai Lang Mật Size 23 | B47: Kg | C47: 640 | D47: 25000 | E47: =C47*D47 -> 16000000
A48: Cà Chua Bi Đỏ | B48: Kg | C48: 30 | D48: 35000 | E48: =C48*D48 -> 1050000
A49: Cà Chua Bi Đỏ | B49: Hộp 300gr | C49: 113 | D49: 10500 | E49: =C49*D49 -> 1186500
A50: Cà Chua Bi Đỏ | B50: Hộp 500gr | C50: 0 | E50: =C50*D50 -> 0
A51: Củ Khoai Sâm | B51: Kg | C51: 0 | E51: =C51*D51 -> 0
A52: Hạt Dẻ Ngố | B52: Kg | C52: 1500 | D52: 28600 | E52: =C52*D52 -> 42900000
A53: Cà Chua Beef Trung | B53: Kg | C53: 160 | D53: 15000 | E53: =C53*D53 -> 2400000
A54: Cà Chua Beef Trung | B54: Vỉ 500gr | C54: 0 | E54: =C54*D54 -> 0
A55: Ớt Sweet Palemo | B55: Kg | C55: 20 | D55: 60000 | E55: =C55*D55 -> 1200000
A56: Ớt Sweet Palemo | B56: Túi | C56: 95 | D56: 22000 | E56: =C56*D56 -> 2090000
A57: Cà Chua Socola | B57: Kg | C57: 12 | D57: 44000 | E57: =C57*D57 -> 528000
A58: Cà Chua Socola | B58: Hộp 250GR | C58: 0 | E58: =C58*D58 -> 0
A59: Đậu Cove Trắng | B59: Kg | C59: 0 | E59: =C59*D59 -> 0
A60: Đậu Cove Trắng | B60: Túi 500gr | C60: 65 | D60: 10000 | E60: =C60*D60 -> 650000
A61: Hành Paro | B61: Cây | C61: 0 | E61: =C61*D61 -> 0
A62: Hành Paro | B62: Kg | C62: 15 | D62: 38000 | E62: =C62*D62 -> 570000
A63: Lá Mè | B63: Túi | C63: 0 | E63: =C63*D63 -> 0
A64: Bắp Cải Trái Tim | B64: Kg | C64: 84 | D64: 17000 | E64: =C64*D64 -> 1428000
A65: Củ Cải Trắng | B65: Kg | C65: 0 | E65: =C65*D65 -> 0
A66: Dưa Leo Nhật | B66: Kg | C66: 7 | D66: 10000 | E66: =C66*D66 -> 70000
A67: Xà Lách Lolo Xanh | B67: Kg | C67: 0 | E67: =C67*D67 -> 0
A68: Ớt Chuông Baby | B68: Hộp | C68: 0 | E68: =C68*D68 -> 0
A69: Củ Su Hào | B69: Kg | C69: 0 | E69: =C69*D69 -> 0
A70: Trái Su Su | B70: Kg | C70: 126 | D70: 10500 | E70: =C70*D70 -> 1323000
A71: Đậu Đỏ | B71: Kg | C71: 4.8 | D71: 80000 | E71: =C71*D71 -> 384000
A72: Cà Tím | B72: Cặp | C72: 0 | E72: =C72*D72 -> 0
A73: Bông Cải Trắng | B73: Kg | C73: 22 | D73: 27000 | E73: =C73*D73 -> 594000
A74: Bông Cải Xanh 10Cm | B74: Kg | C74: 34 | D74: 33000 | E74: =C74*D74 -> 1122000
A75: Lá Nha Đam | B75: Kg | C75: 12 | D75: 14000 | E75: =C75*D75 -> 168000
A76: Củ Gừng | B76: Kg | C76: 0 | E76: =C76*D76 -> 0
A77: Xà Lách Thủy Tinh T.C | B77: Kg | C77: 0 | E77: =C77*D77 -> 0
A78: Xà Lách Mỡ T.C | B78: Kg | C78: 0 | E78: =C78*D78 -> 0
A79: Đậu Ngự | B79: Kg | C79: 3 | D79: 70000 | E79: =C79*D79 -> 210000
A80: Cải Cầu Vồng | B80: Túi | C80: 5 | D80: 7000 | E80: =C80*D80 -> 35000
A81: Hồng Giòn Đà Lạt | B81: Kg | C81: 23 | D81: 28000 | E81: =C81*D81 -> 644000
A82: Chuối Laba | B82: Kg | C82: 0 | E82: =C82*D82 -> 0
A83: Bắp Cải Tím | B83: Kg | C83: 34 | D83: 30000 | E83: =C83*D83 -> 1020000
A84: Cà Chua Bi Mix | B84: Hộp | C84: 6 | D84: 17000 | E84: =C84*D84 -> 102000
A85: Xà Lách Mỡ T.C Cây | B85: Cây | C85: 28 | D85: 6800 | E85: =C85*D85 -> 190400
A86: Xà Lách Lolo Xanh T.C Cây | B86: Cây | C86: 0 | E86: =C86*D86 -> 0
A87: Bông Cải Xanh 7Cm | B87: Kg | C87: 17 | D87: 39000 | E87: =C87*D87 -> 663000
A88: Trái Mâm Xôi | B88: Hộp | C88: 0 | E88: =C88*D88 -> 0
A89: Xà Lách Thủy Tinh T.C Cây | B89: Cây | C89: 0 | E89: =C89*D89 -> 0
A90: Xà Lách Romaine T.C | B90: Kg | C90: 0 | E90: =C90*D90 -> 0
A91: Rau Bầu Đất | B91: Túi | C91: 0 | E91: =C91*D91 -> 0
A92: Trái Khổ Qua | B92: Kg | C92: 0 | E92: =C92*D92 -> 0
A93: Củ Khoai Tây Bi Vàng | B93: Túi | C93: 0 | E93: =C93*D93 -> 0
A94: Bí Đỏ Hồ Lô | B94: Kg | C94: 10 | D94: 13000 | E94: =C94*D94 -> 130000
A95: Cải Thảo Hỏa Tiễn | B95: Kg | C95: 17 | D95: 16000 | E95: =C95*D95 -> 272000
A96: Củ Khoai Mỡ | B96: Kg | C96: 5 | D96: 30000 | E96: =C96*D96 -> 150000
A97: Củ Khoai Tây Vàng Trung | B97: Túi | C97: 150 | D97: 6000 | E97: =C97*D97 -> 900000
A98: Ớt Chuông Đỏ Trung | B98: Kg | C98: 60 | D98: 32000 | E98: =C98*D98 -> 1920000
A99: Ớt Chuông Xanh Trung | B99: Kg | C99: 10 | D99: 21000 | E99: =C99*D99 -> 210000
A100: Trái Bầu | B100: Kg | C100: 3.5 | D100: 12000 | E100: =C100*D100 -> 42000
A101: socola 300gr | B101: hôp | C101: 60 | D101: 13000 | E101: =C101*D101 -> 780000
...

Sheet 19.11
A2: hàng tồn cuối ngày 19/11 vr
A3: Tên Sản phẩm | B3: ĐVT | C3: Tồn ĐL | D3: giá nhập | E3: thành tiền
A4: Cà Rốt | B4: Kg | C4: 230 | D4: 14000 | E4: =C4*D4 -> 3220000
A5: Cà Rốt | B5: Túi | C5: 0 | E5: =C5*D5 -> 0
A6: Cà Rốt Baby | B6: Kg | E6: =C6*D6 -> 0
A7: Cà Rốt Baby | B7: Vỉ | C7: 24 | D7: 11000 | E7: =C7*D7 -> 264000
A8: Củ Cải Đỏ | B8: Hộp | C8: 0 | E8: =C8*D8 -> 0
A9: Củ Cải Đỏ | B9: Kg | C9: 0 | E9: =C9*D9 -> 0
A10: Củ Dền | B10: Kg | C10: 30 | D10: 18000 | E10: =C10*D10 -> 540000
A11: Củ Dền | B11: Túi | C11: 0 | E11: =C11*D11 -> 0
A12: Củ Hành Tây | B12: Kg | C12: 1615 | D12: 22000 | E12: =C12*D12 -> 35530000
A13: Củ Hành Tây | B13: Túi 300gr | C13: 0 | E13: =C13*D13 -> 0
A14: Củ Hành Tây Trung | B14: Túi | C14: 1347 | D14: 4500 | E14: =C14*D14 -> 6061500
A15: Củ Khoai Lang Mật Size 46 | B15: Kg | C15: 729 | D15: 25000 | E15: =C15*D15 -> 18225000
A16: Củ Khoai Lang Mật Size 46 | B16: Túi | C16: 0 | E16: =C16*D16 -> 0
A17: Củ Khoai Lang Nhật | B17: Kg | C17: 120 | D17: 18000 | E17: =C17*D17 -> 2160000
A18: Củ Khoai Tây Vàng | B18: Kg | C18: 245 | D18: 15000 | E18: =C18*D18 -> 3675000
A19: Củ Khoai Tây Vàng | B19: Túi | C19: 0 | E19: =C19*D19 -> 0
A20: Bông Cải Xanh Baby | B20: Vỉ | C20: 0 | E20: =C20*D20 -> 0
A21: Bắp Cải Trắng | B21: Kg | C21: 442 | D21: 13500 | E21: =C21*D21 -> 5967000
A22: Cải Bó Xôi | B22: Kg | C22: 0 | E22: =C22*D22 -> 0
A23: Cải Bó Xôi | B23: Túi | C23: 9 | D23: 12000 | E23: =C23*D23 -> 108000
A24: Cải Kale | B24: Kg | C24: 0 | E24: =C24*D24 -> 0
A25: Cải Kale | B25: Túi | C25: 4 | D25: 10000 | E25: =C25*D25 -> 40000
A26: Cải Thảo | B26: Kg | C26: 660 | D26: 5000 | E26: =C26*D26 -> 3300000
A27: Cần Tây | B27: Cây | C27: 0 | E27: =C27*D27 -> 0
A28: Cần Tây | B28: Kg | C28: 0 | E28: =C28*D28 -> 0
A29: Xà Lách Lolo Xanh T.C | B29: Kg | C29: 0 | E29: =C29*D29 -> 0
A30: Bí Đỏ Tròn | B30: Kg | C30: 200 | D30: 5000 | E30: =C30*D30 -> 1000000
A31: Bí Ngòi Xanh | B31: Kg | C31: 22 | D31: 10000 | E31: =C31*D31 -> 220000
A32: Bí Ngòi Xanh | B32: Trái | C32: 0 | E32: =C32*D32 -> 0
A33: Bí Ngòi Xanh | B33: Trái 250gr | C33: 0 | E33: =C33*D33 -> 0
A34: Bí Non Nhật | B34: Kg | C34: 38 | D34: 10000 | E34: =C34*D34 -> 380000
A35: Bí Non Nhật | B35: Trái | C35: 0 | E35: =C35*D35 -> 0
A36: Cà Chua Beef | B36: Kg | C36: 140 | D36: 21000 | E36: =C36*D36 -> 2940000
A37: Cà Chua Beef | B37: Vỉ | C37: 0 | E37: =C37*D37 -> 0
A38: Cà Chua Beef | B38: Vỉ 650gr | C38: 0 | E38: =C38*D38 -> 0
A39: Cà Chua Thường | B39: Kg | C39: 175 | D39: 16000 | E39: =C39*D39 -> 2800000
A40: Cà Chua Thường | B40: Vỉ | C40: 0 | E40: =C40*D40 -> 0
A41: Cà Chua Thường Trung | B41: Túi | C41: 160 | D41: 11000 | E41: =C41*D41 -> 1760000
A42: Dưa Leo Baby | B42: Kg | C42: 40 | D42: 6000 | E42: =C42*D42 -> 240000
A43: Dưa Leo Baby | B43: Vỉ | C43: 252 | D43: 5000 | E43: =C43*D43 -> 1260000
A44: Dưa Leo Thường | B44: Kg | C44: 30 | D44: 5000 | E44: =C44*D44 -> 150000
A45: Ớt Chuông Đỏ | B45: Kg | C45: 281 | D45: 37000 | E45: =C45*D45 -> 10397000
A46: Ớt Chuông Đỏ | B46: Trái | C46: 0 | E46: =C46*D46 -> 0
A47: Ớt Chuông Đỏ | B47: Trái 150gr | C47: 0 | E47: =C47*D47 -> 0
A48: Ớt Chuông Vàng | B48: Kg | C48: 188 | D48: 18000 | E48: =C48*D48 -> 3384000
A49: Ớt Chuông Vàng | B49: Trái | C49: 0 | E49: =C49*D49 -> 0
A50: Ớt Chuông Vàng | B50: Trái 150gr | C50: 0 | E50: =C50*D50 -> 0
A51: Ớt Chuông Xanh | B51: Kg | C51: 139 | D51: 26000 | E51: =C51*D51 -> 3614000
A52: Ớt Chuông Xanh | B52: Trái | C52: 0 | E52: =C52*D52 -> 0
A53: Ớt Chuông Xanh | B53: Trái 150gr | C53: 0 | E53: =C53*D53 -> 0
A54: Bơ Booth | B54: Kg | C54: 0 | E54: =C54*D54 -> 0
A55: Ớt Chuông Ba Màu | B55: Vỉ | C55: 0 | E55: =C55*D55 -> 0
A56: Củ Khoai Lang Mật Size 23 | B56: Kg | C56: 440 | D56: 25000 | E56: =C56*D56 -> 11000000
A57: Cà Chua Bi Đỏ | B57: Kg | C57: 24 | D57: 35000 | E57: =C57*D57 -> 840000
A58: Cà Chua Bi Đỏ | B58: Hộp 300gr | C58: 80 | D58: 10500 | E58: =C58*D58 -> 840000
A59: Cà Chua Bi Đỏ | B59: Hộp 500gr | C59: 0 | E59: =C59*D59 -> 0
A60: Củ Khoai Sâm | B60: Kg | C60: 0 | E60: =C60*D60 -> 0
A61: Hạt Dẻ Ngố | B61: Kg | C61: 1000 | D61: 28600 | E61: =C61*D61 -> 28600000
A62: Bắp Cải Tím | B62: Kg | C62: 31 | D62: 30000 | E62: =C62*D62 -> 930000
A63: Bắp Cải Trái Tim | B63: Kg | C63: 165 | D63: 17000 | E63: =C63*D63 -> 2805000
A64: Bông Cải Trắng | B64: Kg | C64: 14 | D64: 27000 | E64: =C64*D64 -> 378000
A65: Bông Cải Xanh 10Cm | B65: Kg | C65: 0 | E65: =C65*D65 -> 0
A66: Cà Chua Beef Trung | B66: Kg | C66: 37 | D66: 15000 | E66: =C66*D66 -> 555000
A67: Cà Chua Beef Trung | B67: Vỉ 500gr | C67: 0 | E67: =C67*D67 -> 0
A68: Cà Chua Bi Mix | B68: Hộp | C68: 0 | E68: =C68*D68 -> 0
A69: Cà Chua Socola | B69: Kg | C69: 0 | E69: =C69*D69 -> 0
A70: Cà Chua Socola | B70: Hộp 300gr | C70: 29 | D70: 11300 | E70: =C70*D70 -> 327700
A71: Cà Chua Socola | B71: Hộp 250GR | C71: 0 | E71: =C71*D71 -> 0
A72: Cà Tím | B72: Kg | C72: 65 | D72: 9000 | E72: =C72*D72 -> 585000
A73: Cà Tím | B73: Cặp | C73: 0 | E73: =C73*D73 -> 0
A74: Cải Cầu Vồng | B74: Kg | C74: 0 | E74: =C74*D74 -> 0
A75: Cải Cầu Vồng | B75: Túi | C75: 18 | D75: 6000 | E75: =C75*D75 -> 108000
A76: Chuối Laba | B76: Kg | C76: 0 | E76: =C76*D76 -> 0
A77: Củ Cải Trắng | B77: Kg | C77: 75 | D77: 6500 | E77: =C77*D77 -> 487500
A78: Củ Gừng | B78: Kg | C78: 9 | D78: 45000 | E78: =C78*D78 -> 405000
A79: Củ Su Hào | B79: Kg | C79: 37 | D79: 18000 | E79: =C79*D79 -> 666000
A80: Đậu Cove Nhật | B80: Túi | C80: 0 | E80: =C80*D80 -> 0
A81: Đậu Cove Trắng | B81: Kg | C81: 10 | D81: 10000 | E81: =C81*D81 -> 100000
A82: Đậu Cove Trắng | B82: Túi 500gr | C82: 0 | E82: =C82*D82 -> 0
A83: Đậu Đỏ | B83: Kg | C83: 0 | E83: =C83*D83 -> 0
A84: Đậu Ngự | B84: Kg | C84: 0 | E84: =C84*D84 -> 0
A85: Đậu Trắng | B85: Kg | C85: 0 | E85: =C85*D85 -> 0
A86: Hành Paro | B86: Cây | C86: 0 | E86: =C86*D86 -> 0
A87: Hành Paro | B87: Kg | C87: 92 | D87: 37000 | E87: =C87*D87 -> 3404000
A88: Hồng Giòn Đà Lạt | B88: Kg | C88: 20 | D88: 30000 | E88: =C88*D88 -> 600000
A89: Lá Mè | B89: Túi | C89: 80 | D89: 2000 | E89: =C89*D89 -> 160000
A90: Lá Nha Đam | B90: Kg | C90: 5 | D90: 13000 | E90: =C90*D90 -> 65000
A91: Ớt Chuông Baby | B91: Hộp | C91: 0 | E91: =C91*D91 -> 0
A92: Ớt Chuông Baby | B92: Kg | C92: 0 | E92: =C92*D92 -> 0
A93: Ớt Sweet Palemo | B93: Kg | C93: 5 | D93: 60000 | E93: =C93*D93 -> 300000
A94: Ớt Sweet Palemo | B94: Túi | C94: 177 | D94: 22000 | E94: =C94*D94 -> 3894000
A95: Trái Su Su | B95: Kg | C95: 270 | D95: 9500 | E95: =C95*D95 -> 2565000
A96: Xà Lách Lolo Xanh | B96: Kg | C96: 0 | E96: =C96*D96 -> 0
A97: Xà Lách Mỡ T.C | B97: Kg | C97: 13 | D97: 28000 | E97: =C97*D97 -> 364000
A98: Xà Lách Romaine T.C | B98: Kg | C98: 0 | E98: =C98*D98 -> 0
A99: Xà Lách Thủy Tinh T.C | B99: Kg | C99: 18 | D99: 30000 | E99: =C99*D99 -> 540000
A100: Bông Cải Xanh 7Cm | B100: Kg | C100: 0 | E100: =C100*D100 -> 0
A101: Xà Lách Rocket | B101: Kg | C101: 0 | E101: =C101*D101 -> 0
...

Sheet 20.11
A2: hàng tồn cuối ngày 20/11 vr
A3: Tên Sản phẩm | B3: ĐVT | C3: Tồn ĐL | D3: giá | E3: thành tiền
A4: Cà Rốt | B4: Kg | C4: 225 | D4: 14000 | E4: =C4*D4 -> 3150000
A5: Cà Rốt | B5: Túi | C5: 0 | E5: =C5*D5 -> 0
A6: Cà Rốt Baby | B6: Vỉ | C6: 8 | D6: 11000 | E6: =C6*D6 -> 88000
A7: Củ Cải Đỏ | B7: Hộp | C7: 0 | E7: =C7*D7 -> 0
A8: Củ Cải Đỏ | B8: Kg | C8: 0 | E8: =C8*D8 -> 0
A9: Củ Dền | B9: Kg | C9: 33 | D9: 18000 | E9: =C9*D9 -> 594000
A10: Củ Dền | B10: Túi | C10: 0 | E10: =C10*D10 -> 0
A11: Củ Hành Tây | B11: Kg | C11: 1326 | D11: 22000 | E11: =C11*D11 -> 29172000
A12: Củ Hành Tây | B12: Túi 300gr | C12: 0 | E12: =C12*D12 -> 0
A13: Củ Hành Tây Trung | B13: Túi | C13: 2220 | D13: 4500 | E13: =C13*D13 -> 9990000
A14: Củ Khoai Lang Mật Size 46 | B14: Kg | C14: 671 | D14: 25000 | E14: =C14*D14 -> 16775000
A15: Củ Khoai Lang Mật Size 46 | B15: Túi | C15: 0 | E15: =C15*D15 -> 0
A16: Củ Khoai Lang Nhật | B16: Kg | C16: 50 | D16: 17500 | E16: =C16*D16 -> 875000
A17: Củ Khoai Tây Vàng | B17: Kg | C17: 260 | D17: 15000 | E17: =C17*D17 -> 3900000
A18: Củ Khoai Tây Vàng | B18: Túi | C18: 0 | E18: =C18*D18 -> 0
A19: Bông Cải Xanh Baby | B19: Vỉ | C19: 0 | E19: =C19*D19 -> 0
A20: Bắp Cải Trắng | B20: Kg | C20: 408 | D20: 13500 | E20: =C20*D20 -> 5508000
A21: Cải Bó Xôi | B21: Kg | C21: 0 | E21: =C21*D21 -> 0
A22: Cải Bó Xôi | B22: Túi | C22: 45 | D22: 10000 | E22: =C22*D22 -> 450000
A23: Cải Kale | B23: Túi | C23: 0 | E23: =C23*D23 -> 0
A24: Cải Thảo | B24: Kg | C24: 0 | E24: =C24*D24 -> 0
A25: Cần Tây | B25: Cây | C25: 0 | E25: =C25*D25 -> 0
A26: Cần Tây | B26: Kg | C26: 50 | D26: 14000 | E26: =C26*D26 -> 700000
A27: Xà Lách Lolo Xanh T.C | B27: Kg | C27: 43 | D27: 28000 | E27: =C27*D27 -> 1204000
A28: Bí Đỏ Tròn | B28: Kg | C28: 270 | D28: 5000 | E28: =C28*D28 -> 1350000
A29: Bí Ngòi Xanh | B29: Kg | C29: 0 | E29: =C29*D29 -> 0
A30: Bí Ngòi Xanh | B30: Trái | C30: 0 | E30: =C30*D30 -> 0
A31: Bí Ngòi Xanh | B31: Trái 250gr | C31: 0 | E31: =C31*D31 -> 0
A32: Bí Non Nhật | B32: Kg | C32: 90 | D32: 10000 | E32: =C32*D32 -> 900000
A33: Bí Non Nhật | B33: Trái | C33: 0 | E33: =C33*D33 -> 0
A34: Cà Chua Beef | B34: Kg | C34: 0 | E34: =C34*D34 -> 0
A35: Cà Chua Beef | B35: Vỉ | C35: 0 | E35: =C35*D35 -> 0
A36: Cà Chua Beef | B36: Vỉ 650gr | C36: 0 | E36: =C36*D36 -> 0
A37: Cà Chua Thường | B37: Kg | C37: 0 | E37: =C37*D37 -> 0
A38: Cà Chua Thường | B38: Vỉ | C38: 0 | E38: =C38*D38 -> 0
A39: Cà Chua Thường Trung | B39: Túi | C39: 50 | D39: 11000 | E39: =C39*D39 -> 550000
A40: Dưa Leo Baby | B40: Kg | C40: 55 | D40: 6000 | E40: =C40*D40 -> 330000
A41: Dưa Leo Baby | B41: Vỉ | C41: 85 | D41: 5000 | E41: =C41*D41 -> 425000
A42: Dưa Leo Thường | B42: Kg | C42: 52 | D42: 5000 | E42: =C42*D42 -> 260000
A43: Ớt Chuông Đỏ | B43: Kg | C43: 138 | D43: 37000 | E43: =C43*D43 -> 5106000
A44: Ớt Chuông Đỏ | B44: Trái | C44: 0 | E44: =C44*D44 -> 0
A45: Ớt Chuông Đỏ | B45: Trái 150gr | C45: 0 | E45: =C45*D45 -> 0
A46: Ớt Chuông Vàng | B46: Kg | C46: 113 | D46: 18000 | E46: =C46*D46 -> 2034000
A47: Ớt Chuông Vàng | B47: Trái | C47: 0 | E47: =C47*D47 -> 0
A48: Ớt Chuông Vàng | B48: Trái 150gr | C48: 0 | E48: =C48*D48 -> 0
A49: Ớt Chuông Xanh | B49: Kg | C49: 100 | D49: 26000 | E49: =C49*D49 -> 2600000
A50: Ớt Chuông Xanh | B50: Trái | C50: 0 | E50: =C50*D50 -> 0
A51: Ớt Chuông Xanh | B51: Trái 150gr | C51: 0 | E51: =C51*D51 -> 0
A52: Bơ Booth | B52: Kg | C52: 6 | D52: 30000 | E52: =C52*D52 -> 180000
A53: Ớt Chuông Ba Màu | B53: Vỉ | C53: 0 | E53: =C53*D53 -> 0
A54: Củ Khoai Lang Mật Size 23 | B54: Kg | C54: 520 | D54: 25000 | E54: =C54*D54 -> 13000000
A55: Cà Chua Bi Đỏ | B55: Kg | C55: 4 | D55: 35000 | E55: =C55*D55 -> 140000
A56: Cà Chua Bi Đỏ | B56: Hộp 300gr | C56: 100 | D56: 10500 | E56: =C56*D56 -> 1050000
A57: Cà Chua Bi Đỏ | B57: Hộp 500gr | C57: 0 | E57: =C57*D57 -> 0
A58: Củ Khoai Sâm | B58: Kg | C58: 0 | E58: =C58*D58 -> 0
A59: Hạt Dẻ Ngố | B59: Kg | C59: 535 | D59: 28600 | E59: =C59*D59 -> 15301000
A60: Bắp Cải Tím | B60: Kg | C60: 40 | D60: 30000 | E60: =C60*D60 -> 1200000
A61: Bắp Cải Trái Tim | B61: Kg | C61: 0 | E61: =C61*D61 -> 0
A62: Bông Cải Trắng | B62: Kg | C62: 10 | D62: 27000 | E62: =C62*D62 -> 270000
A63: Bông Cải Xanh 10Cm | B63: Kg | C63: 18 | D63: 31000 | E63: =C63*D63 -> 558000
A64: Cà Chua Beef Trung | B64: Kg | C64: 53 | D64: 15000 | E64: =C64*D64 -> 795000
A65: Cà Chua Beef Trung | B65: Vỉ 500gr | C65: 0 | E65: =C65*D65 -> 0
A66: Cà Chua Bi Mix | B66: Hộp | C66: 0 | E66: =C66*D66 -> 0
A67: Cà Chua Socola | B67: Kg | C67: 0 | E67: =C67*D67 -> 0
A68: Cà Chua Socola | B68: Hộp 250GR | C68: 103 | D68: 10500 | E68: =C68*D68 -> 1081500
A69: Cà Tím | B69: Kg | C69: 0 | E69: =C69*D69 -> 0
A70: Cà Tím | B70: Cặp | C70: 0 | E70: =C70*D70 -> 0
A71: Cải Cầu Vồng | B71: Túi | C71: 4 | D71: 6000 | E71: =C71*D71 -> 24000
A72: Chuối Laba | B72: Kg | C72: 0 | E72: =C72*D72 -> 0
A73: Củ Cải Trắng | B73: Kg | C73: 0 | E73: =C73*D73 -> 0
A74: Củ Gừng | B74: Kg | C74: 5 | D74: 45000 | E74: =C74*D74 -> 225000
A75: Củ Su Hào | B75: Kg | C75: 84 | D75: 18000 | E75: =C75*D75 -> 1512000
A76: Đậu Cove Nhật | B76: Túi | C76: 10 | D76: 6000 | E76: =C76*D76 -> 60000
A77: Đậu Cove Trắng | B77: Kg | C77: 0 | E77: =C77*D77 -> 0
A78: Đậu Cove Trắng | B78: Túi 500gr | C78: 0 | E78: =C78*D78 -> 0
A79: Đậu Đỏ | B79: Kg | C79: 2.5 | D79: 80000 | E79: =C79*D79 -> 200000
A80: Đậu Ngự | B80: Kg | C80: 5 | D80: 70000 | E80: =C80*D80 -> 350000
A81: Đậu Trắng | B81: Kg | C81: 3.5 | D81: 70000 | E81: =C81*D81 -> 245000
A82: Hành Paro | B82: Cây | C82: 0 | E82: =C82*D82 -> 0
A83: Hành Paro | B83: Kg | C83: 92 | D83: 36000 | E83: =C83*D83 -> 3312000
A84: Hồng Giòn Đà Lạt | B84: Kg | C84: 25 | D84: 30000 | E84: =C84*D84 -> 750000
A85: Lá Mè | B85: Túi | C85: 0 | E85: =C85*D85 -> 0
A86: Lá Nha Đam | B86: Kg | C86: 7 | D86: 14000 | E86: =C86*D86 -> 98000
A87: Ớt Chuông Baby | B87: Hộp | C87: 0 | E87: =C87*D87 -> 0
A88: Ớt Sweet Palemo | B88: Kg | C88: 4 | D88: 60000 | E88: =C88*D88 -> 240000
A89: Ớt Sweet Palemo | B89: Túi | C89: 84 | D89: 21000 | E89: =C89*D89 -> 1764000
A90: Trái Su Su | B90: Kg | C90: 175 | D90: 9500 | E90: =C90*D90 -> 1662500
A91: Xà Lách Lolo Xanh | B91: Kg | C91: 0 | E91: =C91*D91 -> 0
A92: Xà Lách Mỡ T.C | B92: Kg | C92: 0 | E92: =C92*D92 -> 0
A93: Xà Lách Romaine T.C | B93: Kg | C93: 0 | E93: =C93*D93 -> 0
A94: Xà Lách Thủy Tinh T.C | B94: Kg | C94: 11 | D94: 30000 | E94: =C94*D94 -> 330000
A95: Bông Cải Xanh 7Cm | B95: Kg | C95: 8 | D95: 37000 | E95: =C95*D95 -> 296000
A96: Rau Bầu Đất | B96: Túi | C96: 0 | E96: =C96*D96 -> 0
A97: Xà Lách Lolo Xanh T.C Cây | B97: Cây | C97: 0 | E97: =C97*D97 -> 0
A98: Xà Lách Thủy Tinh T.C Cây | B98: Cây | C98: 0 | E98: =C98*D98 -> 0
A99: Xà Lách Mỡ T.C Cây | B99: Cây | C99: 129 | D99: 6800 | E99: =C99*D99 -> 877200
A100: Củ Khoai Tây Vàng Trung | B100: Túi | C100: 200 | D100: 6000 | E100: =C100*D100 -> 1200000
A101: Rau Mầm | B101: Kg | C101: 0 | E101: =C101*D101 -> 0
...

Sheet 21.11
A2: hàng tồn cuối ngày 21/11 vr
A3: Tên Sản phẩm | B3: ĐVT | C3: Tồn ĐL | D3: giá | E3: thành tiền
A4: Cà Rốt | B4: Kg | C4: 49 | D4: 14000 | E4: =C4*D4 -> 686000
A5: Cà Rốt Baby | B5: Vỉ | C5: 20 | D5: 10000 | E5: =C5*D5 -> 200000
A6: Củ Cải Đỏ | B6: Hộp | C6: 50 | D6: 13000 | E6: =C6*D6 -> 650000
A7: Củ Dền | B7: Kg | C7: 75 | D7: 18000 | E7: =C7*D7 -> 1350000
A8: Củ Hành Tây | B8: Kg | C8: 706 | D8: 22000 | E8: =C8*D8 -> 15532000
A9: Củ Hành Tây Trung | B9: Túi | C9: 2147 | D9: 4500 | E9: =C9*D9 -> 9661500
A10: Củ Khoai Lang Mật Size 46 | B10: Kg | C10: 521 | D10: 25000 | E10: =C10*D10 -> 13025000
A11: Củ Khoai Lang Nhật | B11: Kg | C11: 150 | D11: 25000 | E11: =C11*D11 -> 3750000
A12: Củ Khoai Tây Vàng | B12: Kg | C12: 55 | D12: 15000 | E12: =C12*D12 -> 825000
A13: Bông Cải Xanh Baby | B13: Vỉ | C13: 10 | D13: 11400 | E13: =C13*D13 -> 114000
A14: Bắp Cải Trắng | B14: Kg | C14: 680 | D14: 13500 | E14: =C14*D14 -> 9180000
A15: Cải Bó Xôi | B15: Kg | C15: 15 | D15: 28000 | E15: =C15*D15 -> 420000
... A58: Hồng Treo Gió | B58: Túi | C58: 49 | D58: 100000 | E58: =C58*D58 -> 4900000
A59: Hạt Dẻ Tươi | B59: Kg | C59: =103+1000 -> 1103 | D59: 28600 | E59: =C59*D59 -> 31545800 | F59: đi đường
A60: Ớt Chuông Đỏ Trung | B60: Kg | C60: 20 | D60: 32000 | E60: =C60*D60 -> 640000
A61: Ớt Chuông Vàng Trung | B61: Kg | C61: 20 | D61: 13000 | E61: =C61*D61 -> 260000
A62: Ớt Chuông Xanh Trung | B62: Kg | C62: 10 | D62: 21000 | E62: =C62*D62 -> 210000
E63: =SUM(E4:E62) -> 153470200
A64: kq
A65: Tên Sản phẩm | B65: ĐVT | C65: Tồn ĐL | D65: giá | E65: thành tiền
A66: Củ Cải Trắng | B66: Kg | C66: 200 | D66: 6500 | E66: =C66*D66 -> 1300000
A67: Củ Dền | B67: Kg | C67: 40 | D67: 18000 | E67: =C67*D67 -> 720000
A68: Củ Hành Tây | B68: Kg | C68: 250 | D68: 22000 | E68: =C68*D68 -> 5500000
A69: Củ Khoai Tây Vàng | B69: Kg | C69: 250 | D69: 15000 | E69: =C69*D69 -> 3750000
A70: Bông Cải Xanh Cọng | B70: Kg | C70: 48 | D70: 28000 | E70: =C70*D70 -> 1344000
A71: Bắp Cải Trái Tim | B71: Kg | C71: 150 | D71: 17000 | E71: =C71*D71 -> 2550000
A72: Bắp Cải Trắng | B72: Kg | C72: 256 | D72: 13500 | E72: =C72*D72 -> 3456000
A73: Cần Tây | B73: Kg | C73: 100 | D73: 10000 | E73: =C73*D73 -> 1000000
A74: Bí Đao Xanh | B74: Kg | C74: 70 | D74: 7500 | E74: =C74*D74 -> 525000
A75: Bí Đỏ Tròn | B75: Kg | C75: 600 | D75: 5000 | E75: =C75*D75 -> 3000000
A76: Bí Ngòi Xanh | B76: Kg | C76: 75 | D76: 10000 | E76: =C76*D76 -> 750000
A77: Cà Chua Beef | B77: Kg | C77: 300 | D77: 21000 | E77: =C77*D77 -> 6300000
... A91: cải thảo kim chi | B91: kg | C91: 100 | D91: 5000 | E91: =C91*D91 -> 500000
E92: =SUM(E66:E91) -> 42716000
E93: =E63+E92 -> 196186200

Sheet 22.11
A2: hàng tồn cuối ngày 22/11 vr
A3: Tên Sản phẩm | B3: ĐVT | C3: tồn | D3: giá | E3: thành tiền
A4: Cà Rốt | B4: Kg | C4: 350 | D4: 14000 | E4: =C4*D4 -> 4900000
A5: Cà Rốt | B5: Túi | C5: 0 | E5: =C5*D5 -> 0
A6: Cà Rốt Baby | B6: Vỉ | C6: 7 | D6: 10000 | E6: =C6*D6 -> 70000
A7: Củ Cải Đỏ | B7: Hộp | C7: 0 | E7: =C7*D7 -> 0
A8: Củ Cải Đỏ | B8: Hộp 300gr | C8: 42 | D8: 13000 | E8: =C8*D8 -> 546000
A9: Củ Dền | B9: Kg | C9: 0 | E9: =C9*D9 -> 0
A10: Củ Dền | B10: Túi | C10: 0 | E10: =C10*D10 -> 0
A11: Củ Hành Tây | B11: Kg | C11: 543 | D11: 22000 | E11: =C11*D11 -> 11946000
A12: Củ Hành Tây | B12: Túi 300gr | C12: 0 | E12: =C12*D12 -> 0
A13: Củ Hành Tây Trung | B13: Túi | C13: 2004 | D13: 4500 | E13: =C13*D13 -> 9018000
A14: Củ Khoai Lang Mật Size 46 | B14: Kg | C14: 805 | D14: 25000 | E14: =C14*D14 -> 20125000
A15: Củ Khoai Lang Mật Size 46 | B15: Túi | C15: 0 | E15: =C15*D15 -> 0
A16: Củ Khoai Lang Nhật | B16: Kg | C16: 270 | D16: 17500 | E16: =C16*D16 -> 4725000
A17: Củ Khoai Tây Vàng | B17: Kg | C17: 180 | D17: 15000 | E17: =C17*D17 -> 2700000
A18: Củ Khoai Tây Vàng | B18: Túi | C18: 0 | E18: =C18*D18 -> 0
A19: Bông Cải Xanh Baby | B19: Vỉ | C19: 21 | D19: 11400 | E19: =C19*D19 -> 239400
A20: Bắp Cải Trắng | B20: Kg | C20: 339 | D20: 13500 | E20: =C20*D20 -> 4576500
A21: Cải Bó Xôi | B21: Kg | C21: 32 | D21: 22000 | E21: =C21*D21 -> 704000
A22: Cải Bó Xôi | B22: Túi | C22: 6 | D22: 9000 | E22: =C22*D22 -> 54000
A23: Cải Kale | B23: Túi | C23: 25 | D23: 9000 | E23: =C23*D23 -> 225000
A24: Cải Thảo | B24: Kg | C24: 240 | D24: 7000 | E24: =C24*D24 -> 1680000
A25: Cần Tây | B25: Cây | C25: 0 | E25: =C25*D25 -> 0
A26: Cần Tây | B26: Kg | C26: 135 | D26: 17000 | E26: =C26*D26 -> 2295000
A27: Xà Lách Lolo Xanh T.C | B27: Kg | C27: 0 | E27: =C27*D27 -> 0
A28: Bí Đỏ Tròn | B28: Kg | C28: 0 | E28: =C28*D28 -> 0
A29: Bí Ngòi Xanh | B29: Kg | C29: 90 | D29: 10000 | E29: =C29*D29 -> 900000
A30: Bí Ngòi Xanh | B30: Trái | C30: 0 | E30: =C30*D30 -> 0
A31: Bí Non Nhật | B31: Kg | C31: 0 | E31: =C31*D31 -> 0
A32: Bí Non Nhật | B32: Trái | C32: 0 | E32: =C32*D32 -> 0
A33: Cà Chua Beef | B33: Kg | C33: 300 | D33: 19000 | E33: =C33*D33 -> 5700000
A34: Cà Chua Beef | B34: Vỉ | C34: 0 | E34: =C34*D34 -> 0
A35: Cà Chua Beef | B35: Vỉ 650gr | C35: 0 | E35: =C35*D35 -> 0
A36: Cà Chua Thường | B36: Kg | C36: 200 | D36: 17000 | E36: =C36*D36 -> 3400000
A37: Cà Chua Thường | B37: Vỉ | C37: 0 | E37: =C37*D37 -> 0
A38: Cà Chua Thường Trung | B38: Túi | C38: 80 | D38: 11000 | E38: =C38*D38 -> 880000
A39: Dưa Leo Baby | B39: Kg | C39: 45 | D39: 6000 | E39: =C39*D39 -> 270000
A40: Dưa Leo Baby | B40: Vỉ | C40: 367 | D40: 5000 | E40: =C40*D40 -> 1835000
A41: Dưa Leo Thường | B41: Kg | C41: 18 | D41: 5000 | E41: =C41*D41 -> 90000
A42: Ớt Chuông Đỏ | B42: Kg | C42: 40 | D42: 35000 | E42: =C42*D42 -> 1400000
A43: Ớt Chuông Đỏ | B43: Trái | C43: 0 | E43: =C43*D43 -> 0
A44: Ớt Chuông Vàng | B44: Kg | C44: 70 | D44: 18000 | E44: =C44*D44 -> 1260000
A45: Ớt Chuông Vàng | B45: Trái | C45: 0 | E45: =C45*D45 -> 0
A46: Ớt Chuông Xanh | B46: Kg | C46: 8 | D46: 26000 | E46: =C46*D46 -> 208000
A47: Ớt Chuông Xanh | B47: Trái | C47: 0 | E47: =C47*D47 -> 0
A48: Bơ Booth | B48: Kg | C48: 0 | E48: =C48*D48 -> 0
A49: Ớt Chuông Ba Màu | B49: Vỉ | C49: 0 | E49: =C49*D49 -> 0
A50: Củ Khoai Lang Mật Size 23 | B50: Kg | C50: 40 | D50: 25000 | E50: =C50*D50 -> 1000000
A51: Cà Chua Bi Đỏ | B51: Kg | C51: 8 | D51: 35000 | E51: =C51*D51 -> 280000
A52: Cà Chua Bi Đỏ | B52: Hộp 300gr | C52: 65 | D52: 10500 | E52: =C52*D52 -> 682500
A53: Cà Chua Bi Đỏ | B53: Hộp 500gr | C53: 0 | E53: =C53*D53 -> 0
A54: Củ Khoai Sâm | B54: Kg | C54: 0 | E54: =C54*D54 -> 0
A55: Hạt Dẻ Ngố | B55: Kg | C55: 3000 | D55: 27600 | E55: =C55*D55 -> 82800000
A56: Bắp Cải Tím | B56: Kg | C56: 30 | D56: 30000 | E56: =C56*D56 -> 900000
A57: Bắp Cải Trái Tim | B57: Kg | C57: 53 | D57: 17000 | E57: =C57*D57 -> 901000
A58: Bông Cải Trắng | B58: Kg | C58: 17 | D58: 27000 | E58: =C58*D58 -> 459000
A59: Bông Cải Xanh 10Cm | B59: Kg | C59: 0 | E59: =C59*D59 -> 0
A60: Cà Chua Beef Trung | B60: Kg | C60: 82 | D60: 15000 | E60: =C60*D60 -> 1230000
A61: Cà Chua Beef Trung | B61: Vỉ 500gr | C61: 0 | E61: =C61*D61 -> 0
A62: Cà Chua Bi Mix | B62: Hộp | C62: 0 | E62: =C62*D62 -> 0
A63: Cà Chua Bi Mix | B63: Hộp 300gr | C63: 27 | D63: 14250 | E63: =C63*D63 -> 384750
A64: Cà Chua Socola | B64: Kg | C64: 0 | E64: =C64*D64 -> 0
A65: Cà Chua Socola | B65: Hộp 300gr | C65: 183 | D65: 10000 | E65: =C65*D65 -> 1830000
A66: Cà Chua Socola | B66: Hộp 250GR | C66: 65 | D66: 8000 | E66: =C66*D66 -> 520000
A67: Cà Tím | B67: Kg | C67: 0 | E67: =C67*D67 -> 0
A68: Cà Tím | B68: Cặp | C68: 0 | E68: =C68*D68 -> 0
A69: Cải Cầu Vồng | B69: Túi | C69: 13 | D69: 6000 | E69: =C69*D69 -> 78000
A70: Chuối Laba | B70: Kg | C70: 0 | E70: =C70*D70 -> 0
A71: Củ Cải Trắng | B71: Kg | C71: 0 | E71: =C71*D71 -> 0
A72: Củ Gừng | B72: Kg | C72: 24 | D72: 39000 | E72: =C72*D72 -> 936000
A73: Củ Su Hào | B73: Kg | C73: 53 | D73: 17000 | E73: =C73*D73 -> 901000
A74: Đậu Cove Nhật | B74: Túi | C74: 0 | E74: =C74*D74 -> 0
A75: Đậu Cove Trắng | B75: Kg | C75: 0 | E75: =C75*D75 -> 0
A76: Đậu Cove Trắng | B76: Túi 500gr | C76: 0 | E76: =C76*D76 -> 0
A77: Đậu Đỏ | B77: Kg | C77: 3 | D77: 80000 | E77: =C77*D77 -> 240000
A78: Đậu Ngự | B78: Kg | C78: 5.5 | D78: 70000 | E78: =C78*D78 -> 385000
A79: Đậu Trắng | B79: Kg | C79: 1.8 | D79: 70000 | E79: =C79*D79 -> 126000
A80: Hành Paro | B80: Cây | C80: 0 | E80: =C80*D80 -> 0
A81: Hành Paro | B81: Kg | C81: 33 | D81: 32000 | E81: =C81*D81 -> 1056000
A82: Hồng Giòn Đà Lạt | B82: Kg | C82: 18 | D82: 30000 | E82: =C82*D82 -> 540000
A83: Lá Mè | B83: Túi | C83: 5 | D83: 2000 | E83: =C83*D83 -> 10000
A84: Lá Nha Đam | B84: Kg | C84: 10 | D84: 14000 | E84: =C84*D84 -> 140000
A85: Ớt Chuông Baby | B85: Hộp | C85: 0 | E85: =C85*D85 -> 0
A86: Ớt Sweet Palemo | B86: Kg | C86: 46 | D86: 60000 | E86: =C86*D86 -> 2760000
A87: Ớt Sweet Palemo | B87: Túi | C87: 0 | E87: =C87*D87 -> 0
A88: Trái Su Su | B88: Kg | C88: 123 | D88: 9500 | E88: =C88*D88 -> 1168500
A89: Xà Lách Lolo Xanh | B89: Kg | C89: 56 | D89: 24000 | E89: =C89*D89 -> 1344000
A90: Xà Lách Mỡ T.C | B90: Kg | C90: 0 | E90: =C90*D90 -> 0
A91: Xà Lách Romaine T.C | B91: Kg | C91: 0 | E91: =C91*D91 -> 0
A92: Xà Lách Thủy Tinh T.C | B92: Kg | C92: 50 | D92: 30000 | E92: =C92*D92 -> 1500000
A93: Bông Cải Xanh 7Cm | B93: Kg | C93: 25 | D93: 37000 | E93: =C93*D93 -> 925000
A94: Rau Bầu Đất | B94: Túi | C94: 0 | E94: =C94*D94 -> 0
A95: Xà Lách Lolo Xanh T.C Cây | B95: Cây | C95: 0 | E95: =C95*D95 -> 0
A96: Xà Lách Thủy Tinh T.C Cây | B96: Cây | C96: 81 | D96: 8000 | E96: =C96*D96 -> 648000
A97: Xà Lách Mỡ T.C Cây | B97: Cây | C97: 0 | E97: =C97*D97 -> 0
A98: Bí Đỏ Hồ Lô | B98: Kg | C98: 0 | E98: =C98*D98 -> 0
A99: Củ Khoai Tây Vàng Trung | B99: Túi | C99: 210 | D99: 6000 | E99: =C99*D99 -> 1260000
A100: Hồng Treo Gió | B100: Hộp | C100: 45 | D100: 100000 | E100: =C100*D100 -> 4500000
A101: Cải Thảo Hỏa Tiễn | B101: Kg | C101: 0 | E101: =C101*D101 -> 0
...

Sheet 23.11
A2: hàng tồn cuối ngày 23/11 vr
A3: Tên Sản phẩm | B3: ĐVT | C3: tồn | D3: giá | E3: thành tiền
A4: Cà Rốt | B4: Kg | C4: 190 | D4: 14000 | E4: =C4*D4 -> 2660000
A5: Cà Rốt | B5: Túi | C5: 0 | E5: =C5*D5 -> 0
A6: Cà Rốt Baby | B6: Vỉ | C6: 24 | D6: 11000 | E6: =C6*D6 -> 264000
A7: Củ Cải Đỏ | B7: Hộp | C7: 0 | E7: =C7*D7 -> 0
A8: Củ Dền | B8: Kg | C8: 32 | D8: 18000 | E8: =C8*D8 -> 576000
A9: Củ Dền | B9: Túi | C9: 0 | E9: =C9*D9 -> 0
A10: Củ Hành Tây | B10: Kg | C10: 333 | D10: 22000 | E10: =C10*D10 -> 7326000
A11: Củ Hành Tây | B11: Túi 300gr | C11: 0 | E11: =C11*D11 -> 0
A12: Củ Hành Tây Trung | B12: Túi | C12: 1896 | D12: 4500 | E12: =C12*D12 -> 8532000
A13: Củ Khoai Lang Mật Size 46 | B13: Kg | C13: 925 | D13: 25000 | E13: =C13*D13 -> 23125000
A14: Củ Khoai Lang Mật Size 46 | B14: Túi | C14: 0 | E14: =C14*D14 -> 0
A15: Củ Khoai Lang Nhật | B15: Kg | C15: 80 | D15: 17000 | E15: =C15*D15 -> 1360000
A16: Củ Khoai Tây Vàng | B16: Kg | C16: 0 | E16: =C16*D16 -> 0
A17: Củ Khoai Tây Vàng | B17: Túi | C17: 0 | E17: =C17*D17 -> 0
A18: Bắp Cải Trắng | B18: Kg | E18: =C18*D18 -> 0
A19: Cải Bó Xôi | B19: Kg | C19: 23 | D19: 20000 | E19: =C19*D19 -> 460000
A20: Cải Bó Xôi | B20: Túi | C20: 12 | D20: 8000 | E20: =C20*D20 -> 96000
A21: Cải Kale | B21: Túi | C21: 5 | D21: 9000 | E21: =C21*D21 -> 45000
A22: Cải Thảo | B22: Kg | C22: 320 | D22: 7000 | E22: =C22*D22 -> 2240000
A23: Cần Tây | B23: Cây | C23: 0 | E23: =C23*D23 -> 0
A24: Cần Tây | B24: Kg | C24: 100 | D24: 16000 | E24: =C24*D24 -> 1600000
A25: Xà Lách Lolo Xanh T.C | B25: Kg | C25: 15 | D25: 28000 | E25: =C25*D25 -> 420000
A26: Bí Đỏ Tròn | B26: Kg | C26: 1585 | D26: 4300 | E26: =C26*D26 -> 6815500
A27: Bí Ngòi Xanh | B27: Kg | C27: 145 | D27: 10000 | E27: =C27*D27 -> 1450000
A28: Bí Ngòi Xanh | B28: Trái | C28: 0 | E28: =C28*D28 -> 0
A29: Bí Non Nhật | B29: Kg | C29: 217 | D29: 10000 | E29: =C29*D29 -> 2170000
A30: Bí Non Nhật | B30: Trái | C30: 0 | E30: =C30*D30 -> 0
A31: Cà Chua Beef | B31: Kg | C31: 37 | D31: 19000 | E31: =C31*D31 -> 703000
A32: Cà Chua Beef | B32: Vỉ 650gr | C32: 0 | E32: =C32*D32 -> 0
A33: Cà Chua Thường | B33: Kg | C33: 220 | D33: 17000 | E33: =C33*D33 -> 3740000
A34: Cà Chua Thường | B34: Vỉ | C34: 0 | E34: =C34*D34 -> 0
A35: Cà Chua Thường Trung | B35: Túi | C35: 60 | D35: 15000 | E35: =C35*D35 -> 900000
A36: Dưa Leo Baby | B36: Kg | C36: 40 | D36: 6000 | E36: =C36*D36 -> 240000
A37: Dưa Leo Baby | B37: Vỉ | C37: 410 | D37: 5000 | E37: =C37*D37 -> 2050000
A38: Dưa Leo Thường | B38: Kg | C38: 35 | D38: 5000 | E38: =C38*D38 -> 175000
A39: Ớt Chuông Đỏ | B39: Kg | C39: 50 | D39: 35000 | E39: =C39*D39 -> 1750000
A40: Ớt Chuông Đỏ | B40: Trái | C40: 0 | E40: =C40*D40 -> 0
A41: Ớt Chuông Vàng | B41: Kg | C41: 65 | D41: 18000 | E41: =C41*D41 -> 1170000
A42: Ớt Chuông Vàng | B42: Trái | C42: 0 | E42: =C42*D42 -> 0
A43: Ớt Chuông Xanh | B43: Kg | C43: 40 | D43: 28000 | E43: =C43*D43 -> 1120000
A44: Ớt Chuông Xanh | B44: Trái | C44: 0 | E44: =C44*D44 -> 0
A45: Bơ Booth | B45: Kg | C45: 0 | E45: =C45*D45 -> 0
A46: Ớt Chuông Ba Màu | B46: Vỉ | C46: 0 | E46: =C46*D46 -> 0
A47: Củ Khoai Lang Mật Size 23 | B47: Kg | C47: 0 | E47: =C47*D47 -> 0
A48: Cà Chua Bi Đỏ | B48: Kg | C48: 8.5 | D48: 35000 | E48: =C48*D48 -> 297500
A49: Cà Chua Bi Đỏ | B49: Hộp 300gr | C49: 79 | D49: 10500 | E49: =C49*D49 -> 829500
A50: Cà Chua Bi Đỏ | B50: Hộp 500gr | C50: 0 | E50: =C50*D50 -> 0
A51: Củ Khoai Sâm | B51: Kg | C51: 0 | E51: =C51*D51 -> 0
A52: Hạt Dẻ Ngố | B52: Kg | C52: =2000+700 -> 2700 | D52: 28600 | E52: =C52*D52 -> 77220000 | F52: 2 tấn đi đường và 700 tồn ở a Hậu
A53: Bắp Cải Tím | B53: Kg | C53: 60 | D53: 30000 | E53: =C53*D53 -> 1800000
A54: Bắp Cải Trái Tim | B54: Kg | C54: 155 | D54: 15000 | E54: =C54*D54 -> 2325000
A55: Bông Cải Trắng | B55: Kg | C55: 0 | E55: =C55*D55 -> 0
A56: Bông Cải Xanh 10Cm | B56: Kg | C56: 0 | E56: =C56*D56 -> 0
A57: Cà Chua Beef Trung | B57: Kg | C57: 0 | E57: =C57*D57 -> 0
A58: Cà Chua Beef Trung | B58: Vỉ 500gr | C58: 148 | D58: 7500 | E58: =C58*D58 -> 1110000
A59: Cà Chua Bi Mix | B59: Hộp | C59: 18 | D59: 14250 | E59: =C59*D59 -> 256500
A60: Cà Chua Socola | B60: Kg | C60: 6.5 | D60: 26000 | E60: =C60*D60 -> 169000
A61: Cà Chua Socola | B61: Hộp 250GR | C61: 0 | E61: =C61*D61 -> 0
A62: Cà Tím | B62: Kg | C62: 90 | D62: 6000 | E62: =C62*D62 -> 540000
A63: Cà Tím | B63: Cặp | C63: 0 | E63: =C63*D63 -> 0
A64: Cải Cầu Vồng | B64: Túi | C64: 14 | D64: 6000 | E64: =C64*D64 -> 84000
A65: Chuối Laba | B65: Kg | C65: 0 | E65: =C65*D65 -> 0
A66: Củ Cải Trắng | B66: Kg | C66: 175 | D66: 6000 | E66: =C66*D66 -> 1050000
A67: Củ Gừng | B67: Kg | C67: 8 | D67: 39000 | E67: =C67*D67 -> 312000
A68: Củ Su Hào | B68: Kg | C68: 80 | D68: 17000 | E68: =C68*D68 -> 1360000
A69: Đậu Cove Nhật | B69: Túi | C69: 21 | D69: 6000 | E69: =C69*D69 -> 126000
A70: Đậu Cove Trắng | B70: Kg | C70: 0 | E70: =C70*D70 -> 0
A71: Đậu Cove Trắng | B71: Túi 500gr | C71: 50 | D71: 10000 | E71: =C71*D71 -> 500000
A72: Đậu Đỏ | B72: Kg | C72: 0.5 | D72: 80000 | E72: =C72*D72 -> 40000
A73: Đậu Ngự | B73: Kg | C73: 3.5 | D73: 70000 | E73: =C73*D73 -> 245000
A74: Đậu Trắng | B74: Kg | C74: 2 | D74: 70000 | E74: =C74*D74 -> 140000
A75: Hành Paro | B75: Cây | C75: 0 | E75: =C75*D75 -> 0
A76: Hành Paro | B76: Kg | C76: 59 | D76: 30000 | E76: =C76*D76 -> 1770000
A77: Hồng Giòn Đà Lạt | B77: Kg | C77: 0 | E77: =C77*D77 -> 0
A78: Lá Mè | B78: Túi | C78: 5 | D78: 2000 | E78: =C78*D78 -> 10000
A79: Lá Nha Đam | B79: Kg | C79: 16 | D79: 14000 | E79: =C79*D79 -> 224000
A80: Ớt Chuông Baby | B80: Hộp | C80: 0 | E80: =C80*D80 -> 0
A81: Ớt Chuông Baby | B81: Kg | C81: 25 | D81: 44000 | E81: =C81*D81 -> 1100000
A82: Ớt Sweet Palemo | B82: Kg | C82: 7 | D82: 60000 | E82: =C82*D82 -> 420000
A83: Ớt Sweet Palemo | B83: Túi | C83: 0 | E83: =C83*D83 -> 0
A84: Trái Su Su | B84: Kg | C84: 20 | D84: 9000 | E84: =C84*D84 -> 180000
A85: Xà Lách Lolo Xanh | B85: Kg | C85: 22 | D85: 14000 | E85: =C85*D85 -> 308000
A86: Xà Lách Mỡ T.C | B86: Kg | C86: 0 | E86: =C86*D86 -> 0
A87: Xà Lách Romaine T.C | B87: Kg | C87: 0 | E87: =C87*D87 -> 0
A88: Xà Lách Thủy Tinh T.C | B88: Kg | C88: 0 | E88: =C88*D88 -> 0
A89: Bông Cải Xanh 7Cm | B89: Kg | C89: 36 | D89: 37000 | E89: =C89*D89 -> 1332000
A90: Rau Bầu Đất | B90: Túi | C90: 0 | E90: =C90*D90 -> 0
A91: Xà Lách Lolo Xanh T.C Cây | B91: Cây | C91: 0 | E91: =C91*D91 -> 0
A92: Xà Lách Thủy Tinh T.C Cây | B92: Cây | C92: 15 | D92: 8000 | E92: =C92*D92 -> 120000
A93: Xà Lách Mỡ T.C Cây | B93: Cây | C93: 0 | E93: =C93*D93 -> 0
A94: Trái Mâm Xôi | B94: Hộp | C94: 0 | E94: =C94*D94 -> 0
A95: Củ Khoai Tây Vàng Trung | B95: Túi | C95: 0 | E95: =C95*D95 -> 0
A96: Củ Khoai Tây Bi Vàng | B96: Túi | C96: 0 | E96: =C96*D96 -> 0
A97: Trái Khổ Qua | B97: Kg | C97: 5 | D97: 11000 | E97: =C97*D97 -> 55000
A98: Bí Đỏ Hồ Lô | B98: Kg | C98: 0 | E98: =C98*D98 -> 0
A99: Dưa Leo Nhật | B99: Kg | C99: 12 | D99: 10000 | E99: =C99*D99 -> 120000
A100: Bí Đao Xanh | B100: Kg | C100: 10 | D100: 8000 | E100: =C100*D100 -> 80000
A101: Củ Cải Muối | B101: Kg | C101: 2 | D101: 16000 | E101: =C101*D101 -> 32000
...

Sheet 24.11
A2: hàng tồn cuối ngày 24/11 vr
A3: Tên Sản phẩm | B3: ĐVT | C3: tồn | D3: giá | E3: thành tiền
A4: Cà Rốt | B4: Kg | C4: 384 | D4: 12000 | E4: =C4*D4 -> 4608000
A5: Cà Rốt | B5: Túi | C5: 0 | E5: =C5*D5 -> 0
A6: Cà Rốt Baby | B6: Kg | C6: 0 | E6: =C6*D6 -> 0
A7: Cà Rốt Baby | B7: Vỉ | C7: 0 | E7: =C7*D7 -> 0
A8: Củ Cải Đỏ | B8: Hộp | C8: 30 | D8: 13000 | E8: =C8*D8 -> 390000
A9: Củ Dền | B9: Kg | C9: 65 | D9: 18000 | E9: =C9*D9 -> 1170000
A10: Củ Dền | B10: Túi | C10: 0 | E10: =C10*D10 -> 0
A11: Củ Hành Tây | B11: Kg | C11: 1472 | D11: 21000 | E11: =C11*D11 -> 30912000
A12: Củ Hành Tây | B12: Túi 300gr | C12: 0 | E12: =C12*D12 -> 0
A13: Củ Hành Tây Trung | B13: Túi | C13: 1821 | D13: 4500 | E13: =C13*D13 -> 8194500
A14: Củ Khoai Lang Mật Size 46 | B14: Kg | C14: 1350 | D14: 25000 | E14: =C14*D14 -> 33750000
A15: Củ Khoai Lang Mật Size 46 | B15: Túi | C15: 0 | E15: =C15*D15 -> 0
A16: Củ Khoai Lang Nhật | B16: Kg | C16: 160 | D16: 17000 | E16: =C16*D16 -> 2720000
A17: Củ Khoai Tây Vàng | B17: Kg | C17: 444 | D17: 15000 | E17: =C17*D17 -> 6660000
A18: Củ Khoai Tây Vàng | B18: Túi | C18: 0 | E18: =C18*D18 -> 0
A19: Bông Cải Xanh Baby | B19: Vỉ | C19: 20 | D19: 11000 | E19: =C19*D19 -> 220000
A20: Bắp Cải Trắng | B20: Kg | C20: 460 | D20: 12000 | E20: =C20*D20 -> 5520000
A21: Cải Bó Xôi | B21: Kg | C21: 4 | D21: 20000 | E21: =C21*D21 -> 80000
A22: Cải Bó Xôi | B22: Túi | C22: 0 | E22: =C22*D22 -> 0
A23: Cải Kale | B23: Kg | C23: 0 | E23: =C23*D23 -> 0
A24: Cải Kale | B24: Túi | C24: 53 | D24: 8000 | E24: =C24*D24 -> 424000
A25: Cải Thảo | B25: Kg | C25: 220 | D25: 7000 | E25: =C25*D25 -> 1540000
A26: Cần Tây | B26: Cây | C26: 0 | E26: =C26*D26 -> 0
A27: Cần Tây | B27: Kg | C27: 0 | E27: =C27*D27 -> 0
A28: Xà Lách Lolo Xanh T.C | B28: Kg | C28: 46 | D28: 28000 | E28: =C28*D28 -> 1288000
A29: Bí Đỏ Tròn | B29: Kg | C29: 250 | D29: 4300 | E29: =C29*D29 -> 1075000
A30: Bí Ngòi Xanh | B30: Kg | C30: 97 | D30: 10000 | E30: =C30*D30 -> 970000
A31: Bí Ngòi Xanh | B31: Trái | C31: 0 | E31: =C31*D31 -> 0
A32: Bí Non Nhật | B32: Kg | C32: 66 | D32: 10000 | E32: =C32*D32 -> 660000
A33: Bí Non Nhật | B33: Trái | C33: 0 | E33: =C33*D33 -> 0
A34: Cà Chua Beef | B34: Kg | C34: 170 | D34: 17000 | E34: =C34*D34 -> 2890000
A35: Cà Chua Beef | B35: Vỉ | C35: 0 | E35: =C35*D35 -> 0
A36: Cà Chua Beef | B36: Vỉ 650gr | C36: 0 | E36: =C36*D36 -> 0
A37: Cà Chua Thường | B37: Kg | C37: 0 | E37: =C37*D37 -> 0
A38: Cà Chua Thường | B38: Kg | C38: 150 | D38: 17000 | E38: =C38*D38 -> 2550000
A39: Cà Chua Thường | B39: Vỉ | C39: 0 | E39: =C39*D39 -> 0
A40: Cà Chua Thường Trung | B40: Kg | C40: 60 | D40: 11000 | E40: =C40*D40 -> 660000
A41: Cà Chua Thường Trung | B41: Túi | C41: 0 | E41: =C41*D41 -> 0
A42: Dưa Leo Baby | B42: Kg | C42: 0 | E42: =C42*D42 -> 0
A43: Dưa Leo Baby | B43: Vỉ | C43: 767 | D43: 5000 | E43: =C43*D43 -> 3835000
A44: Dưa Leo Thường | B44: Kg | C44: 35 | D44: 5000 | E44: =C44*D44 -> 175000
A45: Ớt Chuông Đỏ | B45: Kg | C45: 118 | D45: 35000 | E45: =C45*D45 -> 4130000
A46: Ớt Chuông Đỏ | B46: Trái | C46: 0 | E46: =C46*D46 -> 0
A47: Ớt Chuông Vàng | B47: Kg | C47: 0 | E47: =C47*D47 -> 0
A48: Ớt Chuông Vàng | B48: Trái | C48: 0 | E48: =C48*D48 -> 0
A49: Ớt Chuông Xanh | B49: Kg | C49: 75 | D49: 28000 | E49: =C49*D49 -> 2100000
A50: Ớt Chuông Xanh | B50: Trái | C50: 0 | E50: =C50*D50 -> 0
A51: Bơ Booth | B51: Kg | C51: 0 | E51: =C51*D51 -> 0
A52: Ớt Chuông Ba Màu | B52: Vỉ | C52: 0 | E52: =C52*D52 -> 0
A53: Củ Khoai Lang Mật Size 23 | B53: Kg | C53: 110 | D53: 25000 | E53: =C53*D53 -> 2750000
A54: Cà Chua Bi Đỏ | B54: Kg | C54: 0 | E54: =C54*D54 -> 0
A55: Cà Chua Bi Đỏ | B55: Hộp 300gr | C55: 0 | E55: =C55*D55 -> 0
A56: Cà Chua Bi Đỏ | B56: Hộp 500gr | C56: 0 | E56: =C56*D56 -> 0
A57: Củ Khoai Sâm | B57: Kg | C57: 0 | E57: =C57*D57 -> 0
A58: Hạt Dẻ Ngố | B58: Kg | C58: 1542 | D58: 28600 | E58: =C58*D58 -> 44101200
A59: Bắp Cải Tím | B59: Kg | C59: 56 | D59: 30000 | E59: =C59*D59 -> 1680000
A60: Bắp Cải Trái Tim | B60: Kg | C60: 80 | D60: 10000 | E60: =C60*D60 -> 800000
A61: Bông Cải Trắng | B61: Kg | C61: 4 | D61: 26000 | E61: =C61*D61 -> 104000
A62: Bông Cải Xanh 10Cm | B62: Kg | C62: 0 | E62: =C62*D62 -> 0
A63: Cà Chua Beef Trung | B63: Kg | C63: 0 | E63: =C63*D63 -> 0
A64: Cà Chua Beef Trung | B64: Vỉ 500gr | C64: 36 | D64: 8000 | E64: =C64*D64 -> 288000
A65: Cà Chua Bi Mix | B65: Hộp | C65: 7 | D65: 14250 | E65: =C65*D65 -> 99750
A66: Cà Chua Socola | B66: Kg | C66: 0 | E66: =C66*D66 -> 0
A67: Cà Chua Socola | B67: Hộp 300gr | C67: 88 | D67: 7800 | E67: =C67*D67 -> 686400
A68: Cà Chua Socola | B68: Hộp 250GR | C68: 0 | E68: =C68*D68 -> 0
A69: Cà Tím | B69: Kg | C69: 0 | E69: =C69*D69 -> 0
A70: Cà Tím | B70: Cặp | C70: 0 | E70: =C70*D70 -> 0
A71: Cải Cầu Vồng | B71: Kg | C71: 0 | E71: =C71*D71 -> 0
A72: Cải Cầu Vồng | B72: Túi | C72: 15 | D72: 6000 | E72: =C72*D72 -> 90000
A73: Chuối Laba | B73: Kg | C73: 0 | E73: =C73*D73 -> 0
A74: Củ Cải Trắng | B74: Kg | C74: 124 | D74: 6000 | E74: =C74*D74 -> 744000
A75: Củ Gừng | B75: Kg | C75: 14 | D75: 39000 | E75: =C75*D75 -> 546000
A76: Củ Su Hào | B76: Kg | C76: 65 | D76: 17000 | E76: =C76*D76 -> 1105000
A77: Đậu Cove Nhật | B77: Túi | C77: 0 | E77: =C77*D77 -> 0
A78: Đậu Cove Trắng | B78: Kg | C78: 0 | E78: =C78*D78 -> 0
A79: Đậu Cove Trắng | B79: Túi | C79: 30 | D79: 9000 | E79: =C79*D79 -> 270000
A80: Đậu Cove Trắng | B80: Túi 500gr | C80: 0 | E80: =C80*D80 -> 0
A81: Đậu Đỏ | B81: Kg | C81: 0 | E81: =C81*D81 -> 0
A82: Đậu Ngự | B82: Kg | C82: 2.5 | D82: 70000 | E82: =C82*D82 -> 175000
A83: Đậu Trắng | B83: Kg | C83: 1.5 | D83: 70000 | E83: =C83*D83 -> 105000
A84: Hành Paro | B84: Cây | C84: 0 | E84: =C84*D84 -> 0
A85: Hành Paro | B85: Kg | C85: 0 | E85: =C85*D85 -> 0
A86: Hồng Giòn Đà Lạt | B86: Kg | C86: 4 | D86: 30000 | E86: =C86*D86 -> 120000
A87: Lá Mè | B87: Túi | C87: 0 | E87: =C87*D87 -> 0
A88: Lá Nha Đam | B88: Kg | C88: 13 | D88: 14000 | E88: =C88*D88 -> 182000
A89: Ớt Chuông Baby | B89: Hộp | C89: 0 | E89: =C89*D89 -> 0
A90: Ớt Chuông Baby | B90: Kg | C90: 0 | E90: =C90*D90 -> 0
A91: Ớt Sweet Palemo | B91: Túi | C91: 78 | D91: 20000 | E91: =C91*D91 -> 1560000
A92: Trái Su Su | B92: Kg | C92: 85 | D92: 9000 | E92: =C92*D92 -> 765000
A93: Xà Lách Lolo Xanh | B93: Kg | C93: 24 | D93: 14000 | E93: =C93*D93 -> 336000
A94: Xà Lách Mỡ T.C | B94: Kg | C94: 15 | D94: 27000 | E94: =C94*D94 -> 405000
A95: Xà Lách Romaine T.C | B95: Kg | C95: 0 | E95: =C95*D95 -> 0
A96: Xà Lách Thủy Tinh T.C | B96: Kg | C96: 0 | E96: =C96*D96 -> 0
A97: Bông Cải Xanh 7Cm | B97: Kg | C97: 0 | E97: =C97*D97 -> 0
A98: Xà Lách Rocket | B98: Kg | C98: 0 | E98: =C98*D98 -> 0
A99: Bí Ngòi Vàng | B99: Kg | C99: 0 | E99: =C99*D99 -> 0
A100: Đậu Hà Lan Trái | B100: Kg | C100: 0 | E100: =C100*D100 -> 0
A101: Dưa Leo Nhật | B101: Kg | C101: 3 | D101: 10000 | E101: =C101*D101 -> 30000
...

Sheet 25.11
A2: hàng tồn cuối ngày 25/11
A3: Tên Sản phẩm | B3: ĐVT | C3: tồn | D3: giá | E3: thành tiền
A4: Cà Rốt | B4: Kg | C4: 272 | D4: 12500 | E4: =C4*D4 -> 3400000
A5: Cà Rốt | B5: Túi | C5: 0 | E5: =C5*D5 -> 0
A6: Cà Rốt Baby | B6: Vỉ | C6: 17 | D6: 11000 | E6: =C6*D6 -> 187000
A7: Củ Cải Đỏ | B7: Hộp | C7: 28 | D7: 13000 | E7: =C7*D7 -> 364000
A8: Củ Dền | B8: Kg | C8: 65 | D8: 18000 | E8: =C8*D8 -> 1170000
A9: Củ Dền | B9: Túi | C9: 0 | E9: =C9*D9 -> 0
A10: Củ Hành Tây | B10: Kg | C10: 1802 | D10: 21000 | E10: =C10*D10 -> 37842000
A11: Củ Hành Tây | B11: Túi 300gr | C11: 0 | E11: =C11*D11 -> 0
A12: Củ Hành Tây Trung | B12: Túi | C12: 1821 | D12: 4500 | E12: =C12*D12 -> 8194500
A13: Củ Khoai Lang Mật Size 46 | B13: Kg | C13: 1280 | D13: 25000 | E13: =C13*D13 -> 32000000
A14: Củ Khoai Lang Nhật | B14: Kg | C14: 120 | D14: 17000 | E14: =C14*D14 -> 2040000
A15: Củ Khoai Tây Vàng | B15: Kg | C15: 150 | D15: 15000 | E15: =C15*D15 -> 2250000
A16: Củ Khoai Tây Vàng | B16: Túi | C16: 0 | E16: =C16*D16 -> 0
A17: Bông Cải Xanh Baby | B17: Vỉ | C17: 0 | E17: =C17*D17 -> 0
A18: Bắp Cải Trắng | B18: Kg | C18: 470 | D18: 11000 | E18: =C18*D18 -> 5170000
A19: Cải Bó Xôi | B19: Kg | C19: 14 | D19: 20000 | E19: =C19*D19 -> 280000
A20: Cải Bó Xôi | B20: Túi | C20: 37 | D20: 7000 | E20: =C20*D20 -> 259000
A21: Cải Kale | B21: Túi | C21: 0 | E21: =C21*D21 -> 0
A22: Cải Thảo | B22: Kg | C22: 470 | D22: 7000 | E22: =C22*D22 -> 3290000
A23: Cần Tây | B23: Cây | C23: 0 | E23: =C23*D23 -> 0
A24: Cần Tây | B24: Kg | C24: 87 | D24: 16000 | E24: =C24*D24 -> 1392000
A25: Xà Lách Lolo Xanh T.C | B25: Kg | C25: 30 | D25: 28000 | E25: =C25*D25 -> 840000
A26: Bí Đỏ Tròn | B26: Kg | C26: 860 | D26: 4300 | E26: =C26*D26 -> 3698000
A27: Bí Ngòi Xanh | B27: Kg | C27: 54 | D27: 10000 | E27: =C27*D27 -> 540000
A28: Bí Ngòi Xanh | B28: Trái | C28: 0 | E28: =C28*D28 -> 0
A29: Bí Non Nhật | B29: Kg | C29: 52 | D29: 10000 | E29: =C29*D29 -> 520000
A30: Bí Non Nhật | B30: Trái | C30: 0 | E30: =C30*D30 -> 0
A31: Cà Chua Beef | B31: Kg | C31: 0 | E31: =C31*D31 -> 0
A32: Cà Chua Beef | B32: Vỉ | C32: 0 | E32: =C32*D32 -> 0
A33: Cà Chua Beef | B33: Vỉ 650gr | C33: 0 | E33: =C33*D33 -> 0
A34: Cà Chua Thường | B34: Kg | C34: 60 | D34: 18000 | E34: =C34*D34 -> 1080000
A35: Cà Chua Thường | B35: Vỉ | C35: 0 | E35: =C35*D35 -> 0
A36: Cà Chua Thường Trung | B36: Túi | C36: 380 | D36: 11000 | E36: =C36*D36 -> 4180000
A37: Dưa Leo Baby | B37: Kg | C37: 0 | E37: =C37*D37 -> 0
A38: Dưa Leo Baby | B38: Vỉ | C38: 160 | D38: 5000 | E38: =C38*D38 -> 800000
A39: Dưa Leo Thường | B39: Kg | C39: 27 | D39: 5000 | E39: =C39*D39 -> 135000
A40: Ớt Chuông Đỏ | B40: Kg | C40: 70 | D40: 35000 | E40: =C40*D40 -> 2450000
A41: Ớt Chuông Đỏ | B41: Trái | C41: 0 | E41: =C41*D41 -> 0
A42: Ớt Chuông Vàng | B42: Kg | C42: 65 | D42: 18000 | E42: =C42*D42 -> 1170000
A43: Ớt Chuông Vàng | B43: Trái | C43: 0 | E43: =C43*D43 -> 0
A44: Ớt Chuông Xanh | B44: Kg | C44: 0 | E44: =C44*D44 -> 0
A45: Ớt Chuông Xanh | B45: Trái | C45: 0 | E45: =C45*D45 -> 0
A46: Bơ Booth | B46: Kg | C46: 0 | E46: =C46*D46 -> 0
A47: Ớt Chuông Ba Màu | B47: Vỉ | C47: 0 | E47: =C47*D47 -> 0
A48: Củ Khoai Lang Mật Size 23 | B48: Kg | C48: 0 | E48: =C48*D48 -> 0
A49: Cà Chua Bi Đỏ | B49: Kg | C49: 5 | D49: 29000 | E49: =C49*D49 -> 145000
A50: Cà Chua Bi Đỏ | B50: Hộp 300gr | C50: 0 | E50: =C50*D50 -> 0
A51: Cà Chua Bi Đỏ | B51: Hộp 500gr | C51: 0 | E51: =C51*D51 -> 0
A52: Củ Khoai Sâm | B52: Kg | C52: 0 | E52: =C52*D52 -> 0
A53: Hạt Dẻ Ngố | B53: Kg | C53: 2670 | D53: 28600 | E53: =C53*D53 -> 76362000
A54: Bắp Cải Tím | B54: Kg | C54: 55 | D54: 30000 | E54: =C54*D54 -> 1650000
A55: Bắp Cải Trái Tim | B55: Kg | C55: 87 | D55: 10000 | E55: =C55*D55 -> 870000
A56: Bông Cải Trắng | B56: Kg | C56: 8 | D56: 26000 | E56: =C56*D56 -> 208000
A57: Bông Cải Xanh 10Cm | B57: Kg | C57: 0 | E57: =C57*D57 -> 0
A58: Cà Chua Beef Trung | B58: Kg | C58: 40 | D58: 15000 | E58: =C58*D58 -> 600000
A59: Cà Chua Beef Trung | B59: Vỉ 500gr | C59: 48 | D59: 8000 | E59: =C59*D59 -> 384000
A60: Cà Chua Bi Mix | B60: Hộp | C60: 8 | D60: 14250 | E60: =C60*D60 -> 114000
A61: Cà Chua Socola | B61: Kg | C61: 0 | E61: =C61*D61 -> 0
A62: Cà Chua Socola | B62: Hộp 250GR | C62: 33 | D62: 8000 | E62: =C62*D62 -> 264000
A63: Cà Tím | B63: Kg | C63: 0 | E63: =C63*D63 -> 0
A64: Cà Tím | B64: Cặp | C64: 0 | E64: =C64*D64 -> 0
A65: Cải Cầu Vồng | B65: Túi | C65: 7 | D65: 6000 | E65: =C65*D65 -> 42000
A66: Chuối Laba | B66: Kg | C66: 0 | E66: =C66*D66 -> 0
A67: Củ Cải Trắng | B67: Kg | C67: 0 | E67: =C67*D67 -> 0
A68: Củ Gừng | B68: Kg | C68: 5 | D68: 39000 | E68: =C68*D68 -> 195000
A69: Củ Su Hào | B69: Kg | C69: 73 | D69: 17000 | E69: =C69*D69 -> 1241000
A70: Đậu Cove Nhật | B70: Túi | C70: 0 | E70: =C70*D70 -> 0
A71: Đậu Cove Trắng | B71: Kg | C71: 10 | D71: 9000 | E71: =C71*D71 -> 90000
A72: Đậu Cove Trắng | B72: Túi 500gr | C72: 0 | E72: =C72*D72 -> 0
A73: Đậu Đỏ | B73: Kg | C73: 2.5 | D73: 80000 | E73: =C73*D73 -> 200000
A74: Đậu Ngự | B74: Kg | C74: 2.5 | D74: 70000 | E74: =C74*D74 -> 175000
A75: Đậu Trắng | B75: Kg | C75: 1.5 | D75: 70000 | E75: =C75*D75 -> 105000
A76: Hành Paro | B76: Cây | C76: 0 | E76: =C76*D76 -> 0
A77: Hành Paro | B77: Kg | C77: 90 | D77: 30000 | E77: =C77*D77 -> 2700000
A78: Hồng Giòn Đà Lạt | B78: Kg | C78: 4 | D78: 30000 | E78: =C78*D78 -> 120000
A79: Lá Mè | B79: Túi | C79: 0 | E79: =C79*D79 -> 0
A80: Lá Nha Đam | B80: Kg | C80: 10 | D80: 14000 | E80: =C80*D80 -> 140000
A81: Ớt Chuông Baby | B81: Hộp | C81: 0 | E81: =C81*D81 -> 0
A82: Ớt Chuông Baby | B82: Kg | C82: 3 | D82: 44000 | E82: =C82*D82 -> 132000
A83: Ớt Sweet Palemo | B83: Túi | C83: 111 | D83: 20000 | E83: =C83*D83 -> 2220000
A84: Trái Su Su | B84: Kg | C84: 247 | D84: 8000 | E84: =C84*D84 -> 1976000
A85: Xà Lách Lolo Xanh | B85: Kg | C85: 68 | D85: 28000 | E85: =C85*D85 -> 1904000
A86: Xà Lách Mỡ T.C | B86: Kg | C86: 15 | D86: 28000 | E86: =C86*D86 -> 420000
A87: Xà Lách Romaine T.C | B87: Kg | C87: 0 | E87: =C87*D87 -> 0
A88: Xà Lách Thủy Tinh T.C | B88: Kg | C88: 17 | D88: 30000 | E88: =C88*D88 -> 510000
A89: Bông Cải Xanh 7Cm | B89: Kg | C89: 30 | D89: 32000 | E89: =C89*D89 -> 960000
A90: Trái Cam Canh | B90: Kg | C90: 680 | D90: 41000 | E90: =C90*D90 -> 27880000
A91: Rau Bầu Đất | B91: Túi | C91: 0 | E91: =C91*D91 -> 0
A92: Xà Lách Lolo Xanh T.C Cây | B92: Cây | C92: 378 | D92: 6800 | E92: =C92*D92 -> 2570400
A93: Xà Lách Thủy Tinh T.C Cây | B93: Cây | C93: 0 | E93: =C93*D93 -> 0
A94: Xà Lách Mỡ T.C Cây | B94: Cây | C94: 0 | E94: =C94*D94 -> 0
A95: Củ Khoai Tây Vàng Trung | B95: Túi | C95: 140 | D95: 6000 | E95: =C95*D95 -> 840000
A96: Bí Đỏ Hồ Lô | B96: Kg | C96: 0 | E96: =C96*D96 -> 0
A97: Củ Khoai Tây Bi Vàng | B97: Túi | C97: 0 | E97: =C97*D97 -> 0
A98: Trái Khổ Qua | B98: Kg | C98: 0 | E98: =C98*D98 -> 0
A99: Dưa Leo Nhật | B99: Kg | C99: 3 | D99: 10000 | E99: =C99*D99 -> 30000
A100: Củ Khoai Mỡ | B100: Kg | C100: 0 | E100: =C100*D100 -> 0
A101: Trái Bầu | B101: Kg | C101: 0 | E101: =C101*D101 -> 0
...

Sheet 26.11
A2: hàng tồn cuối ngày 26/11 vr
A3: Tên Sản phẩm | B3: ĐVT | C3: tồn | D3: giá | E3: thành tiền
A4: Cà Rốt | B4: Kg | C4: 415 | D4: 13000 | E4: =C4*D4 -> 5395000
A5: Cà Rốt | B5: Túi | C5: 0 | E5: =C5*D5 -> 0
A6: Cà Rốt Baby | B6: Kg | C6: 10 | D6: 40000 | E6: =C6*D6 -> 400000
A7: Cà Rốt Baby | B7: Vỉ | C7: 0 | E7: =C7*D7 -> 0
A8: Củ Cải Đỏ | B8: Hộp | C8: 28 | D8: 10000 | E8: =C8*D8 -> 280000
A9: Củ Cải Đỏ | B9: Kg | C9: 0 | E9: =C9*D9 -> 0
A10: Củ Dền | B10: Kg | C10: 70 | D10: 18000 | E10: =C10*D10 -> 1260000
A11: Củ Dền | B11: Túi | C11: 0 | E11: =C11*D11 -> 0
A12: Củ Hành Tây | B12: Kg | C12: 1626 | D12: 21000 | E12: =C12*D12 -> 34146000
A13: Củ Hành Tây | B13: Túi 300gr | C13: 0 | E13: =C13*D13 -> 0
A14: Củ Hành Tây Trung | B14: Túi | C14: 701 | D14: 4500 | E14: =C14*D14 -> 3154500
A15: Củ Khoai Lang Mật Size 46 | B15: Kg | C15: 930 | D15: 25000 | E15: =C15*D15 -> 23250000
A16: Củ Khoai Lang Mật Size 46 | B16: Túi | C16: 0 | E16: =C16*D16 -> 0
A17: Củ Khoai Lang Nhật | B17: Kg | C17: 220 | D17: 17000 | E17: =C17*D17 -> 3740000
A18: Củ Khoai Tây Vàng | B18: Kg | C18: 115 | D18: 15000 | E18: =C18*D18 -> 1725000
A19: Củ Khoai Tây Vàng | B19: Túi | C19: 0 | E19: =C19*D19 -> 0
A20: Bông Cải Xanh Baby | B20: Vỉ | C20: 0 | E20: =C20*D20 -> 0
A21: Bắp Cải Trắng | B21: Kg | C21: 440 | D21: 11000 | E21: =C21*D21 -> 4840000
A22: Cải Bó Xôi | B22: Kg | C22: 20 | D22: 17000 | E22: =C22*D22 -> 340000
A23: Cải Bó Xôi | B23: Túi | C23: 0 | E23: =C23*D23 -> 0
A24: Cải Kale | B24: Kg | C24: 0 | E24: =C24*D24 -> 0
A25: Cải Kale | B25: Túi | C25: 0 | E25: =C25*D25 -> 0
A26: Cải Thảo | B26: Kg | C26: 420 | D26: 7000 | E26: =C26*D26 -> 2940000
A27: Cần Tây | B27: Cây | C27: 0 | E27: =C27*D27 -> 0
A28: Cần Tây | B28: Kg | C28: 80 | D28: 16000 | E28: =C28*D28 -> 1280000
A29: Xà Lách Lolo Xanh T.C | B29: Kg | C29: 69 | D29: 28000 | E29: =C29*D29 -> 1932000
A30: Bí Đỏ Tròn | B30: Kg | C30: 600 | D30: 4300 | E30: =C30*D30 -> 2580000
A31: Bí Ngòi Xanh | B31: Kg | C31: 120 | D31: 10000 | E31: =C31*D31 -> 1200000
A32: Bí Ngòi Xanh | B32: Trái | C32: 0 | E32: =C32*D32 -> 0
A33: Bí Non Nhật | B33: Kg | C33: 45 | D33: 10000 | E33: =C33*D33 -> 450000
A34: Bí Non Nhật | B34: Trái | C34: 0 | E34: =C34*D34 -> 0
A35: Cà Chua Beef | B35: Kg | C35: 0 | E35: =C35*D35 -> 0
A36: Cà Chua Beef | B36: Vỉ 650gr | C36: 0 | E36: =C36*D36 -> 0
A37: Cà Chua Thường | B37: Kg | C37: 160 | D37: 18000 | E37: =C37*D37 -> 2880000
A38: Cà Chua Thường | B38: Vỉ | C38: 0 | E38: =C38*D38 -> 0
A39: Cà Chua Thường Trung | B39: Túi | C39: 400 | D39: 15000 | E39: =C39*D39 -> 6000000
A40: Dưa Leo Baby | B40: Kg | C40: 0 | E40: =C40*D40 -> 0
A41: Dưa Leo Baby | B41: Vỉ | C41: 784 | D41: 5000 | E41: =C41*D41 -> 3920000
A42: Dưa Leo Thường | B42: Kg | C42: 30 | D42: 4000 | E42: =C42*D42 -> 120000
A43: Ớt Chuông Đỏ | B43: Kg | C43: 170 | D43: 35000 | E43: =C43*D43 -> 5950000
A44: Ớt Chuông Đỏ | B44: Trái | C44: 0 | E44: =C44*D44 -> 0
A45: Ớt Chuông Vàng | B45: Kg | C45: 120 | D45: 18000 | E45: =C45*D45 -> 2160000
A46: Ớt Chuông Vàng | B46: Trái | C46: 0 | E46: =C46*D46 -> 0
A47: Ớt Chuông Xanh | B47: Kg | C47: 105 | D47: 28000 | E47: =C47*D47 -> 2940000
A48: Ớt Chuông Xanh | B48: Trái | C48: 0 | E48: =C48*D48 -> 0
A49: Bơ Booth | B49: Kg | C49: 0 | E49: =C49*D49 -> 0
A50: Ớt Chuông Ba Màu | B50: Vỉ | C50: 0 | E50: =C50*D50 -> 0
A51: Củ Khoai Lang Mật Size 23 | B51: Kg | C51: 0 | E51: =C51*D51 -> 0
A52: Cà Chua Bi Đỏ | B52: Kg | C52: 0 | E52: =C52*D52 -> 0
A53: Cà Chua Bi Đỏ | B53: Hộp 300gr | C53: 46 | D53: 8700 | E53: =C53*D53 -> 400200
A54: Cà Chua Bi Đỏ | B54: Hộp 500gr | C54: 0 | E54: =C54*D54 -> 0
A55: Củ Khoai Sâm | B55: Kg | C55: 0 | E55: =C55*D55 -> 0
A56: Hạt Dẻ Ngố | B56: Kg | C56: 2530 | D56: 27600 | E56: =C56*D56 -> 69828000
A57: Bắp Cải Tím | B57: Kg | C57: 35 | D57: 30000 | E57: =C57*D57 -> 1050000
A58: Bắp Cải Trái Tim | B58: Kg | C58: 130 | D58: 10000 | E58: =C58*D58 -> 1300000
A59: Bông Cải Trắng | B59: Kg | C59: 0 | E59: =C59*D59 -> 0
A60: Bông Cải Xanh 10Cm | B60: Kg | C60: 0 | E60: =C60*D60 -> 0
A61: Cà Chua Beef Trung | B61: Vỉ 500gr | C61: 0 | E61: =C61*D61 -> 0
A62: Cà Chua Bi Mix | B62: Hộp | C62: 0 | E62: =C62*D62 -> 0
A63: Cà Chua Socola | B63: Kg | C63: 0 | E63: =C63*D63 -> 0
A64: Cà Chua Socola | B64: Hộp 250GR | C64: 7 | D64: 8000 | E64: =C64*D64 -> 56000
A65: Cà Tím | B65: Kg | C65: 0 | E65: =C65*D65 -> 0
A66: Cà Tím | B66: Cặp | C66: 0 | E66: =C66*D66 -> 0
A67: Cải Cầu Vồng | B67: Kg | C67: 0 | E67: =C67*D67 -> 0
A68: Chuối Laba | B68: Kg | C68: 0 | E68: =C68*D68 -> 0
A69: Củ Cải Trắng | B69: Kg | C69: 0 | E69: =C69*D69 -> 0
A70: Củ Gừng | B70: Kg | C70: 16 | D70: 39000 | E70: =C70*D70 -> 624000
A71: Củ Su Hào | B71: Kg | C71: 65 | D71: 17000 | E71: =C71*D71 -> 1105000
A72: Đậu Cove Nhật | B72: Túi | C72: 0 | E72: =C72*D72 -> 0
A73: Đậu Cove Trắng | B73: Kg | C73: 0 | E73: =C73*D73 -> 0
A74: Đậu Cove Trắng | B74: Túi 500gr | C74: 0 | E74: =C74*D74 -> 0
A75: Đậu Đỏ | B75: Kg | C75: 0 | E75: =C75*D75 -> 0
A76: Đậu Ngự | B76: Kg | C76: 2 | D76: 70000 | E76: =C76*D76 -> 140000
A77: Đậu Trắng | B77: Kg | C77: 1 | D77: 70000 | E77: =C77*D77 -> 70000
A78: Hành Paro | B78: Cây | C78: 0 | E78: =C78*D78 -> 0
A79: Hành Paro | B79: Kg | C79: 123 | D79: 30000 | E79: =C79*D79 -> 3690000
A80: Hồng Giòn Đà Lạt | B80: Kg | C80: 0 | E80: =C80*D80 -> 0
A81: Lá Mè | B81: Túi | C81: 0 | E81: =C81*D81 -> 0
A82: Lá Nha Đam | B82: Kg | C82: 15 | D82: 14000 | E82: =C82*D82 -> 210000
A83: Ớt Chuông Baby | B83: Hộp | C83: 0 | E83: =C83*D83 -> 0
A84: Ớt Chuông Baby | B84: Kg | C84: 0 | E84: =C84*D84 -> 0
A85: Ớt Sweet Palemo | B85: Túi | C85: 70 | D85: 20000 | E85: =C85*D85 -> 1400000
A86: Trái Su Su | B86: Kg | C86: 0 | E86: =C86*D86 -> 0
A87: Xà Lách Lolo Xanh | B87: Kg | C87: 45 | D87: 14000 | E87: =C87*D87 -> 630000
A88: Xà Lách Mỡ T.C | B88: Kg | C88: 0 | E88: =C88*D88 -> 0
A89: Xà Lách Romaine T.C | B89: Kg | C89: 0 | E89: =C89*D89 -> 0
A90: Xà Lách Thủy Tinh T.C | B90: Kg | C90: 19 | D90: 30000 | E90: =C90*D90 -> 570000
A91: Bông Cải Xanh 7Cm | B91: Kg | C91: 25 | D91: 32000 | E91: =C91*D91 -> 800000
A92: Xà Lách Rocket | B92: Kg | C92: 0 | E92: =C92*D92 -> 0
A93: Dưa Leo Nhật | B93: Kg | C93: 0 | E93: =C93*D93 -> 0
A94: Củ Khoai Mỡ | B94: Kg | C94: 0 | E94: =C94*D94 -> 0
A95: Củ Khoai Tây Bi Vàng | B95: Kg | C95: 0 | E95: =C95*D95 -> 0
A96: Củ Khoai Tây Bi Vàng | B96: Túi | C96: 0 | E96: =C96*D96 -> 0
A97: Củ Khoai Tây Hồng | B97: Kg | C97: 0 | E97: =C97*D97 -> 0
A98: Cải Thảo Hỏa Tiễn | B98: Kg | C98: 0 | E98: =C98*D98 -> 0
A99: Rau Bầu Đất | B99: Túi | C99: 0 | E99: =C99*D99 -> 0
A100: Xà Lách Lolo Xanh T.C Cây | B100: Cây | C100: 0 | E100: =C100*D100 -> 0
A101: Xà Lách Thủy Tinh T.C Cây | B101: Cây | C101: 0 | E101: =C101*D101 -> 0
...

Sheet 27.11
A2: hàng tồn cuối ngày 27/11 vr
A3: Tên Sản phẩm | B3: ĐVT | C3: tồn | D3: giá | E3: thành tiền
A4: Cà Rốt | B4: Kg | C4: 450 | D4: 13000 | E4: =C4*D4 -> 5850000
A5: Cà Rốt | B5: Túi | C5: 0 | E5: =C5*D5 -> 0
A6: Cà Rốt Baby | B6: Vỉ | C6: 0 | E6: =C6*D6 -> 0
A7: Củ Cải Đỏ | B7: Hộp | C7: 14 | D7: 9500 | E7: =C7*D7 -> 133000
A8: Củ Dền | B8: Kg | C8: 93 | D8: 18000 | E8: =C8*D8 -> 1674000
A9: Củ Dền | B9: Túi | C9: 0 | E9: =C9*D9 -> 0
A10: Củ Hành Tây | B10: Kg | C10: 1361 | D10: 21000 | E10: =C10*D10 -> 28581000
A11: Củ Hành Tây | B11: Túi 300gr | C11: 0 | E11: =C11*D11 -> 0
A12: Củ Hành Tây Trung | B12: Túi | C12: 644 | D12: 4500 | E12: =C12*D12 -> 2898000
A13: Củ Khoai Lang Mật Size 46 | B13: Kg | C13: 580 | D13: 25000 | E13: =C13*D13 -> 14500000
A14: Củ Khoai Lang Mật Size 46 | B14: Túi | C14: 0 | E14: =C14*D14 -> 0
A15: Củ Khoai Lang Nhật | B15: Kg | C15: 0 | E15: =C15*D15 -> 0
A16: Củ Khoai Tây Vàng | B16: Kg | C16: 300 | D16: 15000 | E16: =C16*D16 -> 4500000
A17: Củ Khoai Tây Vàng | B17: Túi | C17: 0 | E17: =C17*D17 -> 0
A18: Bông Cải Xanh Baby | B18: Vỉ | C18: 0 | E18: =C18*D18 -> 0
A19: Bắp Cải Trắng | B19: Kg | C19: 138 | D19: 11000 | E19: =C19*D19 -> 1518000
A20: Cải Bó Xôi | B20: Kg | C20: 0 | E20: =C20*D20 -> 0
A21: Cải Bó Xôi | B21: Túi | C21: 0 | E21: =C21*D21 -> 0
A22: Cải Kale | B22: Túi | C22: 0 | E22: =C22*D22 -> 0
A23: Cải Thảo | B23: Kg | C23: 408 | D23: 7000 | E23: =C23*D23 -> 2856000
A24: Cần Tây | B24: Cây | C24: 0 | E24: =C24*D24 -> 0
A25: Cần Tây | B25: Kg | C25: 88 | D25: 16000 | E25: =C25*D25 -> 1408000
A26: Xà Lách Lolo Xanh T.C | B26: Kg | C26: 71 | D26: 28000 | E26: =C26*D26 -> 1988000
A27: Bí Đỏ Tròn | B27: Kg | C27: 504 | D27: 4300 | E27: =C27*D27 -> 2167200
A28: Bí Ngòi Xanh | B28: Kg | C28: 175 | D28: 10000 | E28: =C28*D28 -> 1750000
A29: Bí Ngòi Xanh | B29: Trái | C29: 0 | E29: =C29*D29 -> 0
A30: Bí Non Nhật | B30: Kg | C30: 15 | D30: 10000 | E30: =C30*D30 -> 150000
A31: Bí Non Nhật | B31: Trái | C31: 0 | E31: =C31*D31 -> 0
A32: Cà Chua Beef | B32: Kg | C32: 0 | E32: =C32*D32 -> 0
A33: Cà Chua Beef | B33: Vỉ | C33: 0 | E33: =C33*D33 -> 0
A34: Cà Chua Beef | B34: Vỉ 650gr | C34: 0 | E34: =C34*D34 -> 0
A35: Cà Chua Thường | B35: Kg | C35: 0 | E35: =C35*D35 -> 0
A36: Cà Chua Thường | B36: Vỉ | C36: 0 | E36: =C36*D36 -> 0
A37: Cà Chua Thường Trung | B37: Túi | C37: 24 | D37: 15000 | E37: =C37*D37 -> 360000
A38: Dưa Leo Baby | B38: Kg | C38: 0 | E38: =C38*D38 -> 0
A39: Dưa Leo Baby | B39: Vỉ | C39: 652 | D39: 5000 | E39: =C39*D39 -> 3260000
A40: Dưa Leo Thường | B40: Kg | C40: 161 | D40: 4000 | E40: =C40*D40 -> 644000
A41: Ớt Chuông Đỏ | B41: Kg | C41: 92 | D41: 35000 | E41: =C41*D41 -> 3220000
A42: Ớt Chuông Đỏ | B42: Trái | C42: 0 | E42: =C42*D42 -> 0
A43: Ớt Chuông Vàng | B43: Kg | C43: 59 | D43: 18000 | E43: =C43*D43 -> 1062000
A44: Ớt Chuông Vàng | B44: Trái | C44: 0 | E44: =C44*D44 -> 0
A45: Ớt Chuông Xanh | B45: Kg | C45: 0 | E45: =C45*D45 -> 0
A46: Ớt Chuông Xanh | B46: Trái | C46: 0 | E46: =C46*D46 -> 0
A47: Bơ Booth | B47: Kg | C47: 0 | E47: =C47*D47 -> 0
A48: Ớt Chuông Ba Màu | B48: Vỉ | C48: 0 | E48: =C48*D48 -> 0
A49: Củ Khoai Lang Mật Size 23 | B49: Kg | C49: 0 | E49: =C49*D49 -> 0
A50: Cà Chua Bi Đỏ | B50: Kg | C50: 3 | D50: 29000 | E50: =C50*D50 -> 87000
A51: Cà Chua Bi Đỏ | B51: Hộp 300gr | C51: 126 | D51: 8700 | E51: =C51*D51 -> 1096200
A52: Cà Chua Bi Đỏ | B52: Hộp 500gr | C52: 0 | E52: =C52*D52 -> 0
A53: Củ Khoai Sâm | B53: Kg | C53: 0 | E53: =C53*D53 -> 0
A54: Hạt Dẻ Ngố | B54: Kg | C54: 2520 | D54: 27600 | E54: =C54*D54 -> 69552000
A55: Bắp Cải Tím | B55: Kg | C55: 36 | D55: 30000 | E55: =C55*D55 -> 1080000
A56: Bắp Cải Trái Tim | B56: Kg | C56: 45 | D56: 10000 | E56: =C56*D56 -> 450000
A57: Bông Cải Trắng | B57: Kg | C57: 0 | E57: =C57*D57 -> 0
A58: Bông Cải Xanh 10Cm | B58: Kg | C58: 0 | E58: =C58*D58 -> 0
A59: Cà Chua Beef Trung | B59: Kg | C59: 0 | E59: =C59*D59 -> 0
A60: Cà Chua Beef Trung | B60: Vỉ 500gr | C60: 0 | E60: =C60*D60 -> 0
A61: Cà Chua Bi Mix | B61: Hộp | C61: 0 | E61: =C61*D61 -> 0
A62: Cà Chua Socola | B62: Kg | C62: 0 | E62: =C62*D62 -> 0
A63: Cà Chua Socola | B63: Hộp 250GR | C63: 128 | D63: 8000 | E63: =C63*D63 -> 1024000
A64: Cà Tím | B64: Kg | C64: 0 | E64: =C64*D64 -> 0
A65: Cà Tím | B65: Cặp | C65: 0 | E65: =C65*D65 -> 0
A66: Cải Cầu Vồng | B66: Túi | C66: 4 | D66: 6000 | E66: =C66*D66 -> 24000
A67: Chuối Laba | B67: Kg | C67: 0 | E67: =C67*D67 -> 0
A68: Củ Cải Trắng | B68: Kg | C68: 0 | E68: =C68*D68 -> 0
A69: Củ Gừng | B69: Kg | C69: 5 | D69: 39000 | E69: =C69*D69 -> 195000
A70: Củ Su Hào | B70: Kg | C70: 20 | D70: 13000 | E70: =C70*D70 -> 260000
A71: Đậu Cove Nhật | B71: Túi | C71: 20 | D71: 6000 | E71: =C71*D71 -> 120000
A72: Đậu Cove Trắng | B72: Kg | C72: 0 | E72: =C72*D72 -> 0
A73: Đậu Cove Trắng | B73: Túi 500gr | C73: 0 | E73: =C73*D73 -> 0
A74: Đậu Đỏ | B74: Kg | C74: 1 | D74: 80000 | E74: =C74*D74 -> 80000
A75: Đậu Ngự | B75: Kg | C75: 3 | D75: 70000 | E75: =C75*D75 -> 210000
A76: Đậu Trắng | B76: Kg | C76: 2.5 | D76: 70000 | E76: =C76*D76 -> 175000
A77: Hành Paro | B77: Cây | C77: 0 | E77: =C77*D77 -> 0
A78: Hành Paro | B78: Kg | C78: 67 | D78: 30000 | E78: =C78*D78 -> 2010000
A79: Hồng Giòn Đà Lạt | B79: Kg | C79: 0 | E79: =C79*D79 -> 0
A80: Lá Mè | B80: Túi | C80: 0 | E80: =C80*D80 -> 0
A81: Lá Nha Đam | B81: Kg | C81: 11 | D81: 14000 | E81: =C81*D81 -> 154000
A82: Ớt Chuông Baby | B82: Hộp | C82: 0 | E82: =C82*D82 -> 0
A83: Ớt Chuông Baby | B83: Kg | C83: 3 | D83: 44000 | E83: =C83*D83 -> 132000
A84: Ớt Sweet Palemo | B84: Túi | C84: 95 | D84: 20000 | E84: =C84*D84 -> 1900000
A85: Trái Su Su | B85: Kg | C85: 192 | D85: 7000 | E85: =C85*D85 -> 1344000
A86: Xà Lách Lolo Xanh | B86: Kg | C86: 27 | D86: 14000 | E86: =C86*D86 -> 378000
A87: Xà Lách Mỡ T.C | B87: Kg | C87: 39 | D87: 28000 | E87: =C87*D87 -> 1092000
A88: Xà Lách Romaine T.C | B88: Kg | C88: 0 | E88: =C88*D88 -> 0
A89: Xà Lách Thủy Tinh T.C | B89: Kg | C89: 7 | D89: 30000 | E89: =C89*D89 -> 210000
A90: Bông Cải Xanh 7Cm | B90: Kg | C90: 5 | D90: 32000 | E90: =C90*D90 -> 160000
A91: Rau Bầu Đất | B91: Túi | C91: 0 | E91: =C91*D91 -> 0
A92: Xà Lách Mỡ T.C Cây | B92: Cây | C92: 20 | D92: 6800 | E92: =C92*D92 -> 136000
A93: Xà Lách Lolo Xanh T.C Cây | B93: Cây | C93: 0 | E93: =C93*D93 -> 0
A94: Củ Khoai Tây Vàng Trung | B94: Túi | C94: 32 | D94: 6000 | E94: =C94*D94 -> 192000
A95: Xà Lách Thủy Tinh T.C Cây | B95: Cây | C95: 0 | E95: =C95*D95 -> 0
A96: Bí Đỏ Hồ Lô | B96: Kg | C96: 0 | E96: =C96*D96 -> 0
A97: Trái Cam Canh | B97: Kg | C97: 381 | D97: 41000 | E97: =C97*D97 -> 15621000
A98: Bơ 034 L1 | B98: Kg | C98: 0 | E98: =C98*D98 -> 0
A99: Củ Khoai Tây Bi Vàng | B99: Túi | C99: 0 | E99: =C99*D99 -> 0
A100: Đậu Tươi Hỗn Hợp Túi 100gr | B100: Túi | C100: 0 | E100: =C100*D100 -> 0
A101: Trái Khổ Qua | B101: Kg | C101: 0 | E101: =C101*D101 -> 0
...

Sheet 28.11
A2: hàng tồn cuối ngày 28/11 vr
A3: Tên Sản phẩm | B3: ĐVT | C3: tồn | D3: giá | E3: thành tiền
A4: Cà Rốt | B4: Kg | C4: 367 | D4: 13500 | E4: =C4*D4 -> 4954500
A5: Cà Rốt | B5: Túi | C5: 0 | E5: =C5*D5 -> 0
A6: Cà Rốt Baby | B6: Kg | C6: 0 | E6: =C6*D6 -> 0
A7: Cà Rốt Baby | B7: Vỉ | C7: 0 | E7: =C7*D7 -> 0
A8: Củ Cải Đỏ | B8: Hộp | C8: 14 | D8: 9500 | E8: =C8*D8 -> 133000
A9: Củ Cải Đỏ | B9: Kg | C9: 0 | E9: =C9*D9 -> 0
A10: Củ Dền | B10: Kg | C10: 0 | E10: =C10*D10 -> 0
A11: Củ Dền | B11: Túi | C11: 0 | E11: =C11*D11 -> 0
A12: Củ Hành Tây | B12: Kg | C12: 1101 | D12: 21000 | E12: =C12*D12 -> 23121000
A13: Củ Hành Tây | B13: Túi | C13: 544 | D13: 4500 | E13: =C13*D13 -> 2448000
A14: Củ Hành Tây | B14: Túi 300gr | C14: 0 | E14: =C14*D14 -> 0
A15: Củ Hành Tây Trung | B15: Túi | C15: 0 | E15: =C15*D15 -> 0
A16: Củ Khoai Lang Mật Size 46 | B16: Kg | C16: 176 | D16: 25000 | E16: =C16*D16 -> 4400000
A17: Củ Khoai Lang Mật Size 46 | B17: Túi | C17: 0 | E17: =C17*D17 -> 0
A18: Củ Khoai Lang Nhật | B18: Kg | C18: 210 | D18: 17000 | E18: =C18*D18 -> 3570000
A19: Củ Khoai Tây Vàng | B19: Kg | C19: 80 | D19: 15000 | E19: =C19*D19 -> 1200000
A20: Củ Khoai Tây Vàng | B20: Túi | C20: 0 | E20: =C20*D20 -> 0
A21: Bông Cải Xanh Baby | B21: Vỉ | C21: 0 | E21: =C21*D21 -> 0
A22: Bắp Cải Trắng | B22: Kg | C22: 12 | D22: 11000 | E22: =C22*D22 -> 132000
A23: Cải Bó Xôi | B23: Kg | C23: 0 | E23: =C23*D23 -> 0
A24: Cải Bó Xôi | B24: Túi | C24: 0 | E24: =C24*D24 -> 0
A25: Cải Kale | B25: Kg | C25: 0 | E25: =C25*D25 -> 0
A26: Cải Kale | B26: Túi | C26: 0 | E26: =C26*D26 -> 0
A27: Cải Thảo | B27: Kg | C27: 300 | D27: 7000 | E27: =C27*D27 -> 2100000
A28: Cần Tây | B28: Cây | C28: 0 | E28: =C28*D28 -> 0
A29: Cần Tây | B29: Kg | C29: 105 | D29: 16000 | E29: =C29*D29 -> 1680000
A30: Xà Lách Lolo Xanh T.C | B30: Kg | C30: 48 | D30: 14000 | E30: =C30*D30 -> 672000
A31: Bí Đỏ Tròn | B31: Kg | C31: 594 | D31: 4300 | E31: =C31*D31 -> 2554200
A32: Bí Ngòi Xanh | B32: Kg | C32: 75 | D32: 10000 | E32: =C32*D32 -> 750000
A33: Bí Ngòi Xanh | B33: Trái | C33: 0 | E33: =C33*D33 -> 0
A34: Bí Non Nhật | B34: Kg | C34: 0 | E34: =C34*D34 -> 0
A35: Bí Non Nhật | B35: Trái | C35: 0 | E35: =C35*D35 -> 0
A36: Cà Chua Beef | B36: Kg | C36: 265 | D36: 17000 | E36: =C36*D36 -> 4505000
A37: Cà Chua Beef | B37: Vỉ | C37: 0 | E37: =C37*D37 -> 0
A38: Cà Chua Beef | B38: Vỉ 650gr | C38: 0 | E38: =C38*D38 -> 0
A39: Cà Chua Thường | B39: Kg | C39: 140 | D39: 21000 | E39: =C39*D39 -> 2940000
A40: Cà Chua Thường | B40: Vỉ | C40: 0 | E40: =C40*D40 -> 0
A41: Cà Chua Thường Trung | B41: Túi | C41: 150 | D41: 15000 | E41: =C41*D41 -> 2250000
A42: Dưa Leo Baby | B42: Kg | C42: 0 | E42: =C42*D42 -> 0
A43: Dưa Leo Baby | B43: Vỉ | C43: 187 | D43: 5000 | E43: =C43*D43 -> 935000
A44: Dưa Leo Thường | B44: Kg | C44: 0 | E44: =C44*D44 -> 0
A45: Ớt Chuông Đỏ | B45: Kg | C45: 72 | D45: 32000 | E45: =C45*D45 -> 2304000
A46: Ớt Chuông Đỏ | B46: Trái | C46: 0 | E46: =C46*D46 -> 0
A47: Ớt Chuông Vàng | B47: Kg | C47: 140 | D47: 15000 | E47: =C47*D47 -> 2100000
A48: Ớt Chuông Vàng | B48: Trái | C48: 0 | E48: =C48*D48 -> 0
A49: Ớt Chuông Xanh | B49: Kg | C49: 90 | D49: 28000 | E49: =C49*D49 -> 2520000
A50: Ớt Chuông Xanh | B50: Trái | C50: 0 | E50: =C50*D50 -> 0
A51: Bơ Booth | B51: Kg | C51: 0 | E51: =C51*D51 -> 0
A52: Ớt Chuông Ba Màu | B52: Vỉ | C52: 0 | E52: =C52*D52 -> 0
A53: Củ Khoai Lang Mật Size 23 | B53: Kg | C53: 0 | E53: =C53*D53 -> 0
A54: Cà Chua Bi Đỏ | B54: Kg | C54: 8 | D54: 29000 | E54: =C54*D54 -> 232000
A55: Cà Chua Bi Đỏ | B55: Hộp 300gr | C55: 82 | D55: 8700 | E55: =C55*D55 -> 713400
A56: Cà Chua Bi Đỏ | B56: Hộp 500gr | C56: 0 | E56: =C56*D56 -> 0
A57: Củ Khoai Sâm | B57: Kg | C57: 0 | E57: =C57*D57 -> 0
A58: Hạt Dẻ Ngố | B58: Kg | C58: 1830 | D58: 27600 | E58: =C58*D58 -> 50508000
A59: Bắp Cải Tím | B59: Kg | C59: 0 | E59: =C59*D59 -> 0
A60: Bắp Cải Trái Tim | B60: Kg | C60: 82 | D60: 10000 | E60: =C60*D60 -> 820000
A61: Bông Cải Trắng | B61: Kg | C61: 0 | E61: =C61*D61 -> 0
A62: Bông Cải Xanh 10Cm | B62: Kg | C62: 10 | D62: 26000 | E62: =C62*D62 -> 260000
A63: Cà Chua Beef Trung | B63: Kg | C63: 48 | D63: 15000 | E63: =C63*D63 -> 720000
A64: Cà Chua Beef Trung | B64: Vỉ 500gr | C64: 50 | D64: 8000 | E64: =C64*D64 -> 400000
A65: Cà Chua Bi Mix | B65: Hộp | C65: 0 | E65: =C65*D65 -> 0
A66: Cà Chua Socola | B66: Kg | C66: 0 | E66: =C66*D66 -> 0
A67: Cà Chua Socola | B67: Hộp 250GR | C67: 39 | D67: 8000 | E67: =C67*D67 -> 312000
A68: Cà Tím | B68: Kg | C68: 0 | E68: =C68*D68 -> 0
A69: Cà Tím | B69: Cặp | C69: 0 | E69: =C69*D69 -> 0
A70: Cải Cầu Vồng | B70: Kg | C70: 0 | E70: =C70*D70 -> 0
A71: Cải Cầu Vồng | B71: Túi | C71: 5 | D71: 6000 | E71: =C71*D71 -> 30000
A72: Chuối Laba | B72: Kg | C72: 0 | E72: =C72*D72 -> 0
A73: Củ Cải Trắng | B73: Kg | C73: 110 | D73: 5500 | E73: =C73*D73 -> 605000
A74: Củ Gừng | B74: Kg | C74: 13 | D74: 39000 | E74: =C74*D74 -> 507000
A75: Củ Su Hào | B75: Kg | C75: 70 | D75: 13000 | E75: =C75*D75 -> 910000
A76: Đậu Cove Nhật | B76: Túi | C76: 0 | E76: =C76*D76 -> 0
A77: Đậu Cove Trắng | B77: Kg | C77: 0 | E77: =C77*D77 -> 0
A78: Đậu Cove Trắng | B78: Túi 500gr | C78: 0 | E78: =C78*D78 -> 0
A79: Đậu Đỏ | B79: Kg | C79: 1 | D79: 80000 | E79: =C79*D79 -> 80000
A80: Đậu Ngự | B80: Kg | C80: 3 | D80: 70000 | E80: =C80*D80 -> 210000
A81: Đậu Trắng | B81: Kg | C81: 2.5 | D81: 70000 | E81: =C81*D81 -> 175000
A82: Hành Paro | B82: Cây | C82: 0 | E82: =C82*D82 -> 0
A83: Hành Paro | B83: Kg | C83: 40 | D83: 30000 | E83: =C83*D83 -> 1200000
A84: Hồng Giòn Đà Lạt | B84: Kg | C84: 0 | E84: =C84*D84 -> 0
A85: Lá Mè | B85: Túi | C85: 0 | E85: =C85*D85 -> 0
A86: Lá Nha Đam | B86: Kg | C86: 9 | D86: 14000 | E86: =C86*D86 -> 126000
A87: Ớt Chuông Baby | B87: Hộp | C87: 0 | E87: =C87*D87 -> 0
A88: Ớt Chuông Baby | B88: Kg | C88: 0 | E88: =C88*D88 -> 0
A89: Ớt Sweet Palemo | B89: Túi | C89: 0 | E89: =C89*D89 -> 0
A90: Trái Su Su | B90: Kg | C90: 197 | D90: 7000 | E90: =C90*D90 -> 1379000
A91: Xà Lách Lolo Xanh | B91: Kg | C91: 0 | E91: =C91*D91 -> 0
A92: Xà Lách Mỡ T.C | B92: Kg | C92: 27 | D92: 28000 | E92: =C92*D92 -> 756000
A93: Xà Lách Romaine T.C | B93: Kg | C93: 0 | E93: =C93*D93 -> 0
A94: Xà Lách Thủy Tinh T.C | B94: Kg | C94: 19 | D94: 30000 | E94: =C94*D94 -> 570000
A95: Bông Cải Xanh 7Cm | B95: Kg | C95: 51 | D95: 32000 | E95: =C95*D95 -> 1632000
A96: Xà Lách Rocket | B96: Kg | C96: 0 | E96: =C96*D96 -> 0
A97: Bí Ngòi Vàng | B97: Kg | C97: 0 | E97: =C97*D97 -> 0
A98: Đậu Hà Lan Trái | B98: Kg | C98: 0 | E98: =C98*D98 -> 0
A99: Dưa Leo Nhật | B99: Kg | C99: 0 | E99: =C99*D99 -> 0
A100: Củ Khoai Tây Bi Vàng | B100: Kg | C100: 0 | E100: =C100*D100 -> 0
A101: Củ Khoai Tây Bi Vàng | B101: Túi | C101: 0 | E101: =C101*D101 -> 0
...

Sheet 29.11
A1: Tên Sản phẩm VR | B1: ĐVT | C1: Tồn ĐL | D1: Giá | E1: Thành tiền
A2: Bắp Cải Tím | B2: Kg | C2: 50 | D2: 30000 | E2: =+D2*C2 -> 1500000
A3: Bắp Cải Trái Tim | B3: Kg | C3: 125 | D3: =VLOOKUP(A3,'28.11'!A5:D121,4,) -> 10000 | E3: =+D3*C3 -> 1250000
A4: Bắp Cải Trắng | B4: Kg | C4: 516 | D4: =VLOOKUP(A4,'28.11'!A6:D122,4,) -> 11000 | E4: =+D4*C4 -> 5676000
A5: Bí Đỏ Hồ Lô | B5: Kg | C5: 5 | D5: 12000 | E5: =+D5*C5 -> 60000
A6: Bí Đỏ Tròn | B6: Kg | C6: 624 | D6: =VLOOKUP(A6,'28.11'!A8:D124,4,) -> 4300 | E6: =+D6*C6 -> 2683200
A7: Bí Ngòi Xanh | B7: Kg | C7: 130 | D7: =VLOOKUP(A7,'28.11'!A9:D125,4,) -> 10000 | E7: =+D7*C7 -> 1300000
A8: Bí Ngòi Xanh | B8: Trái | C8: 0 | E8: =+D8*C8 -> 0
A9: Bí Non Nhật | B9: Kg | C9: 53 | D9: 10000 | E9: =+D9*C9 -> 530000
A10: Bí Non Nhật | B10: Trái | C10: 0 | E10: =+D10*C10 -> 0
A11: Bơ Booth | B11: Kg | C11: 0 | E11: =+D11*C11 -> 0
A12: Bông Cải Trắng | B12: Kg | C12: 46 | D12: 27000 | E12: =+D12*C12 -> 1242000
A13: Bông Cải Xanh 10Cm | B13: Kg | C13: 0 | E13: =+D13*C13 -> 0
A14: Bông Cải Xanh 12Cm | B14: Kg | C14: 0 | E14: =+D14*C14 -> 0
A15: Bông Cải Xanh 7Cm | B15: Kg | C15: 0 | E15: =+D15*C15 -> 0
A16: Bông Cải Xanh Baby | B16: Vỉ | C16: 0 | E16: =+D16*C16 -> 0
A17: Cà Chua Beef | B17: Kg | C17: 160 | D17: =VLOOKUP(A17,'28.11'!A19:D135,4,) -> 17000 | E17: =+D17*C17 -> 2720000
A18: Cà Chua Beef | B18: Vỉ | C18: 0 | E18: =+D18*C18 -> 0
A19: Cà Chua Beef | B19: Vỉ 650gr | C19: 0 | E19: =+D19*C19 -> 0
A20: Cà Chua Beef Trung | B20: Kg | C20: 51 | D20: =VLOOKUP(A20,'28.11'!A22:D138,4,) -> 15000 | E20: =+D20*C20 -> 765000
A21: Cà Chua Beef Trung | B21: Vỉ 500gr | C21: 0 | E21: =+D21*C21 -> 0
A22: Cà Chua Bi Đỏ | B22: Kg | C22: 14 | D22: =VLOOKUP(A22,'28.11'!A24:D140,4,) -> 29000 | E22: =+D22*C22 -> 406000
A23: Cà Chua Bi Đỏ | B23: Hộp 300gr | C23: 35 | D23: =VLOOKUP(A23,'28.11'!A25:D141,4,) -> 29000 | E23: =+D23*C23 -> 1015000
A24: Cà Chua Bi Đỏ | B24: Hộp 500gr | C24: 0 | E24: =+D24*C24 -> 0
A25: Cà Chua Bi Mix | B25: Hộp | C25: 0 | E25: =+D25*C25 -> 0
A26: Cà Chua Socola | B26: Kg | C26: 0 | E26: =+D26*C26 -> 0
A27: Cà Chua Socola | B27: Hộp 250GR | C27: 0 | E27: =+D27*C27 -> 0
A28: Cà Chua Thường | B28: Kg | C28: 0 | E28: =+D28*C28 -> 0
A29: Cà Chua Thường | B29: Vỉ | C29: 0 | E29: =+D29*C29 -> 0
A30: Cà Chua Thường Trung | B30: Túi | C30: 0 | E30: =+D30*C30 -> 0
A31: Cà Rốt | B31: Kg | C31: 325 | D31: 12500 | E31: =+D31*C31 -> 4062500
A32: Cà Rốt | B32: Túi | C32: 0 | E32: =+D32*C32 -> 0
A33: Cà Rốt Baby | B33: Vỉ | C33: 35 | D33: =38000*0.2 -> 7600 | E33: =+D33*C33 -> 266000
A34: Cà Tím | B34: Kg | C34: 0 | E34: =+D34*C34 -> 0
A35: Cà Tím | B35: Cặp | C35: 0 | E35: =+D35*C35 -> 0
A36: Cải Bó Xôi | B36: Kg | C36: 10 | D36: 16000 | E36: =+D36*C36 -> 160000
A37: Cải Bó Xôi | B37: Túi | C37: 0 | E37: =+D37*C37 -> 0
A38: Cải Cầu Vồng | B38: Túi | C38: 18 | D38: =18000*0.3 -> 5400 | E38: =+D38*C38 -> 97200
A39: Cải Kale | B39: Túi | C39: 60 | D39: =20000*0.3 -> 6000 | E39: =+D39*C39 -> 360000
A40: Cải Thảo | B40: Kg | C40: 0 | E40: =+D40*C40 -> 0
A41: Cải Thảo Hỏa Tiễn | B41: Kg | C41: 0 | E41: =+D41*C41 -> 0
A42: Cần Tây | B42: Cây | C42: 0 | E42: =+D42*C42 -> 0
A43: Cần Tây | B43: Kg | C43: 55 | D43: 16000 | E43: =+D43*C43 -> 880000
A44: Chuối Laba | B44: Kg | C44: 0 | E44: =+D44*C44 -> 0
A45: Củ Cải Đỏ | B45: Hộp | C45: 8 | D45: 9500 | E45: =+D45*C45 -> 76000
A46: Củ Cải Trắng | B46: Kg | C46: 0 | E46: =+D46*C46 -> 0
A47: Củ Dền | B47: Kg | C47: 0 | E47: =+D47*C47 -> 0
A48: Củ Dền | B48: Túi | C48: 0 | E48: =+D48*C48 -> 0
A49: Củ Gừng | B49: Kg | C49: 18 | D49: =VLOOKUP(A49,'28.11'!A51:D167,4,) -> 39000 | E49: =+D49*C49 -> 702000
A50: Củ Hành Tây | B50: Kg | C50: 629 | D50: 21000 | E50: =+D50*C50 -> 13209000
A51: Củ Hành Tây | B51: Túi 300gr | C51: 0 | E51: =+D51*C51 -> 0
A52: Củ Hành Tây Trung | B52: Túi | C52: 544 | D52: 4500 | E52: =+D52*C52 -> 2448000
A53: Củ Khoai Lang Mật Size 23 | B53: Kg | C53: 0 | E53: =+D53*C53 -> 0
A54: Củ Khoai Lang Mật Size 46 | B54: Kg | C54: 0 | E54: =+D54*C54 -> 0
A55: Củ Khoai Lang Mật Size 46 | B55: Túi | C55: 0 | E55: =+D55*C55 -> 0
A56: Củ Khoai Lang Nhật | B56: Kg | C56: 85 | D56: =VLOOKUP(A56,'28.11'!A58:D174,4,) -> 17000 | E56: =+D56*C56 -> 1445000
A57: Củ Khoai Mỡ | B57: Kg | C57: 27 | D57: =VLOOKUP(A57,'28.11'!A59:D175,4,) -> 25000 | E57: =+D57*C57 -> 675000
A58: Củ Khoai Sâm | B58: Kg | C58: 0 | E58: =+D58*C58 -> 0
A59: Củ Khoai Tây Vàng | B59: Kg | C59: 260 | D59: =VLOOKUP(A59,'28.11'!A61:D177,4,) -> 15000 | E59: =+D59*C59 -> 3900000
A60: Củ Khoai Tây Vàng | B60: Túi | C60: 0 | E60: =+D60*C60 -> 0
A61: Củ Khoai Tây Vàng Trung | B61: Túi | C61: 54 | D61: =VLOOKUP(A61,'28.11'!A63:D179,4,) -> 6000 | E61: =+D61*C61 -> 324000
A62: Củ Su Hào | B62: Kg | C62: 80 | D62: =VLOOKUP(A62,'28.11'!A64:D180,4,) -> 13000 | E62: =+D62*C62 -> 1040000
A63: Đậu Cove Nhật | B63: Túi | C63: 0 | E63: =+D63*C63 -> 0
A64: Đậu Cove Trắng | B64: Kg | C64: 0 | E64: =+D64*C64 -> 0
A65: Đậu Cove Trắng | B65: Túi 500gr | C65: 0 | E65: =+D65*C65 -> 0
A66: Đậu Đỏ | B66: Kg | C66: 3.5 | D66: =VLOOKUP(A66,'28.11'!A68:D184,4,) -> 80000 | E66: =+D66*C66 -> 280000
A67: Đậu Hà Lan Trái | B67: Kg | C67: 0.5 | D67: 80000 | E67: =+D67*C67 -> 40000
A68: Đậu Ngự | B68: Kg | C68: 2 | D68: =VLOOKUP(A68,'28.11'!A70:D186,4,) -> 70000 | E68: =+D68*C68 -> 140000
A69: Đậu Trắng | B69: Kg | C69: 2.5 | D69: =VLOOKUP(A69,'28.11'!A71:D187,4,) -> 70000 | E69: =+D69*C69 -> 175000
A70: Dưa Leo Baby | B70: Kg | C70: 0 | E70: =+D70*C70 -> 0
A71: Dưa Leo Baby | B71: Vỉ | C71: 15 | D71: 5000 | E71: =+D71*C71 -> 75000
A72: Dưa Leo Nhật | B72: Kg | C72: 10 | D72: 10000 | E72: =+D72*C72 -> 100000
A73: Dưa Leo Thường | B73: Kg | C73: 60 | D73: 4000 | E73: =+D73*C73 -> 240000
A74: Hành Paro | B74: Cây | C74: 0 | E74: =+D74*C74 -> 0
A75: Hành Paro | B75: Kg | C75: 50 | D75: 28000 | E75: =+D75*C75 -> 1400000
A76: Hạt Dẻ Ngố | B76: Kg | C76: 1650 | D76: =VLOOKUP(A76,'28.11'!A78:D194,4,) -> 27600 | E76: =+D76*C76 -> 45540000
A77: Hồng Giòn Đà Lạt | B77: Kg | C77: 0 | E77: =+D77*C77 -> 0
A78: Lá Mè | B78: Túi | C78: 0 | E78: =+D78*C78 -> 0
A79: Lá Nha Đam | B79: Kg | C79: 7 | D79: =VLOOKUP(A79,'28.11'!A81:D197,4,) -> 14000 | E79: =+D79*C79 -> 98000
A80: Ớt Chuông Ba Màu | B80: Vỉ | C80: 0 | E80: =+D80*C80 -> 0
A81: Ớt Chuông Baby | B81: Hộp | C81: 0 | E81: =+D81*C81 -> 0
A82: Ớt Chuông Đỏ | B82: Kg | C82: 145 | D82: =VLOOKUP(A82,'28.11'!A84:D200,4,) -> 32000 | E82: =+D82*C82 -> 4640000
A83: Ớt Chuông Đỏ | B83: Trái | C83: 0 | E83: =+D83*C83 -> 0
A84: Ớt Chuông Vàng | B84: Kg | C84: 110 | D84: =VLOOKUP(A84,'28.11'!A86:D202,4,) -> 15000 | E84: =+D84*C84 -> 1650000
A85: Ớt Chuông Vàng | B85: Trái | C85: 0 | E85: =+D85*C85 -> 0
A86: Ớt Chuông Xanh | B86: Kg | C86: 100 | D86: =VLOOKUP(A86,'28.11'!A88:D204,4,) -> 28000 | E86: =+D86*C86 -> 2800000
A87: Ớt Chuông Xanh | B87: Trái | C87: 0 | E87: =+D87*C87 -> 0
A88: Ớt Sweet Palemo | B88: Túi | C88: 0 | E88: =+D88*C88 -> 0
A89: Rau Bầu Đất | B89: Túi | C89: 0 | E89: =+D89*C89 -> 0
A90: Trái Cam Canh | B90: Kg | C90: 0 | E90: =+D90*C90 -> 0
A91: Trái Khổ Qua | B91: Kg | C91: 0 | E91: =+D91*C91 -> 0
A92: Trái Mâm Xôi | B92: Hộp | C92: 0 | E92: =+D92*C92 -> 0
A93: Trái Su Su | B93: Kg | C93: 155 | D93: 6500 | E93: =+D93*C93 -> 1007500
A94: Xà Lách Lolo Xanh | B94: Kg | C94: 0 | E94: =+D94*C94 -> 0
A95: Xà Lách Lolo Xanh T.C | B95: Kg | C95: 0 | E95: =+D95*C95 -> 0
A96: Xà Lách Lolo Xanh T.C Cây | B96: Cây | C96: 0 | E96: =+D96*C96 -> 0
A97: Xà Lách Mỡ T.C | B97: Kg | C97: 9 | D97: 27000 | E97: =+D97*C97 -> 243000
A98: Xà Lách Mỡ T.C Cây | B98: Cây | C98: 0 | E98: =+D98*C98 -> 0
A99: Xà Lách Romaine T.C | B99: Kg | C99: 0 | E99: =+D99*C99 -> 0
A100: Xà Lách Thủy Tinh T.C | B100: Kg | C100: 16 | D100: 30000 | E100: =+D100*C100 -> 480000
...

Sheet 30.11
A1: hàng tồn cuối ngày 30/11 vr
A2: Tên Sản phẩm | B2: ĐVT | C2: tồn | D2: giá | E2: thành tiền
A3: Bắp Cải Tím | B3: Kg | C3: 37 | D3: 30000 | E3: =C3*D3 -> 1110000
A4: Bắp Cải Trái Tim | B4: Kg | C4: 0 | E4: =C4*D4 -> 0
A5: Bắp Cải Trắng | B5: Kg | C5: 292 | D5: 11000 | E5: =C5*D5 -> 3212000
A6: Bí Đỏ Hồ Lô | B6: Kg | C6: 0 | E6: =C6*D6 -> 0
A7: Bí Đỏ Tròn | B7: Kg | C7: 560 | D7: 4300 | E7: =C7*D7 -> 2408000
A8: Bí Ngòi Xanh | B8: Kg | C8: 122 | D8: 8000 | E8: =C8*D8 -> 976000
A9: Bí Ngòi Xanh | B9: Trái | C9: 0 | E9: =C9*D9 -> 0
A10: Bí Ngòi Xanh | B10: Trái 250gr | C10: 0 | E10: =C10*D10 -> 0
A11: Bí Non Nhật | B11: Kg | C11: 90 | D11: 10000 | E11: =C11*D11 -> 900000
A12: Bí Non Nhật | B12: Trái | C12: 0 | E12: =C12*D12 -> 0
A13: Bơ Booth | B13: Kg | C13: 0 | E13: =C13*D13 -> 0
A14: Bông Cải Trắng | B14: Kg | C14: 30 | D14: 25000 | E14: =C14*D14 -> 750000
A15: Bông Cải Xanh 10Cm | B15: Kg | C15: 0 | E15: =C15*D15 -> 0
A16: Bông Cải Xanh 7Cm | B16: Kg | C16: 0 | E16: =C16*D16 -> 0
A17: Bông Cải Xanh Baby | B17: Vỉ | C17: 0 | E17: =C17*D17 -> 0
A18: Cà Chua Beef | B18: Kg | C18: 180 | D18: 19000 | E18: =C18*D18 -> 3420000
A19: Cà Chua Beef | B19: Vỉ | C19: 0 | E19: =C19*D19 -> 0
A20: Cà Chua Beef | B20: Vỉ 650gr | C20: 0 | E20: =C20*D20 -> 0
A21: Cà Chua Beef Trung | B21: Kg | C21: 40 | D21: 17000 | E21: =C21*D21 -> 680000
A22: Cà Chua Beef Trung | B22: Vỉ 500gr | C22: 0 | E22: =C22*D22 -> 0
A23: Cà Chua Bi Đỏ | B23: Kg | C23: 4 | D23: 29000 | E23: =C23*D23 -> 116000
A24: Cà Chua Bi Đỏ | B24: Hộp 300gr | C24: 100 | D24: 7800 | E24: =C24*D24 -> 780000
A25: Cà Chua Bi Mix | B25: Hộp | C25: 0 | E25: =C25*D25 -> 0
A26: Cà Chua Socola | B26: Kg | C26: 0 | E26: =C26*D26 -> 0
A27: Cà Chua Socola | B27: Hộp 300gr | C27: 85 | D27: 11000 | E27: =C27*D27 -> 935000
A28: Cà Chua Socola | B28: Hộp 250GR | C28: 0 | E28: =C28*D28 -> 0
A29: Cà Chua Thường | B29: Kg | C29: 240 | D29: 21000 | E29: =C29*D29 -> 5040000
A30: Cà Chua Thường | B30: Vỉ | C30: 0 | E30: =C30*D30 -> 0
A31: Cà Chua Thường Trung | B31: Túi | C31: 90 | D31: 18000 | E31: =C31*D31 -> 1620000
A32: Cà Rốt | B32: Kg | C32: 294 | D32: 14000 | E32: =C32*D32 -> 4116000
A33: Cà Rốt | B33: Túi | C33: 0 | E33: =C33*D33 -> 0
A34: Cà Rốt Baby | B34: Vỉ | C34: 0 | E34: =C34*D34 -> 0
A35: Cà Tím | B35: Kg | C35: 0 | E35: =C35*D35 -> 0
A36: Cà Tím | B36: Cặp | C36: 0 | E36: =C36*D36 -> 0
A37: Cải Bó Xôi | B37: Kg | C37: 14 | D37: 14000 | E37: =C37*D37 -> 196000
A38: Cải Bó Xôi | B38: Túi | C38: 0 | E38: =C38*D38 -> 0
A39: Cải Cầu Vồng | B39: Túi | C39: 13 | D39: 6000 | E39: =C39*D39 -> 78000
A40: Cải Kale | B40: Túi | C40: 31 | D40: 8000 | E40: =C40*D40 -> 248000
A41: Cải Thảo | B41: Kg | C41: 660 | D41: 7000 | E41: =C41*D41 -> 4620000
A42: Cần Tây | B42: Cây | C42: 0 | E42: =C42*D42 -> 0
A43: Cần Tây | B43: Kg | C43: 45 | D43: 16000 | E43: =C43*D43 -> 720000
A44: Chuối Laba | B44: Kg | C44: 0 | E44: =C44*D44 -> 0
A45: Củ Cải Đỏ | B45: Hộp | C45: 14 | D45: 9500 | E45: =C45*D45 -> 133000
A46: Củ Cải Trắng | B46: Kg | C46: 0 | E46: =C46*D46 -> 0
A47: Củ Dền | B47: Kg | C47: 30 | D47: 18000 | E47: =C47*D47 -> 540000
A48: Củ Dền | B48: Túi | C48: 0 | E48: =C48*D48 -> 0
A49: Củ Gừng | B49: Kg | C49: 14 | D49: 39000 | E49: =C49*D49 -> 546000
A50: Củ Hành Tây | B50: Kg | C50: 443 | D50: 21000 | E50: =C50*D50 -> 9303000
A51: Củ Hành Tây | B51: Túi 300gr | C51: 0 | E51: =C51*D51 -> 0
A52: Củ Hành Tây Tím | B52: Kg | C52: 8 | D52: 20000 | E52: =C52*D52 -> 160000
A53: Củ Hành Tây Trung | B53: Túi | C53: 500 | D53: 4500 | E53: =C53*D53 -> 2250000
A54: Củ Khoai Lang Mật Size 23 | B54: Kg | C54: 0 | E54: =C54*D54 -> 0
A55: Củ Khoai Lang Mật Size 46 | B55: Kg | C55: 0 | E55: =C55*D55 -> 0
A56: Củ Khoai Lang Mật Size 46 | B56: Túi | C56: 0 | E56: =C56*D56 -> 0
A57: Củ Khoai Lang Nhật | B57: Kg | C57: 140 | D57: 17000 | E57: =C57*D57 -> 2380000
A58: Củ Khoai Mỡ | B58: Kg | C58: 51 | D58: 25000 | E58: =C58*D58 -> 1275000
A59: Củ Khoai Sâm | B59: Kg | C59: 0 | E59: =C59*D59 -> 0
A60: Củ Khoai Tây Bi Vàng | B60: Túi | C60: 0 | E60: =C60*D60 -> 0
A61: Củ Khoai Tây Vàng | B61: Kg | C61: 78 | D61: 15000 | E61: =C61*D61 -> 1170000
A62: Củ Khoai Tây Vàng | B62: Túi | C62: 0 | E62: =C62*D62 -> 0
A63: Củ Khoai Tây Vàng Trung | B63: Túi | C63: 310 | D63: 6000 | E63: =C63*D63 -> 1860000
A64: Củ Su Hào | B64: Kg | C64: 80 | D64: 13000 | E64: =C64*D64 -> 1040000
A65: Đậu Cove Nhật | B65: Túi | C65: 30 | D65: 6000 | E65: =C65*D65 -> 180000
A66: Đậu Cove Trắng | B66: Kg | C66: 0 | E66: =C66*D66 -> 0
A67: Đậu Cove Trắng | B67: Túi 500gr | C67: 0 | E67: =C67*D67 -> 0
A68: Đậu Đỏ | B68: Kg | C68: 3 | D68: 80000 | E68: =C68*D68 -> 240000
A69: Đậu Ngự | B69: Kg | C69: 2 | D69: 70000 | E69: =C69*D69 -> 140000
A70: Đậu Trắng | B70: Kg | C70: 2 | D70: 70000 | E70: =C70*D70 -> 140000
A71: Dưa Leo Baby | B71: Kg | C71: 0 | E71: =C71*D71 -> 0
A72: Dưa Leo Baby | B72: Vỉ | C72: 94 | D72: 5000 | E72: =C72*D72 -> 470000
A73: Dưa Leo Nhật | B73: Kg | C73: 2 | D73: 10000 | E73: =C73*D73 -> 20000
A74: Dưa Leo Thường | B74: Kg | C74: 45 | D74: 4000 | E74: =C74*D74 -> 180000
A75: Hành Paro | B75: Cây | C75: 0 | E75: =C75*D75 -> 0
A76: Hành Paro | B76: Kg | C76: 58 | D76: 29000 | E76: =C76*D76 -> 1682000
A77: Hạt Dẻ Ngố | B77: Kg | C77: 3000 | D77: 27600 | E77: =C77*D77 -> 82800000
A78: Hồng Giòn Đà Lạt | B78: Kg | C78: 0 | E78: =C78*D78 -> 0
A79: Lá Mè | B79: Túi | C79: 0 | E79: =C79*D79 -> 0
A80: Lá Nha Đam | B80: Kg | C80: 13 | D80: 14000 | E80: =C80*D80 -> 182000
A81: Ớt Chuông Ba Màu | B81: Vỉ | C81: 10 | D81: 10000 | E81: =C81*D81 -> 100000
A82: Ớt Chuông Baby | B82: Hộp | C82: 0 | E82: =C82*D82 -> 0
A83: Ớt Chuông Đỏ | B83: Kg | C83: 115 | D83: 30000 | E83: =C83*D83 -> 3450000
A84: Ớt Chuông Đỏ | B84: Trái | C84: 0 | E84: =C84*D84 -> 0
A85: Ớt Chuông Đỏ | B85: Trái 150gr | C85: 0 | E85: =C85*D85 -> 0
A86: Ớt Chuông Vàng | B86: Kg | C86: 72 | D86: 13000 | E86: =C86*D86 -> 936000
A87: Ớt Chuông Vàng | B87: Trái | C87: 0 | E87: =C87*D87 -> 0
A88: Ớt Chuông Vàng | B88: Trái 150gr | C88: 0 | E88: =C88*D88 -> 0
A89: Ớt Chuông Vàng Trung | B89: Kg | C89: 15 | D89: 8000 | E89: =C89*D89 -> 120000
A90: Ớt Chuông Xanh | B90: Kg | C90: 66 | D90: 28000 | E90: =C90*D90 -> 1848000
A91: Ớt Chuông Xanh | B91: Trái | C91: 0 | E91: =C91*D91 -> 0
A92: Ớt Chuông Xanh | B92: Trái 150gr | C92: 0 | E92: =C92*D92 -> 0
A93: Ớt Chuông Xanh Trung | B93: Kg | C93: 12 | D93: 20000 | E93: =C93*D93 -> 240000
A94: Ớt Sweet Palemo | B94: Túi | C94: 107 | D94: 20000 | E94: =C94*D94 -> 2140000
A95: Rau Bầu Đất | B95: Túi | C95: 0 | E95: =C95*D95 -> 0
A96: Trái Cam Canh | B96: Kg | C96: 0 | E96: =C96*D96 -> 0
A97: Trái Khổ Qua | B97: Kg | C97: 0 | E97: =C97*D97 -> 0
A98: Trái Mâm Xôi | B98: Hộp | C98: 0 | E98: =C98*D98 -> 0
A99: Trái Su Su | B99: Kg | C99: 70 | D99: 6000 | E99: =C99*D99 -> 420000
A100: Xà Lách Lolo Xanh | B100: Kg | C100: 0 | E100: =C100*D100 -> 0
...
