Workbook

Sheet 1.4
A1: hàng tồn cuối ngày 1/4 vr
A2: TÊN SẢN PHẨM | B2: TỒN TRƯỚC | C2: GIÁ NHẬP | D2: THÀNH TIỀN
A3: BẮP CẢI TÍM | D3: =B3*C3 -> 0
A4: BẮP CẢI TÍM (BẮP) | D4: =B4*C4 -> 0
A5: BẮP CẢI TÍM SUSHI | D5: =B5*C5 -> 0
A6: BẮP CẢI TRẮNG | B6: 300 | C6: 7500 | D6: =B6*C6 -> 2250000
A7: BẮP CẢI TRẮNG (BẮP) | D7: =B7*C7 -> 0
A8: BẮP CẢI TRẮNG MỘC CHÂU | D8: =B8*C8 -> 0
A9: BẮP CẢI TRẮNG SÓI BIỂN | D9: =B9*C9 -> 0
A10: BẮP CẢI TRẮNG SUSHI | D10: =B10*C10 -> 0
A11: BẮP MỸ | D11: =B11*C11 -> 0
A12: BẦU | D12: =B12*C12 -> 0
A13: BÍ ĐAO XANH | D13: =B13*C13 -> 0
A14: BÍ ĐAO XANH 400G | D14: =B14*C14 -> 0
A15: BÍ ĐỎ HỒ LÔ | D15: =B15*C15 -> 0
A16: BÍ ĐỎ MINI | D16: =B16*C16 -> 0
A17: BÍ ĐỎ NON (KG)KQ | D17: =B17*C17 -> 0
A18: BÍ ĐỎ NON TRÁI VR | B18: 30 | C18: 5000 | D18: =B18*C18 -> 150000
A19: BÍ ĐỎ NON( KG) VR | D19: =B19*C19 -> 0
A20: BÍ ĐỎ TRÒN | D20: =B20*C20 -> 0
A21: BÍ MINI VÀNG 300GR | D21: =B21*C21 -> 0
A22: BÍ MINI VÀNG KG | D22: =B22*C22 -> 0
A23: BÍ NGÒI VÀNG | D23: =B23*C23 -> 0
A24: BÍ NGÒI VÀNG (TRÁI) | D24: =B24*C24 -> 0
A25: BÍ NGÒI XANH | B25: 65 | C25: 5000 | D25: =B25*C25 -> 325000
A26: BÍ NGÒI XANH(TRÁI) | D26: =B26*C26 -> 0
A27: BÍ NHẬT | D27: =B27*C27 -> 0
A28: BƠ 034 | D28: =B28*C28 -> 0
A29: BƠ BOOTH | D29: =B29*C29 -> 0
A30: BƠ SÁP | D30: =B30*C30 -> 0
A31: BÓ XÔI | B31: 13 | C31: 22000 | D31: =B31*C31 -> 286000
A32: BÓ XÔI 300G VR | D32: =B32*C32 -> 0
A33: BÓ XÔI-HN KQ | D33: =B33*C33 -> 0
A34: BÓ XÔI-NA | D34: =B34*C34 -> 0
A35: BÔNG ATISO | D35: =B35*C35 -> 0
A36: BÔNG BÍ | D36: =B36*C36 -> 0
A37: BÔNG BÍ TÚI 300GR | D37: =B37*C37 -> 0
A38: BÔNG CẢI TRẮNG | D38: =B38*C38 -> 0
A39: BÔNG CẢI TRẮNG (CÂY) | D39: =B39*C39 -> 0
A40: BÔNG CẢI XANH 10P | D40: =B40*C40 -> 0
A41: BÔNG CẢI XANH AEON | B41: 80 | C41: 22000 | D41: =B41*C41 -> 1760000
A42: BÔNG CẢI XANH AEON (CÂY) | D42: =B42*C42 -> 0
A43: BÔNG CẢI XANH BABY (KG) | D43: =B43*C43 -> 0
A44: BÔNG CẢI XANH BABY 200G | D44: =B44*C44 -> 0
A45: BÔNG CẢI XANH BIGC | D45: =B45*C45 -> 0
A46: BÔNG CẢI XANH CITI | D46: =B46*C46 -> 0
A47: CÀ CHUA | D47: =B47*C47 -> 0
A48: CÀ CHUA BI | D48: =B48*C48 -> 0
A49: CÀ CHUA BI (HỘP) 300GR KQ | D49: =B49*C49 -> 0
A50: CÀ CHUA BI (HỘP) 300GR VR | D50: =B50*C50 -> 0
A51: CÀ CHUA BI 300GR KQ (KG) | D51: =B51*C51 -> 0
A52: CÀ CHUA BI 300GR VR (KG) | D52: =B52*C52 -> 0
A53: CÀ CHUA BI CAM SỮA (KG) VR | D53: =B53*C53 -> 0
... A73: CÀ CHUA Ý 500G | D73: =B73*C73 -> 0
A74: CÀ CHUA Ý CHÙM | B74: 80 | C74: 16000 | D74: =B74*C74 -> 1280000
A75: CÀ CHUA Ý(VỈ) KG | B75: 5 | C75: 13000 | D75: =B75*C75 -> 65000
A76: CÀ CHUA Ý(VỈ) KG KQ | D76: =B76*C76 -> 0
A77: CÀ RỐT BABY | D77: =B77*C77 -> 0
A78: CÀ RỐT BABY (KG) KQ | D78: =B78*C78 -> 0
A79: CÀ RỐT BABY 200GR | D79: =B79*C79 -> 0
A80: CÀ RỐT DL | D80: =B80*C80 -> 0
A81: CÀ RỐT DL L1 | D81: =B81*C81 -> 0
A82: CÀ RỐT DL TÚI LƯỚI 500GR VR | D82: =B82*C82 -> 0
A83: CÀ RỐT TRUNG | D83: =B83*C83 -> 0
A84: CÀ RỐT TÚI LƯỚI 800G KQ | D84: =B84*C84 -> 0
A85: CÀ TÍM | D85: =B85*C85 -> 0
A86: CÀ TÍM CẶP 400G | D86: =B86*C86 -> 0
A87: CÀ TÍM SỌC PHA LÊ 300G | D87: =B87*C87 -> 0
... A96: CẢI KALE | D96: =B96*C96 -> 0
A97: CẢI KALE 300GR | B97: 7 | C97: 3600 | D97: =B97*C97 -> 25200
A98: CẢI MÈO MỘC CHÂU | D98: =B98*C98 -> 0
A99: CẢI NGỌT | D99: =B99*C99 -> 0
A100: CẢI THẢO DL | B100: 140 | C100: 8000 | D100: =B100*C100 -> 1120000
A101: CẢI THẢO DL(BẮP) | D101: =B101*C101 -> 0
A102: CẢI THẢO HỎA TIỄN | D102: =B102*C102 -> 0
A103: CẢI THẢO HỎA TIỄN 250GR | D103: =B103*C103 -> 0
A104: CẢI THẢO KIM CHI | D104: =B104*C104 -> 0
A105: CẢI THẢO MỘC CHÂU | D105: =B105*C105 -> 0
A106: CẢI THẢO VR | D106: =B106*C106 -> 0
A107: CẦN TÂY (KG) | D107: =B107*C107 -> 0
A108: CẦN TÂY THUỶ CANH | D108: =B108*C108 -> 0
A109: CẦN TÂY(CÂY) | D109: =B109*C109 -> 0
A110: CHANH DÂY | D110: =B110*C110 -> 0
A111: CHANH DÂY NGỌT L2 | D111: =B111*C111 -> 0
A112: CHANH DÂY NGỌT VỈ 300GR | D112: =B112*C112 -> 0
... A120: CỦ CẢI ĐỎ 300GR (KG) VR | D120: =B120*C120 -> 0
A121: CỦ CẢI ĐỎ HỘP 300GR | B121: 9 | C121: 12000 | D121: =B121*C121 -> 108000
A122: CỦ CẢI ĐỎ(HỘP) | D122: =B122*C122 -> 0
A123: CỦ CẢI ĐỎ(KG) KQ | D123: =B123*C123 -> 0
A124: CỦ CẢI ĐỎ(KG) VR | D124: =B124*C124 -> 0
A125: CỦ CẢI HÀN QUỐC | D125: =B125*C125 -> 0
A126: CỦ CẢI MUỐI (VỈ) 250G KQ | D126: =B126*C126 -> 0
A127: CỦ CẢI MUỐI(KG) | D127: =B127*C127 -> 0
A128: CỦ CẢI TRẮNG | D128: =B128*C128 -> 0
A129: CỦ CẢI TRẮNG CẶP 400GR | D129: =B129*C129 -> 0
A130: CỦ DỀN | D130: =B130*C130 -> 0
A131: CỦ DỀN 600G | D131: =B131*C131 -> 0
A132: CỦ HÀNH ĐỎ | D132: =B132*C132 -> 0
A133: CỦ HÀNH ĐỎ 500GR | D133: =B133*C133 -> 0
... A138: ĐẬU COVE MỘC CHÂU | D138: =B138*C138 -> 0
...

Sheet 2.4
A1: hàng tồn cuối ngày 2/4 vr
A2: TÊN SẢN PHẨM | B2: TỒN TRƯỚC | C2: GIÁ NHẬP | D2: THÀNH TIỀN
A3: CÀ CHUA SÔCOLA 250GR (KG) VR | B3: 1.5 | C3: 6500 | D3: =B3*C3 -> 9750
A4: CÀ CHUA SÔCOLA 250GR (KG) -NA | D4: =B4*C4 -> 0
A5: CÀ CHUA SÔCOLA 300GR (HỘP) VR | D5: =B5*C5 -> 0
A6: CÀ CHUA SÔCOLA 250GR(KG) KQ | D6: =B6*C6 -> 0
A7: CẢI KALE 300GR | D7: =B7*C7 -> 0
A8: CÀ CHUA SOCOLA XÁ | D8: =B8*C8 -> 0
A9: CÀ CHUA SÔCOLA(HỘP) KQ | D9: =B9*C9 -> 0
A10: CÀ CHUA SÔCOLA 250GR (HỘP) VR | D10: =B10*C10 -> 0
A11: CÀ RỐT BABY (KG) KQ | D11: =B11*C11 -> 0
A12: CÀ RỐT BABY | D12: =B12*C12 -> 0
A13: CẢI CẦU VỒNG | D13: =B13*C13 -> 0
A14: CÀ RỐT BABY 200GR | D14: =B14*C14 -> 0
A15: CẢI CẦU VỒNG 300GR | D15: =B15*C15 -> 0
... A22: ỚT CHUÔNG 3 MÀU(KG)VR | D22: =B22*C22 -> 0
A23: ỚT CHUÔNG ĐỎ | B23: 32 | C23: 36000 | D23: =B23*C23 -> 1152000
A24: ỚT CHUÔNG VÀNG | B24: =8+9+30 -> 47 | C24: 32000 | D24: =B24*C24 -> 1504000
A25: ỚT CHUÔNG ĐỎ L1 | B25: 9 | C25: 29000 | D25: =B25*C25 -> 261000
A26: ỚT CHUÔNG 3 MÀU 350G | D26: =B26*C26 -> 0
A27: ỚT CHUÔNG 3 MÀU KQ(KG) | D27: =B27*C27 -> 0
A28: ỚT CHUÔNG ĐỎ(TRÁI) | B28: 50 | C28: 7200 | D28: =B28*C28 -> 360000
A29: ỚT CHUÔNG VÀNG L1 | B29: 7 | C29: 22000 | D29: =B29*C29 -> 154000
A30: ỚT CHUÔNG VÀNG(TRÁI) | D30: =B30*C30 -> 0
A31: ỚT CHUÔNG VÀNG+ XANH (VỈ) | D31: =B31*C31 -> 0
A32: ỚT CHUÔNG XANH | B32: 14 | C32: 24000 | D32: =B32*C32 -> 336000
A33: ỚT CHUÔNG XANH L1 | D33: =B33*C33 -> 0
A34: ỚT CHUÔNG XANH(TRÁI) | D34: =B34*C34 -> 0
A35: CỦ DỀN | D35: =B35*C35 -> 0
A36: CỦ DỀN 600G | D36: =B36*C36 -> 0
A37: GỪNG 250GR | D37: =B37*C37 -> 0
A38: HỒNG GIÒN | D38: =B38*C38 -> 0
A39: XÀ LÁCH MỸ | D39: =B39*C39 -> 0
A40: KHOAI TÂY HỒNG | D40: =B40*C40 -> 0
A41: KHOAI TÂY HỒNG TÚI LƯỚI 500G | D41: =B41*C41 -> 0
A42: KHOAI TÂY VÀNG | D42: =B42*C42 -> 0
A43: KHOAI TÂY VÀNG ĐL | D43: =B43*C43 -> 0
A44: KHOAI TÂY VÀNG LỚN TÚI LƯỚI 500G | D44: =B44*C44 -> 0
A45: KHOAI TÂY VÀNG RỬA | D45: =B45*C45 -> 0
A46: KHOAI TÂY VÀNG TRUNG TÚI LƯỚI 500G | B46: 30 | C46: 5000 | D46: =B46*C46 -> 150000
A47: CẢI THẢO DL | D47: =B47*C47 -> 0
A48: CẢI THẢO DL(BẮP) | D48: =B48*C48 -> 0
A49: CẢI THẢO KIM CHI | D49: =B49*C49 -> 0
A50: CẢI THẢO VR | D50: =B50*C50 -> 0
A51: BẦU | D51: =B51*C51 -> 0
A52: BÍ ĐAO XANH | D52: =B52*C52 -> 0
A53: BÍ ĐAO XANH 400G | D53: =B53*C53 -> 0
A54: DƯA LEO 400G | B54: 74 | C54: 8000 | D54: =B54*C54 -> 592000
A55: KHỔ QUA 400GR | D55: =B55*C55 -> 0
A56: KHỔ QUA | D56: =B56*C56 -> 0
A57: DƯA LEO | B57: 8 | C57: 13000 | D57: =B57*C57 -> 104000
A58: MƯỚP HƯƠNG | D58: =B58*C58 -> 0
A59: MƯỚP HƯƠNG 300G | D59: =B59*C59 -> 0
A60: DƯA LEO GIỐNG NHẬT 600GR | D60: =B60*C60 -> 0
A61: DƯA LEO GIỐNG NHẬT KG | B61: 3 | C61: 16000 | D61: =B61*C61 -> 48000
A62: BÍ MINI VÀNG 300GR | D62: =B62*C62 -> 0
A63: BÍ MINI VÀNG KG | D63: =B63*C63 -> 0
A64: BƠ BOOTH | D64: =B64*C64 -> 0
A65: KHOAI LANG MẬT (KG) 2-3 CỦ | B65: 320 | C65: 23000 | D65: =B65*C65 -> 7360000
A66: KHOAI LANG MẬT (KG) 4-6 CỦ | B66: =25+10+80 -> 115 | C66: 22000 | D66: =B66*C66 -> 2530000
A67: BƠ 034 | B67: 30 | C67: 50000 | D67: =B67*C67 -> 1500000
A68: BƠ SÁP | B68: 10 | C68: 37000 | D68: =B68*C68 -> 370000
A69: KHOAI LANG MẬT 500G KQ | D69: =B69*C69 -> 0
A70: KHOAI LANG MẬT 500G VR | D70: =B70*C70 -> 0
A71: PARO (CÂY) | D71: =B71*C71 -> 0
A72: PARO | B72: 21 | C72: 8500 | D72: =B72*C72 -> 178500
A73: BẮP CẢI TÍM | D73: =B73*C73 -> 0
A74: BẮP CẢI TÍM (BẮP) | D74: =B74*C74 -> 0
A75: BẮP CẢI TÍM SUSHI | D75: =B75*C75 -> 0
A76: TÍA TÔ 50G | D76: =B76*C76 -> 0
A77: CÀ CHUA CHERRY MIX 300G | D77: =B77*C77 -> 0
A78: XÀ LÁCH LOLO XANH | D78: =B78*C78 -> 0
A79: XÀ LÁCH LOLO XANH SUSHI | D79: =B79*C79 -> 0
A80: XÀ LÁCH LOLO XANH TÚI 300GR | D80: =B80*C80 -> 0
A81: XÀ LÁCH ROMEN THUỶ CANH (KG) VR | D81: =B81*C81 -> 0
A82: CÀ RỐT DL | D82: =B82*C82 -> 0
A83: GỪNG | D83: =B83*C83 -> 0
A84: NGÒ RÍ TÚI 50GR | D84: =B84*C84 -> 0
... A89: THÌ LÀ | D89: =B89*C89 -> 0
A90: CÀ RỐT DL L1 | B90: =72+28+10 -> 110 | C90: 9000 | D90: =B90*C90 -> 990000
A91: CÀ RỐT DL TÚI LƯỚI 500GR VR | D91: =B91*C91 -> 0
A92: ỚT HIỂM 100G | D92: =B92*C92 -> 0
A93: NGÒ RÍ | D93: =B93*C93 -> 0
A94: THÌ LÀ TÚI 80GR | D94: =B94*C94 -> 0
A95: CHUỐI LABA | D95: =B95*C95 -> 0
A96: BÔNG BÍ TÚI 300GR | D96: =B96*C96 -> 0
A97: BÔNG CẢI TRẮNG | D97: =B97*C97 -> 0
A98: BÔNG CẢI TRẮNG (CÂY) | D98: =B98*C98 -> 0
A99: SET RAU KÈM ỚT | D99: =B99*C99 -> 0
A100: SET RAU KHÔNG KÈM ỚT | D100: =B100*C100 -> 0
A101: ĐẬU BO | D101: =B101*C101 -> 0
A102: ĐẬU BO 250GR | D102: =B102*C102 -> 0
... A147: KHOAI LANG TÚI LƯỚI 500GR | D147: =B147*C147 -> 0
A148: BÔNG BÍ | B148: 0.3 | C148: 45000 | D148: =B148*C148 -> 13500
A149: RAU BẦU ĐẤT | D149: =B149*C149 -> 0
A150: CÀ CHUA BI | B150: 5 | C150: 7000 | D150: =B150*C150 -> 35000
A151: CÀ CHUA BI (HỘP) 300GR KQ | D151: =B151*C151 -> 0
A152: CÀ CHUA BI (HỘP) 300GR VR | D152: =B152*C152 -> 0
A153: CÀ CHUA BI 300GR KQ (KG) | D153: =B153*C153 -> 0
A154: CÀ CHUA BI 300GR VR (KG) | D154: =B154*C154 -> 0
...

Sheet 3.4
A1: hàng tồn cuối ngày 3/3 vr
A2: TÊN SẢN PHẨM | B2: TỒN TRƯỚC | C2: GIÁ NHẬP | D2: THÀNH TIỀN
A3: BẮP CẢI TÍM | D3: =B3*C3 -> 0
A4: BẮP CẢI TÍM (BẮP) | D4: =B4*C4 -> 0
A5: BẮP CẢI TÍM SUSHI | D5: =B5*C5 -> 0
A6: BẮP CẢI TRẮNG | D6: =B6*C6 -> 0
A7: BẮP CẢI TRẮNG (BẮP) | D7: =B7*C7 -> 0
A8: BẮP CẢI TRẮNG MỘC CHÂU | D8: =B8*C8 -> 0
A9: BẮP CẢI TRẮNG SÓI BIỂN | D9: =B9*C9 -> 0
A10: BẮP CẢI TRẮNG SUSHI | D10: =B10*C10 -> 0
A11: BẮP MỸ | D11: =B11*C11 -> 0
A12: BẦU | D12: =B12*C12 -> 0
A13: BÍ ĐAO XANH | D13: =B13*C13 -> 0
A14: BÍ ĐAO XANH 400G | D14: =B14*C14 -> 0
... A17: BÍ ĐỎ NON (KG)KQ | D17: =B17*C17 -> 0
A18: BÍ ĐỎ NON TRÁI VR | B18: 36 | C18: 5000 | D18: =B18*C18 -> 180000
A19: BÍ ĐỎ NON( KG) VR | D19: =B19*C19 -> 0
A20: BÍ ĐỎ TRÒN | D20: =B20*C20 -> 0
A21: BÍ MINI VÀNG 300GR | D21: =B21*C21 -> 0
A22: BÍ MINI VÀNG KG | D22: =B22*C22 -> 0
A23: BÍ NGÒI VÀNG | D23: =B23*C23 -> 0
A24: BÍ NGÒI VÀNG (TRÁI) | D24: =B24*C24 -> 0
A25: BÍ NGÒI XANH | B25: =28+15+80 -> 123 | C25: 6000 | D25: =B25*C25 -> 738000
A26: BÍ NGÒI XANH(TRÁI) | D26: =B26*C26 -> 0
A27: BÍ NHẬT | D27: =B27*C27 -> 0
A28: BƠ 034 | D28: =B28*C28 -> 0
A29: BƠ BOOTH | D29: =B29*C29 -> 0
A30: BƠ SÁP | D30: =B30*C30 -> 0
A31: BÓ XÔI | D31: =B31*C31 -> 0
A32: BÓ XÔI 300G VR | D32: =B32*C32 -> 0
A33: BÓ XÔI-HN KQ | D33: =B33*C33 -> 0
A34: BÓ XÔI-NA | D34: =B34*C34 -> 0
A35: BÔNG ATISO | D35: =B35*C35 -> 0
A36: BÔNG BÍ | D36: =B36*C36 -> 0
A37: BÔNG BÍ TÚI 300GR | D37: =B37*C37 -> 0
... A49: CÀ CHUA BI (HỘP) 300GR KQ | D49: =B49*C49 -> 0
A50: CÀ CHUA BI (HỘP) 300GR VR | B50: 3 | C50: 4200 | D50: =B50*C50 -> 12600
A51: CÀ CHUA BI 300GR KQ (KG) | D51: =B51*C51 -> 0
A52: CÀ CHUA BI 300GR VR (KG) | D52: =B52*C52 -> 0
A53: CÀ CHUA BI CAM SỮA (KG) VR | D53: =B53*C53 -> 0
A54: CÀ CHUA BI COOP | D54: =B54*C54 -> 0
A55: CÀ CHUA BI-NA | D55: =B55*C55 -> 0
A56: CÀ CHUA CHERRY MIX 300G | D56: =B56*C56 -> 0
A57: CÀ CHUA L1 | B57: 110 | C57: 7000 | D57: =B57*C57 -> 770000
A58: CÀ CHUA MỘC CHÂU | D58: =B58*C58 -> 0
A59: CÀ CHUA NGỌT | D59: =B59*C59 -> 0
A60: CÀ CHUA NGỌT 300GR (KG) | D60: =B60*C60 -> 0
A61: CÀ CHUA NGỌT XÁ | D61: =B61*C61 -> 0
A62: CÀ CHUA ROSEBERRY 300G | D62: =B62*C62 -> 0
A63: CÀ CHUA SÔCOLA 250GR (HỘP) VR | D63: =B63*C63 -> 0
A64: CÀ CHUA SÔCOLA 250GR (KG) -NA | D64: =B64*C64 -> 0
A65: CÀ CHUA SÔCOLA 250GR (KG) VR | D65: =B65*C65 -> 0
A66: CÀ CHUA SÔCOLA 250GR(KG) KQ | D66: =B66*C66 -> 0
A67: CÀ CHUA SÔCOLA 300GR (HỘP) VR | D67: =B67*C67 -> 0
A68: CÀ CHUA SOCOLA XÁ | D68: =B68*C68 -> 0
A69: CÀ CHUA SÔCOLA(HỘP) KQ | D69: =B69*C69 -> 0
... A74: CÀ CHUA Ý CHÙM | D74: =B74*C74 -> 0
A75: CÀ CHUA Ý(VỈ) KG | B75: 20 | C75: 12000 | D75: =B75*C75 -> 240000
A76: CÀ CHUA Ý(VỈ) KG KQ | D76: =B76*C76 -> 0
A77: CÀ RỐT BABY | D77: =B77*C77 -> 0
A78: CÀ RỐT BABY (KG) KQ | D78: =B78*C78 -> 0
A79: CÀ RỐT BABY 200GR | D79: =B79*C79 -> 0
A80: CÀ RỐT DL | D80: =B80*C80 -> 0
A81: CÀ RỐT DL L1 | B81: 90 | C81: 9000 | D81: =B81*C81 -> 810000
A82: CÀ RỐT DL TÚI LƯỚI 500GR VR | D82: =B82*C82 -> 0
A83: CÀ RỐT TRUNG | D83: =B83*C83 -> 0
A84: CÀ RỐT TÚI LƯỚI 800G KQ | D84: =B84*C84 -> 0
A85: CÀ TÍM | D85: =B85*C85 -> 0
A86: CÀ TÍM CẶP 400G | D86: =B86*C86 -> 0
A87: CÀ TÍM SỌC PHA LÊ 300G | D87: =B87*C87 -> 0
A88: CÀ TÍM SỌC PHA LÊ HỘP 500GR VR | D88: =B88*C88 -> 0
A89: CÀ TÍM SỌC PHA LÊ TÍM (KG) VR | D89: =B89*C89 -> 0
A90: CÀ Ý VỈ 650GR | D90: =B90*C90 -> 0
A91: CẢI CANH | D91: =B91*C91 -> 0
A92: CẢI CẦU VỒNG | D92: =B92*C92 -> 0
A93: CẢI CẦU VỒNG 300GR | D93: =B93*C93 -> 0
... A125: CỦ CẢI HÀN QUỐC | D125: =B125*C125 -> 0
A126: CỦ CẢI MUỐI (VỈ) 250G KQ | B126: 2 | C126: 70000 | D126: =B126*C126 -> 140000
A127: CỦ CẢI MUỐI(KG) | D127: =B127*C127 -> 0
A128: CỦ CẢI TRẮNG | D128: =B128*C128 -> 0
A129: CỦ CẢI TRẮNG CẶP 400GR | D129: =B129*C129 -> 0
A130: CỦ DỀN | D130: =B130*C130 -> 0
A131: CỦ DỀN 600G | D131: =B131*C131 -> 0
A132: CỦ HÀNH ĐỎ | D132: =B132*C132 -> 0
A133: CỦ HÀNH ĐỎ 500GR | D133: =B133*C133 -> 0
A134: CỦ NGHỆ | D134: =B134*C134 -> 0
A135: CỦ SẮN | D135: =B135*C135 -> 0
A136: ĐẬU BO | D136: =B136*C136 -> 0
A137: ĐẬU BO 250GR | D137: =B137*C137 -> 0
A138: ĐẬU COVE MỘC CHÂU | D138: =B138*C138 -> 0
A139: ĐẬU CÚC | B139: 0.5 | C139: 70000 | D139: =B139*C139 -> 35000
A140: ĐẬU CÚC 250GR | D140: =B140*C140 -> 0
A141: ĐẬU ĐỎ | B141: 0.8 | C141: 80000 | D141: =B141*C141 -> 64000
A142: ĐẬU ĐỎ 250GR | D142: =B142*C142 -> 0
A143: ĐẬU HÀ LAN | D143: =B143*C143 -> 0
A144: ĐẬU HÀ LAN-FUJI | D144: =B144*C144 -> 0
A145: ĐẬU NGỰ | B145: 1.5 | C145: 70000 | D145: =B145*C145 -> 105000
A146: ĐẬU NGỰ 250GR | D146: =B146*C146 -> 0
A147: ĐẬU QUE TRẮNG (KG NA) | D147: =B147*C147 -> 0
A148: ĐẬU QUE TRẮNG (KG) KQ | D148: =B148*C148 -> 0
...

Sheet 4.4
A1: hàng tồn cuối ngày 4/4 vr
A2: TÊN SẢN PHẨM | B2: TỒN TRƯỚC | C2: GIÁ NHẬP | D2: THÀNH TIỀN
A3: CÀ CHUA SÔCOLA 250GR (HỘP) VR | B3: =6+24 -> 30 | C3: 7000 | D3: =B3*C3 -> 210000
A4: CÀ CHUA SÔCOLA 250GR (KG) -NA | D4: =B4*C4 -> 0
A5: CÀ CHUA SÔCOLA 250GR (KG) VR | D5: =B5*C5 -> 0
A6: CÀ CHUA SÔCOLA 250GR(KG) KQ | D6: =B6*C6 -> 0
A7: CÀ CHUA SÔCOLA 300GR (HỘP) VR | D7: =B7*C7 -> 0
A8: CÀ CHUA SOCOLA XÁ | D8: =B8*C8 -> 0
A9: CÀ CHUA SÔCOLA(HỘP) KQ | D9: =B9*C9 -> 0
A10: CÀ RỐT BABY | D10: =B10*C10 -> 0
A11: CÀ RỐT BABY (KG) KQ | D11: =B11*C11 -> 0
A12: CÀ RỐT BABY 200GR | D12: =B12*C12 -> 0
A13: CẢI CẦU VỒNG | D13: =B13*C13 -> 0
A14: CẢI CẦU VỒNG 300GR | D14: =B14*C14 -> 0
A15: CẢI KALE | D15: =B15*C15 -> 0
... A22: ỚT CHUÔNG 3 MÀU(KG)VR | D22: =B22*C22 -> 0
A23: ỚT CHUÔNG ĐỎ | B23: =50+25+5 -> 80 | C23: 36000 | D23: =B23*C23 -> 2880000
A24: ỚT CHUÔNG ĐỎ L1 | D24: =B24*C24 -> 0
A25: ỚT CHUÔNG ĐỎ(TRÁI) | D25: =B25*C25 -> 0
A26: ỚT CHUÔNG 3 MÀU 350G | B26: 18 | C26: 12000 | D26: =B26*C26 -> 216000
A27: ỚT CHUÔNG 3 MÀU KQ(KG) | D27: =B27*C27 -> 0
A28: ỚT CHUÔNG VÀNG | B28: 46 | C28: 32000 | D28: =B28*C28 -> 1472000
A29: ỚT CHUÔNG VÀNG L1 | D29: =B29*C29 -> 0
A30: ỚT CHUÔNG VÀNG(TRÁI) | D30: =B30*C30 -> 0
A31: ỚT CHUÔNG VÀNG+ XANH (VỈ) | D31: =B31*C31 -> 0
A32: ỚT CHUÔNG XANH | B32: =10+15 -> 25 | C32: 25000 | D32: =B32*C32 -> 625000
A33: ỚT CHUÔNG XANH L1 | D33: =B33*C33 -> 0
A34: ỚT CHUÔNG XANH(TRÁI) | D34: =B34*C34 -> 0
A35: CỦ DỀN | D35: =B35*C35 -> 0
A36: CỦ DỀN 600G | D36: =B36*C36 -> 0
A37: GỪNG 250GR | D37: =B37*C37 -> 0
A38: HỒNG GIÒN | D38: =B38*C38 -> 0
A39: XÀ LÁCH MỸ | D39: =B39*C39 -> 0
A40: KHOAI TÂY HỒNG | D40: =B40*C40 -> 0
A41: KHOAI TÂY HỒNG TÚI LƯỚI 500G | D41: =B41*C41 -> 0
A42: KHOAI TÂY VÀNG | D42: =B42*C42 -> 0
A43: KHOAI TÂY VÀNG ĐL | D43: =B43*C43 -> 0
A44: KHOAI TÂY VÀNG LỚN TÚI LƯỚI 500G | D44: =B44*C44 -> 0
... A53: BÍ ĐAO XANH 400G | D53: =B53*C53 -> 0
A54: DƯA LEO | B54: 24 | C54: 13000 | D54: =B54*C54 -> 312000
A55: DƯA LEO 400G | B55: =20+54 -> 74 | C55: 8000 | D55: =B55*C55 -> 592000
A56: KHỔ QUA | D56: =B56*C56 -> 0
A57: KHỔ QUA 400GR | D57: =B57*C57 -> 0
A58: MƯỚP HƯƠNG | D58: =B58*C58 -> 0
A59: MƯỚP HƯƠNG 300G | D59: =B59*C59 -> 0
A60: BÍ MINI VÀNG 300GR | D60: =B60*C60 -> 0
A61: BÍ MINI VÀNG KG | D61: =B61*C61 -> 0
A62: DƯA LEO GIỐNG NHẬT 600GR | D62: =B62*C62 -> 0
A63: DƯA LEO GIỐNG NHẬT KG | B63: =17+9 -> 26 | C63: 16000 | D63: =B63*C63 -> 416000
A64: BƠ 034 | D64: =B64*C64 -> 0
A65: BƠ BOOTH | D65: =B65*C65 -> 0
A66: BƠ SÁP | D66: =B66*C66 -> 0
A67: KHOAI LANG MẬT (KG) 2-3 CỦ | B67: =90+180 -> 270 | C67: 22000 | D67: =B67*C67 -> 5940000
A68: KHOAI LANG MẬT (KG) 4-6 CỦ | B68: =460+100 -> 560 | C68: 22000 | D68: =B68*C68 -> 12320000
A69: KHOAI LANG MẬT 500G KQ | D69: =B69*C69 -> 0
A70: KHOAI LANG MẬT 500G VR | D70: =B70*C70 -> 0
A71: PARO | D71: =B71*C71 -> 0
A72: PARO (CÂY) | D72: =B72*C72 -> 0
A73: BẮP CẢI TÍM | D73: =B73*C73 -> 0
A74: BẮP CẢI TÍM (BẮP) | D74: =B74*C74 -> 0
A75: BẮP CẢI TÍM SUSHI | D75: =B75*C75 -> 0
A76: CÀ CHUA CHERRY MIX 300G | D76: =B76*C76 -> 0
A77: TÍA TÔ 50G | D77: =B77*C77 -> 0
A78: XÀ LÁCH LOLO XANH | D78: =B78*C78 -> 0
A79: XÀ LÁCH LOLO XANH SUSHI | D79: =B79*C79 -> 0
A80: XÀ LÁCH LOLO XANH TÚI 300GR | D80: =B80*C80 -> 0
... A82: CÀ RỐT DL | D82: =B82*C82 -> 0
A83: CÀ RỐT DL L1 | B83: =70+60 -> 130 | C83: 9000 | D83: =B83*C83 -> 1170000
A84: CÀ RỐT DL TÚI LƯỚI 500GR VR | D84: =B84*C84 -> 0
A85: CÀ RỐT TRUNG | D85: =B85*C85 -> 0
A86: CÀ RỐT TÚI LƯỚI 800G KQ | D86: =B86*C86 -> 0
A87: GỪNG | B87: 3 | C87: 34000 | D87: =B87*C87 -> 102000
A88: MỒNG TƠI | D88: =B88*C88 -> 0
A89: NGÒ RÍ | D89: =B89*C89 -> 0
A90: NGÒ RÍ TÚI 50GR | D90: =B90*C90 -> 0
A91: ỚT HIỂM | D91: =B91*C91 -> 0
A92: ỚT HIỂM 100G | D92: =B92*C92 -> 0
A93: THÌ LÀ | D93: =B93*C93 -> 0
A94: THÌ LÀ TÚI 80GR | D94: =B94*C94 -> 0
A95: CHUỐI LABA | D95: =B95*C95 -> 0
A96: BÔNG BÍ TÚI 300GR | D96: =B96*C96 -> 0
A97: BÔNG CẢI TRẮNG | D97: =B97*C97 -> 0
A98: BÔNG CẢI TRẮNG (CÂY) | D98: =B98*C98 -> 0
A99: SET RAU KÈM ỚT | D99: =B99*C99 -> 0
... A102: ĐẬU BO 250GR | D102: =B102*C102 -> 0
A103: ĐẬU CÚC | B103: 1.5 | C103: 70000 | D103: =B103*C103 -> 105000
A104: ĐẬU CÚC 250GR | D104: =B104*C104 -> 0
A105: ĐẬU ĐỎ | B105: 0.75 | C105: 80000 | D105: =B105*C105 -> 60000
A106: ĐẬU ĐỎ 250GR | D106: =B106*C106 -> 0
A107: ĐẬU HÀ LAN-FUJI | D107: =B107*C107 -> 0
A108: ĐẬU NGỰ | B108: 1 | C108: 70000 | D108: =B108*C108 -> 70000
A109: ĐẬU NGỰ 250GR | D109: =B109*C109 -> 0
A110: DAU THAP CAM (HON HOP) TUOI 100G | D110: =B110*C110 -> 0
A111: ĐẬU TRẮNG | B111: 3 | C111: 70000 | D111: =B111*C111 -> 210000
A112: ĐẬU TRẮNG 250GR | D112: =B112*C112 -> 0
A113: CÀ CHUA | D113: =B113*C113 -> 0
A114: CÀ CHUA L1 | D114: =B114*C114 -> 0
A115: CÀ CHUA VỈ 400GR | D115: =B115*C115 -> 0
A116: CÀ CHUA VR | D116: =B116*C116 -> 0
A117: BÍ ĐỎ MINI | D117: =B117*C117 -> 0
...

Sheet 5.4
A1: hàng tồn cuối ngày 5/4 VR
A2: TÊN SẢN PHẨM | B2: TỒN TRƯỚC | C2: GIÁ NHẬP | D2: THÀNH TIỀN
A3: BẮP CẢI TÍM | D3: =B3*C3 -> 0
A4: BẮP CẢI TÍM (BẮP) | D4: =B4*C4 -> 0
A5: BẮP CẢI TÍM SUSHI | D5: =B5*C5 -> 0
A6: BẮP CẢI TRẮNG | D6: =B6*C6 -> 0
A7: BẮP CẢI TRẮNG (BẮP) | D7: =B7*C7 -> 0
A8: BẮP CẢI TRẮNG MỘC CHÂU | D8: =B8*C8 -> 0
A9: BẮP CẢI TRẮNG SÓI BIỂN | D9: =B9*C9 -> 0
A10: BẮP CẢI TRẮNG SUSHI | D10: =B10*C10 -> 0
A11: BẮP MỸ | D11: =B11*C11 -> 0
A12: BẦU | D12: =B12*C12 -> 0
A13: BÍ ĐAO XANH | D13: =B13*C13 -> 0
A14: BÍ ĐAO XANH 400G | D14: =B14*C14 -> 0
A15: BÍ ĐỎ HỒ LÔ | B15: 6 | C15: 10000 | D15: =B15*C15 -> 60000
A16: BÍ ĐỎ MINI | D16: =B16*C16 -> 0
A17: BÍ ĐỎ NON (KG)KQ | D17: =B17*C17 -> 0
A18: BÍ ĐỎ NON TRÁI VR | B18: 35 | C18: 5000 | D18: =B18*C18 -> 175000
A19: BÍ ĐỎ NON( KG) VR | D19: =B19*C19 -> 0
A20: BÍ ĐỎ TRÒN | D20: =B20*C20 -> 0
A21: BÍ MINI VÀNG 300GR | D21: =B21*C21 -> 0
A22: BÍ MINI VÀNG KG | D22: =B22*C22 -> 0
A23: BÍ NGÒI VÀNG | D23: =B23*C23 -> 0
A24: BÍ NGÒI VÀNG (TRÁI) | D24: =B24*C24 -> 0
A25: BÍ NGÒI XANH | B25: =15+45 -> 60 | C25: 6000 | D25: =B25*C25 -> 360000
A26: BÍ NGÒI XANH(TRÁI) | D26: =B26*C26 -> 0
A27: BÍ NHẬT | D27: =B27*C27 -> 0
A28: BƠ 034 | D28: =B28*C28 -> 0
A29: BƠ BOOTH | D29: =B29*C29 -> 0
A30: BƠ SÁP | D30: =B30*C30 -> 0
A31: BÓ XÔI | D31: =B31*C31 -> 0
A32: BÓ XÔI 300G VR | D32: =B32*C32 -> 0
A33: BÓ XÔI-HN KQ | D33: =B33*C33 -> 0
A34: BÓ XÔI-NA | D34: =B34*C34 -> 0
A35: BÔNG ATISO | D35: =B35*C35 -> 0
A36: BÔNG BÍ | D36: =B36*C36 -> 0
A37: BÔNG BÍ TÚI 300GR | D37: =B37*C37 -> 0
... A56: CÀ CHUA CHERRY MIX 300G | D56: =B56*C56 -> 0
A57: CÀ CHUA L1 | B57: 80 | C57: 6000 | D57: =B57*C57 -> 480000
A58: CÀ CHUA MỘC CHÂU | D58: =B58*C58 -> 0
A59: CÀ CHUA NGỌT | D59: =B59*C59 -> 0
A60: CÀ CHUA NGỌT 300GR (KG) | D60: =B60*C60 -> 0
A61: CÀ CHUA NGỌT XÁ | D61: =B61*C61 -> 0
A62: CÀ CHUA ROSEBERRY 300G | D62: =B62*C62 -> 0
A63: CÀ CHUA SÔCOLA 250GR (HỘP) VR | D63: =B63*C63 -> 0
A64: CÀ CHUA SÔCOLA 250GR (KG) -NA | D64: =B64*C64 -> 0
A65: CÀ CHUA SÔCOLA 250GR (KG) VR | D65: =B65*C65 -> 0
A66: CÀ CHUA SÔCOLA 250GR(KG) KQ | D66: =B66*C66 -> 0
A67: CÀ CHUA SÔCOLA 300GR (HỘP) VR | D67: =B67*C67 -> 0
A68: CÀ CHUA SOCOLA XÁ | D68: =B68*C68 -> 0
A69: CÀ CHUA SÔCOLA(HỘP) KQ | D69: =B69*C69 -> 0
... A80: CÀ RỐT DL | D80: =B80*C80 -> 0
A81: CÀ RỐT DL L1 | B81: =36+36 -> 72 | C81: 9000 | D81: =B81*C81 -> 648000
A82: CÀ RỐT DL TÚI LƯỚI 500GR VR | D82: =B82*C82 -> 0
A83: CÀ RỐT TRUNG | D83: =B83*C83 -> 0
A84: CÀ RỐT TÚI LƯỚI 800G KQ | D84: =B84*C84 -> 0
A85: CÀ TÍM | D85: =B85*C85 -> 0
A86: CÀ TÍM CẶP 400G | D86: =B86*C86 -> 0
A87: CÀ TÍM SỌC PHA LÊ 300G | D87: =B87*C87 -> 0
A88: CÀ TÍM SỌC PHA LÊ HỘP 500GR VR | D88: =B88*C88 -> 0
A89: CÀ TÍM SỌC PHA LÊ TÍM (KG) VR | D89: =B89*C89 -> 0
A90: CÀ Ý VỈ 650GR | D90: =B90*C90 -> 0
A91: CẢI CANH | D91: =B91*C91 -> 0
A92: CẢI CẦU VỒNG | D92: =B92*C92 -> 0
A93: CẢI CẦU VỒNG 300GR | D93: =B93*C93 -> 0
... A138: ĐẬU COVE MỘC CHÂU | D138: =B138*C138 -> 0
A139: ĐẬU CÚC | B139: 2 | C139: 70000 | D139: =B139*C139 -> 140000
A140: ĐẬU CÚC 250GR | D140: =B140*C140 -> 0
A141: ĐẬU ĐỎ | D141: =B141*C141 -> 0
A142: ĐẬU ĐỎ 250GR | D142: =B142*C142 -> 0
A143: ĐẬU HÀ LAN | D143: =B143*C143 -> 0
A144: ĐẬU HÀ LAN-FUJI | D144: =B144*C144 -> 0
A145: ĐẬU NGỰ | D145: =B145*C145 -> 0
A146: ĐẬU NGỰ 250GR | D146: =B146*C146 -> 0
A147: ĐẬU QUE TRẮNG (KG NA) | D147: =B147*C147 -> 0
A148: ĐẬU QUE TRẮNG (KG) KQ | D148: =B148*C148 -> 0
A149: ĐẬU QUE TRẮNG (KG) VR | D149: =B149*C149 -> 0
A150: ĐẬU QUE TRẮNG (TÚI) KQ | D150: =B150*C150 -> 0
A151: ĐẬU QUE TRẮNG (TÚI) VR | D151: =B151*C151 -> 0
A152: ĐẬU QUE TRẮNG (TÚI) VR 300gr | B152: 10 | C152: 9000 | D152: =B152*C152 -> 90000
A153: ĐẬU QUE XANH (KG) KQ | D153: =B153*C153 -> 0
A154: ĐẬU QUE XANH( KG) VR | D154: =B154*C154 -> 0
A155: ĐẬU QUE XANH( TÚI) KQ | D155: =B155*C155 -> 0
A156: ĐẬU QUE XANH( TÚI) VR | D156: =B156*C156 -> 0
A157: DAU THAP CAM (HON HOP) TUOI 100G | D157: =B157*C157 -> 0
A158: ĐẬU TRẮNG | B158: 1 | C158: 70000 | D158: =B158*C158 -> 70000
A159: ĐẬU TRẮNG 250GR | D159: =B159*C159 -> 0
A160: DƯA LEO | B160: 20 | C160: 13000 | D160: =B160*C160 -> 260000
A161: DƯA LEO 400G | B161: =12+27 -> 39 | C161: 8000 | D161: =B161*C161 -> 312000
A162: DƯA LEO BABY KQ | D162: =B162*C162 -> 0
A163: DƯA LEO BABY KQ(KG) | D163: =B163*C163 -> 0
A164: DƯA LEO BABY VR | B164: =140+286 -> 426 | C164: 7000 | D164: =B164*C164 -> 2982000
A165: DƯA LEO BABY VR(KG) | D165: =B165*C165 -> 0
A166: DƯA LEO BABY VR(KG)-NA | D166: =B166*C166 -> 0
A167: DƯA LEO BABY XÁ | D167: =B167*C167 -> 0
A168: DƯA LEO GIỐNG NHẬT 600GR | D168: =B168*C168 -> 0
A169: DƯA LEO GIỐNG NHẬT KG | D169: =B169*C169 -> 0
A170: DƯA LEO KG (VỈ) | D170: =B170*C170 -> 0
A171: GỪNG | D171: =B171*C171 -> 0
A172: GỪNG 250GR | D172: =B172*C172 -> 0
...

Sheet 6.4
A1: hàng tồn cuối ngày 6/4 vr
A2: TÊN SẢN PHẨM | B2: TỒN TRƯỚC | C2: GIÁ NHẬP | D2: THÀNH TIỀN
A3: BẮP CẢI TÍM | D3: =B3*C3 -> 0
A4: BẮP CẢI TÍM (BẮP) | D4: =B4*C4 -> 0
A5: BẮP CẢI TÍM SUSHI | D5: =B5*C5 -> 0
A6: BẮP CẢI TRẮNG | D6: =B6*C6 -> 0
A7: BẮP CẢI TRẮNG (BẮP) | D7: =B7*C7 -> 0
A8: BẮP CẢI TRẮNG MỘC CHÂU | D8: =B8*C8 -> 0
A9: BẮP CẢI TRẮNG SÓI BIỂN | D9: =B9*C9 -> 0
A10: BẮP CẢI TRẮNG SUSHI | D10: =B10*C10 -> 0
A11: BẮP MỸ | D11: =B11*C11 -> 0
A12: BẦU | D12: =B12*C12 -> 0
A13: BÍ ĐAO XANH | D13: =B13*C13 -> 0
A14: BÍ ĐAO XANH 400G | D14: =B14*C14 -> 0
A15: BÍ ĐỎ HỒ LÔ | B15: 5 | C15: 10000 | D15: =B15*C15 -> 50000
A16: BÍ ĐỎ MINI | D16: =B16*C16 -> 0
A17: BÍ ĐỎ NON (KG)KQ | D17: =B17*C17 -> 0
A18: BÍ ĐỎ NON TRÁI VR | D18: =B18*C18 -> 0
A19: BÍ ĐỎ NON( KG) VR | D19: =B19*C19 -> 0
A20: BÍ ĐỎ TRÒN | D20: =B20*C20 -> 0
A21: BÍ MINI VÀNG 300GR | D21: =B21*C21 -> 0
A22: BÍ MINI VÀNG KG | D22: =B22*C22 -> 0
A23: BÍ NGÒI VÀNG | D23: =B23*C23 -> 0
A24: BÍ NGÒI VÀNG (TRÁI) | D24: =B24*C24 -> 0
A25: BÍ NGÒI XANH | D25: =B25*C25 -> 0
A26: BÍ NGÒI XANH(TRÁI) | D26: =B26*C26 -> 0
A27: BÍ NHẬT | D27: =B27*C27 -> 0
... A49: CÀ CHUA BI (HỘP) 300GR KQ | D49: =B49*C49 -> 0
A50: CÀ CHUA BI (HỘP) 300GR VR | B50: =17 -> 17 | C50: 4200 | D50: =B50*C50 -> 71400
A51: CÀ CHUA BI 300GR KQ (KG) | D51: =B51*C51 -> 0
A52: CÀ CHUA BI 300GR VR (KG) | D52: =B52*C52 -> 0
A53: CÀ CHUA BI CAM SỮA (KG) VR | D53: =B53*C53 -> 0
A54: CÀ CHUA BI COOP | B54: 3.5 | C54: 14000 | D54: =B54*C54 -> 49000
A55: CÀ CHUA BI-NA | D55: =B55*C55 -> 0
A56: CÀ CHUA CHERRY MIX 300G | D56: =B56*C56 -> 0
A57: CÀ CHUA L1 | B57: 30 | C57: 6000 | D57: =B57*C57 -> 180000
A58: CÀ CHUA MỘC CHÂU | D58: =B58*C58 -> 0
A59: CÀ CHUA NGỌT | D59: =B59*C59 -> 0
A60: CÀ CHUA NGỌT 300GR (KG) | D60: =B60*C60 -> 0
A61: CÀ CHUA NGỌT XÁ | D61: =B61*C61 -> 0
A62: CÀ CHUA ROSEBERRY 300G | D62: =B62*C62 -> 0
A63: CÀ CHUA SÔCOLA 250GR (HỘP) VR | B63: 58 | C63: 5000 | D63: =B63*C63 -> 290000
A64: CÀ CHUA SÔCOLA 250GR (KG) -NA | D64: =B64*C64 -> 0
A65: CÀ CHUA SÔCOLA 250GR (KG) VR | B65: 7 | C65: 24000 | D65: =B65*C65 -> 168000
A66: CÀ CHUA SÔCOLA 250GR(KG) KQ | D66: =B66*C66 -> 0
A67: CÀ CHUA SÔCOLA 300GR (HỘP) VR | D67: =B67*C67 -> 0
A68: CÀ CHUA SOCOLA XÁ | D68: =B68*C68 -> 0
A69: CÀ CHUA SÔCOLA(HỘP) KQ | D69: =B69*C69 -> 0
A70: CÀ CHUA VỈ 400GR | D70: =B70*C70 -> 0
A71: CÀ CHUA VR | D71: =B71*C71 -> 0
A72: CÀ CHUA Ý | D72: =B72*C72 -> 0
A73: CÀ CHUA Ý 500G | B73: 50 | C73: 12000 | D73: =B73*C73 -> 600000
A74: CÀ CHUA Ý CHÙM | B74: 80 | C74: 16000 | D74: =B74*C74 -> 1280000
A75: CÀ CHUA Ý(VỈ) KG | D75: =B75*C75 -> 0
A76: CÀ CHUA Ý(VỈ) KG KQ | D76: =B76*C76 -> 0
A77: CÀ RỐT BABY | D77: =B77*C77 -> 0
A78: CÀ RỐT BABY (KG) KQ | D78: =B78*C78 -> 0
A79: CÀ RỐT BABY 200GR | D79: =B79*C79 -> 0
A80: CÀ RỐT DL | D80: =B80*C80 -> 0
A81: CÀ RỐT DL L1 | B81: 100 | C81: 9000 | D81: =B81*C81 -> 900000
A82: CÀ RỐT DL TÚI LƯỚI 500GR VR | D82: =B82*C82 -> 0
A83: CÀ RỐT TRUNG | D83: =B83*C83 -> 0
A84: CÀ RỐT TÚI LƯỚI 800G KQ | D84: =B84*C84 -> 0
A85: CÀ TÍM | D85: =B85*C85 -> 0
A86: CÀ TÍM CẶP 400G | D86: =B86*C86 -> 0
A87: CÀ TÍM SỌC PHA LÊ 300G | D87: =B87*C87 -> 0
A88: CÀ TÍM SỌC PHA LÊ HỘP 500GR VR | D88: =B88*C88 -> 0
A89: CÀ TÍM SỌC PHA LÊ TÍM (KG) VR | D89: =B89*C89 -> 0
A90: CÀ Ý VỈ 650GR | D90: =B90*C90 -> 0
A91: CẢI CANH | D91: =B91*C91 -> 0
A92: CẢI CẦU VỒNG | D92: =B92*C92 -> 0
A93: CẢI CẦU VỒNG 300GR | D93: =B93*C93 -> 0
... A138: ĐẬU COVE MỘC CHÂU | D138: =B138*C138 -> 0
A139: ĐẬU CÚC | B139: 2 | C139: 70000 | D139: =B139*C139 -> 140000
A140: ĐẬU CÚC 250GR | D140: =B140*C140 -> 0
A141: ĐẬU ĐỎ | D141: =B141*C141 -> 0
A142: ĐẬU ĐỎ 250GR | D142: =B142*C142 -> 0
A143: ĐẬU HÀ LAN | D143: =B143*C143 -> 0
A144: ĐẬU HÀ LAN-FUJI | D144: =B144*C144 -> 0
A145: ĐẬU NGỰ | D145: =B145*C145 -> 0
A146: ĐẬU NGỰ 250GR | D146: =B146*C146 -> 0
A147: ĐẬU QUE TRẮNG (KG NA) | D147: =B147*C147 -> 0
A148: ĐẬU QUE TRẮNG (KG) KQ | D148: =B148*C148 -> 0
A149: ĐẬU QUE TRẮNG (KG) VR | D149: =B149*C149 -> 0
A150: ĐẬU QUE TRẮNG (TÚI) KQ | D150: =B150*C150 -> 0
A151: ĐẬU QUE TRẮNG (TÚI) VR | B151: 4 | C151: 8500 | D151: =B151*C151 -> 34000
A152: ĐẬU QUE TRẮNG (TÚI) VR 300gr | D152: =B152*C152 -> 0
A153: ĐẬU QUE XANH (KG) KQ | D153: =B153*C153 -> 0
A154: ĐẬU QUE XANH( KG) VR | D154: =B154*C154 -> 0
A155: ĐẬU QUE XANH( TÚI) KQ | D155: =B155*C155 -> 0
A156: ĐẬU QUE XANH( TÚI) VR | B156: 12 | C156: 6500 | D156: =B156*C156 -> 78000
A157: DAU THAP CAM (HON HOP) TUOI 100G | D157: =B157*C157 -> 0
A158: ĐẬU TRẮNG | D158: =B158*C158 -> 0
A159: ĐẬU TRẮNG 250GR | D159: =B159*C159 -> 0
A160: DƯA LEO | D160: =B160*C160 -> 0
A161: DƯA LEO 400G | B161: =27+81+10 -> 118 | C161: 8000 | D161: =B161*C161 -> 944000
A162: DƯA LEO BABY KQ | D162: =B162*C162 -> 0
A163: DƯA LEO BABY KQ(KG) | D163: =B163*C163 -> 0
A164: DƯA LEO BABY VR | B164: =27+6 -> 33 | C164: 7000 | D164: =B164*C164 -> 231000
A165: DƯA LEO BABY VR(KG) | D165: =B165*C165 -> 0
...

Sheet 7.4
A1: 45389 | C1: Stock
A2: TÊN SẢN PHẨM | B2: ĐVT | C2: TỒN TRƯỚC | D2: Gía nhập | E2: Thành tiền
A4: BẮP CẢI TÍM | B4: Kg | E4: =+D4*C4 -> 0
A5: BẮP CẢI TÍM (BẮP) | B5: BẮP | E5: =+D5*C5 -> 0
A6: BẮP CẢI TÍM SUSHI | B6: Kg | E6: =+D6*C6 -> 0
A7: BẮP CẢI TRẮNG | B7: Kg | C7: 510 | D7: 8000 | E7: =+D7*C7 -> 4080000
A8: BẮP CẢI TRẮNG (BẮP) | B8: BẮP | E8: =+D8*C8 -> 0
A9: BẮP CẢI TRẮNG MỘC CHÂU | B9: Kg | E9: =+D9*C9 -> 0
A10: BẮP CẢI TRẮNG SÓI BIỂN | B10: Kg | E10: =+D10*C10 -> 0
A11: BẮP CẢI TRẮNG SUSHI | B11: Kg | E11: =+D11*C11 -> 0
A12: BẮP MỸ | B12: Kg | E12: =+D12*C12 -> 0
A13: BẦU | B13: Kg | E13: =+D13*C13 -> 0
A14: BÍ ĐAO XANH | B14: Kg | C14: 60 | D14: 8000 | E14: =+D14*C14 -> 480000
A15: BÍ ĐAO XANH 400G | B15: TRÁI | E15: =+D15*C15 -> 0
A16: BÍ ĐỎ HỒ LÔ | B16: Kg | E16: =+D16*C16 -> 0
A17: BÍ ĐỎ MINI | B17: Kg | E17: =+D17*C17 -> 0
A18: BÍ ĐỎ NON (KG)KQ | B18: Kg | E18: =+D18*C18 -> 0
A19: BÍ ĐỎ NON TRÁI VR | B19: TRÁI | E19: =+D19*C19 -> 0
A20: BÍ ĐỎ NON( KG) VR | B20: Kg | E20: =+D20*C20 -> 0
A21: BÍ ĐỎ TRÒN | B21: Kg | C21: 100 | D21: 4000 | E21: =+D21*C21 -> 400000
A22: BÍ MINI VÀNG 300GR | B22: TRÁI | E22: =+D22*C22 -> 0
A23: BÍ MINI VÀNG KG | B23: Kg | C23: 1 | D23: 45000 | E23: =+D23*C23 -> 45000
A24: BÍ NGÒI VÀNG | B24: Kg | E24: =+D24*C24 -> 0
A25: BÍ NGÒI VÀNG (TRÁI) | B25: TRÁI | E25: =+D25*C25 -> 0
A26: BÍ NGÒI XANH | B26: Kg | E26: =+D26*C26 -> 0
A27: BÍ NGÒI XANH(TRÁI) | B27: TRÁI | E27: =+D27*C27 -> 0
A28: BÍ NHẬT | B28: Kg | E28: =+D28*C28 -> 0
A29: BƠ 034 | B29: Kg | E29: =+D29*C29 -> 0
A30: BƠ BOOTH | B30: Kg | E30: =+D30*C30 -> 0
A31: BƠ SÁP | B31: Kg | E31: =+D31*C31 -> 0
A32: BÓ XÔI | B32: Kg | E32: =+D32*C32 -> 0
A33: BÓ XÔI 300G VR | B33: TÚI | E33: =+D33*C33 -> 0
A34: BÓ XÔI-HN KQ | B34: Kg | E34: =+D34*C34 -> 0
A35: BÓ XÔI-NA | B35: Kg | E35: =+D35*C35 -> 0
... A45: BÔNG CẢI XANH BABY 200G | B45: VỈ | E45: =+D45*C45 -> 0
A46: BÔNG CẢI XANH BIGC | B46: Kg | C46: 8 | D46: 11000 | E46: =+D46*C46 -> 88000
A47: BÔNG CẢI XANH CITI | B47: Kg | E47: =+D47*C47 -> 0
A48: CÀ CHUA | B48: Kg | C48: 470 | D48: 8000 | E48: =+D48*C48 -> 3760000
A49: CÀ CHUA BI | B49: Kg | E49: =+D49*C49 -> 0
A50: CÀ CHUA BI (HỘP) 300GR KQ | B50: HỘP | E50: =+D50*C50 -> 0
A51: CÀ CHUA BI (HỘP) 300GR VR | B51: HỘP | E51: =+D51*C51 -> 0
A52: CÀ CHUA BI 300GR KQ (KG) | B52: Kg | E52: =+D52*C52 -> 0
A53: CÀ CHUA BI 300GR VR (KG) | B53: Kg | E53: =+D53*C53 -> 0
A54: CÀ CHUA BI CAM SỮA (KG) VR | B54: Kg | E54: =+D54*C54 -> 0
A55: CÀ CHUA BI COOP | B55: Kg | E55: =+D55*C55 -> 0
A56: CÀ CHUA BI-NA | B56: Kg | E56: =+D56*C56 -> 0
A57: CÀ CHUA CHERRY MIX 300G | B57: HỘP | E57: =+D57*C57 -> 0
A58: CÀ CHUA L1 | B58: TÚI | E58: =+D58*C58 -> 0
A59: CÀ CHUA MỘC CHÂU | B59: Kg | E59: =+D59*C59 -> 0
A60: CÀ CHUA NGỌT | B60: Kg | E60: =+D60*C60 -> 0
... A72: CÀ CHUA VR | B72: Kg | E72: =+D72*C72 -> 0
A73: CÀ CHUA Ý | B73: Kg | C73: 50 | D73: 15000 | E73: =+D73*C73 -> 750000
A74: CÀ CHUA Ý 500G | B74: VỈ | E74: =+D74*C74 -> 0
A75: CÀ CHUA Ý CHÙM | B75: KG | E75: =+D75*C75 -> 0
A76: CÀ CHUA Ý(VỈ) KG | B76: Kg | E76: =+D76*C76 -> 0
A77: CÀ CHUA Ý(VỈ) KG KQ | B77: Kg | E77: =+D77*C77 -> 0
A78: CÀ RỐT BABY | B78: Kg | E78: =+D78*C78 -> 0
A79: CÀ RỐT BABY (KG) KQ | B79: Kg | E79: =+D79*C79 -> 0
A80: CÀ RỐT BABY 200GR | B80: VỈ | E80: =+D80*C80 -> 0
A81: CÀ RỐT DL | B81: Kg | E81: =+D81*C81 -> 0
A82: CÀ RỐT DL L1 | B82: Kg | E82: =+D82*C82 -> 0
A83: CÀ RỐT DL TÚI LƯỚI 500GR VR | B83: TÚI | E83: =+D83*C83 -> 0
A84: CÀ RỐT TRUNG | B84: Kg | E84: =+D84*C84 -> 0
A85: CÀ RỐT TÚI LƯỚI 800G KQ | B85: TÚI | E85: =+D85*C85 -> 0
A86: CÀ TÍM | B86: Kg | C86: 94 | D86: 9000 | E86: =+D86*C86 -> 846000
A87: CÀ TÍM CẶP 400G | B87: CẶP | E87: =+D87*C87 -> 0
A88: CÀ TÍM SỌC PHA LÊ 300G | B88: HỘP | E88: =+D88*C88 -> 0
A89: CÀ TÍM SỌC PHA LÊ HỘP 500GR VR | B89: HỘP | E89: =+D89*C89 -> 0
A90: CÀ TÍM SỌC PHA LÊ TÍM (KG) VR | B90: Kg | E90: =+D90*C90 -> 0
A91: CÀ Ý VỈ 650GR | B91: VỈ | E91: =+D91*C91 -> 0
A92: CẢI CANH | B92: Kg | E92: =+D92*C92 -> 0
A93: CẢI CẦU VỒNG | B93: Kg | E93: =+D93*C93 -> 0
A94: CẢI CẦU VỒNG 300GR | B94: TÚI | E94: =+D94*C94 -> 0
A95: CẢI CHÍP | B95: Kg | E95: =+D95*C95 -> 0
A96: CẢI CÚC 500GR | B96: TÚI | E96: =+D96*C96 -> 0
A97: CẢI KALE | B97: Kg | E97: =+D97*C97 -> 0
A98: CẢI KALE 300GR | B98: TÚI | E98: =+D98*C98 -> 0
... A100: CẢI NGỌT | B100: Kg | E100: =+D100*C100 -> 0
A101: CẢI THẢO DL | B101: Kg | C101: 140 | D101: 7500 | E101: =+D101*C101 -> 1050000
A102: CẢI THẢO DL(BẮP) | B102: BẮP | E102: =+D102*C102 -> 0
A103: CẢI THẢO HỎA TIỄN | B103: Kg | E103: =+D103*C103 -> 0
A104: CẢI THẢO HỎA TIỄN 250GR | B104: BẮP | E104: =+D104*C104 -> 0
A105: CẢI THẢO KIM CHI | B105: Kg | E105: =+D105*C105 -> 0
A106: CẢI THẢO MỘC CHÂU | B106: BÓ | E106: =+D106*C106 -> 0
A107: CẢI THẢO VR | B107: Kg | E107: =+D107*C107 -> 0
A108: CẦN TÂY (KG) | B108: Kg | C108: 35 | D108: 10000 | E108: =+D108*C108 -> 350000
A109: CẦN TÂY THUỶ CANH | B109: Kg | E109: =+D109*C109 -> 0
A110: CẦN TÂY(CÂY) | B110: CÂY | E110: =+D110*C110 -> 0
A111: CHANH DÂY | B111: Kg | E111: =+D111*C111 -> 0
A112: CHANH DÂY NGỌT L2 | B112: Kg | E112: =+D112*C112 -> 0
A113: CHANH DÂY NGỌT VỈ 300GR | B113: VỈ | E113: =+D113*C113 -> 0
A114: CHANH KHÔNG HẠT | B114: Kg | E114: =+D114*C114 -> 0
A115: CHANH VÀNG (KG) | B115: Kg | E115: =+D115*C115 -> 0
A116: CHANH VÀNG TRÁI 180UP | B116: TRÁI | E116: =+D116*C116 -> 0
A117: CHẬU CÂY CẢI CẦU VỒNG | B117: CHẬU | E117: =+D117*C117 -> 0
A118: CHẬU CÂY CẢI KALE | B118: CHẬU | E118: =+D118*C118 -> 0
A119: CHẬU CÂY CẦN TÂY | B119: CHẬU | E119: =+D119*C119 -> 0
A120: CHUỐI LABA | B120: Kg | C120: 130 | D120: 10000 | E120: =+D120*C120 -> 1300000
A121: CỦ CẢI ĐỎ 300GR (KG) VR | B121: Kg | E121: =+D121*C121 -> 0
A122: CỦ CẢI ĐỎ HỘP 300GR | B122: HỘP | E122: =+D122*C122 -> 0
...

Sheet 8.4
A1: hàng tồn cuối ngày 9/4 vr
A2: TÊN SẢN PHẨM | B2: TỒN TRƯỚC | C2: GIÁ NHẬP | D2: THÀNH TIỀN
A3: BẮP CẢI TÍM | D3: =B3*C3 -> 0
A4: BẮP CẢI TÍM (BẮP) | D4: =B4*C4 -> 0
A5: BẮP CẢI TÍM SUSHI | D5: =B5*C5 -> 0
A6: BẮP CẢI TRẮNG | D6: =B6*C6 -> 0
A7: BẮP CẢI TRẮNG (BẮP) | D7: =B7*C7 -> 0
A8: BẮP CẢI TRẮNG MỘC CHÂU | D8: =B8*C8 -> 0
A9: BẮP CẢI TRẮNG SÓI BIỂN | D9: =B9*C9 -> 0
A10: BẮP CẢI TRẮNG SUSHI | D10: =B10*C10 -> 0
A11: BẮP MỸ | D11: =B11*C11 -> 0
A12: BẦU | D12: =B12*C12 -> 0
A13: BÍ ĐAO XANH | D13: =B13*C13 -> 0
A14: BÍ ĐAO XANH 400G | D14: =B14*C14 -> 0
... A17: BÍ ĐỎ NON (KG)KQ | D17: =B17*C17 -> 0
A18: BÍ ĐỎ NON TRÁI VR | B18: 25 | C18: 5000 | D18: =B18*C18 -> 125000
A19: BÍ ĐỎ NON( KG) VR | D19: =B19*C19 -> 0
A20: BÍ ĐỎ TRÒN | D20: =B20*C20 -> 0
A21: BÍ MINI VÀNG 300GR | D21: =B21*C21 -> 0
A22: BÍ MINI VÀNG KG | D22: =B22*C22 -> 0
A23: BÍ NGÒI VÀNG | D23: =B23*C23 -> 0
A24: BÍ NGÒI VÀNG (TRÁI) | D24: =B24*C24 -> 0
A25: BÍ NGÒI XANH | B25: 160 | C25: 6000 | D25: =B25*C25 -> 960000
A26: BÍ NGÒI XANH(TRÁI) | D26: =B26*C26 -> 0
A27: BÍ NHẬT | D27: =B27*C27 -> 0
A28: BƠ 034 | D28: =B28*C28 -> 0
A29: BƠ BOOTH | B29: 6 | C29: 38000 | D29: =B29*C29 -> 228000
A30: BƠ SÁP | B30: 35 | C30: 33000 | D30: =B30*C30 -> 1155000
A31: BÓ XÔI | D31: =B31*C31 -> 0
A32: BÓ XÔI 300G VR | D32: =B32*C32 -> 0
A33: BÓ XÔI-HN KQ | D33: =B33*C33 -> 0
A34: BÓ XÔI-NA | D34: =B34*C34 -> 0
A35: BÔNG ATISO | D35: =B35*C35 -> 0
A36: BÔNG BÍ | D36: =B36*C36 -> 0
A37: BÔNG BÍ TÚI 300GR | D37: =B37*C37 -> 0
A38: BÔNG CẢI TRẮNG | B38: 10 | C38: 13000 | D38: =B38*C38 -> 130000
A39: BÔNG CẢI TRẮNG (CÂY) | D39: =B39*C39 -> 0
A40: BÔNG CẢI XANH 10P | D40: =B40*C40 -> 0
A41: BÔNG CẢI XANH AEON | B41: 15 | C41: 20000 | D41: =B41*C41 -> 300000
A42: BÔNG CẢI XANH AEON (CÂY) | D42: =B42*C42 -> 0
A43: BÔNG CẢI XANH BABY (KG) | D43: =B43*C43 -> 0
A44: BÔNG CẢI XANH BABY 200G | D44: =B44*C44 -> 0
A45: BÔNG CẢI XANH BIGC | D45: =B45*C45 -> 0
A46: BÔNG CẢI XANH CITI | D46: =B46*C46 -> 0
A47: CÀ CHUA | D47: =B47*C47 -> 0
A48: CÀ CHUA BI | D48: =B48*C48 -> 0
A49: CÀ CHUA BI (HỘP) 300GR KQ | D49: =B49*C49 -> 0
A50: CÀ CHUA BI (HỘP) 300GR VR | D50: =B50*C50 -> 0
A51: CÀ CHUA BI 300GR KQ (KG) | D51: =B51*C51 -> 0
A52: CÀ CHUA BI 300GR VR (KG) | D52: =B52*C52 -> 0
A53: CÀ CHUA BI CAM SỮA (KG) VR | D53: =B53*C53 -> 0
A54: CÀ CHUA BI COOP | B54: 10 | C54: 7000 | D54: =B54*C54 -> 70000
A55: CÀ CHUA BI-NA | D55: =B55*C55 -> 0
A56: CÀ CHUA CHERRY MIX 300G | D56: =B56*C56 -> 0
A57: CÀ CHUA L1 | D57: =B57*C57 -> 0
A58: CÀ CHUA MỘC CHÂU | D58: =B58*C58 -> 0
A59: CÀ CHUA NGỌT | D59: =B59*C59 -> 0
A60: CÀ CHUA NGỌT 300GR (KG) | D60: =B60*C60 -> 0
A61: CÀ CHUA NGỌT XÁ | D61: =B61*C61 -> 0
A62: CÀ CHUA ROSEBERRY 300G | D62: =B62*C62 -> 0
A63: CÀ CHUA SÔCOLA 250GR (HỘP) VR | D63: =B63*C63 -> 0
A64: CÀ CHUA SÔCOLA 250GR (KG) -NA | D64: =B64*C64 -> 0
A65: CÀ CHUA SÔCOLA 250GR (KG) VR | D65: =B65*C65 -> 0
A66: CÀ CHUA SÔCOLA 250GR(KG) KQ | D66: =B66*C66 -> 0
... A72: CÀ CHUA Ý | D72: =B72*C72 -> 0
A73: CÀ CHUA Ý 500G | B73: =60+20+40+10 -> 130 | C73: 12000 | D73: =B73*C73 -> 1560000
A74: CÀ CHUA Ý CHÙM | B74: 40 | C74: 16000 | D74: =B74*C74 -> 640000
A75: CÀ CHUA Ý(VỈ) KG | D75: =B75*C75 -> 0
A76: CÀ CHUA Ý(VỈ) KG KQ | D76: =B76*C76 -> 0
A77: CÀ RỐT BABY | D77: =B77*C77 -> 0
A78: CÀ RỐT BABY (KG) KQ | D78: =B78*C78 -> 0
A79: CÀ RỐT BABY 200GR | D79: =B79*C79 -> 0
A80: CÀ RỐT DL | D80: =B80*C80 -> 0
A81: CÀ RỐT DL L1 | B81: 120 | C81: 9000 | D81: =B81*C81 -> 1080000
A82: CÀ RỐT DL TÚI LƯỚI 500GR VR | D82: =B82*C82 -> 0
A83: CÀ RỐT TRUNG | D83: =B83*C83 -> 0
A84: CÀ RỐT TÚI LƯỚI 800G KQ | D84: =B84*C84 -> 0
A85: CÀ TÍM | D85: =B85*C85 -> 0
A86: CÀ TÍM CẶP 400G | D86: =B86*C86 -> 0
A87: CÀ TÍM SỌC PHA LÊ 300G | D87: =B87*C87 -> 0
A88: CÀ TÍM SỌC PHA LÊ HỘP 500GR VR | D88: =B88*C88 -> 0
A89: CÀ TÍM SỌC PHA LÊ TÍM (KG) VR | D89: =B89*C89 -> 0
A90: CÀ Ý VỈ 650GR | D90: =B90*C90 -> 0
A91: CẢI CANH | D91: =B91*C91 -> 0
A92: CẢI CẦU VỒNG | D92: =B92*C92 -> 0
A93: CẢI CẦU VỒNG 300GR | D93: =B93*C93 -> 0
... A99: CẢI NGỌT | D99: =B99*C99 -> 0
A100: CẢI THẢO DL | B100: 30 | C100: 7500 | D100: =B100*C100 -> 225000
A101: CẢI THẢO DL(BẮP) | D101: =B101*C101 -> 0
A102: CẢI THẢO HỎA TIỄN | D102: =B102*C102 -> 0
A103: CẢI THẢO HỎA TIỄN 250GR | D103: =B103*C103 -> 0
A104: CẢI THẢO KIM CHI | D104: =B104*C104 -> 0
A105: CẢI THẢO MỘC CHÂU | D105: =B105*C105 -> 0
A106: CẢI THẢO VR | D106: =B106*C106 -> 0
A107: CẦN TÂY (KG) | D107: =B107*C107 -> 0
A108: CẦN TÂY THUỶ CANH | D108: =B108*C108 -> 0
A109: CẦN TÂY(CÂY) | D109: =B109*C109 -> 0
A110: CHANH DÂY | D110: =B110*C110 -> 0
A111: CHANH DÂY NGỌT L2 | D111: =B111*C111 -> 0
A112: CHANH DÂY NGỌT VỈ 300GR | D112: =B112*C112 -> 0
...

Sheet 9.4
A1: hàng tồn cuối ngày 9/4 vr
A2: TÊN SẢN PHẨM | B2: TỒN TRƯỚC | C2: GIÁ NHẬP | D2: THÀNH TIỀN
A3: CÀ CHUA SÔCOLA 250GR (HỘP) VR | D3: =B3*C3 -> 0
A4: CÀ CHUA SÔCOLA 250GR (KG) -NA | D4: =B4*C4 -> 0
A5: CÀ CHUA SÔCOLA 250GR (KG) VR | D5: =B5*C5 -> 0
A6: CÀ CHUA SÔCOLA 250GR(KG) KQ | D6: =B6*C6 -> 0
A7: CÀ CHUA SÔCOLA 300GR (HỘP) VR | D7: =B7*C7 -> 0
A8: CÀ CHUA SOCOLA XÁ | D8: =B8*C8 -> 0
A9: CÀ CHUA SÔCOLA(HỘP) KQ | D9: =B9*C9 -> 0
A10: CÀ RỐT BABY | D10: =B10*C10 -> 0
A11: CÀ RỐT BABY (KG) KQ | D11: =B11*C11 -> 0
A12: CÀ RỐT BABY 200GR | D12: =B12*C12 -> 0
A13: CẢI CẦU VỒNG | D13: =B13*C13 -> 0
A14: CẢI CẦU VỒNG 300GR | D14: =B14*C14 -> 0
A15: CẢI KALE | D15: =B15*C15 -> 0
A16: CẢI KALE 300GR | B16: 11 | C16: 4000 | D16: =B16*C16 -> 44000
A17: CHANH VÀNG (KG) | D17: =B17*C17 -> 0
A18: CHANH VÀNG TRÁI 180UP | D18: =B18*C18 -> 0
A19: CẦN TÂY (KG) | B19: =26+36 -> 62 | C19: 10000 | D19: =B19*C19 -> 620000
A20: CẦN TÂY THUỶ CANH | D20: =B20*C20 -> 0
A21: CẦN TÂY(CÂY) | D21: =B21*C21 -> 0
A22: ỚT CHUÔNG 3 MÀU(KG)VR | D22: =B22*C22 -> 0
A23: ỚT CHUÔNG ĐỎ | B23: =5+6+80+8 -> 99 | C23: 40000 | D23: =B23*C23 -> 3960000
A24: ỚT CHUÔNG ĐỎ L1 | D24: =B24*C24 -> 0
A25: ỚT CHUÔNG ĐỎ(TRÁI) | D25: =B25*C25 -> 0
A26: ỚT CHUÔNG 3 MÀU 350G | B26: 8 | C26: 13000 | D26: =B26*C26 -> 104000
A27: ỚT CHUÔNG 3 MÀU KQ(KG) | D27: =B27*C27 -> 0
A28: ỚT CHUÔNG VÀNG | B28: 20 | C28: 38000 | D28: =B28*C28 -> 760000
A29: ỚT CHUÔNG VÀNG L1 | D29: =B29*C29 -> 0
A30: ỚT CHUÔNG VÀNG(TRÁI) | D30: =B30*C30 -> 0
A31: ỚT CHUÔNG VÀNG+ XANH (VỈ) | D31: =B31*C31 -> 0
A32: ỚT CHUÔNG XANH | B32: 128 | C32: 20000 | D32: =B32*C32 -> 2560000
A33: ỚT CHUÔNG XANH L1 | D33: =B33*C33 -> 0
A34: ỚT CHUÔNG XANH(TRÁI) | D34: =B34*C34 -> 0
A35: CỦ DỀN | D35: =B35*C35 -> 0
A36: CỦ DỀN 600G | D36: =B36*C36 -> 0
A37: GỪNG 250GR | D37: =B37*C37 -> 0
A38: HỒNG GIÒN | D38: =B38*C38 -> 0
A39: XÀ LÁCH MỸ | D39: =B39*C39 -> 0
A40: KHOAI TÂY HỒNG | D40: =B40*C40 -> 0
A41: KHOAI TÂY HỒNG TÚI LƯỚI 500G | D41: =B41*C41 -> 0
A42: KHOAI TÂY VÀNG | D42: =B42*C42 -> 0
A43: KHOAI TÂY VÀNG ĐL | D43: =B43*C43 -> 0
A44: KHOAI TÂY VÀNG LỚN TÚI LƯỚI 500G | D44: =B44*C44 -> 0
A45: KHOAI TÂY VÀNG TRUNG TÚI LƯỚI 500G | B45: 12 | C45: 5000 | D45: =B45*C45 -> 60000
A46: CẢI THẢO DL | B46: 140 | C46: 7500 | D46: =B46*C46 -> 1050000
A47: CẢI THẢO DL(BẮP) | D47: =B47*C47 -> 0
A48: CẢI THẢO KIM CHI | D48: =B48*C48 -> 0
A49: CẢI THẢO VR | D49: =B49*C49 -> 0
A50: BẦU | D50: =B50*C50 -> 0
A51: BÍ ĐAO XANH | D51: =B51*C51 -> 0
A52: BÍ ĐAO XANH 400G | D52: =B52*C52 -> 0
A53: DƯA LEO | D53: =B53*C53 -> 0
A54: DƯA LEO 400G | B54: =18+68+10 -> 96 | C54: 8000 | D54: =B54*C54 -> 768000
A55: KHỔ QUA | D55: =B55*C55 -> 0
A56: KHỔ QUA 400GR | B56: 5 | C56: 10000 | D56: =B56*C56 -> 50000
A57: MƯỚP HƯƠNG | D57: =B57*C57 -> 0
A58: MƯỚP HƯƠNG 300G | D58: =B58*C58 -> 0
A59: BÍ MINI VÀNG 300GR | D59: =B59*C59 -> 0
A60: BÍ MINI VÀNG KG | D60: =B60*C60 -> 0
A61: DƯA LEO GIỐNG NHẬT 600GR | D61: =B61*C61 -> 0
A62: DƯA LEO GIỐNG NHẬT KG | B62: 30 | C62: 16000 | D62: =B62*C62 -> 480000
A63: BƠ 034 | B63: 55 | C63: 45000 | D63: =B63*C63 -> 2475000
A64: BƠ BOOTH | D64: =B64*C64 -> 0
A65: BƠ SÁP | B65: 8 | C65: 33000 | D65: =B65*C65 -> 264000
A66: KHOAI LANG MẬT (KG) 2-3 CỦ | B66: =180+140 -> 320 | C66: 21000 | D66: =B66*C66 -> 6720000
A67: KHOAI LANG MẬT (KG) 4-6 CỦ | B67: =380+120 -> 500 | C67: 21000 | D67: =B67*C67 -> 10500000
A68: KHOAI LANG MẬT 500G KQ | D68: =B68*C68 -> 0
A69: KHOAI LANG MẬT 500G VR | D69: =B69*C69 -> 0
A70: PARO | B70: 8 | C70: 8000 | D70: =B70*C70 -> 64000
A71: PARO (CÂY) | D71: =B71*C71 -> 0
A72: BẮP CẢI TÍM | D72: =B72*C72 -> 0
A73: BẮP CẢI TÍM (BẮP) | D73: =B73*C73 -> 0
A74: BẮP CẢI TÍM SUSHI | D74: =B74*C74 -> 0
A75: CÀ CHUA CHERRY MIX 300G | D75: =B75*C75 -> 0
A76: TÍA TÔ 50G | D76: =B76*C76 -> 0
A77: XÀ LÁCH LOLO XANH | D77: =B77*C77 -> 0
A78: XÀ LÁCH LOLO XANH SUSHI | D78: =B78*C78 -> 0
A79: XÀ LÁCH LOLO XANH TÚI 300GR | D79: =B79*C79 -> 0
A80: XÀ LÁCH ROMEN THUỶ CANH (KG) VR | D80: =B80*C80 -> 0
A81: CÀ RỐT DL | D81: =B81*C81 -> 0
A82: CÀ RỐT DL L1 | B82: =15+5+20+40 -> 80 | C82: 8500 | D82: =B82*C82 -> 680000
A83: CÀ RỐT DL TÚI LƯỚI 500GR VR | D83: =B83*C83 -> 0
A84: CÀ RỐT TRUNG | D84: =B84*C84 -> 0
A85: CÀ RỐT TÚI LƯỚI 800G KQ | D85: =B85*C85 -> 0
A86: GỪNG | D86: =B86*C86 -> 0
A87: MỒNG TƠI | D87: =B87*C87 -> 0
A88: NGÒ RÍ | D88: =B88*C88 -> 0
A89: NGÒ RÍ TÚI 50GR | D89: =B89*C89 -> 0
A90: ỚT HIỂM | D90: =B90*C90 -> 0
A91: ỚT HIỂM 100G | D91: =B91*C91 -> 0
A92: THÌ LÀ | D92: =B92*C92 -> 0
A93: THÌ LÀ TÚI 80GR | D93: =B93*C93 -> 0
A94: CHUỐI LABA | D94: =B94*C94 -> 0
... A101: ĐẬU BO 250GR | D101: =B101*C101 -> 0
A102: ĐẬU CÚC | B102: 1 | C102: 70000 | D102: =B102*C102 -> 70000
A103: ĐẬU CÚC 250GR | D103: =B103*C103 -> 0
A104: ĐẬU ĐỎ | B104: 0.4 | C104: 80000 | D104: =B104*C104 -> 32000
A105: ĐẬU ĐỎ 250GR | D105: =B105*C105 -> 0
A106: ĐẬU HÀ LAN-FUJI | D106: =B106*C106 -> 0
...

Sheet 10.4
A1: 45392 | C1: Stock
A2: TÊN SẢN PHẨM | B2: ĐVT | C2: TỒN TRƯỚC | D2: GIÁ NHẬP | E2: THÀNH TIỀN
A4: BẮP CẢI TÍM | B4: Kg
A5: BẮP CẢI TÍM (BẮP) | B5: BẮP
A6: BẮP CẢI TÍM SUSHI | B6: Kg
A7: BẮP CẢI TRẮNG | B7: Kg
A8: BẮP CẢI TRẮNG (BẮP) | B8: BẮP
A9: BẮP CẢI TRẮNG MỘC CHÂU | B9: Kg
A10: BẮP CẢI TRẮNG SÓI BIỂN | B10: Kg
A11: BẮP CẢI TRẮNG SUSHI | B11: Kg
A12: BẮP MỸ | B12: Kg
A13: BẦU | B13: Kg
A14: BÍ ĐAO XANH | B14: Kg
A15: BÍ ĐAO XANH 400G | B15: TRÁI
... A25: BÍ NGÒI VÀNG (TRÁI) | B25: TRÁI
A26: BÍ NGÒI XANH | B26: Kg | C26: 100 | D26: =VLOOKUP(A26,'8.4'!A25:C618,3,) -> 6000 | E26: =+D26*C26 -> 600000
A27: BÍ NGÒI XANH(TRÁI) | B27: TRÁI
A28: BÍ NHẬT | B28: Kg
A29: BƠ 034 | B29: Kg
A30: BƠ BOOTH | B30: Kg | C30: 14 | D30: =VLOOKUP(A30,'8.4'!A29:C622,3,) -> 38000 | E30: =+D30*C30 -> 532000
A31: BƠ SÁP | B31: Kg | C31: 13 | D31: =VLOOKUP(A31,'8.4'!A30:C623,3,) -> 33000 | E31: =+D31*C31 -> 429000
A32: BÓ XÔI | B32: Kg
A33: BÓ XÔI 300G VR | B33: TÚI
A34: BÓ XÔI-HN KQ | B34: Kg
A35: BÓ XÔI-NA | B35: Kg
A36: BÔNG ATISO | B36: Kg
A37: BÔNG BÍ | B37: Kg
A38: BÔNG BÍ TÚI 300GR | B38: VỈ
A39: BÔNG CẢI TRẮNG | B39: Kg
A40: BÔNG CẢI TRẮNG (CÂY) | B40: CÂY
A41: BÔNG CẢI XANH 10P | B41: Kg
A42: BÔNG CẢI XANH AEON | B42: Kg | C42: 3 | D42: =VLOOKUP(A42,'8.4'!A41:C634,3,) -> 20000 | E42: =+D42*C42 -> 60000
A43: BÔNG CẢI XANH AEON (CÂY) | B43: CÂY
A44: BÔNG CẢI XANH BABY (KG) | B44: Kg
A45: BÔNG CẢI XANH BABY 200G | B45: VỈ
A46: BÔNG CẢI XANH BIGC | B46: Kg
A47: BÔNG CẢI XANH CITI | B47: Kg
A48: CÀ CHUA | B48: Kg
A49: CÀ CHUA BI | B49: Kg
A50: CÀ CHUA BI (HỘP) 300GR KQ | B50: HỘP
A51: CÀ CHUA BI (HỘP) 300GR VR | B51: HỘP | C51: 62 | D51: 4200 | E51: =+D51*C51 -> 260400
A52: CÀ CHUA BI 300GR KQ (KG) | B52: Kg
A53: CÀ CHUA BI 300GR VR (KG) | B53: Kg
A54: CÀ CHUA BI CAM SỮA (KG) VR | B54: Kg
A55: CÀ CHUA BI COOP | B55: Kg | C55: 2 | D55: =VLOOKUP(A55,'8.4'!A54:C647,3,) -> 7000 | E55: =+D55*C55 -> 14000
A56: CÀ CHUA BI-NA | B56: Kg
A57: CÀ CHUA CHERRY MIX 300G | B57: HỘP
A58: CÀ CHUA L1 | B58: TÚI | C58: 480 | D58: 6000 | E58: =+D58*C58 -> 2880000
A59: CÀ CHUA MỘC CHÂU | B59: Kg
A60: CÀ CHUA NGỌT | B60: Kg
A61: CÀ CHUA NGỌT 300GR (KG) | B61: Kg
A62: CÀ CHUA NGỌT XÁ | B62: Kg
A63: CÀ CHUA ROSEBERRY 300G | B63: Kg
A64: CÀ CHUA SÔCOLA 250GR (HỘP) VR | B64: HỘP | C64: 40 | D64: 5500 | E64: =+D64*C64 -> 220000
A65: CÀ CHUA SÔCOLA 250GR (KG) -NA | B65: Kg
A66: CÀ CHUA SÔCOLA 250GR (KG) VR | B66: Kg
A67: CÀ CHUA SÔCOLA 250GR(KG) KQ | B67: Kg
A68: CÀ CHUA SÔCOLA 300GR (HỘP) VR | B68: HỘP
A69: CÀ CHUA SOCOLA XÁ | B69: Kg
A70: CÀ CHUA SÔCOLA(HỘP) KQ | B70: HỘP
A71: CÀ CHUA VỈ 400GR | B71: VỈ
A72: CÀ CHUA VR | B72: Kg
A73: CÀ CHUA Ý | B73: Kg
A74: CÀ CHUA Ý 500G | B74: VỈ
A75: CÀ CHUA Ý CHÙM | B75: KG | C75: 75 | D75: =VLOOKUP(A75,'8.4'!A74:C667,3,) -> 16000 | E75: =+D75*C75 -> 1200000
A76: CÀ CHUA Ý(VỈ) KG | B76: Kg | C76: 64 | D76: 12000 | E76: =+D76*C76 -> 768000
A77: CÀ CHUA Ý(VỈ) KG KQ | B77: Kg
A78: CÀ RỐT BABY | B78: Kg
A79: CÀ RỐT BABY (KG) KQ | B79: Kg
A80: CÀ RỐT BABY 200GR | B80: VỈ
A81: CÀ RỐT DL | B81: Kg
A82: CÀ RỐT DL L1 | B82: Kg | C82: 100 | D82: =VLOOKUP(A82,'8.4'!A81:C674,3,) -> 9000 | E82: =+D82*C82 -> 900000
A83: CÀ RỐT DL TÚI LƯỚI 500GR VR | B83: TÚI
A84: CÀ RỐT TRUNG | B84: Kg
A85: CÀ RỐT TÚI LƯỚI 800G KQ | B85: TÚI
A86: CÀ TÍM | B86: Kg
A87: CÀ TÍM CẶP 400G | B87: CẶP
A88: CÀ TÍM SỌC PHA LÊ 300G | B88: HỘP
A89: CÀ TÍM SỌC PHA LÊ HỘP 500GR VR | B89: HỘP
A90: CÀ TÍM SỌC PHA LÊ TÍM (KG) VR | B90: Kg
A91: CÀ Ý VỈ 650GR | B91: VỈ
A92: CẢI CANH | B92: Kg
A93: CẢI CẦU VỒNG | B93: Kg
A94: CẢI CẦU VỒNG 300GR | B94: TÚI
... A139: ĐẬU BO 250GR | B139: VỈ
A140: ĐẬU COVE MỘC CHÂU
A141: ĐẬU CÚC | B141: Kg | C141: 1 | D141: 70000 | E141: =+D141*C141 -> 70000
A142: ĐẬU CÚC 250GR | B142: VỈ
A143: ĐẬU ĐỎ | B143: Kg | C143: 2 | D143: 80000 | E143: =+D143*C143 -> 160000
A144: ĐẬU ĐỎ 250GR | B144: VỈ
A145: ĐẬU HÀ LAN | B145: Kg
A146: ĐẬU HÀ LAN-FUJI | B146: Kg
A147: ĐẬU NGỰ | B147: Kg | C147: 1 | D147: 70000 | E147: =+D147*C147 -> 70000
A148: ĐẬU NGỰ 250GR | B148: VỈ
A149: ĐẬU QUE TRẮNG (KG NA) | B149: Kg
A150: ĐẬU QUE TRẮNG (KG) KQ | B150: Kg
A151: ĐẬU QUE TRẮNG (KG) VR | B151: Kg
A152: ĐẬU QUE TRẮNG (TÚI) KQ | B152: TÚI
A153: ĐẬU QUE TRẮNG (TÚI) VR | B153: TÚI
A154: ĐẬU QUE TRẮNG (TÚI) VR 300gr | B154: TÚI
...

Sheet 11.4
A1: hàng tồn cuối ngày 11/4
A2: TÊN SẢN PHẨM | B2: TỒN TRƯỚC | C2: GIÁ NHẬP | D2: THÀNH TIỀN
A3: BẮP CẢI TÍM | B3: 5 | C3: 7000 | D3: =B3*C3 -> 35000
A4: BẮP CẢI TÍM (BẮP) | D4: =B4*C4 -> 0
A5: BẮP CẢI TÍM SUSHI | D5: =B5*C5 -> 0
A6: BẮP CẢI TRẮNG | D6: =B6*C6 -> 0
A7: BẮP CẢI TRẮNG (BẮP) | D7: =B7*C7 -> 0
A8: BẮP CẢI TRẮNG MỘC CHÂU | D8: =B8*C8 -> 0
A9: BẮP CẢI TRẮNG SÓI BIỂN | D9: =B9*C9 -> 0
A10: BẮP CẢI TRẮNG SUSHI | D10: =B10*C10 -> 0
A11: BẮP MỸ | D11: =B11*C11 -> 0
A12: BẦU | D12: =B12*C12 -> 0
A13: BÍ ĐAO XANH | D13: =B13*C13 -> 0
A14: BÍ ĐAO XANH 400G | D14: =B14*C14 -> 0
A15: BÍ ĐỎ HỒ LÔ | B15: 20 | C15: 10000 | D15: =B15*C15 -> 200000
A16: BÍ ĐỎ MINI | D16: =B16*C16 -> 0
A17: BÍ ĐỎ NON (KG)KQ | D17: =B17*C17 -> 0
A18: BÍ ĐỎ NON TRÁI VR | B18: 19 | C18: 5000 | D18: =B18*C18 -> 95000
A19: BÍ ĐỎ NON( KG) VR | D19: =B19*C19 -> 0
A20: BÍ ĐỎ TRÒN | D20: =B20*C20 -> 0
A21: BÍ MINI VÀNG 300GR | D21: =B21*C21 -> 0
A22: BÍ MINI VÀNG KG | D22: =B22*C22 -> 0
A23: BÍ NGÒI VÀNG | D23: =B23*C23 -> 0
A24: BÍ NGÒI VÀNG (TRÁI) | D24: =B24*C24 -> 0
A25: BÍ NGÒI XANH | B25: =16+20+15+10+45 -> 106 | C25: 6500 | D25: =B25*C25 -> 689000
A26: BÍ NGÒI XANH(TRÁI) | D26: =B26*C26 -> 0
A27: BÍ NHẬT | D27: =B27*C27 -> 0
A28: BƠ 034 | D28: =B28*C28 -> 0
A29: BƠ BOOTH | D29: =B29*C29 -> 0
A30: BƠ SÁP | D30: =B30*C30 -> 0
A31: BÓ XÔI | D31: =B31*C31 -> 0
A32: BÓ XÔI 300G VR | D32: =B32*C32 -> 0
A33: BÓ XÔI-HN KQ | D33: =B33*C33 -> 0
A34: BÓ XÔI-NA | D34: =B34*C34 -> 0
A35: BÔNG ATISO | D35: =B35*C35 -> 0
A36: BÔNG BÍ | D36: =B36*C36 -> 0
A37: BÔNG BÍ TÚI 300GR | D37: =B37*C37 -> 0
... A62: CÀ CHUA ROSEBERRY 300G | D62: =B62*C62 -> 0
A63: CÀ CHUA SÔCOLA 250GR (HỘP) VR | B63: 11 | C63: 5500 | D63: =B63*C63 -> 60500
A64: CÀ CHUA SÔCOLA 250GR (KG) -NA | D64: =B64*C64 -> 0
A65: CÀ CHUA SÔCOLA 250GR (KG) VR | D65: =B65*C65 -> 0
A66: CÀ CHUA SÔCOLA 250GR(KG) KQ | D66: =B66*C66 -> 0
A67: CÀ CHUA SÔCOLA 300GR (HỘP) VR | D67: =B67*C67 -> 0
A68: CÀ CHUA SOCOLA XÁ | D68: =B68*C68 -> 0
A69: CÀ CHUA SÔCOLA(HỘP) KQ | D69: =B69*C69 -> 0
A70: CÀ CHUA VỈ 400GR | D70: =B70*C70 -> 0
A71: CÀ CHUA VR | D71: =B71*C71 -> 0
A72: CÀ CHUA Ý | D72: =B72*C72 -> 0
A73: CÀ CHUA Ý 500G | D73: =B73*C73 -> 0
A74: CÀ CHUA Ý CHÙM | B74: 40 | C74: 16000 | D74: =B74*C74 -> 640000
A75: CÀ CHUA Ý(VỈ) KG | B75: =40+25+5 -> 70 | C75: 12000 | D75: =B75*C75 -> 840000
A76: CÀ CHUA Ý(VỈ) KG KQ | D76: =B76*C76 -> 0
A77: CÀ RỐT BABY | D77: =B77*C77 -> 0
A78: CÀ RỐT BABY (KG) KQ | D78: =B78*C78 -> 0
A79: CÀ RỐT BABY 200GR | D79: =B79*C79 -> 0
A80: CÀ RỐT DL | D80: =B80*C80 -> 0
A81: CÀ RỐT DL L1 | B81: =20+18+10 -> 48 | C81: 8500 | D81: =B81*C81 -> 408000
A82: CÀ RỐT DL TÚI LƯỚI 500GR VR | D82: =B82*C82 -> 0
A83: CÀ RỐT TRUNG | D83: =B83*C83 -> 0
A84: CÀ RỐT TÚI LƯỚI 800G KQ | D84: =B84*C84 -> 0
A85: CÀ TÍM | D85: =B85*C85 -> 0
A86: CÀ TÍM CẶP 400G | D86: =B86*C86 -> 0
A87: CÀ TÍM SỌC PHA LÊ 300G | D87: =B87*C87 -> 0
A88: CÀ TÍM SỌC PHA LÊ HỘP 500GR VR | D88: =B88*C88 -> 0
A89: CÀ TÍM SỌC PHA LÊ TÍM (KG) VR | D89: =B89*C89 -> 0
A90: CÀ Ý VỈ 650GR | D90: =B90*C90 -> 0
A91: CẢI CANH | D91: =B91*C91 -> 0
A92: CẢI CẦU VỒNG | D92: =B92*C92 -> 0
A93: CẢI CẦU VỒNG 300GR | D93: =B93*C93 -> 0
... A99: CẢI NGỌT | D99: =B99*C99 -> 0
A100: CẢI THẢO DL | B100: 60 | C100: 9000 | D100: =B100*C100 -> 540000
A101: CẢI THẢO DL(BẮP) | D101: =B101*C101 -> 0
A102: CẢI THẢO HỎA TIỄN | D102: =B102*C102 -> 0
A103: CẢI THẢO HỎA TIỄN 250GR | D103: =B103*C103 -> 0
A104: CẢI THẢO KIM CHI | D104: =B104*C104 -> 0
A105: CẢI THẢO MỘC CHÂU | D105: =B105*C105 -> 0
A106: CẢI THẢO VR | D106: =B106*C106 -> 0
A107: CẦN TÂY (KG) | D107: =B107*C107 -> 0
A108: CẦN TÂY THUỶ CANH | D108: =B108*C108 -> 0
A109: CẦN TÂY(CÂY) | D109: =B109*C109 -> 0
A110: CHANH DÂY | D110: =B110*C110 -> 0
A111: CHANH DÂY NGỌT L2 | D111: =B111*C111 -> 0
A112: CHANH DÂY NGỌT VỈ 300GR | D112: =B112*C112 -> 0
... A161: DỨA 350G | D161: =B161*C161 -> 0
A162: DƯA LEO | B162: 7 | C162: 13000 | D162: =B162*C162 -> 91000
A163: DƯA LEO 400G | B163: 44 | C163: 8000 | D163: =B163*C163 -> 352000
A164: DƯA LEO BABY KQ | D164: =B164*C164 -> 0
A165: DƯA LEO BABY KQ(KG) | D165: =B165*C165 -> 0
A166: DƯA LEO BABY VR | B166: 324 | C166: 7000 | D166: =B166*C166 -> 2268000
A167: DƯA LEO BABY VR(KG) | D167: =B167*C167 -> 0
A168: DƯA LEO BABY VR(KG)-NA | D168: =B168*C168 -> 0
A169: DƯA LEO BABY XÁ | D169: =B169*C169 -> 0
A170: DƯA LEO GIỐNG NHẬT 600GR | B170: 31 | C170: 16000 | D170: =B170*C170 -> 496000
A171: DƯA LEO GIỐNG NHẬT KG | D171: =B171*C171 -> 0
A172: DƯA LEO KG (VỈ) | D172: =B172*C172 -> 0
A173: GỪNG | B173: 6 | C173: 32000 | D173: =B173*C173 -> 192000
A174: GỪNG 250GR | D174: =B174*C174 -> 0
A175: HÀNH LÁ | D175: =B175*C175 -> 0
A176: HÀNH LÁ THUỶ CANH | D176: =B176*C176 -> 0
A177: HÀNH LÁ THUỶ CANH(KG) VR | D177: =B177*C177 -> 0
...

Sheet 12.4
A1: hàng tồn cuối ngày 12/3 vr
A2: TÊN SẢN PHẨM | B2: TỒN TRƯỚC | C2: GIÁ NHẬP | D2: THÀNH TIỀN
A3: BẮP CẢI TÍM | B3: 4 | C3: 13000 | D3: =B3*C3 -> 52000
A4: BẮP CẢI TÍM (BẮP) | D4: =B4*C4 -> 0
A5: BẮP CẢI TÍM SUSHI | D5: =B5*C5 -> 0
A6: BẮP CẢI TRẮNG | D6: =B6*C6 -> 0
A7: BẮP CẢI TRẮNG (BẮP) | D7: =B7*C7 -> 0
A8: BẮP CẢI TRẮNG MỘC CHÂU | D8: =B8*C8 -> 0
A9: BẮP CẢI TRẮNG SÓI BIỂN | D9: =B9*C9 -> 0
A10: BẮP CẢI TRẮNG SUSHI | D10: =B10*C10 -> 0
A11: BẮP MỸ | D11: =B11*C11 -> 0
A12: BẦU | D12: =B12*C12 -> 0
A13: BÍ ĐAO XANH | D13: =B13*C13 -> 0
A14: BÍ ĐAO XANH 400G | D14: =B14*C14 -> 0
A15: BÍ ĐỎ HỒ LÔ | B15: 16 | C15: 10000 | D15: =B15*C15 -> 160000
A16: BÍ ĐỎ MINI | D16: =B16*C16 -> 0
A17: BÍ ĐỎ NON (KG)KQ | D17: =B17*C17 -> 0
A18: BÍ ĐỎ NON TRÁI VR | B18: =18+40+25 -> 83 | C18: 4000 | D18: =B18*C18 -> 332000
A19: BÍ ĐỎ NON( KG) VR | D19: =B19*C19 -> 0
A20: BÍ ĐỎ TRÒN | D20: =B20*C20 -> 0
A21: BÍ MINI VÀNG 300GR | D21: =B21*C21 -> 0
A22: BÍ MINI VÀNG KG | D22: =B22*C22 -> 0
A23: BÍ NGÒI VÀNG | D23: =B23*C23 -> 0
A24: BÍ NGÒI VÀNG (TRÁI) | D24: =B24*C24 -> 0
A25: BÍ NGÒI XANH | B25: =10+12+50 -> 72 | C25: 7000 | D25: =B25*C25 -> 504000
A26: BÍ NGÒI XANH(TRÁI) | D26: =B26*C26 -> 0
A27: BÍ NHẬT | D27: =B27*C27 -> 0
A28: BƠ 034 | D28: =B28*C28 -> 0
A29: BƠ BOOTH | D29: =B29*C29 -> 0
A30: BƠ SÁP | D30: =B30*C30 -> 0
A31: BÓ XÔI | D31: =B31*C31 -> 0
A32: BÓ XÔI 300G VR | B32: 13 | C32: 9500 | D32: =B32*C32 -> 123500
A33: BÓ XÔI-HN KQ | D33: =B33*C33 -> 0
A34: BÓ XÔI-NA | D34: =B34*C34 -> 0
A35: BÔNG ATISO | D35: =B35*C35 -> 0
A36: BÔNG BÍ | D36: =B36*C36 -> 0
A37: BÔNG BÍ TÚI 300GR | D37: =B37*C37 -> 0
A38: BÔNG CẢI TRẮNG | D38: =B38*C38 -> 0
A39: BÔNG CẢI TRẮNG (CÂY) | D39: =B39*C39 -> 0
A40: BÔNG CẢI XANH 10P | B40: 10 | C40: 14000 | D40: =B40*C40 -> 140000
A41: BÔNG CẢI XANH AEON | D41: =B41*C41 -> 0
A42: BÔNG CẢI XANH AEON (CÂY) | D42: =B42*C42 -> 0
A43: BÔNG CẢI XANH BABY (KG) | D43: =B43*C43 -> 0
A44: BÔNG CẢI XANH BABY 200G | D44: =B44*C44 -> 0
A45: BÔNG CẢI XANH BIGC | D45: =B45*C45 -> 0
A46: BÔNG CẢI XANH CITI | D46: =B46*C46 -> 0
A47: CÀ CHUA | D47: =B47*C47 -> 0
A48: CÀ CHUA BI | D48: =B48*C48 -> 0
A49: CÀ CHUA BI (HỘP) 300GR KQ | D49: =B49*C49 -> 0
A50: CÀ CHUA BI (HỘP) 300GR VR | D50: =B50*C50 -> 0
A51: CÀ CHUA BI 300GR KQ (KG) | D51: =B51*C51 -> 0
A52: CÀ CHUA BI 300GR VR (KG) | D52: =B52*C52 -> 0
... A56: CÀ CHUA CHERRY MIX 300G | D56: =B56*C56 -> 0
A57: CÀ CHUA L1 | B57: =12+20+28 -> 60 | C57: 8000 | D57: =B57*C57 -> 480000
A58: CÀ CHUA MỘC CHÂU | D58: =B58*C58 -> 0
A59: CÀ CHUA NGỌT | D59: =B59*C59 -> 0
A60: CÀ CHUA NGỌT 300GR (KG) | D60: =B60*C60 -> 0
A61: CÀ CHUA NGỌT XÁ | D61: =B61*C61 -> 0
A62: CÀ CHUA ROSEBERRY 300G | D62: =B62*C62 -> 0
A63: CÀ CHUA SÔCOLA 250GR (HỘP) VR | B63: =56+28 -> 84 | C63: 5500 | D63: =B63*C63 -> 462000
A64: CÀ CHUA SÔCOLA 250GR (KG) -NA | D64: =B64*C64 -> 0
A65: CÀ CHUA SÔCOLA 250GR (KG) VR | D65: =B65*C65 -> 0
A66: CÀ CHUA SÔCOLA 250GR(KG) KQ | D66: =B66*C66 -> 0
A67: CÀ CHUA SÔCOLA 300GR (HỘP) VR | D67: =B67*C67 -> 0
A68: CÀ CHUA SOCOLA XÁ | D68: =B68*C68 -> 0
A69: CÀ CHUA SÔCOLA(HỘP) KQ | D69: =B69*C69 -> 0
A70: CÀ CHUA VỈ 400GR | D70: =B70*C70 -> 0
A71: CÀ CHUA VR | D71: =B71*C71 -> 0
A72: CÀ CHUA Ý | D72: =B72*C72 -> 0
A73: CÀ CHUA Ý 500G | D73: =B73*C73 -> 0
A74: CÀ CHUA Ý CHÙM | D74: =B74*C74 -> 0
A75: CÀ CHUA Ý(VỈ) KG | B75: 15 | C75: 12000 | D75: =B75*C75 -> 180000
A76: CÀ CHUA Ý(VỈ) KG KQ | D76: =B76*C76 -> 0
A77: CÀ RỐT BABY | D77: =B77*C77 -> 0
A78: CÀ RỐT BABY (KG) KQ | D78: =B78*C78 -> 0
A79: CÀ RỐT BABY 200GR | D79: =B79*C79 -> 0
A80: CÀ RỐT DL | D80: =B80*C80 -> 0
A81: CÀ RỐT DL L1 | D81: =B81*C81 -> 0
A82: CÀ RỐT DL TÚI LƯỚI 500GR VR | D82: =B82*C82 -> 0
A83: CÀ RỐT TRUNG | D83: =B83*C83 -> 0
A84: CÀ RỐT TÚI LƯỚI 800G KQ | D84: =B84*C84 -> 0
A85: CÀ TÍM | D85: =B85*C85 -> 0
A86: CÀ TÍM CẶP 400G | D86: =B86*C86 -> 0
A87: CÀ TÍM SỌC PHA LÊ 300G | D87: =B87*C87 -> 0
... A99: CẢI NGỌT | D99: =B99*C99 -> 0
A100: CẢI THẢO DL | B100: 230 | C100: 9000 | D100: =B100*C100 -> 2070000
A101: CẢI THẢO DL(BẮP) | D101: =B101*C101 -> 0
A102: CẢI THẢO HỎA TIỄN | D102: =B102*C102 -> 0
A103: CẢI THẢO HỎA TIỄN 250GR | D103: =B103*C103 -> 0
A104: CẢI THẢO KIM CHI | D104: =B104*C104 -> 0
A105: CẢI THẢO MỘC CHÂU | D105: =B105*C105 -> 0
A106: CẢI THẢO VR | D106: =B106*C106 -> 0
A107: CẦN TÂY (KG) | B107: 18 | C107: 12000 | D107: =B107*C107 -> 216000
A108: CẦN TÂY THUỶ CANH | D108: =B108*C108 -> 0
A109: CẦN TÂY(CÂY) | D109: =B109*C109 -> 0
A110: CHANH DÂY | D110: =B110*C110 -> 0
A111: CHANH DÂY NGỌT L2 | D111: =B111*C111 -> 0
A112: CHANH DÂY NGỌT VỈ 300GR | D112: =B112*C112 -> 0
A113: CHANH KHÔNG HẠT | D113: =B113*C113 -> 0
A114: CHANH VÀNG (KG) | D114: =B114*C114 -> 0
...

Sheet 13.4
A2: TÊN SẢN PHẨM | B2: TỒN TRƯỚC | C2: GIÁ NHẬP | D2: THÀNH TIỀN
A3: BẮP CẢI TÍM | B3: =25+17 -> 42 | C3: 13000 | D3: =B3*C3 -> 546000
A4: BẮP CẢI TÍM (BẮP) | D4: =B4*C4 -> 0
A5: BẮP CẢI TÍM SUSHI | D5: =B5*C5 -> 0
A6: BẮP CẢI TRẮNG | D6: =B6*C6 -> 0
A7: BẮP CẢI TRẮNG (BẮP) | D7: =B7*C7 -> 0
A8: BẮP CẢI TRẮNG MỘC CHÂU | D8: =B8*C8 -> 0
A9: BẮP CẢI TRẮNG SÓI BIỂN | D9: =B9*C9 -> 0
A10: BẮP CẢI TRẮNG SUSHI | D10: =B10*C10 -> 0
A11: BẮP MỸ | D11: =B11*C11 -> 0
A12: BẦU | D12: =B12*C12 -> 0
A13: BÍ ĐAO XANH | D13: =B13*C13 -> 0
A14: BÍ ĐAO XANH 400G | D14: =B14*C14 -> 0
A15: BÍ ĐỎ HỒ LÔ | B15: 15 | C15: 10000 | D15: =B15*C15 -> 150000
A16: BÍ ĐỎ MINI | D16: =B16*C16 -> 0
A17: BÍ ĐỎ NON (KG)KQ | D17: =B17*C17 -> 0
A18: BÍ ĐỎ NON TRÁI VR | D18: =B18*C18 -> 0
A19: BÍ ĐỎ NON( KG) VR | D19: =B19*C19 -> 0
A20: BÍ ĐỎ TRÒN | D20: =B20*C20 -> 0
A21: BÍ MINI VÀNG 300GR | D21: =B21*C21 -> 0
A22: BÍ MINI VÀNG KG | D22: =B22*C22 -> 0
A23: BÍ NGÒI VÀNG | D23: =B23*C23 -> 0
A24: BÍ NGÒI VÀNG (TRÁI) | D24: =B24*C24 -> 0
A25: BÍ NGÒI XANH | B25: =7+20+15 -> 42 | C25: 7000 | D25: =B25*C25 -> 294000
A26: BÍ NGÒI XANH(TRÁI) | D26: =B26*C26 -> 0
A27: BÍ NHẬT | D27: =B27*C27 -> 0
A28: BƠ 034 | D28: =B28*C28 -> 0
A29: BƠ BOOTH | B29: 18 | C29: 50000 | D29: =B29*C29 -> 900000
A30: BƠ SÁP | D30: =B30*C30 -> 0
A31: BÓ XÔI | D31: =B31*C31 -> 0
A32: BÓ XÔI 300G VR | B32: 6 | C32: 11500 | D32: =B32*C32 -> 69000
A33: BÓ XÔI-HN KQ | D33: =B33*C33 -> 0
A34: BÓ XÔI-NA | D34: =B34*C34 -> 0
A35: BÔNG ATISO | D35: =B35*C35 -> 0
A36: BÔNG BÍ | D36: =B36*C36 -> 0
A37: BÔNG BÍ TÚI 300GR | D37: =B37*C37 -> 0
A38: BÔNG CẢI TRẮNG | D38: =B38*C38 -> 0
A39: BÔNG CẢI TRẮNG (CÂY) | D39: =B39*C39 -> 0
A40: BÔNG CẢI XANH 10P | B40: 11 | C40: 16000 | D40: =B40*C40 -> 176000
A41: BÔNG CẢI XANH AEON | D41: =B41*C41 -> 0
A42: BÔNG CẢI XANH AEON (CÂY) | D42: =B42*C42 -> 0
A43: BÔNG CẢI XANH BABY (KG) | D43: =B43*C43 -> 0
A44: BÔNG CẢI XANH BABY 200G | D44: =B44*C44 -> 0
A45: BÔNG CẢI XANH BIGC | D45: =B45*C45 -> 0
A46: BÔNG CẢI XANH CITI | D46: =B46*C46 -> 0
A47: CÀ CHUA | D47: =B47*C47 -> 0
A48: CÀ CHUA BI | D48: =B48*C48 -> 0
A49: CÀ CHUA BI (HỘP) 300GR KQ | D49: =B49*C49 -> 0
A50: CÀ CHUA BI (HỘP) 300GR VR | D50: =B50*C50 -> 0
A51: CÀ CHUA BI 300GR KQ (KG) | D51: =B51*C51 -> 0
A52: CÀ CHUA BI 300GR VR (KG) | D52: =B52*C52 -> 0
... A56: CÀ CHUA CHERRY MIX 300G | D56: =B56*C56 -> 0
A57: CÀ CHUA L1 | B57: 50 | C57: 8000 | D57: =B57*C57 -> 400000
A58: CÀ CHUA MỘC CHÂU | D58: =B58*C58 -> 0
A59: CÀ CHUA NGỌT | D59: =B59*C59 -> 0
A60: CÀ CHUA NGỌT 300GR (KG) | D60: =B60*C60 -> 0
A61: CÀ CHUA NGỌT XÁ | D61: =B61*C61 -> 0
A62: CÀ CHUA ROSEBERRY 300G | D62: =B62*C62 -> 0
A63: CÀ CHUA SÔCOLA 250GR (HỘP) VR | B63: 21 | C63: 5500 | D63: =B63*C63 -> 115500
A64: CÀ CHUA SÔCOLA 250GR (KG) -NA | D64: =B64*C64 -> 0
A65: CÀ CHUA SÔCOLA 250GR (KG) VR | D65: =B65*C65 -> 0
A66: CÀ CHUA SÔCOLA 250GR(KG) KQ | D66: =B66*C66 -> 0
A67: CÀ CHUA SÔCOLA 300GR (HỘP) VR | D67: =B67*C67 -> 0
A68: CÀ CHUA SOCOLA XÁ | D68: =B68*C68 -> 0
A69: CÀ CHUA SÔCOLA(HỘP) KQ | D69: =B69*C69 -> 0
A70: CÀ CHUA VỈ 400GR | D70: =B70*C70 -> 0
A71: CÀ CHUA VR | D71: =B71*C71 -> 0
A72: CÀ CHUA Ý | D72: =B72*C72 -> 0
A73: CÀ CHUA Ý 500G | D73: =B73*C73 -> 0
A74: CÀ CHUA Ý CHÙM | B74: 60 | C74: 15000 | D74: =B74*C74 -> 900000
A75: CÀ CHUA Ý(VỈ) KG | B75: 23 | C75: 12000 | D75: =B75*C75 -> 276000
A76: CÀ CHUA Ý(VỈ) KG KQ | D76: =B76*C76 -> 0
A77: CÀ RỐT BABY | D77: =B77*C77 -> 0
A78: CÀ RỐT BABY (KG) KQ | D78: =B78*C78 -> 0
A79: CÀ RỐT BABY 200GR | D79: =B79*C79 -> 0
A80: CÀ RỐT DL | D80: =B80*C80 -> 0
A81: CÀ RỐT DL L1 | B81: =110+30 -> 140 | C81: 8500 | D81: =B81*C81 -> 1190000
A82: CÀ RỐT DL TÚI LƯỚI 500GR VR | D82: =B82*C82 -> 0
A83: CÀ RỐT TRUNG | D83: =B83*C83 -> 0
A84: CÀ RỐT TÚI LƯỚI 800G KQ | D84: =B84*C84 -> 0
A85: CÀ TÍM | D85: =B85*C85 -> 0
A86: CÀ TÍM CẶP 400G | D86: =B86*C86 -> 0
A87: CÀ TÍM SỌC PHA LÊ 300G | D87: =B87*C87 -> 0
A88: CÀ TÍM SỌC PHA LÊ HỘP 500GR VR | D88: =B88*C88 -> 0
A89: CÀ TÍM SỌC PHA LÊ TÍM (KG) VR | D89: =B89*C89 -> 0
A90: CÀ Ý VỈ 650GR | D90: =B90*C90 -> 0
A91: CẢI CANH | D91: =B91*C91 -> 0
A92: CẢI CẦU VỒNG | D92: =B92*C92 -> 0
A93: CẢI CẦU VỒNG 300GR | D93: =B93*C93 -> 0
... A121: CỦ CẢI ĐỎ 300GR (KG) VR | D121: =B121*C121 -> 0
A122: CỦ CẢI ĐỎ HỘP 300GR | B122: 15 | C122: 8000 | D122: =B122*C122 -> 120000
A123: CỦ CẢI ĐỎ(HỘP) | D123: =B123*C123 -> 0
A124: CỦ CẢI ĐỎ(KG) KQ | D124: =B124*C124 -> 0
A125: CỦ CẢI ĐỎ(KG) VR | D125: =B125*C125 -> 0
A126: CỦ CẢI HÀN QUỐC | D126: =B126*C126 -> 0
A127: CỦ CẢI MUỐI (VỈ) 250G KQ | D127: =B127*C127 -> 0
A128: CỦ CẢI MUỐI(KG) | B128: 10 | C128: 16000 | D128: =B128*C128 -> 160000
A129: CỦ CẢI TRẮNG | D129: =B129*C129 -> 0
A130: CỦ CẢI TRẮNG CẶP 400GR | D130: =B130*C130 -> 0
A131: CỦ ĐẬU 400G | D131: =B131*C131 -> 0
...

Sheet 14.4
A1: hàng tồn cuối ngày 14/4 vr
A2: TÊN SẢN PHẨM | B2: TỒN TRƯỚC | C2: GIÁ NHẬP | D2: THÀNH TIỀN
A3: BẮP CẢI TÍM | B3: 13 | C3: 13000 | D3: =B3*C3 -> 169000
A4: BẮP CẢI TÍM (BẮP) | D4: =B4*C4 -> 0
A5: BẮP CẢI TÍM SUSHI | D5: =B5*C5 -> 0
A6: BẮP CẢI TRẮNG | D6: =B6*C6 -> 0
A7: BẮP CẢI TRẮNG (BẮP) | D7: =B7*C7 -> 0
A8: BẮP CẢI TRẮNG MỘC CHÂU | D8: =B8*C8 -> 0
A9: BẮP CẢI TRẮNG SÓI BIỂN | D9: =B9*C9 -> 0
A10: BẮP CẢI TRẮNG SUSHI | D10: =B10*C10 -> 0
A11: BẮP MỸ | D11: =B11*C11 -> 0
A12: BẦU | D12: =B12*C12 -> 0
A13: BÍ ĐAO XANH | D13: =B13*C13 -> 0
A14: BÍ ĐAO XANH 400G | D14: =B14*C14 -> 0
A15: BÍ ĐỎ HỒ LÔ | B15: 30 | C15: 10000 | D15: =B15*C15 -> 300000
A16: BÍ ĐỎ MINI | D16: =B16*C16 -> 0
A17: BÍ ĐỎ NON (KG)KQ | D17: =B17*C17 -> 0
A18: BÍ ĐỎ NON TRÁI VR | D18: =B18*C18 -> 0
A19: BÍ ĐỎ NON( KG) VR | D19: =B19*C19 -> 0
A20: BÍ ĐỎ TRÒN | D20: =B20*C20 -> 0
A21: BÍ MINI VÀNG 300GR | D21: =B21*C21 -> 0
A22: BÍ MINI VÀNG KG | D22: =B22*C22 -> 0
A23: BÍ NGÒI VÀNG | D23: =B23*C23 -> 0
A24: BÍ NGÒI VÀNG (TRÁI) | D24: =B24*C24 -> 0
A25: BÍ NGÒI XANH | B25: =45+30+15+20 -> 110 | C25: 7000 | D25: =B25*C25 -> 770000
A26: BÍ NGÒI XANH(TRÁI) | D26: =B26*C26 -> 0
A27: BÍ NHẬT | D27: =B27*C27 -> 0
A28: BƠ 034 | B28: 18 | C28: 50000 | D28: =B28*C28 -> 900000
A29: BƠ BOOTH | D29: =B29*C29 -> 0
A30: BƠ SÁP | D30: =B30*C30 -> 0
A31: BÓ XÔI | D31: =B31*C31 -> 0
A32: BÓ XÔI 300G VR | B32: 9 | C32: 11500 | D32: =B32*C32 -> 103500
A33: BÓ XÔI-HN KQ | D33: =B33*C33 -> 0
A34: BÓ XÔI-NA | D34: =B34*C34 -> 0
A35: BÔNG ATISO | D35: =B35*C35 -> 0
A36: BÔNG BÍ | B36: 0.5 | C36: 45000 | D36: =B36*C36 -> 22500
A37: BÔNG BÍ TÚI 300GR | D37: =B37*C37 -> 0
A38: BÔNG CẢI TRẮNG | D38: =B38*C38 -> 0
A39: BÔNG CẢI TRẮNG (CÂY) | D39: =B39*C39 -> 0
A40: BÔNG CẢI XANH 10P | D40: =B40*C40 -> 0
A41: BÔNG CẢI XANH AEON | B41: =10+15 -> 25 | C41: 23000 | D41: =B41*C41 -> 575000
A42: BÔNG CẢI XANH AEON (CÂY) | D42: =B42*C42 -> 0
A43: BÔNG CẢI XANH BABY (KG) | D43: =B43*C43 -> 0
A44: BÔNG CẢI XANH BABY 200G | D44: =B44*C44 -> 0
A45: BÔNG CẢI XANH BIGC | D45: =B45*C45 -> 0
A46: BÔNG CẢI XANH CITI | D46: =B46*C46 -> 0
A47: CÀ CHUA | D47: =B47*C47 -> 0
A48: CÀ CHUA BI | D48: =B48*C48 -> 0
A49: CÀ CHUA BI (HỘP) 300GR KQ | D49: =B49*C49 -> 0
A50: CÀ CHUA BI (HỘP) 300GR VR | D50: =B50*C50 -> 0
A51: CÀ CHUA BI 300GR KQ (KG) | D51: =B51*C51 -> 0
A52: CÀ CHUA BI 300GR VR (KG) | D52: =B52*C52 -> 0
A53: CÀ CHUA BI CAM SỮA (KG) VR | D53: =B53*C53 -> 0
... A55: CÀ CHUA BI-NA | D55: =B55*C55 -> 0
A56: CÀ CHUA CHERRY MIX 300G | B56: 28 | C56: 10000 | D56: =B56*C56 -> 280000
A57: CÀ CHUA L1 | B57: 60 | C57: 9000 | D57: =B57*C57 -> 540000
A58: CÀ CHUA MỘC CHÂU | D58: =B58*C58 -> 0
A59: CÀ CHUA NGỌT | D59: =B59*C59 -> 0
A60: CÀ CHUA NGỌT 300GR (KG) | D60: =B60*C60 -> 0
A61: CÀ CHUA NGỌT XÁ | D61: =B61*C61 -> 0
A62: CÀ CHUA ROSEBERRY 300G | D62: =B62*C62 -> 0
A63: CÀ CHUA SÔCOLA 250GR (HỘP) VR | B63: =64+60 -> 124 | C63: 5500 | D63: =B63*C63 -> 682000
A64: CÀ CHUA SÔCOLA 250GR (KG) -NA | D64: =B64*C64 -> 0
A65: CÀ CHUA SÔCOLA 250GR (KG) VR | D65: =B65*C65 -> 0
A66: CÀ CHUA SÔCOLA 250GR(KG) KQ | D66: =B66*C66 -> 0
A67: CÀ CHUA SÔCOLA 300GR (HỘP) VR | D67: =B67*C67 -> 0
A68: CÀ CHUA SOCOLA XÁ | D68: =B68*C68 -> 0
A69: CÀ CHUA SÔCOLA(HỘP) KQ | D69: =B69*C69 -> 0
A70: CÀ CHUA VỈ 400GR | D70: =B70*C70 -> 0
A71: CÀ CHUA VR | D71: =B71*C71 -> 0
A72: CÀ CHUA Ý | D72: =B72*C72 -> 0
A73: CÀ CHUA Ý 500G | B73: 34 | C73: 12000 | D73: =B73*C73 -> 408000
A74: CÀ CHUA Ý CHÙM | B74: 140 | C74: 15000 | D74: =B74*C74 -> 2100000
A75: CÀ CHUA Ý(VỈ) KG | B75: 27 | C75: 12000 | D75: =B75*C75 -> 324000
A76: CÀ CHUA Ý(VỈ) KG KQ | D76: =B76*C76 -> 0
A77: CÀ RỐT BABY | D77: =B77*C77 -> 0
A78: CÀ RỐT BABY (KG) KQ | D78: =B78*C78 -> 0
A79: CÀ RỐT BABY 200GR | D79: =B79*C79 -> 0
A80: CÀ RỐT DL | D80: =B80*C80 -> 0
A81: CÀ RỐT DL L1 | B81: 60 | C81: 8500 | D81: =B81*C81 -> 510000
A82: CÀ RỐT DL TÚI LƯỚI 500GR VR | D82: =B82*C82 -> 0
A83: CÀ RỐT TRUNG | D83: =B83*C83 -> 0
A84: CÀ RỐT TÚI LƯỚI 800G KQ | D84: =B84*C84 -> 0
A85: CÀ TÍM | D85: =B85*C85 -> 0
A86: CÀ TÍM CẶP 400G | D86: =B86*C86 -> 0
A87: CÀ TÍM SỌC PHA LÊ 300G | D87: =B87*C87 -> 0
A88: CÀ TÍM SỌC PHA LÊ HỘP 500GR VR | D88: =B88*C88 -> 0
A89: CÀ TÍM SỌC PHA LÊ TÍM (KG) VR | D89: =B89*C89 -> 0
A90: CÀ Ý VỈ 650GR | D90: =B90*C90 -> 0
A91: CẢI CANH | D91: =B91*C91 -> 0
A92: CẢI CẦU VỒNG | D92: =B92*C92 -> 0
A93: CẢI CẦU VỒNG 300GR | D93: =B93*C93 -> 0
... A121: CỦ CẢI ĐỎ 300GR (KG) VR | D121: =B121*C121 -> 0
A122: CỦ CẢI ĐỎ HỘP 300GR | B122: 3 | C122: 8000 | D122: =B122*C122 -> 24000
A123: CỦ CẢI ĐỎ(HỘP) | D123: =B123*C123 -> 0
A124: CỦ CẢI ĐỎ(KG) KQ | D124: =B124*C124 -> 0
A125: CỦ CẢI ĐỎ(KG) VR | D125: =B125*C125 -> 0
A126: CỦ CẢI HÀN QUỐC | D126: =B126*C126 -> 0
A127: CỦ CẢI MUỐI (VỈ) 250G KQ | D127: =B127*C127 -> 0
A128: CỦ CẢI MUỐI(KG) | D128: =B128*C128 -> 0
...

Sheet 15.4
A1: hàng tồn cuối ngày 15/4 vr
A2: TÊN SẢN PHẨM | B2: TỒN TRƯỚC | C2: GIÁ NHẬP | D2: THÀNH TIỀN
A3: BẮP CẢI TÍM | D3: =B3*C3 -> 0
A4: BẮP CẢI TÍM (BẮP) | D4: =B4*C4 -> 0
A5: BẮP CẢI TÍM SUSHI | D5: =B5*C5 -> 0
A6: BẮP CẢI TRẮNG | D6: =B6*C6 -> 0
A7: BẮP CẢI TRẮNG (BẮP) | D7: =B7*C7 -> 0
A8: BẮP CẢI TRẮNG MỘC CHÂU | D8: =B8*C8 -> 0
A9: BẮP CẢI TRẮNG SÓI BIỂN | D9: =B9*C9 -> 0
A10: BẮP CẢI TRẮNG SUSHI | D10: =B10*C10 -> 0
A11: BẮP MỸ | D11: =B11*C11 -> 0
A12: BẦU | D12: =B12*C12 -> 0
A13: BÍ ĐAO XANH | D13: =B13*C13 -> 0
A14: BÍ ĐAO XANH 400G | D14: =B14*C14 -> 0
... A17: BÍ ĐỎ NON (KG)KQ | D17: =B17*C17 -> 0
A18: BÍ ĐỎ NON TRÁI VR | B18: =20+35 -> 55 | C18: 4000 | D18: =B18*C18 -> 220000
A19: BÍ ĐỎ NON( KG) VR | D19: =B19*C19 -> 0
A20: BÍ ĐỎ TRÒN | D20: =B20*C20 -> 0
A21: BÍ MINI VÀNG 300GR | D21: =B21*C21 -> 0
A22: BÍ MINI VÀNG KG | D22: =B22*C22 -> 0
A23: BÍ NGÒI VÀNG | D23: =B23*C23 -> 0
A24: BÍ NGÒI VÀNG (TRÁI) | D24: =B24*C24 -> 0
A25: BÍ NGÒI XANH | D25: =B25*C25 -> 0
A26: BÍ NGÒI XANH(TRÁI) | D26: =B26*C26 -> 0
A27: BÍ NHẬT | D27: =B27*C27 -> 0
A28: BƠ 034 | D28: =B28*C28 -> 0
A29: BƠ BOOTH | D29: =B29*C29 -> 0
A30: BƠ SÁP | D30: =B30*C30 -> 0
... A55: CÀ CHUA BI-NA | D55: =B55*C55 -> 0
A56: CÀ CHUA CHERRY MIX 300G | B56: 8 | C56: 10000 | D56: =B56*C56 -> 80000
A57: CÀ CHUA L1 | D57: =B57*C57 -> 0
A58: CÀ CHUA MỘC CHÂU | D58: =B58*C58 -> 0
A59: CÀ CHUA NGỌT | D59: =B59*C59 -> 0
A60: CÀ CHUA NGỌT 300GR (KG) | D60: =B60*C60 -> 0
A61: CÀ CHUA NGỌT XÁ | D61: =B61*C61 -> 0
A62: CÀ CHUA ROSEBERRY 300G | D62: =B62*C62 -> 0
A63: CÀ CHUA SÔCOLA 250GR (HỘP) VR | B63: 32 | C63: 5500 | D63: =B63*C63 -> 176000
A64: CÀ CHUA SÔCOLA 250GR (KG) -NA | D64: =B64*C64 -> 0
A65: CÀ CHUA SÔCOLA 250GR (KG) VR | D65: =B65*C65 -> 0
A66: CÀ CHUA SÔCOLA 250GR(KG) KQ | D66: =B66*C66 -> 0
A67: CÀ CHUA SÔCOLA 300GR (HỘP) VR | D67: =B67*C67 -> 0
A68: CÀ CHUA SOCOLA XÁ | D68: =B68*C68 -> 0
A69: CÀ CHUA SÔCOLA(HỘP) KQ | D69: =B69*C69 -> 0
A70: CÀ CHUA VỈ 400GR | D70: =B70*C70 -> 0
A71: CÀ CHUA VR | D71: =B71*C71 -> 0
A72: CÀ CHUA Ý | D72: =B72*C72 -> 0
A73: CÀ CHUA Ý 500G | D73: =B73*C73 -> 0
A74: CÀ CHUA Ý CHÙM | D74: =B74*C74 -> 0
A75: CÀ CHUA Ý(VỈ) KG | B75: 47 | C75: 12000 | D75: =B75*C75 -> 564000
A76: CÀ CHUA Ý(VỈ) KG KQ | D76: =B76*C76 -> 0
A77: CÀ RỐT BABY | D77: =B77*C77 -> 0
A78: CÀ RỐT BABY (KG) KQ | D78: =B78*C78 -> 0
A79: CÀ RỐT BABY 200GR | D79: =B79*C79 -> 0
A80: CÀ RỐT DL | D80: =B80*C80 -> 0
A81: CÀ RỐT DL L1 | B81: =18+30 -> 48 | C81: 8500 | D81: =B81*C81 -> 408000
A82: CÀ RỐT DL TÚI LƯỚI 500GR VR | D82: =B82*C82 -> 0
A83: CÀ RỐT TRUNG | D83: =B83*C83 -> 0
A84: CÀ RỐT TÚI LƯỚI 800G KQ | D84: =B84*C84 -> 0
A85: CÀ TÍM | D85: =B85*C85 -> 0
A86: CÀ TÍM CẶP 400G | D86: =B86*C86 -> 0
A87: CÀ TÍM SỌC PHA LÊ 300G | D87: =B87*C87 -> 0
A88: CÀ TÍM SỌC PHA LÊ HỘP 500GR VR | D88: =B88*C88 -> 0
A89: CÀ TÍM SỌC PHA LÊ TÍM (KG) VR | D89: =B89*C89 -> 0
A90: CÀ Ý VỈ 650GR | D90: =B90*C90 -> 0
A91: CẢI CANH | D91: =B91*C91 -> 0
A92: CẢI CẦU VỒNG | D92: =B92*C92 -> 0
A93: CẢI CẦU VỒNG 300GR | D93: =B93*C93 -> 0
... A121: CỦ CẢI ĐỎ 300GR (KG) VR | D121: =B121*C121 -> 0
A122: CỦ CẢI ĐỎ HỘP 300GR | B122: 4 | C122: 8000 | D122: =B122*C122 -> 32000
A123: CỦ CẢI ĐỎ(HỘP) | D123: =B123*C123 -> 0
A124: CỦ CẢI ĐỎ(KG) KQ | D124: =B124*C124 -> 0
A125: CỦ CẢI ĐỎ(KG) VR | D125: =B125*C125 -> 0
A126: CỦ CẢI HÀN QUỐC | D126: =B126*C126 -> 0
A127: CỦ CẢI MUỐI (VỈ) 250G KQ | D127: =B127*C127 -> 0
A128: CỦ CẢI MUỐI(KG) | D128: =B128*C128 -> 0
A129: CỦ CẢI TRẮNG | D129: =B129*C129 -> 0
A130: CỦ CẢI TRẮNG CẶP 400GR | D130: =B130*C130 -> 0
A131: CỦ ĐẬU 400G | D131: =B131*C131 -> 0
A132: CỦ DỀN | D132: =B132*C132 -> 0
A133: CỦ DỀN 600G | D133: =B133*C133 -> 0
A134: CỦ HÀNH ĐỎ | D134: =B134*C134 -> 0
... A139: ĐẬU COVE MỘC CHÂU | D139: =B139*C139 -> 0
A140: ĐẬU CÚC | B140: 1 | C140: 70000 | D140: =B140*C140 -> 70000
A141: ĐẬU CÚC 250GR | D141: =B141*C141 -> 0
A142: ĐẬU ĐỎ | D142: =B142*C142 -> 0
A143: ĐẬU ĐỎ 250GR | D143: =B143*C143 -> 0
A144: ĐẬU HÀ LAN | D144: =B144*C144 -> 0
A145: ĐẬU HÀ LAN-FUJI | D145: =B145*C145 -> 0
A146: ĐẬU NGỰ | D146: =B146*C146 -> 0
A147: ĐẬU NGỰ 250GR | D147: =B147*C147 -> 0
A148: ĐẬU QUE TRẮNG (KG NA) | D148: =B148*C148 -> 0
A149: ĐẬU QUE TRẮNG (KG) KQ | D149: =B149*C149 -> 0
A150: ĐẬU QUE TRẮNG (KG) VR | D150: =B150*C150 -> 0
A151: ĐẬU QUE TRẮNG (TÚI) KQ | D151: =B151*C151 -> 0
A152: ĐẬU QUE TRẮNG (TÚI) VR | D152: =B152*C152 -> 0
... A165: DƯA LEO BABY KQ(KG) | D165: =B165*C165 -> 0
A166: DƯA LEO BABY VR | B166: =694+65 -> 759 | C166: 7000 | D166: =B166*C166 -> 5313000
A167: DƯA LEO BABY VR(KG) | D167: =B167*C167 -> 0
A168: DƯA LEO BABY VR(KG)-NA | D168: =B168*C168 -> 0
A169: DƯA LEO BABY XÁ | D169: =B169*C169 -> 0
...

Sheet 16.4
A1: hàng tồn cuối ngày 16/4 VR
A2: TÊN SẢN PHẨM | B2: TỒN TRƯỚC | C2: GIÁ NHẬP | D2: THÀNH TIỀN
A3: BẮP CẢI TÍM | D3: =B3*C3 -> 0
A4: BẮP CẢI TÍM (BẮP) | D4: =B4*C4 -> 0
A5: BẮP CẢI TÍM SUSHI | D5: =B5*C5 -> 0
A6: BẮP CẢI TRẮNG | D6: =B6*C6 -> 0
A7: BẮP CẢI TRẮNG (BẮP) | D7: =B7*C7 -> 0
A8: BẮP CẢI TRẮNG MỘC CHÂU | D8: =B8*C8 -> 0
A9: BẮP CẢI TRẮNG SÓI BIỂN | D9: =B9*C9 -> 0
A10: BẮP CẢI TRẮNG SUSHI | D10: =B10*C10 -> 0
A11: BẮP MỸ | D11: =B11*C11 -> 0
A12: BẦU | D12: =B12*C12 -> 0
A13: BÍ ĐAO XANH | D13: =B13*C13 -> 0
A14: BÍ ĐAO XANH 400G | D14: =B14*C14 -> 0
... A24: BÍ NGÒI VÀNG (TRÁI) | D24: =B24*C24 -> 0
A25: BÍ NGÒI XANH | B25: =12+13+46+12+50+15 -> 148 | C25: 7000 | D25: =B25*C25 -> 1036000
A26: BÍ NGÒI XANH(TRÁI) | D26: =B26*C26 -> 0
A27: BÍ NHẬT | D27: =B27*C27 -> 0
A28: BƠ 034 | B28: 72 | C28: 48000 | D28: =B28*C28 -> 3456000
A29: BƠ BOOTH | D29: =B29*C29 -> 0
A30: BƠ SÁP | D30: =B30*C30 -> 0
A31: BÓ XÔI | D31: =B31*C31 -> 0
A32: BÓ XÔI 300G VR | D32: =B32*C32 -> 0
A33: BÓ XÔI-HN KQ | D33: =B33*C33 -> 0
A34: BÓ XÔI-NA | D34: =B34*C34 -> 0
A35: BÔNG ATISO | D35: =B35*C35 -> 0
A36: BÔNG BÍ | D36: =B36*C36 -> 0
A37: BÔNG BÍ TÚI 300GR | D37: =B37*C37 -> 0
A38: BÔNG CẢI TRẮNG | D38: =B38*C38 -> 0
A39: BÔNG CẢI TRẮNG (CÂY) | D39: =B39*C39 -> 0
A40: BÔNG CẢI XANH 10P | D40: =B40*C40 -> 0
A41: BÔNG CẢI XANH AEON | B41: 28 | C41: 24000 | D41: =B41*C41 -> 672000
A42: BÔNG CẢI XANH AEON (CÂY) | D42: =B42*C42 -> 0
A43: BÔNG CẢI XANH BABY (KG) | D43: =B43*C43 -> 0
A44: BÔNG CẢI XANH BABY 200G | D44: =B44*C44 -> 0
A45: BÔNG CẢI XANH BIGC | D45: =B45*C45 -> 0
A46: BÔNG CẢI XANH CITI | D46: =B46*C46 -> 0
A47: CÀ CHUA | D47: =B47*C47 -> 0
A48: CÀ CHUA BI | D48: =B48*C48 -> 0
A49: CÀ CHUA BI (HỘP) 300GR KQ | D49: =B49*C49 -> 0
A50: CÀ CHUA BI (HỘP) 300GR VR | D50: =B50*C50 -> 0
A51: CÀ CHUA BI 300GR KQ (KG) | D51: =B51*C51 -> 0
A52: CÀ CHUA BI 300GR VR (KG) | D52: =B52*C52 -> 0
A53: CÀ CHUA BI CAM SỮA (KG) VR | D53: =B53*C53 -> 0
... A55: CÀ CHUA BI-NA | D55: =B55*C55 -> 0
A56: CÀ CHUA CHERRY MIX 300G | B56: 16 | C56: 10000 | D56: =B56*C56 -> 160000
A57: CÀ CHUA L1 | B57: 46 | C57: 8000 | D57: =B57*C57 -> 368000
A58: CÀ CHUA MỘC CHÂU | D58: =B58*C58 -> 0
A59: CÀ CHUA NGỌT | D59: =B59*C59 -> 0
A60: CÀ CHUA NGỌT 300GR (KG) | D60: =B60*C60 -> 0
A61: CÀ CHUA NGỌT XÁ | D61: =B61*C61 -> 0
A62: CÀ CHUA ROSEBERRY 300G | D62: =B62*C62 -> 0
A63: CÀ CHUA SÔCOLA 250GR (HỘP) VR | B63: 20 | C63: 5500 | D63: =B63*C63 -> 110000
A64: CÀ CHUA SÔCOLA 250GR (KG) -NA | D64: =B64*C64 -> 0
A65: CÀ CHUA SÔCOLA 250GR (KG) VR | D65: =B65*C65 -> 0
A66: CÀ CHUA SÔCOLA 250GR(KG) KQ | D66: =B66*C66 -> 0
A67: CÀ CHUA SÔCOLA 300GR (HỘP) VR | B67: 50 | C67: 8000 | D67: =B67*C67 -> 400000
A68: CÀ CHUA SOCOLA XÁ | D68: =B68*C68 -> 0
A69: CÀ CHUA SÔCOLA(HỘP) KQ | D69: =B69*C69 -> 0
A70: CÀ CHUA VỈ 400GR | D70: =B70*C70 -> 0
A71: CÀ CHUA VR | D71: =B71*C71 -> 0
A72: CÀ CHUA Ý | D72: =B72*C72 -> 0
A73: CÀ CHUA Ý 500G | B73: 33 | C73: 12000 | D73: =B73*C73 -> 396000
A74: CÀ CHUA Ý CHÙM | B74: 60 | C74: 15000 | D74: =B74*C74 -> 900000
A75: CÀ CHUA Ý(VỈ) KG | B75: =80-17 -> 63 | C75: 12000 | D75: =B75*C75 -> 756000
A76: CÀ CHUA Ý(VỈ) KG KQ | D76: =B76*C76 -> 0
A77: CÀ RỐT BABY | D77: =B77*C77 -> 0
A78: CÀ RỐT BABY (KG) KQ | D78: =B78*C78 -> 0
A79: CÀ RỐT BABY 200GR | D79: =B79*C79 -> 0
A80: CÀ RỐT DL | D80: =B80*C80 -> 0
A81: CÀ RỐT DL L1 | B81: 130 | C81: 8500 | D81: =B81*C81 -> 1105000
A82: CÀ RỐT DL TÚI LƯỚI 500GR VR | D82: =B82*C82 -> 0
A83: CÀ RỐT TRUNG | D83: =B83*C83 -> 0
A84: CÀ RỐT TÚI LƯỚI 800G KQ | D84: =B84*C84 -> 0
A85: CÀ TÍM | D85: =B85*C85 -> 0
A86: CÀ TÍM CẶP 400G | D86: =B86*C86 -> 0
A87: CÀ TÍM SỌC PHA LÊ 300G | D87: =B87*C87 -> 0
A88: CÀ TÍM SỌC PHA LÊ HỘP 500GR VR | D88: =B88*C88 -> 0
A89: CÀ TÍM SỌC PHA LÊ TÍM (KG) VR | D89: =B89*C89 -> 0
A90: CÀ Ý VỈ 650GR | D90: =B90*C90 -> 0
A91: CẢI CANH | D91: =B91*C91 -> 0
A92: CẢI CẦU VỒNG | D92: =B92*C92 -> 0
A93: CẢI CẦU VỒNG 300GR | D93: =B93*C93 -> 0
... A106: CẢI THẢO VR | D106: =B106*C106 -> 0
A107: CẦN TÂY (KG) | B107: 15 | C107: 12000 | D107: =B107*C107 -> 180000
A108: CẦN TÂY THUỶ CANH | D108: =B108*C108 -> 0
A109: CẦN TÂY(CÂY) | D109: =B109*C109 -> 0
A110: CHANH DÂY | D110: =B110*C110 -> 0
A111: CHANH DÂY NGỌT L2 | D111: =B111*C111 -> 0
A112: CHANH DÂY NGỌT VỈ 300GR | D112: =B112*C112 -> 0
A113: CHANH KHÔNG HẠT | D113: =B113*C113 -> 0
A114: CHANH VÀNG (KG) | D114: =B114*C114 -> 0
A115: CHANH VÀNG TRÁI 180UP | D115: =B115*C115 -> 0
A116: CHẬU CÂY CẢI CẦU VỒNG | D116: =B116*C116 -> 0
A117: CHẬU CÂY CẢI KALE | D117: =B117*C117 -> 0
A118: CHẬU CÂY CẦN TÂY | D118: =B118*C118 -> 0
A119: CHUỐI LABA | D119: =B119*C119 -> 0
... A121: CỦ CẢI ĐỎ 300GR (KG) VR | D121: =B121*C121 -> 0
A122: CỦ CẢI ĐỎ HỘP 300GR | B122: 18 | C122: 8000 | D122: =B122*C122 -> 144000
A123: CỦ CẢI ĐỎ(HỘP) | D123: =B123*C123 -> 0
...

Sheet 17.4
A1: 45399 | C1: Stock
A2: TÊN SẢN PHẨM VR | B2: ĐVT | C2: TỒN TRƯỚC | D2: GIÁ NHẬP | E2: THÀNH TIỀN
A4: BẮP CẢI TÍM | B4: Kg
A5: BẮP CẢI TÍM (BẮP) | B5: BẮP
A6: BẮP CẢI TÍM SUSHI | B6: Kg
A7: BẮP CẢI TRẮNG | B7: Kg
A8: BẮP CẢI TRẮNG (BẮP) | B8: BẮP
A9: BẮP CẢI TRẮNG MỘC CHÂU | B9: Kg
A10: BẮP CẢI TRẮNG SÓI BIỂN | B10: Kg
A11: BẮP CẢI TRẮNG SUSHI | B11: Kg
A12: BẮP MỸ | B12: Kg
A13: BẦU | B13: Kg
A14: BÍ ĐAO XANH | B14: Kg
A15: BÍ ĐAO XANH 400G | B15: TRÁI
A16: BÍ ĐỎ HỒ LÔ | B16: Kg | C16: 40 | D16: 11000 | E16: =+D16*C16 -> 440000
A17: BÍ ĐỎ MINI | B17: Kg
A18: BÍ ĐỎ NON (KG)KQ | B18: Kg
A19: BÍ ĐỎ NON TRÁI VR | B19: TRÁI | C19: 40 | D19: =13000*0.3 -> 3900 | E19: =+D19*C19 -> 156000
A20: BÍ ĐỎ NON( KG) VR | B20: Kg
A21: BÍ ĐỎ TRÒN | B21: Kg
A22: BÍ MINI VÀNG 300GR | B22: TRÁI
A23: BÍ MINI VÀNG KG | B23: Kg
A24: BÍ NGÒI VÀNG | B24: Kg
A25: BÍ NGÒI VÀNG (TRÁI) | B25: TRÁI
A26: BÍ NGÒI XANH | B26: Kg | C26: 83 | D26: 7500 | E26: =+D26*C26 -> 622500
A27: BÍ NGÒI XANH(TRÁI) | B27: TRÁI
A28: BÍ NHẬT | B28: Kg
A29: BƠ 034 | B29: Kg | C29: 9 | D29: 45000 | E29: =+D29*C29 -> 405000
A30: BƠ BOOTH | B30: Kg
A31: BƠ SÁP | B31: Kg | E31: =+D31*C31 -> 0
A32: BÓ XÔI | B32: Kg | C32: 8 | D32: 29000 | E32: =+D32*C32 -> 232000
A33: BÓ XÔI 300G VR | B33: TÚI | C33: 30 | D33: =33000*0.3 -> 9900 | E33: =+D33*C33 -> 297000
A34: BÓ XÔI-HN KQ | B34: Kg
A35: BÓ XÔI-NA | B35: Kg
A36: BÔNG ATISO | B36: Kg
A37: BÔNG BÍ | B37: Kg | C37: 0.5 | D37: 45000 | E37: =+D37*C37 -> 22500
A38: BÔNG BÍ TÚI 300GR | B38: VỈ
A39: BÔNG CẢI TRẮNG | B39: Kg
A40: BÔNG CẢI TRẮNG (CÂY) | B40: CÂY
A41: BÔNG CẢI XANH 10P | B41: Kg | C41: 6 | D41: 21000 | E41: =+D41*C41 -> 126000
A42: BÔNG CẢI XANH AEON | B42: Kg | C42: 28 | D42: 27000 | E42: =+D42*C42 -> 756000
A43: BÔNG CẢI XANH AEON (CÂY) | B43: CÂY
A44: BÔNG CẢI XANH BABY (KG) | B44: Kg
A45: BÔNG CẢI XANH BABY 200G | B45: VỈ
A46: BÔNG CẢI XANH BIGC | B46: Kg
A47: BÔNG CẢI XANH CITI | B47: Kg
A48: CÀ CHUA | B48: Kg
A49: CÀ CHUA BI | B49: Kg
A50: CÀ CHUA BI (HỘP) 300GR KQ | B50: HỘP
A51: CÀ CHUA BI (HỘP) 300GR VR | B51: HỘP
A52: CÀ CHUA BI 300GR KQ (KG) | B52: Kg
A53: CÀ CHUA BI 300GR VR (KG) | B53: Kg
A54: CÀ CHUA BI CAM SỮA (KG) VR | B54: Kg
A55: CÀ CHUA BI COOP | B55: Kg | C55: 8 | D55: 14000 | E55: =+D55*C55 -> 112000
A56: CÀ CHUA BI-NA | B56: Kg
A57: CÀ CHUA CHERRY MIX 300G | B57: HỘP | C57: 10 | D57: 10000 | E57: =+D57*C57 -> 100000
A58: CÀ CHUA L1 | B58: TÚI | C58: 45 | D58: 8000 | E58: =+D58*C58 -> 360000
A59: CÀ CHUA MỘC CHÂU | B59: Kg
A60: CÀ CHUA NGỌT | B60: Kg
A61: CÀ CHUA NGỌT 300GR (KG) | B61: Kg
A62: CÀ CHUA NGỌT XÁ | B62: Kg
A63: CÀ CHUA ROSEBERRY 300G | B63: Kg
A64: CÀ CHUA SÔCOLA 250GR (HỘP) VR | B64: HỘP | C64: 59 | D64: 5500 | E64: =+D64*C64 -> 324500
A65: CÀ CHUA SÔCOLA 250GR (KG) -NA | B65: Kg
A66: CÀ CHUA SÔCOLA 250GR (KG) VR | B66: Kg
A67: CÀ CHUA SÔCOLA 250GR(KG) KQ | B67: Kg
A68: CÀ CHUA SÔCOLA 300GR (HỘP) VR | B68: HỘP | C68: 26 | D68: 7000 | E68: =+D68*C68 -> 182000
A69: CÀ CHUA SOCOLA XÁ | B69: Kg
A70: CÀ CHUA SÔCOLA(HỘP) KQ | B70: HỘP
A71: CÀ CHUA VỈ 400GR | B71: VỈ
A72: CÀ CHUA VR | B72: Kg
A73: CÀ CHUA Ý | B73: Kg
A74: CÀ CHUA Ý 500G | B74: VỈ
A75: CÀ CHUA Ý CHÙM | B75: KG | C75: 80 | D75: 15000 | E75: =+D75*C75 -> 1200000
A76: CÀ CHUA Ý(VỈ) KG | B76: Kg
A77: CÀ CHUA Ý(VỈ) KG KQ | B77: Kg
A78: CÀ RỐT BABY | B78: Kg
A79: CÀ RỐT BABY (KG) KQ | B79: Kg
A80: CÀ RỐT BABY 200GR | B80: VỈ
A81: CÀ RỐT DL | B81: Kg
A82: CÀ RỐT DL L1 | B82: Kg | C82: 15 | D82: 8500 | E82: =+D82*C82 -> 127500
A83: CÀ RỐT DL TÚI LƯỚI 500GR VR | B83: TÚI
A84: CÀ RỐT TRUNG | B84: Kg
A85: CÀ RỐT TÚI LƯỚI 800G KQ | B85: TÚI
A86: CÀ TÍM | B86: Kg
A87: CÀ TÍM CẶP 400G | B87: CẶP
A88: CÀ TÍM SỌC PHA LÊ 300G | B88: HỘP
A89: CÀ TÍM SỌC PHA LÊ HỘP 500GR VR | B89: HỘP
A90: CÀ TÍM SỌC PHA LÊ TÍM (KG) VR | B90: Kg
A91: CÀ Ý VỈ 650GR | B91: VỈ
A92: CẢI CANH | B92: Kg
A93: CẢI CẦU VỒNG | B93: Kg
A94: CẢI CẦU VỒNG 300GR | B94: TÚI
... A97: CẢI KALE | B97: Kg
A98: CẢI KALE 300GR | B98: TÚI | C98: 66.666667 | D98: =0.3*18000 -> 5400 | E98: =+D98*C98 -> 360000
A99: CẢI MÈO MỘC CHÂU | B99: Kg
A100: CẢI THẢO DL | B100: Kg
A101: CẢI THẢO DL(BẮP) | B101: BẮP
A102: CẢI THẢO HỎA TIỄN | B102: Kg
A103: CẢI THẢO HỎA TIỄN 250GR | B103: BẮP
...

Sheet 18.4
A1: 45400 | C1: Stock
A2: TÊN SẢN PHẨM VR | B2: ĐVT | C2: TỒN TRƯỚC | D2: GIÁ NHẬP | E2: THÀNH TIỀN
A4: BẮP CẢI TÍM | B4: Kg
A5: BẮP CẢI TÍM (BẮP) | B5: BẮP
A6: BẮP CẢI TÍM SUSHI | B6: Kg
A7: BẮP CẢI TRẮNG | B7: Kg
A8: BẮP CẢI TRẮNG (BẮP) | B8: BẮP
A9: BẮP CẢI TRẮNG MỘC CHÂU | B9: Kg
A10: BẮP CẢI TRẮNG SÓI BIỂN | B10: Kg
A11: BẮP CẢI TRẮNG SUSHI | B11: Kg
A12: BẮP MỸ | B12: Kg
A13: BẦU | B13: Kg
A14: BÍ ĐAO XANH | B14: Kg
A15: BÍ ĐAO XANH 400G | B15: TRÁI
... A19: BÍ ĐỎ NON TRÁI VR | B19: TRÁI
A20: BÍ ĐỎ NON( KG) VR | B20: Kg | C20: 25 | D20: 13000 | E20: 325000
A21: BÍ ĐỎ TRÒN | B21: Kg
A22: BÍ MINI VÀNG 300GR | B22: TRÁI
A23: BÍ MINI VÀNG KG | B23: Kg
A24: BÍ NGÒI VÀNG | B24: Kg
A25: BÍ NGÒI VÀNG (TRÁI) | B25: TRÁI
A26: BÍ NGÒI XANH | B26: Kg | C26: 106 | D26: 7500 | E26: 795000
A27: BÍ NGÒI XANH(TRÁI) | B27: TRÁI
A28: BÍ NHẬT | B28: Kg
A29: BƠ 034 | B29: Kg | C29: 70 | D29: 45000 | E29: 3150000
A30: BƠ BOOTH | B30: Kg
A31: BƠ SÁP | B31: Kg
A32: BÓ XÔI | B32: Kg
A33: BÓ XÔI 300G VR | B33: TÚI | C33: 30 | D33: 9900 | E33: 297000
A34: BÓ XÔI-HN KQ | B34: Kg
A35: BÓ XÔI-NA | B35: Kg
A36: BÔNG ATISO | B36: Kg
A37: BÔNG BÍ | B37: Kg | C37: 0.5 | D37: 45000 | E37: 22500
A38: BÔNG BÍ TÚI 300GR | B38: VỈ
A39: BÔNG CẢI TRẮNG | B39: Kg
A40: BÔNG CẢI TRẮNG (CÂY) | B40: CÂY
A41: BÔNG CẢI XANH 10P | B41: Kg
A42: BÔNG CẢI XANH AEON | B42: Kg
A43: BÔNG CẢI XANH AEON (CÂY) | B43: CÂY
A44: BÔNG CẢI XANH BABY (KG) | B44: Kg
A45: BÔNG CẢI XANH BABY 200G | B45: VỈ
A46: BÔNG CẢI XANH BIGC | B46: Kg
A47: BÔNG CẢI XANH CITI | B47: Kg
A48: CÀ CHUA | B48: Kg
A49: CÀ CHUA BI | B49: Kg
... A57: CÀ CHUA CHERRY MIX 300G | B57: HỘP
A58: CÀ CHUA L1 | B58: TÚI | C58: 20 | D58: 8000 | E58: 160000
A59: CÀ CHUA MỘC CHÂU | B59: Kg
A60: CÀ CHUA NGỌT | B60: Kg
A61: CÀ CHUA NGỌT 300GR (KG) | B61: Kg
A62: CÀ CHUA NGỌT XÁ | B62: Kg
A63: CÀ CHUA ROSEBERRY 300G | B63: Kg
A64: CÀ CHUA SÔCOLA 250GR (HỘP) VR | B64: HỘP
A65: CÀ CHUA SÔCOLA 250GR (KG) -NA | B65: Kg
A66: CÀ CHUA SÔCOLA 250GR (KG) VR | B66: Kg
A67: CÀ CHUA SÔCOLA 250GR(KG) KQ | B67: Kg
A68: CÀ CHUA SÔCOLA 300GR (HỘP) VR | B68: HỘP
A69: CÀ CHUA SOCOLA XÁ | B69: Kg
A70: CÀ CHUA SÔCOLA(HỘP) KQ | B70: HỘP
... A74: CÀ CHUA Ý 500G | B74: VỈ
A75: CÀ CHUA Ý CHÙM | B75: KG | C75: 80 | D75: 15000 | E75: 1200000
A76: CÀ CHUA Ý(VỈ) KG | B76: Kg | C76: 2 | D76: 12000 | E76: 24000
A77: CÀ CHUA Ý(VỈ) KG KQ | B77: Kg
A78: CÀ RỐT BABY | B78: Kg
A79: CÀ RỐT BABY (KG) KQ | B79: Kg
A80: CÀ RỐT BABY 200GR | B80: VỈ
A81: CÀ RỐT DL | B81: Kg
A82: CÀ RỐT DL L1 | B82: Kg | C82: 160 | D82: 8500 | E82: 1360000
A83: CÀ RỐT DL TÚI LƯỚI 500GR VR | B83: TÚI
A84: CÀ RỐT TRUNG | B84: Kg
A85: CÀ RỐT TÚI LƯỚI 800G KQ | B85: TÚI
A86: CÀ TÍM | B86: Kg
A87: CÀ TÍM CẶP 400G | B87: CẶP
A88: CÀ TÍM SỌC PHA LÊ 300G | B88: HỘP
A89: CÀ TÍM SỌC PHA LÊ HỘP 500GR VR | B89: HỘP
A90: CÀ TÍM SỌC PHA LÊ TÍM (KG) VR | B90: Kg
A91: CÀ Ý VỈ 650GR | B91: VỈ
A92: CẢI CẦU VỒNG | B92: Kg
A93: CẢI CẦU VỒNG 300GR | B93: TÚI
A94: CẢI CHÍP | B94: Kg
... A99: CẢI MÈO MỘC CHÂU | B99: Kg
A100: CẢI THẢO DL | B100: Kg | C100: 40 | D100: 9000 | E100: 360000
A101: CẢI THẢO DL(BẮP) | B101: BẮP
A102: CẢI THẢO HỎA TIỄN | B102: Kg | C102: 33 | D102: 15000 | E102: 495000
A103: CẢI THẢO HỎA TIỄN 250GR | B103: BẮP
A104: CẢI THẢO KIM CHI | B104: Kg
A105: CẢI THẢO MỘC CHÂU | B105: BÓ
A106: CẢI THẢO VR | B106: Kg
A107: CẦN TÂY (KG) | B107: Kg
A108: CẦN TÂY THUỶ CANH | B108: Kg
A109: CẦN TÂY(CÂY) | B109: CÂY
A110: CHANH DÂY | B110: Kg
A111: CHANH DÂY NGỌT L2 | B111: Kg
A112: CHANH DÂY NGỌT VỈ 300GR | B112: VỈ
A113: CHANH KHÔNG HẠT | B113: Kg
A114: CHANH VÀNG (KG) | B114: Kg
... A127: CỦ CẢI MUỐI (VỈ) 250G KQ | B127: VỈ
A128: CỦ CẢI MUỐI(KG) | B128: Kg | C128: 4 | D128: 16000 | E128: 64000
A129: CỦ CẢI TRẮNG | B129: Kg | C129: 25 | D129: 7000 | E129: 175000
A130: CỦ CẢI TRẮNG CẶP 400GR | B130: CẶP
...

Sheet 19.4
A1: hàng tồn cuối ngày 19/4 vr
A2: TÊN SẢN PHẨM | B2: TỒN TRƯỚC | C2: GIÁ NHẬP | D2: THÀNH TIỀN
A3: BẮP CẢI TÍM | D3: =B3*C3 -> 0
A4: BẮP CẢI TÍM (BẮP) | D4: =B4*C4 -> 0
A5: BẮP CẢI TÍM SUSHI | D5: =B5*C5 -> 0
A6: BẮP CẢI TRẮNG | D6: =B6*C6 -> 0
A7: BẮP CẢI TRẮNG (BẮP) | D7: =B7*C7 -> 0
A8: BẮP CẢI TRẮNG MỘC CHÂU | D8: =B8*C8 -> 0
A9: BẮP CẢI TRẮNG SÓI BIỂN | D9: =B9*C9 -> 0
A10: BẮP CẢI TRẮNG SUSHI | D10: =B10*C10 -> 0
A11: BẮP MỸ | D11: =B11*C11 -> 0
A12: BẦU | D12: =B12*C12 -> 0
A13: BÍ ĐAO XANH | D13: =B13*C13 -> 0
A14: BÍ ĐAO XANH 400G | D14: =B14*C14 -> 0
A15: BÍ ĐỎ HỒ LÔ | B15: 9 | C15: 10000 | D15: =B15*C15 -> 90000
A16: BÍ ĐỎ MINI | D16: =B16*C16 -> 0
A17: BÍ ĐỎ NON (KG)KQ | D17: =B17*C17 -> 0
A18: BÍ ĐỎ NON TRÁI VR | D18: =B18*C18 -> 0
A19: BÍ ĐỎ NON( KG) VR | D19: =B19*C19 -> 0
A20: BÍ ĐỎ TRÒN | D20: =B20*C20 -> 0
A21: BÍ MINI VÀNG 300GR | D21: =B21*C21 -> 0
A22: BÍ MINI VÀNG KG | D22: =B22*C22 -> 0
A23: BÍ NGÒI VÀNG | D23: =B23*C23 -> 0
A24: BÍ NGÒI VÀNG (TRÁI) | D24: =B24*C24 -> 0
A25: BÍ NGÒI XANH | B25: =10+37+40 -> 87 | C25: 7000 | D25: =B25*C25 -> 609000
A26: BÍ NGÒI XANH(TRÁI) | D26: =B26*C26 -> 0
A27: BÍ NHẬT | D27: =B27*C27 -> 0
A28: BƠ 034 | D28: =B28*C28 -> 0
A29: BƠ BOOTH | D29: =B29*C29 -> 0
A30: BƠ SÁP | D30: =B30*C30 -> 0
A31: BÓ XÔI | D31: =B31*C31 -> 0
A32: BÓ XÔI 300G VR | D32: =B32*C32 -> 0
A33: BÓ XÔI-HN KQ | D33: =B33*C33 -> 0
A34: BÓ XÔI-NA | D34: =B34*C34 -> 0
A35: BÔNG ATISO | D35: =B35*C35 -> 0
A36: BÔNG BÍ | D36: =B36*C36 -> 0
A37: BÔNG BÍ TÚI 300GR | D37: =B37*C37 -> 0
... A39: BÔNG CẢI TRẮNG (CÂY) | D39: =B39*C39 -> 0
A40: BÔNG CẢI XANH 10P | B40: 3 | C40: 21000 | D40: =B40*C40 -> 63000
A41: BÔNG CẢI XANH AEON | B41: =35+24-20 -> 39 | C41: 27000 | D41: =B41*C41 -> 1053000
A42: BÔNG CẢI XANH AEON (CÂY) | D42: =B42*C42 -> 0
A43: BÔNG CẢI XANH BABY (KG) | D43: =B43*C43 -> 0
A44: BÔNG CẢI XANH BABY 200G | D44: =B44*C44 -> 0
A45: BÔNG CẢI XANH BIGC | D45: =B45*C45 -> 0
A46: BÔNG CẢI XANH CITI | D46: =B46*C46 -> 0
A47: CÀ CHUA | D47: =B47*C47 -> 0
A48: CÀ CHUA BI | D48: =B48*C48 -> 0
A49: CÀ CHUA BI (HỘP) 300GR KQ | D49: =B49*C49 -> 0
A50: CÀ CHUA BI (HỘP) 300GR VR | D50: =B50*C50 -> 0
A51: CÀ CHUA BI 300GR KQ (KG) | D51: =B51*C51 -> 0
A52: CÀ CHUA BI 300GR VR (KG) | D52: =B52*C52 -> 0
A53: CÀ CHUA BI CAM SỮA (KG) VR | D53: =B53*C53 -> 0
... A56: CÀ CHUA CHERRY MIX 300G | D56: =B56*C56 -> 0
A57: CÀ CHUA L1 | B57: =160+20 -> 180 | C57: 9000 | D57: =B57*C57 -> 1620000
A58: CÀ CHUA MỘC CHÂU | D58: =B58*C58 -> 0
A59: CÀ CHUA NGỌT | D59: =B59*C59 -> 0
A60: CÀ CHUA NGỌT 300GR (KG) | D60: =B60*C60 -> 0
A61: CÀ CHUA NGỌT XÁ | D61: =B61*C61 -> 0
A62: CÀ CHUA ROSEBERRY 300G | D62: =B62*C62 -> 0
A63: CÀ CHUA SÔCOLA 250GR (HỘP) VR | D63: =B63*C63 -> 0
A64: CÀ CHUA SÔCOLA 250GR (KG) -NA | D64: =B64*C64 -> 0
A65: CÀ CHUA SÔCOLA 250GR (KG) VR | D65: =B65*C65 -> 0
A66: CÀ CHUA SÔCOLA 250GR(KG) KQ | D66: =B66*C66 -> 0
A67: CÀ CHUA SÔCOLA 300GR (HỘP) VR | D67: =B67*C67 -> 0
A68: CÀ CHUA SOCOLA XÁ | D68: =B68*C68 -> 0
A69: CÀ CHUA SÔCOLA(HỘP) KQ | D69: =B69*C69 -> 0
... A80: CÀ RỐT DL | D80: =B80*C80 -> 0
A81: CÀ RỐT DL L1 | B81: =25+15 -> 40 | C81: 8500 | D81: =B81*C81 -> 340000
A82: CÀ RỐT DL TÚI LƯỚI 500GR VR | D82: =B82*C82 -> 0
A83: CÀ RỐT TRUNG | D83: =B83*C83 -> 0
A84: CÀ RỐT TÚI LƯỚI 800G KQ | D84: =B84*C84 -> 0
A85: CÀ TÍM | D85: =B85*C85 -> 0
A86: CÀ TÍM CẶP 400G | D86: =B86*C86 -> 0
A87: CÀ TÍM SỌC PHA LÊ 300G | D87: =B87*C87 -> 0
A88: CÀ TÍM SỌC PHA LÊ HỘP 500GR VR | D88: =B88*C88 -> 0
A89: CÀ TÍM SỌC PHA LÊ TÍM (KG) VR | D89: =B89*C89 -> 0
A90: CÀ Ý VỈ 650GR | D90: =B90*C90 -> 0
A91: CẢI CẦU VỒNG | D91: =B91*C91 -> 0
A92: CẢI CẦU VỒNG 300GR | D92: =B92*C92 -> 0
A93: CẢI CHÍP | D93: =B93*C93 -> 0
... A126: CỦ CẢI MUỐI (VỈ) 250G KQ | D126: =B126*C126 -> 0
A127: CỦ CẢI MUỐI(KG) | B127: 2.5 | C127: 16000 | D127: =B127*C127 -> 40000
A128: CỦ CẢI TRẮNG | D128: =B128*C128 -> 0
A129: CỦ CẢI TRẮNG CẶP 400GR | D129: =B129*C129 -> 0
A130: CỦ ĐẬU 400G | D130: =B130*C130 -> 0
A131: CỦ DỀN | D131: =B131*C131 -> 0
A132: CỦ DỀN 600G | D132: =B132*C132 -> 0
A133: CỦ HÀNH ĐỎ | D133: =B133*C133 -> 0
A134: CỦ HÀNH ĐỎ 500GR | D134: =B134*C134 -> 0
A135: CỦ NGHỆ | D135: =B135*C135 -> 0
A136: ĐẬU BO | D136: =B136*C136 -> 0
A137: ĐẬU BO 250GR | D137: =B137*C137 -> 0
A138: ĐẬU COVE MỘC CHÂU | D138: =B138*C138 -> 0
A139: ĐẬU CÚC | D139: =B139*C139 -> 0
... A161: DƯA LEO | D161: =B161*C161 -> 0
A162: DƯA LEO 400G | B162: 46 | C162: 8000 | D162: =B162*C162 -> 368000
A163: DƯA LEO BABY KQ | D163: =B163*C163 -> 0
A164: DƯA LEO BABY KQ(KG) | D164: =B164*C164 -> 0
A165: DƯA LEO BABY VR | B165: 758 | C165: 7000 | D165: =B165*C165 -> 5306000
A166: DƯA LEO BABY VR(KG) | D166: =B166*C166 -> 0
...

Sheet 20.4
A1: hàng tồn cuối ngày 20/4 vr
A2: TÊN SẢN PHẨM | B2: TỒN TRƯỚC | C2: GIÁ NHẬP | D2: THÀNH TIỀN
A3: BẮP CẢI TÍM | D3: =B3*C3 -> 0
A4: BẮP CẢI TÍM (BẮP) | D4: =B4*C4 -> 0
A5: BẮP CẢI TÍM SUSHI | D5: =B5*C5 -> 0
A6: BẮP CẢI TRẮNG | D6: =B6*C6 -> 0
A7: BẮP CẢI TRẮNG (BẮP) | D7: =B7*C7 -> 0
A8: BẮP CẢI TRẮNG MỘC CHÂU | D8: =B8*C8 -> 0
A9: BẮP CẢI TRẮNG SÓI BIỂN | D9: =B9*C9 -> 0
A10: BẮP CẢI TRẮNG SUSHI | D10: =B10*C10 -> 0
A11: BẮP MỸ | D11: =B11*C11 -> 0
A12: BẦU | D12: =B12*C12 -> 0
A13: BÍ ĐAO XANH | D13: =B13*C13 -> 0
A14: BÍ ĐAO XANH 400G | D14: =B14*C14 -> 0
A15: BÍ ĐỎ HỒ LÔ | B15: 47 | C15: 10000 | D15: =B15*C15 -> 470000
A16: BÍ ĐỎ MINI | D16: =B16*C16 -> 0
A17: BÍ ĐỎ NON (KG)KQ | D17: =B17*C17 -> 0
A18: BÍ ĐỎ NON TRÁI VR | D18: =B18*C18 -> 0
A19: BÍ ĐỎ NON( KG) VR | B19: =18+19 -> 37 | C19: 10000 | D19: =B19*C19 -> 370000
A20: BÍ ĐỎ TRÒN | D20: =B20*C20 -> 0
A21: BÍ MINI VÀNG 300GR | D21: =B21*C21 -> 0
A22: BÍ MINI VÀNG KG | D22: =B22*C22 -> 0
A23: BÍ NGÒI VÀNG | D23: =B23*C23 -> 0
A24: BÍ NGÒI VÀNG (TRÁI) | D24: =B24*C24 -> 0
A25: BÍ NGÒI XANH | B25: =75+60 -> 135 | C25: 7000 | D25: =B25*C25 -> 945000
A26: BÍ NGÒI XANH(TRÁI) | D26: =B26*C26 -> 0
A27: BÍ NHẬT | D27: =B27*C27 -> 0
A28: BƠ 034 | D28: =B28*C28 -> 0
A29: BƠ BOOTH | D29: =B29*C29 -> 0
A30: BƠ SÁP | D30: =B30*C30 -> 0
A31: BÓ XÔI | D31: =B31*C31 -> 0
A32: BÓ XÔI 300G VR | D32: =B32*C32 -> 0
A33: BÓ XÔI-HN KQ | D33: =B33*C33 -> 0
A34: BÓ XÔI-NA | D34: =B34*C34 -> 0
A35: BÔNG ATISO | D35: =B35*C35 -> 0
A36: BÔNG BÍ | D36: =B36*C36 -> 0
A37: BÔNG BÍ TÚI 300GR | D37: =B37*C37 -> 0
A38: BÔNG CẢI TRẮNG | B38: 8 | C38: 13000 | D38: =B38*C38 -> 104000
A39: BÔNG CẢI TRẮNG (CÂY) | D39: =B39*C39 -> 0
A40: BÔNG CẢI XANH 10P | D40: =B40*C40 -> 0
A41: BÔNG CẢI XANH AEON | B41: 56 | C41: 27000 | D41: =B41*C41 -> 1512000
A42: BÔNG CẢI XANH AEON (CÂY) | D42: =B42*C42 -> 0
A43: BÔNG CẢI XANH BABY (KG) | D43: =B43*C43 -> 0
A44: BÔNG CẢI XANH BABY 200G | D44: =B44*C44 -> 0
A45: BÔNG CẢI XANH BIGC | D45: =B45*C45 -> 0
A46: BÔNG CẢI XANH CITI | D46: =B46*C46 -> 0
A47: CÀ CHUA | D47: =B47*C47 -> 0
A48: CÀ CHUA BI | D48: =B48*C48 -> 0
A49: CÀ CHUA BI (HỘP) 300GR KQ | D49: =B49*C49 -> 0
A50: CÀ CHUA BI (HỘP) 300GR VR | B50: 10 | C50: 4200 | D50: =B50*C50 -> 42000
A51: CÀ CHUA BI 300GR KQ (KG) | D51: =B51*C51 -> 0
A52: CÀ CHUA BI 300GR VR (KG) | D52: =B52*C52 -> 0
A53: CÀ CHUA BI CAM SỮA (KG) VR | D53: =B53*C53 -> 0
A54: CÀ CHUA BI COOP | D54: =B54*C54 -> 0
A55: CÀ CHUA BI-NA | D55: =B55*C55 -> 0
A56: CÀ CHUA CHERRY MIX 300G | D56: =B56*C56 -> 0
A57: CÀ CHUA L1 | B57: 100 | C57: 13000 | D57: =B57*C57 -> 1300000
A58: CÀ CHUA MỘC CHÂU | D58: =B58*C58 -> 0
A59: CÀ CHUA NGỌT | D59: =B59*C59 -> 0
A60: CÀ CHUA NGỌT 300GR (KG) | D60: =B60*C60 -> 0
A61: CÀ CHUA NGỌT XÁ | D61: =B61*C61 -> 0
A62: CÀ CHUA ROSEBERRY 300G | D62: =B62*C62 -> 0
A63: CÀ CHUA SÔCOLA 250GR (HỘP) VR | D63: =B63*C63 -> 0
A64: CÀ CHUA SÔCOLA 250GR (KG) -NA | D64: =B64*C64 -> 0
A65: CÀ CHUA SÔCOLA 250GR (KG) VR | D65: =B65*C65 -> 0
A66: CÀ CHUA SÔCOLA 250GR(KG) KQ | D66: =B66*C66 -> 0
A67: CÀ CHUA SÔCOLA 300GR (HỘP) VR | D67: =B67*C67 -> 0
A68: CÀ CHUA SOCOLA XÁ | D68: =B68*C68 -> 0
A69: CÀ CHUA SÔCOLA(HỘP) KQ | D69: =B69*C69 -> 0
... A73: CÀ CHUA Ý 500G | D73: =B73*C73 -> 0
A74: CÀ CHUA Ý CHÙM | B74: 20 | C74: 16000 | D74: =B74*C74 -> 320000
A75: CÀ CHUA Ý(VỈ) KG | D75: =B75*C75 -> 0
A76: CÀ CHUA Ý(VỈ) KG KQ | D76: =B76*C76 -> 0
A77: CÀ RỐT BABY | D77: =B77*C77 -> 0
A78: CÀ RỐT BABY (KG) KQ | D78: =B78*C78 -> 0
A79: CÀ RỐT BABY 200GR | D79: =B79*C79 -> 0
A80: CÀ RỐT DL | D80: =B80*C80 -> 0
A81: CÀ RỐT DL L1 | B81: =36+5+15 -> 56 | C81: 8500 | D81: =B81*C81 -> 476000
A82: CÀ RỐT DL TÚI LƯỚI 500GR VR | D82: =B82*C82 -> 0
A83: CÀ RỐT TRUNG | D83: =B83*C83 -> 0
A84: CÀ RỐT TÚI LƯỚI 800G KQ | D84: =B84*C84 -> 0
A85: CÀ TÍM | D85: =B85*C85 -> 0
A86: CÀ TÍM CẶP 400G | D86: =B86*C86 -> 0
A87: CÀ TÍM SỌC PHA LÊ 300G | D87: =B87*C87 -> 0
A88: CÀ TÍM SỌC PHA LÊ HỘP 500GR VR | D88: =B88*C88 -> 0
A89: CÀ TÍM SỌC PHA LÊ TÍM (KG) VR | D89: =B89*C89 -> 0
A90: CÀ Ý VỈ 650GR | D90: =B90*C90 -> 0
A91: CẢI CẦU VỒNG | D91: =B91*C91 -> 0
A92: CẢI CẦU VỒNG 300GR | D92: =B92*C92 -> 0
A93: CẢI CHÍP | D93: =B93*C93 -> 0
... A98: CẢI MÈO MỘC CHÂU | D98: =B98*C98 -> 0
A99: CẢI THẢO DL | B99: 29 | C99: 9000 | D99: =B99*C99 -> 261000
A100: CẢI THẢO DL(BẮP) | D100: =B100*C100 -> 0
A101: CẢI THẢO HỎA TIỄN | D101: =B101*C101 -> 0
A102: CẢI THẢO HỎA TIỄN 250GR | D102: =B102*C102 -> 0
A103: CẢI THẢO KIM CHI | D103: =B103*C103 -> 0
A104: CẢI THẢO MỘC CHÂU | D104: =B104*C104 -> 0
A105: CẢI THẢO VR | D105: =B105*C105 -> 0
A106: CẦN TÂY (KG) | B106: =34+8 -> 42 | C106: 14000 | D106: =B106*C106 -> 588000
A107: CẦN TÂY THUỶ CANH | D107: =B107*C107 -> 0
...

Sheet 21.4
A1: hàng tồn cuối ngày 21/4 vr
A2: TÊN SẢN PHẨM | B2: TỒN TRƯỚC | C2: GIÁ NHẬP | D2: THÀNH TIỀN
A3: BẮP CẢI TÍM | B3: 5 | C3: 13000 | D3: =B3*C3 -> 65000
A4: BẮP CẢI TÍM (BẮP) | D4: =B4*C4 -> 0
A5: BẮP CẢI TÍM SUSHI | D5: =B5*C5 -> 0
A6: BẮP CẢI TRẮNG | D6: =B6*C6 -> 0
A7: BẮP CẢI TRẮNG (BẮP) | D7: =B7*C7 -> 0
A8: BẮP CẢI TRẮNG MỘC CHÂU | D8: =B8*C8 -> 0
A9: BẮP CẢI TRẮNG SÓI BIỂN | D9: =B9*C9 -> 0
A10: BẮP CẢI TRẮNG SUSHI | D10: =B10*C10 -> 0
A11: BẮP MỸ | D11: =B11*C11 -> 0
A12: BẦU | D12: =B12*C12 -> 0
A13: BÍ ĐAO XANH | D13: =B13*C13 -> 0
A14: BÍ ĐAO XANH 400G | D14: =B14*C14 -> 0
A15: BÍ ĐỎ HỒ LÔ | B15: 27 | C15: 10000 | D15: =B15*C15 -> 270000
A16: BÍ ĐỎ MINI | D16: =B16*C16 -> 0
A17: BÍ ĐỎ NON (KG)KQ | D17: =B17*C17 -> 0
A18: BÍ ĐỎ NON TRÁI VR | B18: =60+8+18 -> 86 | C18: 4000 | D18: =B18*C18 -> 344000
A19: BÍ ĐỎ NON( KG) VR | B19: 31 | C19: 12000 | D19: =B19*C19 -> 372000
A20: BÍ ĐỎ TRÒN | D20: =B20*C20 -> 0
A21: BÍ MINI VÀNG 300GR | D21: =B21*C21 -> 0
A22: BÍ MINI VÀNG KG | D22: =B22*C22 -> 0
A23: BÍ NGÒI VÀNG | D23: =B23*C23 -> 0
A24: BÍ NGÒI VÀNG (TRÁI) | D24: =B24*C24 -> 0
A25: BÍ NGÒI XANH | B25: 90 | C25: 7000 | D25: =B25*C25 -> 630000
A26: BÍ NGÒI XANH(TRÁI) | D26: =B26*C26 -> 0
A27: BÍ NHẬT | D27: =B27*C27 -> 0
A28: BƠ 034 | B28: 18 | C28: 44000 | D28: =B28*C28 -> 792000
A29: BƠ BOOTH | D29: =B29*C29 -> 0
A30: BƠ SÁP | B30: 40 | C30: 28000 | D30: =B30*C30 -> 1120000
A31: BÓ XÔI | D31: =B31*C31 -> 0
A32: BÓ XÔI 300G VR | B32: 3 | C32: 9500 | D32: =B32*C32 -> 28500
A33: BÓ XÔI-HN KQ | D33: =B33*C33 -> 0
A34: BÓ XÔI-NA | D34: =B34*C34 -> 0
A35: BÔNG ATISO | D35: =B35*C35 -> 0
A36: BÔNG BÍ | D36: =B36*C36 -> 0
A37: BÔNG BÍ TÚI 300GR | D37: =B37*C37 -> 0
A38: BÔNG CẢI TRẮNG | B38: 3 | C38: 13000 | D38: =B38*C38 -> 39000
A39: BÔNG CẢI TRẮNG (CÂY) | D39: =B39*C39 -> 0
A40: BÔNG CẢI XANH 10P | B40: 20 | C40: 21000 | D40: =B40*C40 -> 420000
A41: BÔNG CẢI XANH AEON | D41: =B41*C41 -> 0
A42: BÔNG CẢI XANH AEON (CÂY) | D42: =B42*C42 -> 0
A43: BÔNG CẢI XANH BABY (KG) | D43: =B43*C43 -> 0
A44: BÔNG CẢI XANH BABY 200G | D44: =B44*C44 -> 0
A45: BÔNG CẢI XANH BIGC | D45: =B45*C45 -> 0
A46: BÔNG CẢI XANH CITI | D46: =B46*C46 -> 0
A47: CÀ CHUA | D47: =B47*C47 -> 0
A48: CÀ CHUA BI | D48: =B48*C48 -> 0
A49: CÀ CHUA BI (HỘP) 300GR KQ | D49: =B49*C49 -> 0
A50: CÀ CHUA BI (HỘP) 300GR VR | B50: 10 | C50: 4200 | D50: =B50*C50 -> 42000
A51: CÀ CHUA BI 300GR KQ (KG) | D51: =B51*C51 -> 0
A52: CÀ CHUA BI 300GR VR (KG) | D52: =B52*C52 -> 0
A53: CÀ CHUA BI CAM SỮA (KG) VR | D53: =B53*C53 -> 0
A54: CÀ CHUA BI COOP | D54: =B54*C54 -> 0
A55: CÀ CHUA BI-NA | D55: =B55*C55 -> 0
A56: CÀ CHUA CHERRY MIX 300G | D56: =B56*C56 -> 0
A57: CÀ CHUA L1 | B57: =20+30+15 -> 65 | C57: 14000 | D57: =B57*C57 -> 910000
A58: CÀ CHUA MỘC CHÂU | D58: =B58*C58 -> 0
A59: CÀ CHUA NGỌT | D59: =B59*C59 -> 0
A60: CÀ CHUA NGỌT 300GR (KG) | D60: =B60*C60 -> 0
A61: CÀ CHUA NGỌT XÁ | D61: =B61*C61 -> 0
A62: CÀ CHUA ROSEBERRY 300G | D62: =B62*C62 -> 0
A63: CÀ CHUA SÔCOLA 250GR (HỘP) VR | D63: =B63*C63 -> 0
A64: CÀ CHUA SÔCOLA 250GR (KG) -NA | D64: =B64*C64 -> 0
A65: CÀ CHUA SÔCOLA 250GR (KG) VR | D65: =B65*C65 -> 0
A66: CÀ CHUA SÔCOLA 250GR(KG) KQ | D66: =B66*C66 -> 0
A67: CÀ CHUA SÔCOLA 300GR (HỘP) VR | D67: =B67*C67 -> 0
A68: CÀ CHUA SOCOLA XÁ | D68: =B68*C68 -> 0
A69: CÀ CHUA SÔCOLA(HỘP) KQ | D69: =B69*C69 -> 0
... A73: CÀ CHUA Ý 500G | D73: =B73*C73 -> 0
A74: CÀ CHUA Ý CHÙM | B74: 18 | C74: 16000 | D74: =B74*C74 -> 288000
A75: CÀ CHUA Ý(VỈ) KG | B75: =22+20+30 -> 72 | C75: 13000 | D75: =B75*C75 -> 936000
A76: CÀ CHUA Ý(VỈ) KG KQ | D76: =B76*C76 -> 0
A77: CÀ RỐT BABY | D77: =B77*C77 -> 0
A78: CÀ RỐT BABY (KG) KQ | D78: =B78*C78 -> 0
A79: CÀ RỐT BABY 200GR | D79: =B79*C79 -> 0
A80: CÀ RỐT DL | D80: =B80*C80 -> 0
A81: CÀ RỐT DL L1 | B81: =54+10+50 -> 114 | C81: 8500 | D81: =B81*C81 -> 969000
A82: CÀ RỐT DL TÚI LƯỚI 500GR VR | D82: =B82*C82 -> 0
A83: CÀ RỐT TRUNG | D83: =B83*C83 -> 0
A84: CÀ RỐT TÚI LƯỚI 800G KQ | D84: =B84*C84 -> 0
A85: CÀ TÍM | D85: =B85*C85 -> 0
A86: CÀ TÍM CẶP 400G | D86: =B86*C86 -> 0
A87: CÀ TÍM SỌC PHA LÊ 300G | D87: =B87*C87 -> 0
A88: CÀ TÍM SỌC PHA LÊ HỘP 500GR VR | D88: =B88*C88 -> 0
A89: CÀ TÍM SỌC PHA LÊ TÍM (KG) VR | D89: =B89*C89 -> 0
A90: CÀ Ý VỈ 650GR | D90: =B90*C90 -> 0
A91: CẢI CẦU VỒNG | D91: =B91*C91 -> 0
A92: CẢI CẦU VỒNG 300GR | D92: =B92*C92 -> 0
A93: CẢI CHÍP | D93: =B93*C93 -> 0
... A135: CỦ NGHỆ | D135: =B135*C135 -> 0
A136: ĐẬU BO | B136: 1 | C136: 180000 | D136: =B136*C136 -> 180000
A137: ĐẬU BO 250GR | D137: =B137*C137 -> 0
A138: ĐẬU COVE MỘC CHÂU | D138: =B138*C138 -> 0
A139: ĐẬU CÚC | D139: =B139*C139 -> 0
A140: ĐẬU CÚC 250GR | D140: =B140*C140 -> 0
A141: ĐẬU ĐỎ | D141: =B141*C141 -> 0
A142: ĐẬU ĐỎ 250GR | D142: =B142*C142 -> 0
A143: ĐẬU HÀ LAN | D143: =B143*C143 -> 0
A144: ĐẬU HÀ LAN-FUJI | D144: =B144*C144 -> 0
...

Sheet 22.4
A1: hàng tồn cuối ngày 22/4 vr
A2: TÊN SẢN PHẨM | B2: TỒN TRƯỚC | C2: GIÁ NHẬP | D2: THÀNH TIỀN
A3: BẮP CẢI TÍM | B3: 10 | C3: 13000 | D3: =B3*C3 -> 130000
A4: BẮP CẢI TÍM (BẮP) | D4: =B4*C4 -> 0
A5: BẮP CẢI TÍM SUSHI | D5: =B5*C5 -> 0
A6: BẮP CẢI TRẮNG | D6: =B6*C6 -> 0
A7: BẮP CẢI TRẮNG (BẮP) | D7: =B7*C7 -> 0
A8: BẮP CẢI TRẮNG MỘC CHÂU | D8: =B8*C8 -> 0
A9: BẮP CẢI TRẮNG SÓI BIỂN | D9: =B9*C9 -> 0
A10: BẮP CẢI TRẮNG SUSHI | D10: =B10*C10 -> 0
A11: BẮP MỸ | D11: =B11*C11 -> 0
A12: BẦU | D12: =B12*C12 -> 0
A13: BÍ ĐAO XANH | D13: =B13*C13 -> 0
A14: BÍ ĐAO XANH 400G | D14: =B14*C14 -> 0
A15: BÍ ĐỎ HỒ LÔ | B15: 12 | C15: 10000 | D15: =B15*C15 -> 120000
A16: BÍ ĐỎ MINI | D16: =B16*C16 -> 0
A17: BÍ ĐỎ NON (KG)KQ | D17: =B17*C17 -> 0
A18: BÍ ĐỎ NON TRÁI VR | B18: 33 | C18: 4000 | D18: =B18*C18 -> 132000
A19: BÍ ĐỎ NON( KG) VR | B19: 31 | C19: 12000 | D19: =B19*C19 -> 372000
A20: BÍ ĐỎ TRÒN | D20: =B20*C20 -> 0
A21: BÍ MINI VÀNG 300GR | D21: =B21*C21 -> 0
A22: BÍ MINI VÀNG KG | D22: =B22*C22 -> 0
A23: BÍ NGÒI VÀNG | D23: =B23*C23 -> 0
A24: BÍ NGÒI VÀNG (TRÁI) | D24: =B24*C24 -> 0
A25: BÍ NGÒI XANH | B25: =45+10+25+21 -> 101 | C25: 7000 | D25: =B25*C25 -> 707000
A26: BÍ NGÒI XANH(TRÁI) | D26: =B26*C26 -> 0
A27: BÍ NHẬT | D27: =B27*C27 -> 0
A28: BƠ 034 | D28: =B28*C28 -> 0
A29: BƠ BOOTH | D29: =B29*C29 -> 0
A30: BƠ SÁP | B30: 26 | C30: 30000 | D30: =B30*C30 -> 780000
A31: BÓ XÔI | D31: =B31*C31 -> 0
A32: BÓ XÔI 300G VR | D32: =B32*C32 -> 0
A33: BÓ XÔI-HN KQ | D33: =B33*C33 -> 0
A34: BÓ XÔI-NA | D34: =B34*C34 -> 0
A35: BÔNG ATISO | D35: =B35*C35 -> 0
A36: BÔNG BÍ | D36: =B36*C36 -> 0
A37: BÔNG BÍ TÚI 300GR | D37: =B37*C37 -> 0
A38: BÔNG CẢI TRẮNG | D38: =B38*C38 -> 0
A39: BÔNG CẢI TRẮNG (CÂY) | D39: =B39*C39 -> 0
A40: BÔNG CẢI XANH 10P | B40: 4 | C40: 21000 | D40: =B40*C40 -> 84000
A41: BÔNG CẢI XANH AEON | D41: =B41*C41 -> 0
A42: BÔNG CẢI XANH AEON (CÂY) | D42: =B42*C42 -> 0
A43: BÔNG CẢI XANH BABY (KG) | D43: =B43*C43 -> 0
A44: BÔNG CẢI XANH BABY 200G | D44: =B44*C44 -> 0
A45: BÔNG CẢI XANH BIGC | D45: =B45*C45 -> 0
A46: BÔNG CẢI XANH CITI | D46: =B46*C46 -> 0
A47: CÀ CHUA | D47: =B47*C47 -> 0
A48: CÀ CHUA BI | D48: =B48*C48 -> 0
A49: CÀ CHUA BI (HỘP) 300GR KQ | D49: =B49*C49 -> 0
A50: CÀ CHUA BI (HỘP) 300GR VR | B50: 5 | C50: 5400 | D50: =B50*C50 -> 27000
A51: CÀ CHUA BI 300GR KQ (KG) | D51: =B51*C51 -> 0
A52: CÀ CHUA BI 300GR VR (KG) | D52: =B52*C52 -> 0
A53: CÀ CHUA BI CAM SỮA (KG) VR | D53: =B53*C53 -> 0
A54: CÀ CHUA BI COOP | D54: =B54*C54 -> 0
A55: CÀ CHUA BI-NA | D55: =B55*C55 -> 0
A56: CÀ CHUA CHERRY MIX 300G | D56: =B56*C56 -> 0
A57: CÀ CHUA L1 | B57: 88 | C57: 9000 | D57: =B57*C57 -> 792000
A58: CÀ CHUA MỘC CHÂU | D58: =B58*C58 -> 0
A59: CÀ CHUA NGỌT | D59: =B59*C59 -> 0
A60: CÀ CHUA NGỌT 300GR (KG) | D60: =B60*C60 -> 0
A61: CÀ CHUA NGỌT XÁ | D61: =B61*C61 -> 0
A62: CÀ CHUA ROSEBERRY 300G | D62: =B62*C62 -> 0
A63: CÀ CHUA SÔCOLA 250GR (HỘP) VR | D63: =B63*C63 -> 0
A64: CÀ CHUA SÔCOLA 250GR (KG) -NA | D64: =B64*C64 -> 0
A65: CÀ CHUA SÔCOLA 250GR (KG) VR | D65: =B65*C65 -> 0
A66: CÀ CHUA SÔCOLA 250GR(KG) KQ | D66: =B66*C66 -> 0
A67: CÀ CHUA SÔCOLA 300GR (HỘP) VR | D67: =B67*C67 -> 0
A68: CÀ CHUA SOCOLA XÁ | D68: =B68*C68 -> 0
A69: CÀ CHUA SÔCOLA(HỘP) KQ | D69: =B69*C69 -> 0
... A73: CÀ CHUA Ý 500G | D73: =B73*C73 -> 0
A74: CÀ CHUA Ý CHÙM | B74: 20 | C74: 15000 | D74: =B74*C74 -> 300000
A75: CÀ CHUA Ý(VỈ) KG | D75: =B75*C75 -> 0
A76: CÀ CHUA Ý(VỈ) KG KQ | D76: =B76*C76 -> 0
A77: CÀ RỐT BABY | D77: =B77*C77 -> 0
A78: CÀ RỐT BABY (KG) KQ | D78: =B78*C78 -> 0
A79: CÀ RỐT BABY 200GR | D79: =B79*C79 -> 0
A80: CÀ RỐT DL | D80: =B80*C80 -> 0
A81: CÀ RỐT DL L1 | B81: 176 | C81: 8500 | D81: =B81*C81 -> 1496000
A82: CÀ RỐT DL TÚI LƯỚI 500GR VR | D82: =B82*C82 -> 0
A83: CÀ RỐT TRUNG | D83: =B83*C83 -> 0
A84: CÀ RỐT TÚI LƯỚI 800G KQ | D84: =B84*C84 -> 0
A85: CÀ TÍM | D85: =B85*C85 -> 0
A86: CÀ TÍM CẶP 400G | D86: =B86*C86 -> 0
A87: CÀ TÍM SỌC PHA LÊ 300G | D87: =B87*C87 -> 0
A88: CÀ TÍM SỌC PHA LÊ HỘP 500GR VR | D88: =B88*C88 -> 0
A89: CÀ TÍM SỌC PHA LÊ TÍM (KG) VR | D89: =B89*C89 -> 0
A90: CÀ Ý VỈ 650GR | D90: =B90*C90 -> 0
A91: CẢI CẦU VỒNG | D91: =B91*C91 -> 0
A92: CẢI CẦU VỒNG 300GR | D92: =B92*C92 -> 0
A93: CẢI CHÍP | D93: =B93*C93 -> 0
... A98: CẢI MÈO MỘC CHÂU | D98: =B98*C98 -> 0
A99: CẢI THẢO DL | B99: 70 | C99: 9000 | D99: =B99*C99 -> 630000
A100: CẢI THẢO DL(BẮP) | D100: =B100*C100 -> 0
A101: CẢI THẢO HỎA TIỄN | D101: =B101*C101 -> 0
A102: CẢI THẢO HỎA TIỄN 250GR | D102: =B102*C102 -> 0
A103: CẢI THẢO KIM CHI | D103: =B103*C103 -> 0
A104: CẢI THẢO MỘC CHÂU | D104: =B104*C104 -> 0
A105: CẢI THẢO VR | D105: =B105*C105 -> 0
A106: CẦN TÂY (KG) | B106: 15 | C106: 14000 | D106: =B106*C106 -> 210000
A107: CẦN TÂY THUỶ CANH | D107: =B107*C107 -> 0
...

Sheet 23.4
A1: 45406 | C1: Stock
A2: TÊN SẢN PHẨM VR | B2: ĐVT | C2: TỒN TRƯỚC | D2: GIÁ NHẬP | E2: THÀNH TIỀN
A4: BẮP CẢI TÍM | B4: Kg
A5: BẮP CẢI TÍM (BẮP) | B5: BẮP
A6: BẮP CẢI TÍM SUSHI | B6: Kg
A7: BẮP CẢI TRẮNG | B7: Kg
A8: BẮP CẢI TRẮNG (BẮP) | B8: BẮP
A9: BẮP CẢI TRẮNG MỘC CHÂU | B9: Kg
A10: BẮP CẢI TRẮNG SÓI BIỂN | B10: Kg
A11: BẮP CẢI TRẮNG SUSHI | B11: Kg
A12: BẮP MỸ | B12: Kg
A13: BẦU | B13: Kg
A14: BÍ ĐAO XANH | B14: Kg
A15: BÍ ĐAO XANH 400G | B15: TRÁI
... A19: BÍ ĐỎ NON TRÁI VR | B19: TRÁI
A20: BÍ ĐỎ NON( KG) VR | B20: Kg | C20: 43 | D20: 12000 | E20: 516000
A21: BÍ ĐỎ TRÒN | B21: Kg
A22: BÍ MINI VÀNG 300GR | B22: TRÁI
A23: BÍ MINI VÀNG KG | B23: Kg
A24: BÍ NGÒI VÀNG | B24: Kg
A25: BÍ NGÒI VÀNG (TRÁI) | B25: TRÁI
A26: BÍ NGÒI XANH | B26: Kg | C26: 105 | D26: 7000 | E26: 735000
A27: BÍ NGÒI XANH(TRÁI) | B27: TRÁI
A28: BÍ NHẬT | B28: Kg
A29: BƠ 034 | B29: Kg | C29: 5 | D29: 45000 | E29: 225000
A30: BƠ BOOTH | B30: Kg
A31: BƠ SÁP | B31: Kg
A32: BÓ XÔI | B32: Kg
A33: BÓ XÔI 300G VR | B33: TÚI
A34: BÓ XÔI-HN KQ | B34: Kg
A35: BÓ XÔI-NA | B35: Kg
A36: BÔNG ATISO | B36: Kg
A37: BÔNG BÍ | B37: Kg
A38: BÔNG BÍ TÚI 300GR | B38: VỈ
A39: BÔNG CẢI TRẮNG | B39: Kg
A40: BÔNG CẢI TRẮNG (CÂY) | B40: CÂY
A41: BÔNG CẢI XANH 10P | B41: Kg
... A50: CÀ CHUA BI (HỘP) 300GR KQ | B50: HỘP
A51: CÀ CHUA BI (HỘP) 300GR VR | B51: HỘP | C51: 10 | D51: 5400 | E51: 54000
A52: CÀ CHUA BI 300GR KQ (KG) | B52: Kg
A53: CÀ CHUA BI 300GR VR (KG) | B53: Kg
A54: CÀ CHUA BI CAM SỮA (KG) VR | B54: Kg
A55: CÀ CHUA BI COOP | B55: Kg
A56: CÀ CHUA BI-NA | B56: Kg
A57: CÀ CHUA CHERRY MIX 300G | B57: HỘP
A58: CÀ CHUA L1 | B58: TÚI | C58: 20 | D58: 9000 | E58: 180000
A59: CÀ CHUA MỘC CHÂU | B59: Kg
A60: CÀ CHUA NGỌT | B60: Kg
A61: CÀ CHUA NGỌT 300GR (KG) | B61: Kg
A62: CÀ CHUA NGỌT XÁ | B62: Kg
A63: CÀ CHUA ROSEBERRY 300G | B63: Kg
A64: CÀ CHUA SÔCOLA 250GR (HỘP) VR | B64: HỘP | C64: 28 | D64: 5000 | E64: 140000
A65: CÀ CHUA SÔCOLA 250GR (KG) -NA | B65: Kg
A66: CÀ CHUA SÔCOLA 250GR (KG) VR | B66: Kg
A67: CÀ CHUA SÔCOLA 250GR(KG) KQ | B67: Kg
A68: CÀ CHUA SÔCOLA 300GR (HỘP) VR | B68: HỘP
A69: CÀ CHUA SOCOLA XÁ | B69: Kg
A70: CÀ CHUA SÔCOLA(HỘP) KQ | B70: HỘP
A71: CÀ CHUA VỈ 400GR | B71: VỈ
A72: CÀ CHUA VR | B72: Kg
A73: CÀ CHUA Ý | B73: Kg
A74: CÀ CHUA Ý 500G | B74: VỈ
A75: CÀ CHUA Ý CHÙM | B75: KG | C75: 10 | D75: 15000 | E75: 150000
A76: CÀ CHUA Ý(VỈ) KG | B76: Kg
A77: CÀ CHUA Ý(VỈ) KG KQ | B77: Kg
A78: CÀ RỐT BABY | B78: Kg
A79: CÀ RỐT BABY (KG) KQ | B79: Kg
A80: CÀ RỐT BABY 200GR | B80: VỈ
A81: CÀ RỐT DL | B81: Kg
A82: CÀ RỐT DL L1 | B82: Kg | C82: 60 | D82: 8500 | E82: 510000
A83: CÀ RỐT DL TÚI LƯỚI 500GR VR | B83: TÚI
A84: CÀ RỐT TRUNG | B84: Kg
A85: CÀ RỐT TÚI LƯỚI 800G KQ | B85: TÚI
A86: CÀ TÍM | B86: Kg
A87: CÀ TÍM CẶP 400G | B87: CẶP
A88: CÀ TÍM SỌC PHA LÊ 300G | B88: HỘP
A89: CÀ TÍM SỌC PHA LÊ HỘP 500GR VR | B89: HỘP
A90: CÀ TÍM SỌC PHA LÊ TÍM (KG) VR | B90: Kg
A91: CÀ Ý VỈ 650GR | B91: VỈ
A92: CẢI CẦU VỒNG | B92: Kg
A93: CẢI CẦU VỒNG 300GR | B93: TÚI
A94: CẢI CHÍP | B94: Kg
... A99: CẢI MÈO MỘC CHÂU | B99: Kg
A100: CẢI THẢO DL | B100: Kg | C100: 20 | D100: 9000 | E100: 180000
A101: CẢI THẢO DL(BẮP) | B101: BẮP
A102: CẢI THẢO HỎA TIỄN | B102: Kg
A103: CẢI THẢO HỎA TIỄN 250GR | B103: BẮP
A104: CẢI THẢO KIM CHI | B104: Kg
A105: CẢI THẢO MỘC CHÂU | B105: BÓ
A106: CẢI THẢO VR | B106: Kg
A107: CẦN TÂY (KG) | B107: Kg | C107: 25 | D107: 14000 | E107: 350000
A108: CẦN TÂY THUỶ CANH | B108: Kg
A109: CẦN TÂY(CÂY) | B109: CÂY
A110: CHANH DÂY | B110: Kg
A111: CHANH DÂY NGỌT L2 | B111: Kg
A112: CHANH DÂY NGỌT VỈ 300GR | B112: VỈ
A113: CHANH KHÔNG HẠT | B113: Kg
A114: CHANH VÀNG (KG) | B114: Kg
A115: CHANH VÀNG TRÁI 180UP | B115: TRÁI
A116: CHẬU CÂY CẢI CẦU VỒNG | B116: CHẬU
...

Sheet 24.4
A1: hàng tồn cuối ngày 24/4 vr
A2: TÊN SẢN PHẨM | B2: TỒN TRƯỚC | C2: GIÁ NHẬP | D2: THÀNH TIỀN
A3: BẮP CẢI TÍM | D3: =B3*C3 -> 0
A4: BẮP CẢI TÍM (BẮP) | D4: =B4*C4 -> 0
A5: BẮP CẢI TÍM SUSHI | D5: =B5*C5 -> 0
A6: BẮP CẢI TRẮNG | D6: =B6*C6 -> 0
A7: BẮP CẢI TRẮNG (BẮP) | D7: =B7*C7 -> 0
A8: BẮP CẢI TRẮNG MỘC CHÂU | D8: =B8*C8 -> 0
A9: BẮP CẢI TRẮNG SÓI BIỂN | D9: =B9*C9 -> 0
A10: BẮP CẢI TRẮNG SUSHI | D10: =B10*C10 -> 0
A11: BẮP MỸ | D11: =B11*C11 -> 0
A12: BẦU | D12: =B12*C12 -> 0
A13: BÍ ĐAO XANH | D13: =B13*C13 -> 0
A14: BÍ ĐAO XANH 400G | D14: =B14*C14 -> 0
... A17: BÍ ĐỎ NON (KG)KQ | D17: =B17*C17 -> 0
A18: BÍ ĐỎ NON TRÁI VR | B18: =38+18+24+35 -> 115 | C18: 4000 | D18: =B18*C18 -> 460000
A19: BÍ ĐỎ NON( KG) VR | B19: 16 | C19: 12000 | D19: =B19*C19 -> 192000
A20: BÍ ĐỎ TRÒN | D20: =B20*C20 -> 0
A21: BÍ MINI VÀNG 300GR | D21: =B21*C21 -> 0
A22: BÍ MINI VÀNG KG | D22: =B22*C22 -> 0
A23: BÍ NGÒI VÀNG | D23: =B23*C23 -> 0
A24: BÍ NGÒI VÀNG (TRÁI) | D24: =B24*C24 -> 0
A25: BÍ NGÒI XANH | B25: =25+95 -> 120 | C25: 7000 | D25: =B25*C25 -> 840000
A26: BÍ NGÒI XANH(TRÁI) | D26: =B26*C26 -> 0
A27: BÍ NHẬT | D27: =B27*C27 -> 0
A28: BÓ XÔI | D28: =B28*C28 -> 0
A29: BÓ XÔI 300G VR | D29: =B29*C29 -> 0
A30: BÓ XÔI-HN KQ | D30: =B30*C30 -> 0
A31: BÓ XÔI-NA | D31: =B31*C31 -> 0
A32: BÔNG ATISO | D32: =B32*C32 -> 0
A33: BÔNG BÍ | D33: =B33*C33 -> 0
A34: BÔNG BÍ TÚI 300GR | D34: =B34*C34 -> 0
A35: BÔNG CẢI TRẮNG | D35: =B35*C35 -> 0
A36: BÔNG CẢI TRẮNG (CÂY) | D36: =B36*C36 -> 0
A37: BÔNG CẢI XANH 10P | D37: =B37*C37 -> 0
... A43: BÔNG CẢI XANH CITI | D43: =B43*C43 -> 0
A44: BƠ 034 | B44: =90+24+30+45-50 -> 139 | C44: 42000 | D44: =B44*C44 -> 5838000
A45: BƠ BOOTH | D45: =B45*C45 -> 0
A46: BƠ SÁP | B46: 40 | C46: 23000 | D46: =B46*C46 -> 920000
A47: CÀ CHUA | D47: =B47*C47 -> 0
A48: CÀ CHUA BI | D48: =B48*C48 -> 0
A49: CÀ CHUA BI (HỘP) 300GR KQ | D49: =B49*C49 -> 0
A50: CÀ CHUA BI (HỘP) 300GR VR | D50: =B50*C50 -> 0
A51: CÀ CHUA BI 300GR KQ (KG) | D51: =B51*C51 -> 0
A52: CÀ CHUA BI 300GR VR (KG) | D52: =B52*C52 -> 0
A53: CÀ CHUA BI CAM SỮA (KG) VR | D53: =B53*C53 -> 0
A54: CÀ CHUA BI COOP | D54: =B54*C54 -> 0
A55: CÀ CHUA BI-NA | D55: =B55*C55 -> 0
A56: CÀ CHUA CHERRY MIX 300G | D56: =B56*C56 -> 0
A57: CÀ CHUA L1 | B57: =10+40+30 -> 80 | C57: 13000 | D57: =B57*C57 -> 1040000
A58: CÀ CHUA MỘC CHÂU | D58: =B58*C58 -> 0
A59: CÀ CHUA NGỌT | D59: =B59*C59 -> 0
A60: CÀ CHUA NGỌT 300GR (KG) | D60: =B60*C60 -> 0
A61: CÀ CHUA NGỌT XÁ | D61: =B61*C61 -> 0
A62: CÀ CHUA ROSEBERRY 300G | D62: =B62*C62 -> 0
A63: CÀ CHUA SOCOLA XÁ | D63: =B63*C63 -> 0
A64: CÀ CHUA SÔCOLA 250GR (HỘP) VR | B64: =39+4+51 -> 94 | C64: 5000 | D64: =B64*C64 -> 470000
A65: CÀ CHUA SÔCOLA 250GR (KG) -NA | D65: =B65*C65 -> 0
A66: CÀ CHUA SÔCOLA 250GR (KG) VR | D66: =B66*C66 -> 0
A67: CÀ CHUA SÔCOLA 250GR(KG) KQ | D67: =B67*C67 -> 0
A68: CÀ CHUA SÔCOLA 300GR (HỘP) VR | D68: =B68*C68 -> 0
A69: CÀ CHUA SÔCOLA(HỘP) KQ | D69: =B69*C69 -> 0
A70: CÀ CHUA VỈ 400GR | D70: =B70*C70 -> 0
A71: CÀ CHUA VR | D71: =B71*C71 -> 0
A72: CÀ CHUA Ý | D72: =B72*C72 -> 0
A73: CÀ CHUA Ý 500G | D73: =B73*C73 -> 0
A74: CÀ CHUA Ý CHÙM | B74: 50 | C74: 16000 | D74: =B74*C74 -> 800000
A75: CÀ CHUA Ý(VỈ) KG | B75: 15 | C75: 13000 | D75: =B75*C75 -> 195000
A76: CÀ CHUA Ý(VỈ) KG KQ | D76: =B76*C76 -> 0
A77: CÀ RỐT BABY | D77: =B77*C77 -> 0
A78: CÀ RỐT BABY (KG) KQ | D78: =B78*C78 -> 0
A79: CÀ RỐT BABY 200GR | D79: =B79*C79 -> 0
A80: CÀ RỐT DL | D80: =B80*C80 -> 0
A81: CÀ RỐT DL L1 | D81: =B81*C81 -> 0
A82: CÀ RỐT DL TÚI LƯỚI 500GR VR | D82: =B82*C82 -> 0
A83: CÀ RỐT TÚI LƯỚI 800G KQ | D83: =B83*C83 -> 0
A84: CÀ RỐT TRUNG | D84: =B84*C84 -> 0
A85: CÀ TÍM | D85: =B85*C85 -> 0
A86: CÀ TÍM CẶP 400G | D86: =B86*C86 -> 0
A87: CÀ TÍM SỌC PHA LÊ 300G | D87: =B87*C87 -> 0
... A89: CÀ TÍM SỌC PHA LÊ TÍM (KG) VR | D89: =B89*C89 -> 0
A90: CÀ Ý VỈ 650GR | B90: 20 | C90: 16000 | D90: =B90*C90 -> 320000
A91: CẢI CẦU VỒNG | D91: =B91*C91 -> 0
A92: CẢI CẦU VỒNG 300GR | D92: =B92*C92 -> 0
A93: CẢI CÚC 500GR | D93: =B93*C93 -> 0
A94: CẢI CHÍP | D94: =B94*C94 -> 0
A95: CẢI KALE | D95: =B95*C95 -> 0
A96: CẢI KALE 150GR | D96: =B96*C96 -> 0
A97: CẢI KALE 300GR | D97: =B97*C97 -> 0
A98: CẢI MÈO MỘC CHÂU | D98: =B98*C98 -> 0
A99: CẢI THẢO DL | D99: =B99*C99 -> 0
A100: CẢI THẢO DL(BẮP) | D100: =B100*C100 -> 0
A101: CẢI THẢO HỎA TIỄN | D101: =B101*C101 -> 0
A102: CẢI THẢO HỎA TIỄN 250GR | D102: =B102*C102 -> 0
... A105: CẢI THẢO VR | D105: =B105*C105 -> 0
A106: CẦN TÂY (KG) | B106: 8 | C106: 13000 | D106: =B106*C106 -> 104000
A107: CẦN TÂY THUỶ CANH | D107: =B107*C107 -> 0
A108: CẦN TÂY(CÂY) | D108: =B108*C108 -> 0
A109: CÓC NON 200G | D109: =B109*C109 -> 0
A110: CỦ CẢI ĐỎ 300GR (KG) VR | D110: =B110*C110 -> 0
...

Sheet 25.4
A1: hàng tồn cuối ngày 25/4 vr
A2: TÊN SẢN PHẨM | B2: TỒN TRƯỚC | C2: GIÁ NHẬP | D2: THÀNH TIỀN
A3: CÀ CHUA SÔCOLA 250GR (HỘP) VR | B3: 12 | C3: 5000 | D3: =B3*C3 -> 60000
A4: CÀ CHUA SÔCOLA 250GR (KG) -NA | D4: =B4*C4 -> 0
A5: CÀ CHUA SÔCOLA 250GR (KG) VR | D5: =B5*C5 -> 0
A6: CÀ CHUA SÔCOLA 250GR(KG) KQ | D6: =B6*C6 -> 0
A7: CÀ CHUA SÔCOLA 300GR (HỘP) VR | D7: =B7*C7 -> 0
A8: CÀ CHUA SOCOLA XÁ | D8: =B8*C8 -> 0
A9: CÀ CHUA SÔCOLA(HỘP) KQ | D9: =B9*C9 -> 0
A10: CÀ RỐT BABY | D10: =B10*C10 -> 0
A11: CÀ RỐT BABY (KG) KQ | D11: =B11*C11 -> 0
A12: CÀ RỐT BABY 200GR | D12: =B12*C12 -> 0
A13: CẢI CẦU VỒNG | D13: =B13*C13 -> 0
A14: CẢI CẦU VỒNG 300GR | D14: =B14*C14 -> 0
A15: CẢI KALE | D15: =B15*C15 -> 0
A16: CẢI KALE 150GR | D16: =B16*C16 -> 0
A17: CẢI KALE 300GR | B17: 3 | C17: 6000 | D17: =B17*C17 -> 18000
A18: CHANH VÀNG (KG) | D18: =B18*C18 -> 0
A19: CHANH VÀNG TRÁI 180UP | D19: =B19*C19 -> 0
A20: CẦN TÂY (KG) | D20: =B20*C20 -> 0
A21: CẦN TÂY THUỶ CANH | D21: =B21*C21 -> 0
A22: CẦN TÂY(CÂY) | D22: =B22*C22 -> 0
A23: ỚT CHUÔNG 3 MÀU(KG)VR | D23: =B23*C23 -> 0
A24: ỚT CHUÔNG ĐỎ | B24: =170+74 -> 244 | C24: 39000 | D24: =B24*C24 -> 9516000
A25: ỚT CHUÔNG ĐỎ L1 | B25: 20 | C25: 25000 | D25: =B25*C25 -> 500000
A26: ỚT CHUÔNG ĐỎ(TRÁI) | D26: =B26*C26 -> 0
A27: ỚT CHUÔNG 3 MÀU 350G | B27: 6 | C27: 11000 | D27: =B27*C27 -> 66000
A28: ỚT CHUÔNG 3 MÀU KQ(KG) | D28: =B28*C28 -> 0
A29: ỚT CHUÔNG VÀNG | B29: =25+26+7+10 -> 68 | C29: 39000 | D29: =B29*C29 -> 2652000
A30: ỚT CHUÔNG VÀNG L1 | D30: =B30*C30 -> 0
A31: ỚT CHUÔNG VÀNG(TRÁI) | D31: =B31*C31 -> 0
A32: ỚT CHUÔNG VÀNG+ XANH (VỈ) | D32: =B32*C32 -> 0
A33: ỚT CHUÔNG XANH | B33: =6+10+21+10+40 -> 87 | C33: 18000 | D33: =B33*C33 -> 1566000
A34: ỚT CHUÔNG XANH L1 | D34: =B34*C34 -> 0
A35: ỚT CHUÔNG XANH(TRÁI) | D35: =B35*C35 -> 0
A36: CỦ DỀN | D36: =B36*C36 -> 0
A37: CỦ DỀN 600G | D37: =B37*C37 -> 0
A38: GỪNG 250GR | D38: =B38*C38 -> 0
A39: HỒNG GIÒN | D39: =B39*C39 -> 0
A40: XÀ LÁCH MỸ | D40: =B40*C40 -> 0
A41: KHOAI TÂY HỒNG | D41: =B41*C41 -> 0
A42: KHOAI TÂY HỒNG TÚI LƯỚI 500G | D42: =B42*C42 -> 0
A43: KHOAI TÂY VÀNG | D43: =B43*C43 -> 0
A44: KHOAI TÂY VÀNG ĐL | D44: =B44*C44 -> 0
A45: KHOAI TÂY VÀNG LỚN TÚI LƯỚI 500G | D45: =B45*C45 -> 0
A46: KHOAI TÂY VÀNG TRUNG TÚI LƯỚI 500G | D46: =B46*C46 -> 0
A47: CẢI THẢO DL | B47: 15 | C47: 9000 | D47: =B47*C47 -> 135000
A48: CẢI THẢO DL(BẮP) | D48: =B48*C48 -> 0
A49: CẢI THẢO KIM CHI | D49: =B49*C49 -> 0
A50: CẢI THẢO VR | D50: =B50*C50 -> 0
A51: BẦU | D51: =B51*C51 -> 0
A52: BÍ ĐAO XANH | D52: =B52*C52 -> 0
A53: BÍ ĐAO XANH 400G | D53: =B53*C53 -> 0
A54: DƯA LEO | D54: =B54*C54 -> 0
A55: DƯA LEO 400G | D55: =B55*C55 -> 0
A56: KHỔ QUA | D56: =B56*C56 -> 0
A57: KHỔ QUA 400GR | D57: =B57*C57 -> 0
A58: MƯỚP HƯƠNG | B58: 2 | C58: 10000 | D58: =B58*C58 -> 20000
A59: MƯỚP HƯƠNG 300G | D59: =B59*C59 -> 0
A60: BÍ MINI VÀNG 300GR | D60: =B60*C60 -> 0
A61: BÍ MINI VÀNG KG | D61: =B61*C61 -> 0
A62: DƯA LEO GIỐNG NHẬT 600GR | D62: =B62*C62 -> 0
A63: DƯA LEO GIỐNG NHẬT KG | B63: 45 | C63: 9000 | D63: =B63*C63 -> 405000
A64: BƠ 034 | B64: 19 | C64: 37000 | D64: =B64*C64 -> 703000
A65: BƠ BOOTH | D65: =B65*C65 -> 0
A66: BƠ SÁP | B66: =10+44+50 -> 104 | C66: 23000 | D66: =B66*C66 -> 2392000
A67: KHOAI LANG MẬT (KG) 2-3 CỦ | B67: =150+380+100 -> 630 | C67: 21000 | D67: =B67*C67 -> 13230000
A68: KHOAI LANG MẬT (KG) 4-6 CỦ | B68: =150+100+120+10 -> 380 | C68: 21000 | D68: =B68*C68 -> 7980000
A69: KHOAI LANG MẬT 500G KQ | D69: =B69*C69 -> 0
A70: KHOAI LANG MẬT 500G VR | D70: =B70*C70 -> 0
A71: PARO | D71: =B71*C71 -> 0
A72: PARO (CÂY) | D72: =B72*C72 -> 0
A73: BẮP CẢI TÍM | B73: 47 | C73: 15000 | D73: =B73*C73 -> 705000
A74: BẮP CẢI TÍM (BẮP) | D74: =B74*C74 -> 0
A75: BẮP CẢI TÍM SUSHI | D75: =B75*C75 -> 0
A76: CÀ CHUA CHERRY MIX 300G | D76: =B76*C76 -> 0
A77: TÍA TÔ 50G | D77: =B77*C77 -> 0
A78: XÀ LÁCH LOLO XANH | B78: 7 | C78: 15000 | D78: =B78*C78 -> 105000
A79: XÀ LÁCH LOLO XANH SUSHI | D79: =B79*C79 -> 0
A80: XÀ LÁCH LOLO XANH TÚI 300GR | D80: =B80*C80 -> 0
A81: XÀ LÁCH ROMEN THUỶ CANH (KG) VR | D81: =B81*C81 -> 0
A82: CÀ RỐT DL | D82: =B82*C82 -> 0
A83: CÀ RỐT DL L1 | B83: 130 | C83: 8500 | D83: =B83*C83 -> 1105000
A84: CÀ RỐT DL TÚI LƯỚI 500GR VR | D84: =B84*C84 -> 0
A85: CÀ RỐT TRUNG | D85: =B85*C85 -> 0
A86: CÀ RỐT TÚI LƯỚI 800G KQ | D86: =B86*C86 -> 0
A87: GỪNG | D87: =B87*C87 -> 0
A88: MỒNG TƠI | D88: =B88*C88 -> 0
A89: NGÒ RÍ | D89: =B89*C89 -> 0
A90: NGÒ RÍ TÚI 50GR | D90: =B90*C90 -> 0
A91: ỚT HIỂM | D91: =B91*C91 -> 0
A92: ỚT HIỂM 100G | D92: =B92*C92 -> 0
A93: THÌ LÀ | D93: =B93*C93 -> 0
A94: THÌ LÀ TÚI 80GR | D94: =B94*C94 -> 0
A95: CHUỐI LABA | D95: =B95*C95 -> 0
A96: BÔNG BÍ TÚI 300GR | D96: =B96*C96 -> 0
A97: BÔNG CẢI TRẮNG | B97: =88+5 -> 93 | C97: 13000 | D97: =B97*C97 -> 1209000
A98: BÔNG CẢI TRẮNG (CÂY) | D98: =B98*C98 -> 0
A99: SET RAU KÈM ỚT | D99: =B99*C99 -> 0
A100: SET RAU KHÔNG KÈM ỚT | D100: =B100*C100 -> 0
...

Sheet 26.4
A1: hàng tồn cuối ngày 26/4 vr
A2: TÊN SẢN PHẨM | B2: TỒN TRƯỚC | C2: GIÁ NHẬP | D2: THÀNH TIỀN
A3: CÀ CHUA SÔCOLA 250GR (HỘP) VR | B3: 22 | C3: 5000 | D3: =B3*C3 -> 110000
A4: CÀ CHUA SÔCOLA 250GR (KG) VR | D4: =B4*C4 -> 0
A5: CÀ CHUA SÔCOLA 300GR (HỘP) VR | D5: =B5*C5 -> 0
A6: CÀ RỐT BABY 200GR | D6: =B6*C6 -> 0
A7: CẢI CẦU VỒNG | D7: =B7*C7 -> 0
A8: CẢI CẦU VỒNG 300GR | D8: =B8*C8 -> 0
A9: CẢI KALE 150GR | D9: =B9*C9 -> 0
A10: CẢI KALE 300GR | B10: 3 | C10: 6000 | D10: =B10*C10 -> 18000
A11: CHANH VÀNG TRÁI 180UP | D11: =B11*C11 -> 0
A12: CẦN TÂY (KG) | D12: =B12*C12 -> 0
A13: CẦN TÂY(CÂY) | D13: =B13*C13 -> 0
A14: ỚT CHUÔNG 3 MÀU(KG)VR | D14: =B14*C14 -> 0
A15: ỚT CHUÔNG ĐỎ | B15: 175 | C15: 39000 | D15: =B15*C15 -> 6825000
A16: ỚT CHUÔNG ĐỎ(TRÁI) | D16: =B16*C16 -> 0
A17: ỚT CHUÔNG 3 MÀU 350G | B17: 10 | C17: 13000 | D17: =B17*C17 -> 130000
A18: ỚT CHUÔNG VÀNG | B18: 100 | C18: 40000 | D18: =B18*C18 -> 4000000
A19: ỚT CHUÔNG VÀNG(TRÁI) | D19: =B19*C19 -> 0
A20: ỚT CHUÔNG XANH | B20: 85 | C20: 20000 | D20: =B20*C20 -> 1700000
A21: ỚT CHUÔNG XANH(TRÁI) | D21: =B21*C21 -> 0
A22: CỦ DỀN | D22: =B22*C22 -> 0
A23: CỦ DỀN 600G | D23: =B23*C23 -> 0
A24: HỒNG GIÒN | D24: =B24*C24 -> 0
A25: XÀ LÁCH MỸ | D25: =B25*C25 -> 0
A26: KHOAI TÂY VÀNG | D26: =B26*C26 -> 0
A27: KHOAI TÂY VÀNG ĐL | D27: =B27*C27 -> 0
A28: KHOAI TÂY VÀNG LỚN TÚI LƯỚI 500G | D28: =B28*C28 -> 0
A29: KHOAI TÂY VÀNG TRUNG TÚI LƯỚI 500G | D29: =B29*C29 -> 0
A30: CẢI THẢO DL | D30: =B30*C30 -> 0
A31: CẢI THẢO DL(BẮP) | D31: =B31*C31 -> 0
A32: DƯA LEO | B32: 3 | C32: 5000 | D32: =B32*C32 -> 15000
A33: MƯỚP HƯƠNG | B33: 2 | C33: 10000 | D33: =B33*C33 -> 20000
A34: DƯA LEO GIỐNG NHẬT 600GR | D34: =B34*C34 -> 0
A35: DƯA LEO GIỐNG NHẬT KG | B35: 48 | C35: 9000 | D35: =B35*C35 -> 432000
A36: BƠ 034 | D36: =B36*C36 -> 0
A37: BƠ BOOTH | D37: =B37*C37 -> 0
A38: BƠ SÁP | B38: 10 | C38: 23000 | D38: =B38*C38 -> 230000
A39: KHOAI LANG MẬT (KG) 2-3 CỦ | B39: 390 | C39: 21000 | D39: =B39*C39 -> 8190000
A40: KHOAI LANG MẬT (KG) 4-6 CỦ | B40: 595 | C40: 20000 | D40: =B40*C40 -> 11900000
A41: KHOAI LANG MẬT 500G VR | D41: =B41*C41 -> 0
A42: PARO | B42: 10 | C42: 10500 | D42: =B42*C42 -> 105000
A43: PARO (CÂY) | D43: =B43*C43 -> 0
A44: BẮP CẢI TÍM | D44: =B44*C44 -> 0
A45: BẮP CẢI TÍM SUSHI | D45: =B45*C45 -> 0
A46: CÀ CHUA CHERRY MIX 300G | D46: =B46*C46 -> 0
A47: TÍA TÔ 50G | D47: =B47*C47 -> 0
A48: XÀ LÁCH LOLO XANH | B48: 3 | C48: 17000 | D48: =B48*C48 -> 51000
A49: XÀ LÁCH LOLO XANH SUSHI | D49: =B49*C49 -> 0
A50: XÀ LÁCH ROMEN THUỶ CANH (KG) VR | D50: =B50*C50 -> 0
A51: CÀ RỐT DL L1 | B51: 70 | C51: 8500 | D51: =B51*C51 -> 595000
A52: CÀ RỐT DL TÚI LƯỚI 500GR VR | D52: =B52*C52 -> 0
A53: GỪNG | B53: 7.5 | C53: 32000 | D53: =B53*C53 -> 240000
A54: NGÒ RÍ | D54: =B54*C54 -> 0
A55: NGÒ RÍ TÚI 50GR | D55: =B55*C55 -> 0
A56: ỚT HIỂM | D56: =B56*C56 -> 0
A57: THÌ LÀ | D57: =B57*C57 -> 0
A58: CHUỐI LABA | D58: =B58*C58 -> 0
A59: BÔNG CẢI TRẮNG | B59: 48 | C59: 13000 | D59: =B59*C59 -> 624000
A60: ĐẬU CÚC | B60: 3 | C60: 70000 | D60: =B60*C60 -> 210000
A61: ĐẬU ĐỎ | D61: =B61*C61 -> 0
A62: ĐẬU NGỰ | D62: =B62*C62 -> 0
A63: DAU THAP CAM (HON HOP) TUOI 100G | D63: =B63*C63 -> 0
A64: ĐẬU TRẮNG | B64: 1 | C64: 70000 | D64: =B64*C64 -> 70000
A65: CÀ CHUA | D65: =B65*C65 -> 0
A66: CÀ CHUA L1 | B66: 160 | C66: 15000 | D66: =B66*C66 -> 2400000
A67: CÀ CHUA VỈ 400GR | D67: =B67*C67 -> 0
A68: BÍ ĐỎ TRÒN | D68: =B68*C68 -> 0
A69: BÔNG CẢI XANH BABY (KG) | D69: =B69*C69 -> 0
A70: BÔNG CẢI XANH BABY 200G | D70: =B70*C70 -> 0
A71: CỦ CẢI ĐỎ 300GR (KG) VR | D71: =B71*C71 -> 0
A72: CỦ CẢI ĐỎ HỘP 300GR | D72: =B72*C72 -> 0
A73: LÁ GIANG | D73: =B73*C73 -> 0
A74: LÁ MÈ | D74: =B74*C74 -> 0
A75: LÁ MÈ TÚI 50G | D75: =B75*C75 -> 0
A76: SÚ TRÁI TIM | D76: =B76*C76 -> 0
A77: KHOAI LANG NHẬT | D77: =B77*C77 -> 0
A78: BÔNG BÍ | D78: =B78*C78 -> 0
A79: CÀ CHUA BI | D79: =B79*C79 -> 0
A80: CÀ CHUA BI (HỘP) 300GR VR | B80: 12 | C80: 5400 | D80: =B80*C80 -> 64800
A81: CÀ CHUA BI COOP | D81: =B81*C81 -> 0
A82: CÀ CHUA NGỌT 300GR (KG) | D82: =B82*C82 -> 0
A83: ĐẬU QUE TRẮNG (KG) VR | D83: =B83*C83 -> 0
A84: ĐẬU QUE TRẮNG (TÚI) VR 300gr | D84: =B84*C84 -> 0
A85: CÀ CHUA Ý | D85: =B85*C85 -> 0
A86: CÀ CHUA Ý 500G | D86: =B86*C86 -> 0
A87: CÀ CHUA Ý CHÙM | D87: =B87*C87 -> 0
A88: CÀ CHUA Ý(VỈ) KG | B88: 26 | C88: 15000 | D88: =B88*C88 -> 390000
A89: CÀ Ý VỈ 650GR | D89: =B89*C89 -> 0
A90: XÀ LÁCH ROMEN (KG) | D90: =B90*C90 -> 0
A91: HÀNH TÂY DL L1 | B91: 9800 | C91: 7700 | D91: =B91*C91 -> 75460000
A92: HÀNH TÂY DL L1 TÚI LƯỚI 300GR | B92: 400 | C92: 2100 | D92: =B92*C92 -> 840000
A93: HANH TAY TIM | B93: 27 | C93: 20000 | D93: =B93*C93 -> 540000
A94: KHOAI TÂY BI | D94: =B94*C94 -> 0
A95: KHOAI TÂY BI 500G VR | D95: =B95*C95 -> 0
A96: CẢI THẢO HỎA TIỄN | D96: =B96*C96 -> 0
A97: CÀ TÍM | D97: =B97*C97 -> 0
A98: CÀ TÍM CẶP 400G | D98: =B98*C98 -> 0
A99: BẮP CẢI TRẮNG | D99: =B99*C99 -> 0
A100: BẮP CẢI TRẮNG (BẮP) | D100: =B100*C100 -> 0
...

Sheet 27.4
A1: hàng tồn cuối ngày 27/9 vr
A2: TÊN SẢN PHẨM | B2: TỒN TRƯỚC | C2: GIÁ NHẬP | D2: THÀNH TIỀN
A3: BẮP CẢI TÍM | D3: =B3*C3 -> 0
A4: BẮP CẢI TÍM (BẮP) | D4: =B4*C4 -> 0
A5: BẮP CẢI TÍM SUSHI | D5: =B5*C5 -> 0
A6: BẮP CẢI TRẮNG | D6: =B6*C6 -> 0
A7: BẮP CẢI TRẮNG (BẮP) | D7: =B7*C7 -> 0
A8: BẮP CẢI TRẮNG MỘC CHÂU | D8: =B8*C8 -> 0
A9: BẮP CẢI TRẮNG SÓI BIỂN | D9: =B9*C9 -> 0
A10: BẮP CẢI TRẮNG SUSHI | D10: =B10*C10 -> 0
A11: BẮP MỸ | D11: =B11*C11 -> 0
A12: BẦU | D12: =B12*C12 -> 0
A13: BÍ ĐAO XANH | D13: =B13*C13 -> 0
A14: BÍ ĐAO XANH 400G | D14: =B14*C14 -> 0
A15: BÍ ĐỎ HỒ LÔ | B15: 18 | C15: 10000 | D15: =B15*C15 -> 180000
A16: BÍ ĐỎ MINI | D16: =B16*C16 -> 0
A17: BÍ ĐỎ NON (KG)KQ | D17: =B17*C17 -> 0
A18: BÍ ĐỎ NON TRÁI VR | B18: =46+40 -> 86 | C18: 4000 | D18: =B18*C18 -> 344000
A19: BÍ ĐỎ NON( KG) VR | D19: =B19*C19 -> 0
A20: BÍ ĐỎ TRÒN | D20: =B20*C20 -> 0
A21: BÍ MINI VÀNG 300GR | D21: =B21*C21 -> 0
A22: BÍ MINI VÀNG KG | D22: =B22*C22 -> 0
A23: BÍ NGÒI VÀNG | D23: =B23*C23 -> 0
A24: BÍ NGÒI VÀNG (TRÁI) | D24: =B24*C24 -> 0
A25: BÍ NGÒI XANH | B25: =45+10+8+60+88 -> 211 | C25: 7000 | D25: =B25*C25 -> 1477000
A26: BÍ NGÒI XANH(TRÁI) | D26: =B26*C26 -> 0
A27: BÍ NHẬT | D27: =B27*C27 -> 0
A28: BƠ 034 | D28: =B28*C28 -> 0
A29: BƠ BOOTH | D29: =B29*C29 -> 0
A30: BƠ SÁP | D30: =B30*C30 -> 0
A31: BÓ XÔI | D31: =B31*C31 -> 0
A32: BÓ XÔI 300G VR | D32: =B32*C32 -> 0
A33: BÓ XÔI-HN KQ | D33: =B33*C33 -> 0
A34: BÓ XÔI-NA | D34: =B34*C34 -> 0
A35: BÔNG ATISO | D35: =B35*C35 -> 0
A36: BÔNG BÍ | D36: =B36*C36 -> 0
A37: BÔNG BÍ TÚI 300GR | D37: =B37*C37 -> 0
... A56: CÀ CHUA CHERRY MIX 300G | D56: =B56*C56 -> 0
A57: CÀ CHUA L1 | B57: 50 | C57: 18000 | D57: =B57*C57 -> 900000
A58: CÀ CHUA MỘC CHÂU | D58: =B58*C58 -> 0
A59: CÀ CHUA NGỌT | D59: =B59*C59 -> 0
A60: CÀ CHUA NGỌT 300GR (KG) | D60: =B60*C60 -> 0
A61: CÀ CHUA NGỌT XÁ | D61: =B61*C61 -> 0
A62: CÀ CHUA ROSEBERRY 300G | D62: =B62*C62 -> 0
A63: CÀ CHUA SÔCOLA 250GR (HỘP) VR | B63: 22 | C63: 5000 | D63: =B63*C63 -> 110000
A64: CÀ CHUA SÔCOLA 250GR (KG) -NA | D64: =B64*C64 -> 0
A65: CÀ CHUA SÔCOLA 250GR (KG) VR | D65: =B65*C65 -> 0
A66: CÀ CHUA SÔCOLA 250GR(KG) KQ | D66: =B66*C66 -> 0
A67: CÀ CHUA SÔCOLA 300GR (HỘP) VR | D67: =B67*C67 -> 0
A68: CÀ CHUA SOCOLA XÁ | D68: =B68*C68 -> 0
A69: CÀ CHUA SÔCOLA(HỘP) KQ | D69: =B69*C69 -> 0
A70: CÀ CHUA VỈ 400GR | D70: =B70*C70 -> 0
A71: CÀ CHUA VR | D71: =B71*C71 -> 0
A72: CÀ CHUA Ý | D72: =B72*C72 -> 0
A73: CÀ CHUA Ý 500G | D73: =B73*C73 -> 0
A74: CÀ CHUA Ý CHÙM | D74: =B74*C74 -> 0
A75: CÀ CHUA Ý(VỈ) KG | D75: =B75*C75 -> 0
... A80: CÀ RỐT DL | D80: =B80*C80 -> 0
A81: CÀ RỐT DL L1 | B81: 160 | C81: 7500 | D81: =B81*C81 -> 1200000
A82: CÀ RỐT DL TÚI LƯỚI 500GR VR | D82: =B82*C82 -> 0
A83: CÀ RỐT TRUNG | D83: =B83*C83 -> 0
A84: CÀ RỐT TÚI LƯỚI 800G KQ | D84: =B84*C84 -> 0
A85: CÀ TÍM | D85: =B85*C85 -> 0
A86: CÀ TÍM CẶP 400G | D86: =B86*C86 -> 0
A87: CÀ TÍM SỌC PHA LÊ 300G | D87: =B87*C87 -> 0
A88: CÀ TÍM SỌC PHA LÊ HỘP 500GR VR | D88: =B88*C88 -> 0
A89: CÀ TÍM SỌC PHA LÊ TÍM (KG) VR | D89: =B89*C89 -> 0
A90: CÀ Ý VỈ 650GR | D90: =B90*C90 -> 0
A91: CẢI CẦU VỒNG | D91: =B91*C91 -> 0
A92: CẢI CẦU VỒNG 300GR | D92: =B92*C92 -> 0
A93: CẢI CHÍP | D93: =B93*C93 -> 0
... A138: ĐẬU COVE MỘC CHÂU | D138: =B138*C138 -> 0
A139: ĐẬU CÚC | B139: 1 | C139: 70000 | D139: =B139*C139 -> 70000
A140: ĐẬU CÚC 250GR | D140: =B140*C140 -> 0
A141: ĐẬU ĐỎ | D141: =B141*C141 -> 0
A142: ĐẬU ĐỎ 250GR | D142: =B142*C142 -> 0
A143: ĐẬU HÀ LAN | D143: =B143*C143 -> 0
A144: ĐẬU HÀ LAN-FUJI | D144: =B144*C144 -> 0
A145: ĐẬU NGỰ | D145: =B145*C145 -> 0
A146: ĐẬU NGỰ 250GR | D146: =B146*C146 -> 0
A147: ĐẬU QUE TRẮNG (KG NA) | D147: =B147*C147 -> 0
A148: ĐẬU QUE TRẮNG (KG) KQ | D148: =B148*C148 -> 0
A149: ĐẬU QUE TRẮNG (KG) VR | D149: =B149*C149 -> 0
A150: ĐẬU QUE TRẮNG (TÚI) KQ | D150: =B150*C150 -> 0
A151: ĐẬU QUE TRẮNG (TÚI) VR | D151: =B151*C151 -> 0
... A160: DỨA 350G | D160: =B160*C160 -> 0
A161: DƯA LEO | B161: =35+15 -> 50 | C161: 5000 | D161: =B161*C161 -> 250000
A162: DƯA LEO 400G | B162: 50 | C162: 3500 | D162: =B162*C162 -> 175000
A163: DƯA LEO BABY KQ(KG) | D163: =B163*C163 -> 0
A164: DƯA LEO BABY VR | B164: =135+54+60+150+135+68+14+67*2-367 -> 383 | C164: 6500 | D164: =B164*C164 -> 2489500
A165: DƯA LEO BABY VR 300G | D165: =B165*C165 -> 0
A166: DƯA LEO BABY VR(KG) | B166: 25 | C166: 6500 | D166: =B166*C166 -> 162500
A167: DƯA LEO BABY VR(KG)-NA | D167: =B167*C167 -> 0
A168: DƯA LEO BABY XÁ | D168: =B168*C168 -> 0
A169: DƯA LEO GIỐNG NHẬT 600GR | D169: =B169*C169 -> 0
A170: DƯA LEO GIỐNG NHẬT KG | B170: 18 | C170: 9000 | D170: =B170*C170 -> 162000
A171: DƯA LEO KG (VỈ) | D171: =B171*C171 -> 0
A172: GỪNG | B172: 6 | C172: 32000 | D172: =B172*C172 -> 192000
A173: GỪNG 250GR | D173: =B173*C173 -> 0
A174: HÀNH LÁ | D174: =B174*C174 -> 0
...

Sheet 28.4
A1: hàng tồn cuối ngày 28/4 vr
A2: TÊN SẢN PHẨM | B2: TỒN TRƯỚC | C2: GIÁ NHẬP | D2: THÀNH TIỀN
A3: BẮP CẢI TÍM | D3: =B3*C3 -> 0
A4: BẮP CẢI TÍM (BẮP) | D4: =B4*C4 -> 0
A5: BẮP CẢI TÍM SUSHI | D5: =B5*C5 -> 0
A6: BẮP CẢI TRẮNG | D6: =B6*C6 -> 0
A7: BẮP CẢI TRẮNG (BẮP) | D7: =B7*C7 -> 0
A8: BẮP CẢI TRẮNG MỘC CHÂU | D8: =B8*C8 -> 0
A9: BẮP CẢI TRẮNG SÓI BIỂN | D9: =B9*C9 -> 0
A10: BẮP CẢI TRẮNG SUSHI | D10: =B10*C10 -> 0
A11: BẮP MỸ | D11: =B11*C11 -> 0
A12: BẦU | D12: =B12*C12 -> 0
A13: BÍ ĐAO XANH | D13: =B13*C13 -> 0
A14: BÍ ĐAO XANH 400G | D14: =B14*C14 -> 0
A15: BÍ ĐỎ HỒ LÔ | B15: 15 | C15: 11000 | D15: =B15*C15 -> 165000
A16: BÍ ĐỎ MINI | D16: =B16*C16 -> 0
A17: BÍ ĐỎ NON (KG)KQ | D17: =B17*C17 -> 0
A18: BÍ ĐỎ NON TRÁI VR | D18: =B18*C18 -> 0
A19: BÍ ĐỎ NON( KG) VR | D19: =B19*C19 -> 0
A20: BÍ ĐỎ TRÒN | D20: =B20*C20 -> 0
A21: BÍ MINI VÀNG 300GR | D21: =B21*C21 -> 0
A22: BÍ MINI VÀNG KG | D22: =B22*C22 -> 0
A23: BÍ NGÒI VÀNG | D23: =B23*C23 -> 0
A24: BÍ NGÒI VÀNG (TRÁI) | D24: =B24*C24 -> 0
A25: BÍ NGÒI XANH | B25: =70+45 -> 115 | C25: 7000 | D25: =B25*C25 -> 805000
A26: BÍ NGÒI XANH(TRÁI) | D26: =B26*C26 -> 0
A27: BÍ NHẬT | D27: =B27*C27 -> 0
A28: BƠ 034 | D28: =B28*C28 -> 0
A29: BƠ BOOTH | D29: =B29*C29 -> 0
A30: BƠ SÁP | B30: 5 | C30: 23000 | D30: =B30*C30 -> 115000
A31: BÓ XÔI | D31: =B31*C31 -> 0
A32: BÓ XÔI 300G VR | D32: =B32*C32 -> 0
A33: BÓ XÔI-HN KQ | D33: =B33*C33 -> 0
A34: BÓ XÔI-NA | D34: =B34*C34 -> 0
A35: BÔNG ATISO | D35: =B35*C35 -> 0
A36: BÔNG BÍ | D36: =B36*C36 -> 0
A37: BÔNG BÍ TÚI 300GR | D37: =B37*C37 -> 0
A38: BÔNG CẢI TRẮNG | D38: =B38*C38 -> 0
A39: BÔNG CẢI TRẮNG (CÂY) | D39: =B39*C39 -> 0
A40: BÔNG CẢI XANH 10P | B40: 40 | C40: 26000 | D40: =B40*C40 -> 1040000
A41: BÔNG CẢI XANH AEON | D41: =B41*C41 -> 0
A42: BÔNG CẢI XANH AEON (CÂY) | D42: =B42*C42 -> 0
A43: BÔNG CẢI XANH BABY (KG) | D43: =B43*C43 -> 0
A44: BÔNG CẢI XANH BABY 200G | D44: =B44*C44 -> 0
A45: BÔNG CẢI XANH BIGC | D45: =B45*C45 -> 0
A46: BÔNG CẢI XANH CITI | D46: =B46*C46 -> 0
A47: CÀ CHUA | D47: =B47*C47 -> 0
A48: CÀ CHUA BI | D48: =B48*C48 -> 0
A49: CÀ CHUA BI (HỘP) 300GR KQ | D49: =B49*C49 -> 0
A50: CÀ CHUA BI (HỘP) 300GR VR | D50: =B50*C50 -> 0
A51: CÀ CHUA BI 300GR KQ (KG) | D51: =B51*C51 -> 0
A52: CÀ CHUA BI 300GR VR (KG) | D52: =B52*C52 -> 0
... A56: CÀ CHUA CHERRY MIX 300G | D56: =B56*C56 -> 0
A57: CÀ CHUA L1 | B57: 75 | C57: 18000 | D57: =B57*C57 -> 1350000
A58: CÀ CHUA MỘC CHÂU | D58: =B58*C58 -> 0
A59: CÀ CHUA NGỌT | D59: =B59*C59 -> 0
A60: CÀ CHUA NGỌT 300GR (KG) | D60: =B60*C60 -> 0
A61: CÀ CHUA NGỌT XÁ | D61: =B61*C61 -> 0
A62: CÀ CHUA ROSEBERRY 300G | D62: =B62*C62 -> 0
A63: CÀ CHUA SÔCOLA 250GR (HỘP) VR | B63: 5 | C63: 5000 | D63: =B63*C63 -> 25000
A64: CÀ CHUA SÔCOLA 250GR (KG) -NA | D64: =B64*C64 -> 0
A65: CÀ CHUA SÔCOLA 250GR (KG) VR | D65: =B65*C65 -> 0
A66: CÀ CHUA SÔCOLA 250GR(KG) KQ | D66: =B66*C66 -> 0
A67: CÀ CHUA SÔCOLA 300GR (HỘP) VR | D67: =B67*C67 -> 0
A68: CÀ CHUA SOCOLA XÁ | D68: =B68*C68 -> 0
A69: CÀ CHUA SÔCOLA(HỘP) KQ | D69: =B69*C69 -> 0
A70: CÀ CHUA VỈ 400GR | D70: =B70*C70 -> 0
A71: CÀ CHUA VR | D71: =B71*C71 -> 0
A72: CÀ CHUA Ý | B72: =20+10+20+40 -> 90 | C72: 19000 | D72: =B72*C72 -> 1710000
A73: CÀ CHUA Ý 500G | B73: 50 | C73: 16000 | D73: =B73*C73 -> 800000
A74: CÀ CHUA Ý CHÙM | D74: =B74*C74 -> 0
A75: CÀ CHUA Ý(VỈ) KG | D75: =B75*C75 -> 0
A76: CÀ CHUA Ý(VỈ) KG KQ | D76: =B76*C76 -> 0
A77: CÀ RỐT BABY | D77: =B77*C77 -> 0
A78: CÀ RỐT BABY (KG) KQ | D78: =B78*C78 -> 0
A79: CÀ RỐT BABY 200GR | D79: =B79*C79 -> 0
A80: CÀ RỐT DL | D80: =B80*C80 -> 0
A81: CÀ RỐT DL L1 | B81: 180 | C81: 8000 | D81: =B81*C81 -> 1440000
A82: CÀ RỐT DL TÚI LƯỚI 500GR VR | D82: =B82*C82 -> 0
A83: CÀ RỐT TRUNG | D83: =B83*C83 -> 0
A84: CÀ RỐT TÚI LƯỚI 800G KQ | D84: =B84*C84 -> 0
A85: CÀ TÍM | D85: =B85*C85 -> 0
A86: CÀ TÍM CẶP 400G | D86: =B86*C86 -> 0
A87: CÀ TÍM SỌC PHA LÊ 300G | D87: =B87*C87 -> 0
A88: CÀ TÍM SỌC PHA LÊ HỘP 500GR VR | D88: =B88*C88 -> 0
A89: CÀ TÍM SỌC PHA LÊ TÍM (KG) VR | D89: =B89*C89 -> 0
A90: CÀ Ý VỈ 650GR | B90: 14 | C90: 20000 | D90: =B90*C90 -> 280000
A91: CẢI CẦU VỒNG | D91: =B91*C91 -> 0
A92: CẢI CẦU VỒNG 300GR | D92: =B92*C92 -> 0
A93: CẢI CHÍP | D93: =B93*C93 -> 0
A94: CẢI CÚC 500GR | D94: =B94*C94 -> 0
A95: CẢI KALE | D95: =B95*C95 -> 0
A96: CẢI KALE 150GR | D96: =B96*C96 -> 0
A97: CẢI KALE 300GR | D97: =B97*C97 -> 0
A98: CẢI MÈO MỘC CHÂU | D98: =B98*C98 -> 0
A99: CẢI THẢO DL | D99: =B99*C99 -> 0
A100: CẢI THẢO DL(BẮP) | D100: =B100*C100 -> 0
A101: CẢI THẢO HỎA TIỄN | D101: =B101*C101 -> 0
A102: CẢI THẢO HỎA TIỄN 250GR | D102: =B102*C102 -> 0
... A127: CỦ CẢI MUỐI(KG) | D127: =B127*C127 -> 0
...

Sheet 29.4
A1: hàng tồn cuối ngày 29/4 vr
A2: TÊN SẢN PHẨM | B2: TỒN TRƯỚC | C2: GIÁ NHẬP | D2: THÀNH TIỀN
A3: CÀ CHUA SOCOLA XÁ | D3: =B3*C3 -> 0
A4: CÀ CHUA SÔCOLA 250GR (HỘP) VR | D4: =B4*C4 -> 0
A5: CÀ CHUA SÔCOLA 250GR (KG) -NA | D5: =B5*C5 -> 0
A6: CÀ CHUA SÔCOLA 250GR (KG) VR | D6: =B6*C6 -> 0
A7: CÀ CHUA SÔCOLA 250GR(KG) KQ | D7: =B7*C7 -> 0
A8: CÀ CHUA SÔCOLA 300GR (HỘP) VR | D8: =B8*C8 -> 0
A9: CÀ CHUA SÔCOLA(HỘP) KQ | D9: =B9*C9 -> 0
A10: CÀ RỐT BABY | D10: =B10*C10 -> 0
A11: CÀ RỐT BABY (KG) KQ | D11: =B11*C11 -> 0
A12: CÀ RỐT BABY 200GR | D12: =B12*C12 -> 0
A13: CẢI CẦU VỒNG | D13: =B13*C13 -> 0
A14: CẢI CẦU VỒNG 300GR | D14: =B14*C14 -> 0
... A23: ỚT CHUÔNG 3 MÀU(KG)VR | D23: =B23*C23 -> 0
A24: ỚT CHUÔNG ĐỎ | B24: =4+120+50 -> 174 | C24: 31000 | D24: =B24*C24 -> 5394000
A25: ỚT CHUÔNG ĐỎ L1 | D25: =B25*C25 -> 0
A26: ỚT CHUÔNG ĐỎ(TRÁI) | D26: =B26*C26 -> 0
A27: ỚT CHUÔNG 3 MÀU 350G | B27: 15 | C27: 12000 | D27: =B27*C27 -> 180000
A28: ỚT CHUÔNG 3 MÀU KQ(KG) | D28: =B28*C28 -> 0
A29: ỚT CHUÔNG VÀNG | D29: =B29*C29 -> 0
A30: ỚT CHUÔNG VÀNG L1 | D30: =B30*C30 -> 0
A31: ỚT CHUÔNG VÀNG(TRÁI) | D31: =B31*C31 -> 0
A32: ỚT CHUÔNG VÀNG+ XANH (VỈ) | D32: =B32*C32 -> 0
A33: ỚT CHUÔNG XANH | B33: =5+10+10 -> 25 | C33: 20000 | D33: =B33*C33 -> 500000
A34: ỚT CHUÔNG XANH L1 | D34: =B34*C34 -> 0
A35: ỚT CHUÔNG XANH(TRÁI) | D35: =B35*C35 -> 0
A36: KHOAI TÂY HỒNG | D36: =B36*C36 -> 0
A37: KHOAI TÂY HỒNG TÚI LƯỚI 500G | D37: =B37*C37 -> 0
A38: KHOAI TÂY VÀNG | D38: =B38*C38 -> 0
A39: KHOAI TÂY VÀNG ĐL | D39: =B39*C39 -> 0
A40: KHOAI TÂY VÀNG LỚN TÚI LƯỚI 500G | D40: =B40*C40 -> 0
A41: KHOAI TÂY VÀNG TRUNG TÚI LƯỚI 500G | B41: =5/0.5 -> 10 | C41: 5000 | D41: =B41*C41 -> 50000
A42: CẢI THẢO DL | D42: =B42*C42 -> 0
A43: CẢI THẢO DL(BẮP) | D43: =B43*C43 -> 0
A44: CẢI THẢO KIM CHI | D44: =B44*C44 -> 0
A45: CẢI THẢO VR | D45: =B45*C45 -> 0
A46: GỪNG 250GR | D46: =B46*C46 -> 0
A47: CỦ DỀN | D47: =B47*C47 -> 0
A48: CỦ DỀN 600G | D48: =B48*C48 -> 0
A49: HỒNG GIÒN | D49: =B49*C49 -> 0
A50: XÀ LÁCH MỸ | D50: =B50*C50 -> 0
A51: BẦU | D51: =B51*C51 -> 0
A52: BÍ ĐAO XANH | D52: =B52*C52 -> 0
A53: BÍ ĐAO XANH 400G | D53: =B53*C53 -> 0
... A62: BƠ SÁP | D62: =B62*C62 -> 0
A63: KHOAI LANG MẬT (KG) 2-3 CỦ | B63: =80+400+140+300 -> 920 | C63: 20000 | D63: =B63*C63 -> 18400000
A64: KHOAI LANG MẬT (KG) 4-6 CỦ | B64: =300+60+20+40+140 -> 560 | C64: 21000 | D64: =B64*C64 -> 11760000
A65: KHOAI LANG MẬT 500G KQ | D65: =B65*C65 -> 0
A66: KHOAI LANG MẬT 500G VR | D66: =B66*C66 -> 0
A67: PARO | B67: =15+17 -> 32 | C67: 12000 | D67: =B67*C67 -> 384000
A68: PARO (CÂY) | D68: =B68*C68 -> 0
A69: BÍ MINI VÀNG 300GR | D69: =B69*C69 -> 0
A70: BÍ MINI VÀNG KG | D70: =B70*C70 -> 0
A71: DƯA LEO GIỐNG NHẬT 600GR | D71: =B71*C71 -> 0
A72: DƯA LEO GIỐNG NHẬT KG | B72: 50 | C72: 9000 | D72: =B72*C72 -> 450000
A73: BẮP CẢI TÍM | D73: =B73*C73 -> 0
A74: BẮP CẢI TÍM (BẮP) | D74: =B74*C74 -> 0
A75: BẮP CẢI TÍM SUSHI | D75: =B75*C75 -> 0
A76: CÀ CHUA CHERRY MIX 300G | D76: =B76*C76 -> 0
A77: TÍA TÔ 50G | D77: =B77*C77 -> 0
A78: XÀ LÁCH LOLO XANH | B78: 2 | C78: 20000 | D78: =B78*C78 -> 40000
A79: XÀ LÁCH LOLO XANH SUSHI | D79: =B79*C79 -> 0
A80: XÀ LÁCH LOLO XANH TÚI 300GR | D80: =B80*C80 -> 0
A81: XÀ LÁCH ROMEN THUỶ CANH (KG) VR | D81: =B81*C81 -> 0
A82: CÀ RỐT DL | D82: =B82*C82 -> 0
A83: CÀ RỐT DL L1 | B83: =80+80+54 -> 214 | C83: 8000 | D83: =B83*C83 -> 1712000
A84: CÀ RỐT DL TÚI LƯỚI 500GR VR | D84: =B84*C84 -> 0
A85: CÀ RỐT TÚI LƯỚI 800G KQ | D85: =B85*C85 -> 0
A86: CÀ RỐT TRUNG | D86: =B86*C86 -> 0
A87: GỪNG | D87: =B87*C87 -> 0
A88: MỒNG TƠI | D88: =B88*C88 -> 0
A89: NGÒ RÍ | D89: =B89*C89 -> 0
A90: NGÒ RÍ TÚI 50GR | D90: =B90*C90 -> 0
A91: ỚT HIỂM | D91: =B91*C91 -> 0
A92: ỚT HIỂM 100G | D92: =B92*C92 -> 0
A93: THÌ LÀ | D93: =B93*C93 -> 0
A94: THÌ LÀ TÚI 80GR | D94: =B94*C94 -> 0
A95: CHUỐI LABA | D95: =B95*C95 -> 0
... A166: ĐẬU QUE TRẮNG (TÚI) VR | D166: =B166*C166 -> 0
A167: ĐẬU QUE TRẮNG (TÚI) VR 300gr | B167: 18 | C167: 8500 | D167: =B167*C167 -> 153000
A168: CÀ CHUA Ý | D168: =B168*C168 -> 0
A169: CÀ CHUA Ý 500G | D169: =B169*C169 -> 0
A170: CÀ CHUA Ý CHÙM | B170: 10 | C170: 21000 | D170: =B170*C170 -> 210000
A171: CÀ CHUA Ý(VỈ) KG | B171: 20 | C171: 18000 | D171: =B171*C171 -> 360000
A172: CÀ CHUA Ý(VỈ) KG KQ | D172: =B172*C172 -> 0
A173: CÀ Ý VỈ 650GR | B173: 28 | C173: 20000 | D173: =B173*C173 -> 560000
A174: XÀ LÁCH CAROL | D174: =B174*C174 -> 0
A175: XÀ LÁCH ROMEN (KG) | D175: =B175*C175 -> 0
A176: XÀ LÁCH ROMEN TÚI 300GR | D176: =B176*C176 -> 0
A177: CÀ TÍM SỌC PHA LÊ 300G | D177: =B177*C177 -> 0
A178: CÀ TÍM SỌC PHA LÊ HỘP 500GR VR | D178: =B178*C178 -> 0
A179: CÀ TÍM SỌC PHA LÊ TÍM (KG) VR | D179: =B179*C179 -> 0
A180: HANH TAY TIM | B180: 30 | C180: 20000 | D180: =B180*C180 -> 600000
A181: HANH TAY TIM ĐL (TÚI LƯỚI) | D181: =B181*C181 -> 0
A182: HÀNH TÂY DL | D182: =B182*C182 -> 0
A183: HÀNH TÂY DL BABY | D183: =B183*C183 -> 0
A184: HÀNH TÂY DL L1 | B184: 6500 | C184: 7700 | D184: =B184*C184 -> 50050000
A185: HÀNH TÂY DL L1 TÚI LƯỚI 300GR | D185: =B185*C185 -> 0
A186: HÀNH TÂY DL TRUNG | D186: =B186*C186 -> 0
...

Sheet 30.4
A1: hàng tồn cuối ngày 30/4
A2: TÊN SẢN PHẨM | B2: TỒN TRƯỚC | C2: GIÁ NHẬP | D2: THÀNH TIỀN
A3: BẮP CẢI TÍM | D3: =B3*C3 -> 0
A4: BẮP CẢI TÍM (BẮP) | D4: =B4*C4 -> 0
A5: BẮP CẢI TÍM SUSHI | D5: =B5*C5 -> 0
A6: BẮP CẢI TRẮNG | D6: =B6*C6 -> 0
A7: BẮP CẢI TRẮNG (BẮP) | D7: =B7*C7 -> 0
A8: BẮP CẢI TRẮNG MỘC CHÂU | D8: =B8*C8 -> 0
A9: BẮP CẢI TRẮNG SÓI BIỂN | D9: =B9*C9 -> 0
A10: BẮP CẢI TRẮNG SUSHI | D10: =B10*C10 -> 0
A11: BẮP MỸ | D11: =B11*C11 -> 0
A12: BẦU | D12: =B12*C12 -> 0
A13: BÍ ĐAO XANH | D13: =B13*C13 -> 0
A14: BÍ ĐAO XANH 400G | D14: =B14*C14 -> 0
A15: BÍ ĐỎ HỒ LÔ | B15: 16 | C15: 11000 | D15: =B15*C15 -> 176000
A16: BÍ ĐỎ MINI | D16: =B16*C16 -> 0
A17: BÍ ĐỎ NON (KG)KQ | D17: =B17*C17 -> 0
A18: BÍ ĐỎ NON TRÁI VR | B18: =22+28 -> 50 | C18: 4000 | D18: =B18*C18 -> 200000
A19: BÍ ĐỎ NON( KG) VR | B19: 3 | C19: 12000 | D19: =B19*C19 -> 36000
A20: BÍ ĐỎ TRÒN | D20: =B20*C20 -> 0
A21: BÍ MINI VÀNG 300GR | D21: =B21*C21 -> 0
A22: BÍ NGÒI VÀNG | B22: 2.5 | C22: 15000 | D22: =B22*C22 -> 37500
A23: BÍ NGÒI VÀNG | D23: =B23*C23 -> 0
A24: BÍ NGÒI VÀNG (TRÁI) | D24: =B24*C24 -> 0
A25: BÍ NGÒI XANH | B25: =11+15+15+15+48 -> 104 | C25: 7000 | D25: =B25*C25 -> 728000
A26: BÍ NGÒI XANH(TRÁI) | D26: =B26*C26 -> 0
A27: BÍ NHẬT | D27: =B27*C27 -> 0
A28: BƠ 034 | B28: 39 | C28: 35000 | D28: =B28*C28 -> 1365000
A29: BƠ BOOTH | D29: =B29*C29 -> 0
A30: BƠ SÁP | B30: 6 | C30: 23000 | D30: =B30*C30 -> 138000
A31: BÓ XÔI | D31: =B31*C31 -> 0
A32: BÓ XÔI 300G VR | D32: =B32*C32 -> 0
A33: BÓ XÔI-HN KQ | D33: =B33*C33 -> 0
A34: BÓ XÔI-NA | D34: =B34*C34 -> 0
A35: BÔNG ATISO | D35: =B35*C35 -> 0
A36: BÔNG BÍ | D36: =B36*C36 -> 0
A37: BÔNG BÍ TÚI 300GR | D37: =B37*C37 -> 0
A38: BÔNG CẢI TRẮNG | B38: 7 | C38: 11000 | D38: =B38*C38 -> 77000
A39: BÔNG CẢI TRẮNG (CÂY) | D39: =B39*C39 -> 0
A40: BÔNG CẢI XANH 10P | B40: 5 | C40: 24000 | D40: =B40*C40 -> 120000
A41: BÔNG CẢI XANH AEON | B41: 5 | C41: 30000 | D41: =B41*C41 -> 150000
A42: BÔNG CẢI XANH AEON (CÂY) | D42: =B42*C42 -> 0
A43: BÔNG CẢI XANH BABY (KG) | D43: =B43*C43 -> 0
A44: BÔNG CẢI XANH BABY 200G | D44: =B44*C44 -> 0
A45: BÔNG CẢI XANH BIGC | D45: =B45*C45 -> 0
A46: BÔNG CẢI XANH CITI | D46: =B46*C46 -> 0
A47: CÀ CHUA | D47: =B47*C47 -> 0
A48: CÀ CHUA BI | D48: =B48*C48 -> 0
A49: CÀ CHUA BI (HỘP) 300GR KQ | D49: =B49*C49 -> 0
A50: CÀ CHUA BI (HỘP) 300GR VR | D50: =B50*C50 -> 0
A51: CÀ CHUA BI 300GR KQ (KG) | D51: =B51*C51 -> 0
A52: CÀ CHUA BI 300GR VR (KG) | D52: =B52*C52 -> 0
A53: CÀ CHUA BI CAM SỮA (KG) VR | D53: =B53*C53 -> 0
... A62: CÀ CHUA ROSEBERRY 300G | D62: =B62*C62 -> 0
A63: CÀ CHUA SÔCOLA 250GR (HỘP) VR | B63: 18 | C63: 5000 | D63: =B63*C63 -> 90000
A64: CÀ CHUA SÔCOLA 250GR (KG) -NA | D64: =B64*C64 -> 0
A65: CÀ CHUA SÔCOLA 250GR (KG) VR | D65: =B65*C65 -> 0
A66: CÀ CHUA SÔCOLA 250GR(KG) KQ | D66: =B66*C66 -> 0
A67: CÀ CHUA SÔCOLA 300GR (HỘP) VR | D67: =B67*C67 -> 0
A68: CÀ CHUA SOCOLA XÁ | D68: =B68*C68 -> 0
A69: CÀ CHUA SÔCOLA(HỘP) KQ | D69: =B69*C69 -> 0
A70: CÀ CHUA VỈ 400GR | D70: =B70*C70 -> 0
A71: CÀ CHUA VR | D71: =B71*C71 -> 0
A72: CÀ CHUA Ý | D72: =B72*C72 -> 0
A73: CÀ CHUA Ý 500G | B73: =20+78 -> 98 | C73: 18000 | D73: =B73*C73 -> 1764000
A74: CÀ CHUA Ý CHÙM | B74: 70 | C74: 21000 | D74: =B74*C74 -> 1470000
A75: CÀ CHUA Ý(VỈ) KG | D75: =B75*C75 -> 0
A76: CÀ CHUA Ý(VỈ) KG KQ | D76: =B76*C76 -> 0
A77: CÀ RỐT BABY | D77: =B77*C77 -> 0
A78: CÀ RỐT BABY (KG) KQ | D78: =B78*C78 -> 0
A79: CÀ RỐT BABY 200GR | D79: =B79*C79 -> 0
A80: CÀ RỐT DL | D80: =B80*C80 -> 0
A81: CÀ RỐT DL L1 | D81: =B81*C81 -> 0
A82: CÀ RỐT DL TÚI LƯỚI 500GR VR | D82: =B82*C82 -> 0
A83: CÀ RỐT TRUNG | D83: =B83*C83 -> 0
A84: CÀ RỐT TÚI LƯỚI 800G KQ | D84: =B84*C84 -> 0
A85: CÀ TÍM | D85: =B85*C85 -> 0
A86: CÀ TÍM CẶP 400G | D86: =B86*C86 -> 0
... A125: CỦ CẢI MUỐI (VỈ) 250G KQ | D125: =B125*C125 -> 0
A126: CỦ CẢI MUỐI(KG) | B126: 2.5 | C126: 16000 | D126: =B126*C126 -> 40000
A127: CỦ CẢI TRẮNG | D127: =B127*C127 -> 0
A128: CỦ CẢI TRẮNG CẶP 400GR | D128: =B128*C128 -> 0
A129: CỦ ĐẬU 400G | D129: =B129*C129 -> 0
A130: CỦ DỀN | D130: =B130*C130 -> 0
A131: CỦ DỀN 600G | D131: =B131*C131 -> 0
A132: CỦ HÀNH ĐỎ | D132: =B132*C132 -> 0
A133: CỦ HÀNH ĐỎ 500GR | D133: =B133*C133 -> 0
A134: CỦ NGHỆ | D134: =B134*C134 -> 0
A135: ĐẬU BO | D135: =B135*C135 -> 0
A136: ĐẬU BO 250GR | D136: =B136*C136 -> 0
A137: ĐẬU COVE MỘC CHÂU | D137: =B137*C137 -> 0
A138: ĐẬU CÚC | B138: 2 | C138: 70000 | D138: =B138*C138 -> 140000
A139: ĐẬU CÚC 250GR | D139: =B139*C139 -> 0
A140: ĐẬU ĐỎ | D140: =B140*C140 -> 0
A141: ĐẬU ĐỎ 250GR | D141: =B141*C141 -> 0
A142: ĐẬU HÀ LAN | D142: =B142*C142 -> 0
A143: ĐẬU HÀ LAN-FUJI | D143: =B143*C143 -> 0
A144: ĐẬU NGỰ | D144: =B144*C144 -> 0
A145: ĐẬU NGỰ 250GR | D145: =B145*C145 -> 0
A146: ĐẬU QUE TRẮNG (KG NA) | D146: =B146*C146 -> 0
...
