Workbook

Sheet 1.1
A1: hàng tồn cuối ngày 1/1
A2: TÊN SẢN PHẨM | B2: TỒN TRƯỚC | C2: GIÁ NHẬP | D2: THÀNH TIỀN
A3: CÀ CHUA SÔCOLA 250GR (HỘP) VR | B3: 10 | C3: 8000 | D3: =B3*C3 -> 80000
A4: CÀ CHUA SÔCOLA 250GR (KG) -NA | D4: =B4*C4 -> 0
A5: CÀ CHUA SÔCOLA 250GR (KG) VR | D5: =B5*C5 -> 0
A6: CÀ CHUA SÔCOLA 250GR(KG) KQ | D6: =B6*C6 -> 0
A7: CÀ CHUA SÔCOLA 300GR (HỘP) VR | D7: =B7*C7 -> 0
A8: CÀ CHUA SOCOLA XÁ | D8: =B8*C8 -> 0
A9: CÀ CHUA SÔCOLA(HỘP) KQ | D9: =B9*C9 -> 0
A10: CÀ RỐT BABY | D10: =B10*C10 -> 0
A11: CÀ RỐT BABY (KG) KQ | D11: =B11*C11 -> 0
A12: CÀ RỐT BABY 200GR | D12: =B12*C12 -> 0
A13: CẢI CẦU VỒNG | D13: =B13*C13 -> 0
A14: CẢI CẦU VỒNG 300GR | B14: 6 | C14: 6000 | D14: =B14*C14 -> 36000
A15: CẢI KALE | D15: =B15*C15 -> 0
A16: CẢI KALE 300GR | D16: =B16*C16 -> 0
A17: CHANH VÀNG (KG) | D17: =B17*C17 -> 0
A18: CHANH VÀNG TRÁI 180UP | D18: =B18*C18 -> 0
A19: CẦN TÂY (KG) | D19: =B19*C19 -> 0
A20: CẦN TÂY THUỶ CANH | D20: =B20*C20 -> 0
A21: CẦN TÂY(CÂY) | D21: =B21*C21 -> 0
A22: ỚT CHUÔNG 3 MÀU(KG)VR | D22: =B22*C22 -> 0
A23: ỚT CHUÔNG ĐỎ | B23: 140 | C23: 30000 | D23: =B23*C23 -> 4200000
A24: ỚT CHUÔNG ĐỎ L1 | D24: =B24*C24 -> 0
A25: ỚT CHUÔNG ĐỎ(TRÁI) | D25: =B25*C25 -> 0
A26: ỚT CHUÔNG 3 MÀU 350G | D26: =B26*C26 -> 0
A27: ỚT CHUÔNG 3 MÀU KQ(KG) | D27: =B27*C27 -> 0
A28: ỚT CHUÔNG VÀNG | B28: 4 | C28: 38000 | D28: =B28*C28 -> 152000
A29: ỚT CHUÔNG VÀNG L1 | D29: =B29*C29 -> 0
A30: ỚT CHUÔNG VÀNG(TRÁI) | D30: =B30*C30 -> 0
A31: ỚT CHUÔNG VÀNG+ XANH (VỈ) | D31: =B31*C31 -> 0
A32: ỚT CHUÔNG XANH | B32: 45 | C32: 27000 | D32: =B32*C32 -> 1215000
A33: ỚT CHUÔNG XANH L1 | D33: =B33*C33 -> 0
A34: ỚT CHUÔNG XANH(TRÁI) | D34: =B34*C34 -> 0
A35: CỦ DỀN | B35: =40+40+15+12 -> 107 | C35: 12000 | D35: =B35*C35 -> 1284000
A36: CỦ DỀN 600G | D36: =B36*C36 -> 0
A37: GỪNG 250GR | D37: =B37*C37 -> 0
A38: HỒNG GIÒN | D38: =B38*C38 -> 0
A39: XÀ LÁCH MỸ | D39: =B39*C39 -> 0
A40: KHOAI TÂY HỒNG | B40: 10 | C40: 24000 | D40: =B40*C40 -> 240000
A41: KHOAI TÂY HỒNG TÚI LƯỚI 500G | D41: =B41*C41 -> 0
A42: KHOAI TÂY VÀNG | B42: =10+30 -> 40 | C42: 12000 | D42: =B42*C42 -> 480000
A43: KHOAI TÂY VÀNG ĐL | B43: =10+70 -> 80 | C43: 15000 | D43: =B43*C43 -> 1200000
A44: KHOAI TÂY VÀNG LỚN TÚI LƯỚI 500G | B44: 40 | C44: 15000 | D44: =B44*C44 -> 600000
A45: KHOAI TÂY VÀNG RỬA | D45: =B45*C45 -> 0
A46: KHOAI TÂY VÀNG TRUNG TÚI LƯỚI 500G | D46: =B46*C46 -> 0
A47: CẢI THẢO DL | D47: =B47*C47 -> 0
A48: CẢI THẢO DL(BẮP) | D48: =B48*C48 -> 0
A49: CẢI THẢO KIM CHI | D49: =B49*C49 -> 0
A50: CẢI THẢO VR | D50: =B50*C50 -> 0
A51: BẦU | D51: =B51*C51 -> 0
A52: BÍ ĐAO XANH | B52: 5 | C52: 15000 | D52: =B52*C52 -> 75000
A53: BÍ ĐAO XANH 400G | D53: =B53*C53 -> 0
A54: DƯA LEO | B54: =8+10 -> 18 | C54: 18000 | D54: =B54*C54 -> 324000
A55: DƯA LEO 400G | D55: =B55*C55 -> 0
A56: KHỔ QUA | D56: =B56*C56 -> 0
A57: KHỔ QUA 400GR | D57: =B57*C57 -> 0
A58: KHỔ QUA BÓ 350-500GR | D58: =B58*C58 -> 0
A59: MƯỚP HƯƠNG | D59: =B59*C59 -> 0
A60: MƯỚP HƯƠNG 300G | D60: =B60*C60 -> 0
A61: BÍ MINI VÀNG 300GR | D61: =B61*C61 -> 0
A62: BÍ MINI VÀNG KG | D62: =B62*C62 -> 0
A63: DƯA LEO GIỐNG NHẬT 600GR | D63: =B63*C63 -> 0
A64: DƯA LEO GIỐNG NHẬT KG | D64: =B64*C64 -> 0
A65: BƠ 034 | D65: =B65*C65 -> 0
A66: BƠ BOOTH | D66: =B66*C66 -> 0
A67: BƠ SÁP | D67: =B67*C67 -> 0
A68: KHOAI LANG MẬT (KG) 2-3 CỦ | B68: =380+140 -> 520 | C68: 27000 | D68: =B68*C68 -> 14040000
A69: KHOAI LANG MẬT (KG) 4-6 CỦ | B69: =50+40 -> 90 | C69: 26000 | D69: =B69*C69 -> 2340000
A70: KHOAI LANG MẬT 500G KQ | D70: =B70*C70 -> 0
A71: KHOAI LANG MẬT 500G VR | B71: 28 | C71: 14000 | D71: =B71*C71 -> 392000
A72: PARO | D72: =B72*C72 -> 0
A73: PARO (CÂY) | D73: =B73*C73 -> 0
A74: BẮP CẢI TÍM | D74: =B74*C74 -> 0
A75: BẮP CẢI TÍM (BẮP) | D75: =B75*C75 -> 0
A76: BẮP CẢI TÍM SUSHI | D76: =B76*C76 -> 0
A77: CÀ CHUA CHERRY MIX 300G | D77: =B77*C77 -> 0
A78: TÍA TÔ 50G | D78: =B78*C78 -> 0
A79: XÀ LÁCH LOLO XANH | D79: =B79*C79 -> 0
A80: XÀ LÁCH LOLO XANH SUSHI | D80: =B80*C80 -> 0
A81: XÀ LÁCH LOLO XANH TÚI 300GR | D81: =B81*C81 -> 0
A82: XÀ LÁCH ROMEN THUỶ CANH (KG) VR | D82: =B82*C82 -> 0
A83: CÀ RỐT DL | D83: =B83*C83 -> 0
A84: CÀ RỐT DL L1 | B84: =35+40+36 -> 111 | C84: 13000 | D84: =B84*C84 -> 1443000
A85: CÀ RỐT DL TÚI LƯỚI 500GR VR | D85: =B85*C85 -> 0
A86: CÀ RỐT TRUNG | D86: =B86*C86 -> 0
A87: CÀ RỐT TÚI LƯỚI 800G KQ | D87: =B87*C87 -> 0
A88: GỪNG | B88: 8 | C88: 28000 | D88: =B88*C88 -> 224000
A89: MỒNG TƠI | D89: =B89*C89 -> 0
A90: NGÒ RÍ | D90: =B90*C90 -> 0
A91: NGÒ RÍ TÚI 50GR | D91: =B91*C91 -> 0
A92: ỚT HIỂM | D92: =B92*C92 -> 0
A93: ỚT HIỂM 100G | D93: =B93*C93 -> 0
A94: THÌ LÀ | D94: =B94*C94 -> 0
A95: THÌ LÀ TÚI 80GR | D95: =B95*C95 -> 0
A96: CHUỐI LABA | D96: =B96*C96 -> 0
A97: BÔNG BÍ TÚI 300GR | D97: =B97*C97 -> 0
A98: BÔNG CẢI TRẮNG | D98: =B98*C98 -> 0
A99: BÔNG CẢI TRẮNG (CÂY) | D99: =B99*C99 -> 0
A100: SET RAU KÈM ỚT | D100: =B100*C100 -> 0
...

Sheet 2.1
A1: hàng tồn cuối ngày 2/1
A2: TÊN SẢN PHẨM | B2: TỒN TRƯỚC | C2: GIÁ NHẬP | D2: THÀNH TIỀN
A3: CÀ CHUA SÔCOLA 250GR (HỘP) VR | D3: =B3*C3 -> 0
A4: CÀ CHUA SÔCOLA 250GR (KG) -NA | D4: =B4*C4 -> 0
A5: CÀ CHUA SÔCOLA 250GR (KG) VR | D5: =B5*C5 -> 0
A6: CÀ CHUA SÔCOLA 250GR(KG) KQ | D6: =B6*C6 -> 0
A7: CÀ CHUA SÔCOLA 300GR (HỘP) VR | D7: =B7*C7 -> 0
A8: CÀ CHUA SOCOLA XÁ | D8: =B8*C8 -> 0
A9: CÀ CHUA SÔCOLA(HỘP) KQ | D9: =B9*C9 -> 0
A10: CÀ RỐT BABY | D10: =B10*C10 -> 0
A11: CÀ RỐT BABY (KG) KQ | D11: =B11*C11 -> 0
A12: CÀ RỐT BABY 200GR | D12: =B12*C12 -> 0
A13: CẢI CẦU VỒNG | D13: =B13*C13 -> 0
A14: CẢI CẦU VỒNG 300GR | D14: =B14*C14 -> 0
... A22: ỚT CHUÔNG 3 MÀU(KG)VR | D22: =B22*C22 -> 0
A23: ỚT CHUÔNG ĐỎ | B23: =7+25+40+40 -> 112 | C23: 30000 | D23: =B23*C23 -> 3360000
A24: ỚT CHUÔNG ĐỎ L1 | B24: 20 | C24: 23000 | D24: =B24*C24 -> 460000
A25: ỚT CHUÔNG ĐỎ(TRÁI) | D25: =B25*C25 -> 0
A26: ỚT CHUÔNG 3 MÀU 350G | D26: =B26*C26 -> 0
A27: ỚT CHUÔNG 3 MÀU KQ(KG) | D27: =B27*C27 -> 0
A28: ỚT CHUÔNG VÀNG | B28: 60 | C28: 38000 | D28: =B28*C28 -> 2280000
A29: ỚT CHUÔNG VÀNG L1 | B29: 50 | C29: 25000 | D29: =B29*C29 -> 1250000
A30: ỚT CHUÔNG VÀNG(TRÁI) | D30: =B30*C30 -> 0
A31: ỚT CHUÔNG VÀNG+ XANH (VỈ) | D31: =B31*C31 -> 0
A32: ỚT CHUÔNG XANH | B32: =13+12+17 -> 42 | C32: 30000 | D32: =B32*C32 -> 1260000
A33: ỚT CHUÔNG XANH L1 | D33: =B33*C33 -> 0
A34: ỚT CHUÔNG XANH(TRÁI) | D34: =B34*C34 -> 0
A35: CỦ DỀN | B35: =5+40+10 -> 55 | C35: 12000 | D35: =B35*C35 -> 660000
A36: CỦ DỀN 600G | D36: =B36*C36 -> 0
A37: GỪNG 250GR | D37: =B37*C37 -> 0
A38: HỒNG GIÒN | D38: =B38*C38 -> 0
A39: XÀ LÁCH MỸ | D39: =B39*C39 -> 0
A40: KHOAI TÂY HỒNG | D40: =B40*C40 -> 0
A41: KHOAI TÂY HỒNG TÚI LƯỚI 500G | D41: =B41*C41 -> 0
A42: KHOAI TÂY VÀNG | B42: 80 | C42: 12000 | D42: =B42*C42 -> 960000
A43: KHOAI TÂY VÀNG ĐL | B43: 130 | C43: 15000 | D43: =B43*C43 -> 1950000
A44: KHOAI TÂY VÀNG LỚN TÚI LƯỚI 500G | D44: =B44*C44 -> 0
A45: KHOAI TÂY VÀNG RỬA | D45: =B45*C45 -> 0
A46: KHOAI TÂY VÀNG TRUNG TÚI LƯỚI 500G | D46: =B46*C46 -> 0
A47: CẢI THẢO DL | D47: =B47*C47 -> 0
A48: CẢI THẢO DL(BẮP) | D48: =B48*C48 -> 0
A49: CẢI THẢO KIM CHI | D49: =B49*C49 -> 0
A50: CẢI THẢO VR | D50: =B50*C50 -> 0
A51: BẦU | D51: =B51*C51 -> 0
A52: BÍ ĐAO XANH | D52: =B52*C52 -> 0
A53: BÍ ĐAO XANH 400G | D53: =B53*C53 -> 0
A54: DƯA LEO | B54: 20 | C54: 13000 | D54: =B54*C54 -> 260000
A55: DƯA LEO 400G | D55: =B55*C55 -> 0
A56: KHỔ QUA | D56: =B56*C56 -> 0
A57: KHỔ QUA 400GR | D57: =B57*C57 -> 0
A58: KHỔ QUA BÓ 350-500GR | D58: =B58*C58 -> 0
A59: MƯỚP HƯƠNG | D59: =B59*C59 -> 0
A60: MƯỚP HƯƠNG 300G | D60: =B60*C60 -> 0
A61: BÍ MINI VÀNG 300GR | D61: =B61*C61 -> 0
A62: BÍ MINI VÀNG KG | D62: =B62*C62 -> 0
A63: DƯA LEO GIỐNG NHẬT 600GR | D63: =B63*C63 -> 0
A64: DƯA LEO GIỐNG NHẬT KG | D64: =B64*C64 -> 0
A65: BƠ 034 | D65: =B65*C65 -> 0
A66: BƠ BOOTH | D66: =B66*C66 -> 0
A67: BƠ SÁP | D67: =B67*C67 -> 0
A68: KHOAI LANG MẬT (KG) 2-3 CỦ | B68: =40+20+50+280 -> 390 | C68: 27000 | D68: =B68*C68 -> 10530000
A69: KHOAI LANG MẬT (KG) 4-6 CỦ | B69: =60+20+20+30+260 -> 390 | C69: 26000 | D69: =B69*C69 -> 10140000
A70: KHOAI LANG MẬT 500G KQ | D70: =B70*C70 -> 0
A71: KHOAI LANG MẬT 500G VR | B71: 16 | C71: 14000 | D71: =B71*C71 -> 224000
A72: PARO | D72: =B72*C72 -> 0
A73: PARO (CÂY) | D73: =B73*C73 -> 0
A74: BẮP CẢI TÍM | B74: 12 | C74: 32000 | D74: =B74*C74 -> 384000
A75: BẮP CẢI TÍM (BẮP) | D75: =B75*C75 -> 0
A76: BẮP CẢI TÍM SUSHI | D76: =B76*C76 -> 0
A77: CÀ CHUA CHERRY MIX 300G | D77: =B77*C77 -> 0
A78: TÍA TÔ 50G | D78: =B78*C78 -> 0
A79: XÀ LÁCH LOLO XANH | D79: =B79*C79 -> 0
A80: XÀ LÁCH LOLO XANH SUSHI | D80: =B80*C80 -> 0
A81: XÀ LÁCH LOLO XANH TÚI 300GR | D81: =B81*C81 -> 0
A82: XÀ LÁCH ROMEN THUỶ CANH (KG) VR | D82: =B82*C82 -> 0
A83: CÀ RỐT DL | D83: =B83*C83 -> 0
A84: CÀ RỐT DL L1 | D84: =B84*C84 -> 0
A85: CÀ RỐT DL TÚI LƯỚI 500GR VR | D85: =B85*C85 -> 0
A86: CÀ RỐT TRUNG | D86: =B86*C86 -> 0
... A97: BÔNG BÍ TÚI 300GR | D97: =B97*C97 -> 0
A98: BÔNG CẢI TRẮNG | B98: 6 | C98: 13000 | D98: =B98*C98 -> 78000
A99: BÔNG CẢI TRẮNG (CÂY) | D99: =B99*C99 -> 0
A100: SET RAU KÈM ỚT | D100: =B100*C100 -> 0
A101: SET RAU KHÔNG KÈM ỚT | D101: =B101*C101 -> 0
A102: ĐẬU BO | B102: 0.5 | C102: 250000 | D102: =B102*C102 -> 125000
A103: ĐẬU BO 250GR | D103: =B103*C103 -> 0
A104: ĐẬU CÚC | D104: =B104*C104 -> 0
A105: ĐẬU CÚC 250GR | D105: =B105*C105 -> 0
A106: ĐẬU ĐỎ | D106: =B106*C106 -> 0
A107: ĐẬU ĐỎ 250GR | B107: 2 | C107: 20000 | D107: =B107*C107 -> 40000
A108: ĐẬU HÀ LAN-FUJI | D108: =B108*C108 -> 0
A109: ĐẬU NGỰ | B109: 2.5 | C109: 70000 | D109: =B109*C109 -> 175000
A110: ĐẬU NGỰ 250GR | D110: =B110*C110 -> 0
A111: DAU THAP CAM (HON HOP) TUOI 100G | D111: =B111*C111 -> 0
A112: ĐẬU TRẮNG | D112: =B112*C112 -> 0
A113: ĐẬU TRẮNG 250GR | D113: =B113*C113 -> 0
A114: CÀ CHUA | B114: =170+320+10+20 -> 520 | C114: 14000 | D114: =B114*C114 -> 7280000
A115: CÀ CHUA L1 | B115: 10 | C115: 13000 | D115: =B115*C115 -> 130000
A116: CÀ CHUA VỈ 400GR | D116: =B116*C116 -> 0
A117: CÀ CHUA VR | D117: =B117*C117 -> 0
...

Sheet 3.1
A1: hàng tồn cuối ngày 3/1
A2: TÊN SẢN PHẨM | B2: TỒN TRƯỚC | C2: GIÁ NHẬP | D2: THÀNH TIỀN
A3: CÀ CHUA SÔCOLA 250GR (HỘP) VR | D3: =B3*C3 -> 0
A4: CÀ CHUA SÔCOLA 250GR (KG) -NA | D4: =B4*C4 -> 0
A5: CÀ CHUA SÔCOLA 250GR (KG) VR | D5: =B5*C5 -> 0
A6: CÀ CHUA SÔCOLA 250GR(KG) KQ | D6: =B6*C6 -> 0
A7: CÀ CHUA SÔCOLA 300GR (HỘP) VR | D7: =B7*C7 -> 0
A8: CÀ CHUA SOCOLA XÁ | D8: =B8*C8 -> 0
A9: CÀ CHUA SÔCOLA(HỘP) KQ | D9: =B9*C9 -> 0
A10: CÀ RỐT BABY | D10: =B10*C10 -> 0
A11: CÀ RỐT BABY (KG) KQ | D11: =B11*C11 -> 0
A12: CÀ RỐT BABY 200GR | D12: =B12*C12 -> 0
A13: CẢI CẦU VỒNG | D13: =B13*C13 -> 0
A14: CẢI CẦU VỒNG 300GR | D14: =B14*C14 -> 0
... A22: ỚT CHUÔNG 3 MÀU(KG)VR | D22: =B22*C22 -> 0
A23: ỚT CHUÔNG ĐỎ | B23: 75 | C23: 33000 | D23: =B23*C23 -> 2475000
A24: ỚT CHUÔNG ĐỎ L1 | B24: 50 | C24: 23000 | D24: =B24*C24 -> 1150000
A25: ỚT CHUÔNG ĐỎ(TRÁI) | D25: =B25*C25 -> 0
A26: ỚT CHUÔNG 3 MÀU 350G | B26: 30 | C26: 10000 | D26: =B26*C26 -> 300000
A27: ỚT CHUÔNG 3 MÀU KQ(KG) | D27: =B27*C27 -> 0
A28: ỚT CHUÔNG VÀNG | B28: =20+5+15 -> 40 | C28: 38000 | D28: =B28*C28 -> 1520000
A29: ỚT CHUÔNG VÀNG L1 | B29: =4+7+15 -> 26 | C29: 25000 | D29: =B29*C29 -> 650000
A30: ỚT CHUÔNG VÀNG(TRÁI) | D30: =B30*C30 -> 0
A31: ỚT CHUÔNG VÀNG+ XANH (VỈ) | D31: =B31*C31 -> 0
A32: ỚT CHUÔNG XANH | D32: =B32*C32 -> 0
A33: ỚT CHUÔNG XANH L1 | D33: =B33*C33 -> 0
A34: ỚT CHUÔNG XANH(TRÁI) | D34: =B34*C34 -> 0
A35: CỦ DỀN | B35: =20+6+7 -> 33 | C35: 12000 | D35: =B35*C35 -> 396000
A36: CỦ DỀN 600G | D36: =B36*C36 -> 0
A37: GỪNG 250GR | D37: =B37*C37 -> 0
A38: HỒNG GIÒN | D38: =B38*C38 -> 0
A39: XÀ LÁCH MỸ | D39: =B39*C39 -> 0
A40: KHOAI TÂY HỒNG | D40: =B40*C40 -> 0
A41: KHOAI TÂY HỒNG TÚI LƯỚI 500G | D41: =B41*C41 -> 0
A42: KHOAI TÂY VÀNG | B42: 18 | C42: 12000 | D42: =B42*C42 -> 216000
A43: KHOAI TÂY VÀNG ĐL | B43: =20+150+105+53 -> 328 | C43: 15000 | D43: =B43*C43 -> 4920000
A44: KHOAI TÂY VÀNG LỚN TÚI LƯỚI 500G | D44: =B44*C44 -> 0
A45: KHOAI TÂY VÀNG RỬA | D45: =B45*C45 -> 0
A46: KHOAI TÂY VÀNG TRUNG TÚI LƯỚI 500G | D46: =B46*C46 -> 0
A47: CẢI THẢO DL | D47: =B47*C47 -> 0
A48: CẢI THẢO DL(BẮP) | D48: =B48*C48 -> 0
A49: CẢI THẢO KIM CHI | D49: =B49*C49 -> 0
A50: CẢI THẢO VR | D50: =B50*C50 -> 0
A51: BẦU | D51: =B51*C51 -> 0
A52: BÍ ĐAO XANH | B52: 5 | C52: 15000 | D52: =B52*C52 -> 75000
A53: BÍ ĐAO XANH 400G | D53: =B53*C53 -> 0
A54: DƯA LEO | D54: =B54*C54 -> 0
A55: DƯA LEO 400G | D55: =B55*C55 -> 0
A56: KHỔ QUA | D56: =B56*C56 -> 0
A57: KHỔ QUA 400GR | D57: =B57*C57 -> 0
A58: KHỔ QUA BÓ 350-500GR | D58: =B58*C58 -> 0
A59: MƯỚP HƯƠNG | B59: 3.5 | C59: 10000 | D59: =B59*C59 -> 35000
A60: MƯỚP HƯƠNG 300G | D60: =B60*C60 -> 0
A61: BÍ MINI VÀNG 300GR | D61: =B61*C61 -> 0
A62: BÍ MINI VÀNG KG | D62: =B62*C62 -> 0
A63: DƯA LEO GIỐNG NHẬT 600GR | D63: =B63*C63 -> 0
A64: DƯA LEO GIỐNG NHẬT KG | D64: =B64*C64 -> 0
A65: BƠ 034 | D65: =B65*C65 -> 0
A66: BƠ BOOTH | D66: =B66*C66 -> 0
A67: BƠ SÁP | D67: =B67*C67 -> 0
A68: KHOAI LANG MẬT (KG) 2-3 CỦ | B68: =20+20+50+200 -> 290 | C68: 27000 | D68: =B68*C68 -> 7830000
A69: KHOAI LANG MẬT (KG) 4-6 CỦ | B69: =50+15+30+110 -> 205 | C69: 27000 | D69: =B69*C69 -> 5535000
A70: KHOAI LANG MẬT 500G KQ | D70: =B70*C70 -> 0
A71: KHOAI LANG MẬT 500G VR | D71: =B71*C71 -> 0
A72: PARO | B72: 20 | C72: 15000 | D72: =B72*C72 -> 300000
A73: PARO (CÂY) | D73: =B73*C73 -> 0
A74: BẮP CẢI TÍM | B74: 13 | C74: 33000 | D74: =B74*C74 -> 429000
A75: BẮP CẢI TÍM (BẮP) | D75: =B75*C75 -> 0
A76: BẮP CẢI TÍM SUSHI | D76: =B76*C76 -> 0
A77: CÀ CHUA CHERRY MIX 300G | D77: =B77*C77 -> 0
A78: TÍA TÔ 50G | D78: =B78*C78 -> 0
A79: XÀ LÁCH LOLO XANH | D79: =B79*C79 -> 0
A80: XÀ LÁCH LOLO XANH SUSHI | D80: =B80*C80 -> 0
A81: XÀ LÁCH LOLO XANH TÚI 300GR | D81: =B81*C81 -> 0
A82: XÀ LÁCH ROMEN THUỶ CANH (KG) VR | D82: =B82*C82 -> 0
A83: CÀ RỐT DL | D83: =B83*C83 -> 0
A84: CÀ RỐT DL L1 | B84: =15+110+40 -> 165 | C84: 12000 | D84: =B84*C84 -> 1980000
A85: CÀ RỐT DL TÚI LƯỚI 500GR VR | D85: =B85*C85 -> 0
A86: CÀ RỐT TRUNG | D86: =B86*C86 -> 0
A87: CÀ RỐT TÚI LƯỚI 800G KQ | D87: =B87*C87 -> 0
A88: GỪNG | B88: 10 | C88: 32000 | D88: =B88*C88 -> 320000
A89: MỒNG TƠI | D89: =B89*C89 -> 0
A90: NGÒ RÍ | D90: =B90*C90 -> 0
A91: NGÒ RÍ TÚI 50GR | D91: =B91*C91 -> 0
A92: ỚT HIỂM | D92: =B92*C92 -> 0
A93: ỚT HIỂM 100G | D93: =B93*C93 -> 0
A94: THÌ LÀ | D94: =B94*C94 -> 0
A95: THÌ LÀ TÚI 80GR | D95: =B95*C95 -> 0
A96: CHUỐI LABA | B96: 3 | C96: 10000 | D96: =B96*C96 -> 30000
A97: BÔNG BÍ TÚI 300GR | D97: =B97*C97 -> 0
A98: BÔNG CẢI TRẮNG | B98: 20 | C98: 13000 | D98: =B98*C98 -> 260000
A99: BÔNG CẢI TRẮNG (CÂY) | D99: =B99*C99 -> 0
A100: SET RAU KÈM ỚT | D100: =B100*C100 -> 0
A101: SET RAU KHÔNG KÈM ỚT | D101: =B101*C101 -> 0
A102: ĐẬU BO | D102: =B102*C102 -> 0
A103: ĐẬU BO 250GR | D103: =B103*C103 -> 0
A104: ĐẬU CÚC | D104: =B104*C104 -> 0
A105: ĐẬU CÚC 250GR | D105: =B105*C105 -> 0
A106: ĐẬU ĐỎ | D106: =B106*C106 -> 0
A107: ĐẬU ĐỎ 250GR | D107: =B107*C107 -> 0
...

Sheet 4.1
A1: hàng tồn cuối ngày 4/12
A2: TÊN SẢN PHẨM | B2: TỒN TRƯỚC | C2: GHI CHÚ | D2: Tồn kho an toàn tại ĐL
A3: CÀ CHUA SÔCOLA 250GR (HỘP) VR | D3: =B3*C3 -> 0
A4: CÀ CHUA SÔCOLA 250GR (KG) -NA | D4: =B4*C4 -> 0
A5: CÀ CHUA SÔCOLA 250GR (KG) VR | D5: =B5*C5 -> 0
A6: CÀ CHUA SÔCOLA 250GR(KG) KQ | D6: =B6*C6 -> 0
A7: CÀ CHUA SÔCOLA 300GR (HỘP) VR | D7: =B7*C7 -> 0
A8: CÀ CHUA SOCOLA XÁ | D8: =B8*C8 -> 0
A9: CÀ CHUA SÔCOLA(HỘP) KQ | D9: =B9*C9 -> 0
A10: CÀ RỐT BABY | D10: =B10*C10 -> 0
A11: CÀ RỐT BABY (KG) KQ | D11: =B11*C11 -> 0
A12: CÀ RỐT BABY 200GR | D12: =B12*C12 -> 0
A13: CẢI CẦU VỒNG | D13: =B13*C13 -> 0
A14: CẢI CẦU VỒNG 300GR | D14: =B14*C14 -> 0
... A22: ỚT CHUÔNG 3 MÀU(KG)VR | D22: =B22*C22 -> 0
A23: BẮP CẢI TÍM | B23: 10 | C23: 26000 | D23: =B23*C23 -> 260000
A24: BÍ ĐỎ HỒ LÔ | B24: 12 | C24: 10500 | D24: =B24*C24 -> 126000
A25: ỚT CHUÔNG ĐỎ(TRÁI) | D25: =B25*C25 -> 0
A26: ỚT CHUÔNG 3 MÀU 350G | D26: =B26*C26 -> 0
A27: ỚT CHUÔNG 3 MÀU KQ(KG) | D27: =B27*C27 -> 0
A28: BÍ ĐỎ NON( KG) VR | B28: 15 | C28: 10000 | D28: =B28*C28 -> 150000
A29: BÍ ĐỎ TRÒN | B29: =2000+650 -> 2650 | C29: 5000 | D29: =B29*C29 -> 13250000
A30: ỚT CHUÔNG VÀNG(TRÁI) | D30: =B30*C30 -> 0
A31: ỚT CHUÔNG VÀNG+ XANH (VỈ) | D31: =B31*C31 -> 0
A32: BÍ NGÒI VÀNG | B32: 1 | C32: 28000 | D32: =B32*C32 -> 28000
A33: ỚT CHUÔNG XANH L1 | D33: =B33*C33 -> 0
A34: ỚT CHUÔNG XANH(TRÁI) | D34: =B34*C34 -> 0
A35: BÍ NGÒI XANH | B35: =30+50+33+75+10+47 -> 245 | C35: 10000 | D35: =B35*C35 -> 2450000
A36: CỦ DỀN 600G | D36: =B36*C36 -> 0
A37: GỪNG 250GR | D37: =B37*C37 -> 0
A38: HỒNG GIÒN | D38: =B38*C38 -> 0
A39: XÀ LÁCH MỸ | D39: =B39*C39 -> 0
A40: BÓ XÔI | B40: 2 | C40: 15000 | D40: =B40*C40 -> 30000
A41: KHOAI TÂY HỒNG TÚI LƯỚI 500G | D41: =B41*C41 -> 0
A42: KHOAI TÂY VÀNG | D42: =B42*C42 -> 0
A43: BÔNG BÍ | B43: 0.5 | C43: 50000 | D43: =B43*C43 -> 25000
A44: BÔNG CẢI TRẮNG | B44: 14 | C44: 15000 | D44: =B44*C44 -> 210000
A45: KHOAI TÂY VÀNG RỬA | D45: =B45*C45 -> 0
A46: KHOAI TÂY VÀNG TRUNG TÚI LƯỚI 500G | D46: =B46*C46 -> 0
A47: CẢI THẢO DL | D47: =B47*C47 -> 0
A48: CẢI THẢO DL(BẮP) | D48: =B48*C48 -> 0
A49: CẢI THẢO KIM CHI | D49: =B49*C49 -> 0
A50: CẢI THẢO VR | D50: =B50*C50 -> 0
A51: BẦU | D51: =B51*C51 -> 0
A52: BÍ ĐAO XANH | D52: =B52*C52 -> 0
A53: BÍ ĐAO XANH 400G | D53: =B53*C53 -> 0
A54: DƯA LEO | D54: =B54*C54 -> 0
A55: CÀ CHUA | B55: =400+50+60 -> 510 | C55: 11000 | D55: =B55*C55 -> 5610000
A56: KHỔ QUA | D56: =B56*C56 -> 0
A57: KHỔ QUA 400GR | D57: =B57*C57 -> 0
A58: KHỔ QUA BÓ 350-500GR | D58: =B58*C58 -> 0
A59: MƯỚP HƯƠNG | D59: =B59*C59 -> 0
A60: MƯỚP HƯƠNG 300G | D60: =B60*C60 -> 0
A61: BÍ MINI VÀNG 300GR | D61: =B61*C61 -> 0
A62: BÍ MINI VÀNG KG | D62: =B62*C62 -> 0
A63: DƯA LEO GIỐNG NHẬT 600GR | D63: =B63*C63 -> 0
A64: DƯA LEO GIỐNG NHẬT KG | D64: =B64*C64 -> 0
A65: BƠ 034 | D65: =B65*C65 -> 0
A66: BƠ BOOTH | D66: =B66*C66 -> 0
A67: BƠ SÁP | D67: =B67*C67 -> 0
A68: CÀ CHUA L1 | B68: 30 | C68: 8000 | D68: =B68*C68 -> 240000
A69: CÀ CHUA Ý | B69: 200 | C69: 19000 | D69: =B69*C69 -> 3800000
A70: KHOAI LANG MẬT 500G KQ | D70: =B70*C70 -> 0
A71: KHOAI LANG MẬT 500G VR | D71: =B71*C71 -> 0
A72: CÀ CHUA Ý CHÙM | B72: 20 | C72: 21000 | D72: =B72*C72 -> 420000
A73: PARO (CÂY) | D73: =B73*C73 -> 0
A74: CÀ CHUA Ý(VỈ) KG | B74: 16 | C74: 17000 | D74: =B74*C74 -> 272000
A75: BẮP CẢI TÍM (BẮP) | D75: =B75*C75 -> 0
A76: BẮP CẢI TÍM SUSHI | D76: =B76*C76 -> 0
A77: CÀ CHUA CHERRY MIX 300G | D77: =B77*C77 -> 0
A78: TÍA TÔ 50G | D78: =B78*C78 -> 0
A79: XÀ LÁCH LOLO XANH | D79: =B79*C79 -> 0
A80: XÀ LÁCH LOLO XANH SUSHI | D80: =B80*C80 -> 0
A81: XÀ LÁCH LOLO XANH TÚI 300GR | D81: =B81*C81 -> 0
A82: XÀ LÁCH ROMEN THUỶ CANH (KG) VR | D82: =B82*C82 -> 0
A83: CÀ RỐT DL | D83: =B83*C83 -> 0
A84: CÀ RỐT DL L1 | B84: 95 | C84: 12000 | D84: =B84*C84 -> 1140000
A85: CÀ RỐT DL TÚI LƯỚI 500GR VR | D85: =B85*C85 -> 0
A86: CÀ RỐT TRUNG | D86: =B86*C86 -> 0
A87: CÀ RỐT TÚI LƯỚI 800G KQ | D87: =B87*C87 -> 0
A88: GỪNG | D88: =B88*C88 -> 0
A89: MỒNG TƠI | D89: =B89*C89 -> 0
A90: NGÒ RÍ | D90: =B90*C90 -> 0
A91: NGÒ RÍ TÚI 50GR | D91: =B91*C91 -> 0
A92: ỚT HIỂM | D92: =B92*C92 -> 0
A93: ỚT HIỂM 100G | D93: =B93*C93 -> 0
A94: THÌ LÀ | D94: =B94*C94 -> 0
A95: THÌ LÀ TÚI 80GR | D95: =B95*C95 -> 0
A96: CHUỐI LABA | D96: =B96*C96 -> 0
A97: BÔNG BÍ TÚI 300GR | D97: =B97*C97 -> 0
A98: CỦ CẢI ĐỎ HỘP 300GR | B98: 6 | C98: 5000 | D98: =B98*C98 -> 30000
A99: BÔNG CẢI TRẮNG (CÂY) | D99: =B99*C99 -> 0
A100: SET RAU KÈM ỚT | D100: =B100*C100 -> 0
A101: SET RAU KHÔNG KÈM ỚT | D101: =B101*C101 -> 0
A102: ĐẬU BO | D102: =B102*C102 -> 0
A103: ĐẬU BO 250GR | D103: =B103*C103 -> 0
A104: ĐẬU CÚC | D104: =B104*C104 -> 0
A105: ĐẬU CÚC 250GR | D105: =B105*C105 -> 0
A106: ĐẬU ĐỎ | D106: =B106*C106 -> 0
A107: ĐẬU ĐỎ 250GR | D107: =B107*C107 -> 0
...

Sheet 5.1
A1: 45296
A2: TÊN SẢN PHẨM | B2: ĐVT | C2: TỒN TRƯỚC | D2: GIÁ NHẬP | E2: THÀNH TIỀN
A4: CÀ CHUA SÔCOLA 250GR (HỘP) VR | B4: HỘP | C4: 2 | D4: 10000 | E4: =+D4*C4 -> 20000
A5: CÀ CHUA SÔCOLA 250GR (KG) -NA | B5: Kg | D5: =IFERROR(VLOOKUP(A5,'4.1'!A24:C306,3,0),) -> 0 | E5: =+D5*C5 -> 0
A6: CÀ CHUA SÔCOLA 250GR (KG) VR | B6: Kg | D6: =IFERROR(VLOOKUP(A6,'4.1'!A25:C307,3,0),) -> 0 | E6: =+D6*C6 -> 0
A7: CÀ CHUA SÔCOLA 250GR(KG) KQ | B7: Kg | D7: =IFERROR(VLOOKUP(A7,'4.1'!A26:C308,3,0),) -> 0 | E7: =+D7*C7 -> 0
A8: CÀ CHUA SÔCOLA 300GR (HỘP) VR | B8: HỘP | D8: =IFERROR(VLOOKUP(A8,'4.1'!A27:C309,3,0),) -> 0 | E8: =+D8*C8 -> 0
A9: CÀ CHUA SOCOLA XÁ | B9: Kg | D9: =IFERROR(VLOOKUP(A9,'4.1'!A28:C310,3,0),) -> 0 | E9: =+D9*C9 -> 0
A10: CÀ CHUA SÔCOLA(HỘP) KQ | B10: HỘP | D10: =IFERROR(VLOOKUP(A10,'4.1'!A29:C311,3,0),) -> 0 | E10: =+D10*C10 -> 0
A11: CÀ RỐT BABY | B11: Kg | D11: =IFERROR(VLOOKUP(A11,'4.1'!A30:C312,3,0),) -> 0 | E11: =+D11*C11 -> 0
A12: CÀ RỐT BABY (KG) KQ | B12: Kg | D12: =IFERROR(VLOOKUP(A12,'4.1'!A31:C313,3,0),) -> 0 | E12: =+D12*C12 -> 0
A13: CÀ RỐT BABY 200GR | B13: VỈ | D13: =IFERROR(VLOOKUP(A13,'4.1'!A32:C314,3,0),) -> 0 | E13: =+D13*C13 -> 0
A14: CẢI CẦU VỒNG | B14: Kg | D14: =IFERROR(VLOOKUP(A14,'4.1'!A33:C315,3,0),) -> 0 | E14: =+D14*C14 -> 0
A15: CẢI CẦU VỒNG 300GR | B15: TÚI | D15: =IFERROR(VLOOKUP(A15,'4.1'!A34:C316,3,0),) -> 0 | E15: =+D15*C15 -> 0
A16: CẢI KALE | B16: Kg | D16: =IFERROR(VLOOKUP(A16,'4.1'!A35:C317,3,0),) -> 0 | E16: =+D16*C16 -> 0
... A23: ỚT CHUÔNG 3 MÀU(KG)VR | B23: VỈ | D23: =IFERROR(VLOOKUP(A23,'4.1'!A42:C324,3,0),) -> 0 | E23: =+D23*C23 -> 0
A24: ỚT CHUÔNG ĐỎ | B24: Kg | C24: 155 | D24: =IFERROR(VLOOKUP(A24,'4.1'!A43:C325,3,0),) -> 33000 | E24: =+D24*C24 -> 5115000
A25: ỚT CHUÔNG ĐỎ L1 | B25: Kg | C25: 10 | D25: =IFERROR(VLOOKUP(A25,'4.1'!A44:C326,3,0),) -> 23000 | E25: =+D25*C25 -> 230000
A26: ỚT CHUÔNG ĐỎ(TRÁI) | B26: TRÁI | D26: =IFERROR(VLOOKUP(A26,'4.1'!A45:C327,3,0),) -> 0 | E26: =+D26*C26 -> 0
A27: ỚT CHUÔNG 3 MÀU 350G | B27: VỈ | D27: =IFERROR(VLOOKUP(A27,'4.1'!A46:C328,3,0),) -> 0 | E27: =+D27*C27 -> 0
A28: ỚT CHUÔNG 3 MÀU KQ(KG) | B28: Kg | D28: =IFERROR(VLOOKUP(A28,'4.1'!A47:C329,3,0),) -> 0 | E28: =+D28*C28 -> 0
A29: ỚT CHUÔNG VÀNG | B29: Kg | C29: 21 | D29: =IFERROR(VLOOKUP(A29,'4.1'!A48:C330,3,0),) -> 42000 | E29: =+D29*C29 -> 882000
A30: ỚT CHUÔNG VÀNG L1 | B30: Kg | D30: =IFERROR(VLOOKUP(A30,'4.1'!A49:C331,3,0),) -> 25000 | E30: =+D30*C30 -> 0
A31: ỚT CHUÔNG VÀNG(TRÁI) | B31: TRÁI | D31: =IFERROR(VLOOKUP(A31,'4.1'!A50:C332,3,0),) -> 0 | E31: =+D31*C31 -> 0
A32: ỚT CHUÔNG VÀNG+ XANH (VỈ) | B32: VỈ | D32: =IFERROR(VLOOKUP(A32,'4.1'!A51:C333,3,0),) -> 0 | E32: =+D32*C32 -> 0
A33: ỚT CHUÔNG XANH | B33: Kg | C33: 66 | D33: =IFERROR(VLOOKUP(A33,'4.1'!A52:C334,3,0),) -> 27000 | E33: =+D33*C33 -> 1782000
A34: ỚT CHUÔNG XANH L1 | B34: Kg | D34: =IFERROR(VLOOKUP(A34,'4.1'!A53:C335,3,0),) -> 0 | E34: =+D34*C34 -> 0
A35: ỚT CHUÔNG XANH(TRÁI) | B35: TRÁI | D35: =IFERROR(VLOOKUP(A35,'4.1'!A54:C336,3,0),) -> 0 | E35: =+D35*C35 -> 0
A36: CỦ DỀN | B36: Kg | C36: 47 | D36: =IFERROR(VLOOKUP(A36,'4.1'!A55:C337,3,0),) -> 12000 | E36: =+D36*C36 -> 564000
A37: CỦ DỀN 600G | B37: TÚI | D37: =IFERROR(VLOOKUP(A37,'4.1'!A56:C338,3,0),) -> 0 | E37: =+D37*C37 -> 0
A38: GỪNG 250GR | B38: Kg | D38: =IFERROR(VLOOKUP(A38,'4.1'!A57:C339,3,0),) -> 0 | E38: =+D38*C38 -> 0
A39: HỒNG GIÒN | B39: Kg | D39: =IFERROR(VLOOKUP(A39,'4.1'!A58:C340,3,0),) -> 0 | E39: =+D39*C39 -> 0
A40: XÀ LÁCH MỸ | B40: Kg | D40: =IFERROR(VLOOKUP(A40,'4.1'!A59:C341,3,0),) -> 0 | E40: =+D40*C40 -> 0
A41: KHOAI TÂY HỒNG | B41: Kg | D41: =IFERROR(VLOOKUP(A41,'4.1'!A60:C342,3,0),) -> 24000 | E41: =+D41*C41 -> 0
A42: KHOAI TÂY HỒNG TÚI LƯỚI 500G | B42: TÚI | D42: =IFERROR(VLOOKUP(A42,'4.1'!A61:C343,3,0),) -> 0 | E42: =+D42*C42 -> 0
A43: KHOAI TÂY VÀNG | B43: Kg | C43: 8 | D43: 15000 | E43: =+D43*C43 -> 120000
A44: KHOAI TÂY VÀNG ĐL | B44: Kg | C44: 150 | D44: =IFERROR(VLOOKUP(A44,'4.1'!A63:C345,3,0),) -> 15000 | E44: =+D44*C44 -> 2250000
A45: KHOAI TÂY VÀNG LỚN TÚI LƯỚI 500G | B45: TÚI | C45: 50 | D45: =IFERROR(VLOOKUP(A45,'4.1'!A64:C346,3,0),) -> 15000 | E45: =+D45*C45 -> 750000
A46: KHOAI TÂY VÀNG RỬA | B46: Kg | D46: =IFERROR(VLOOKUP(A46,'4.1'!A65:C347,3,0),) -> 0 | E46: =+D46*C46 -> 0
A47: KHOAI TÂY VÀNG TRUNG TÚI LƯỚI 500G | B47: TÚI | D47: =IFERROR(VLOOKUP(A47,'4.1'!A66:C348,3,0),) -> 0 | E47: =+D47*C47 -> 0
A48: CẢI THẢO DL | B48: Kg | D48: =IFERROR(VLOOKUP(A48,'4.1'!A67:C349,3,0),) -> 0 | E48: =+D48*C48 -> 0
A49: CẢI THẢO DL(BẮP) | B49: BẮP | D49: =IFERROR(VLOOKUP(A49,'4.1'!A68:C350,3,0),) -> 0 | E49: =+D49*C49 -> 0
A50: CẢI THẢO KIM CHI | B50: Kg | D50: =IFERROR(VLOOKUP(A50,'4.1'!A69:C351,3,0),) -> 0 | E50: =+D50*C50 -> 0
A51: CẢI THẢO VR | B51: Kg | D51: =IFERROR(VLOOKUP(A51,'4.1'!A70:C352,3,0),) -> 0 | E51: =+D51*C51 -> 0
A52: BẦU | B52: Kg | C52: 4 | D52: 10000 | E52: =+D52*C52 -> 40000
A53: BÍ ĐAO XANH | B53: Kg | D53: =IFERROR(VLOOKUP(A53,'4.1'!A72:C354,3,0),) -> 0 | E53: =+D53*C53 -> 0
A54: BÍ ĐAO XANH 400G | B54: TRÁI | D54: =IFERROR(VLOOKUP(A54,'4.1'!A73:C355,3,0),) -> 0 | E54: =+D54*C54 -> 0
A55: DƯA LEO | B55: Kg | C55: 6 | D55: 14000 | E55: =+D55*C55 -> 84000
A56: DƯA LEO 400G | B56: VỈ | D56: =IFERROR(VLOOKUP(A56,'4.1'!A75:C357,3,0),) -> 7000 | E56: =+D56*C56 -> 0
A57: KHỔ QUA | B57: Kg | D57: =IFERROR(VLOOKUP(A57,'4.1'!A76:C358,3,0),) -> 0 | E57: =+D57*C57 -> 0
A58: KHỔ QUA 400GR | B58: VỈ | D58: =IFERROR(VLOOKUP(A58,'4.1'!A77:C359,3,0),) -> 0 | E58: =+D58*C58 -> 0
A59: KHỔ QUA BÓ 350-500GR | D59: =IFERROR(VLOOKUP(A59,'4.1'!A78:C360,3,0),) -> 0 | E59: =+D59*C59 -> 0
A60: MƯỚP HƯƠNG | B60: Kg | D60: =IFERROR(VLOOKUP(A60,'4.1'!A79:C361,3,0),) -> 0 | E60: =+D60*C60 -> 0
A61: MƯỚP HƯƠNG 300G | B61: TRÁI | D61: =IFERROR(VLOOKUP(A61,'4.1'!A80:C362,3,0),) -> 0 | E61: =+D61*C61 -> 0
A62: BÍ MINI VÀNG 300GR | B62: TRÁI | D62: =IFERROR(VLOOKUP(A62,'4.1'!A81:C363,3,0),) -> 0 | E62: =+D62*C62 -> 0
A63: BÍ MINI VÀNG KG | B63: Kg | D63: =IFERROR(VLOOKUP(A63,'4.1'!A82:C364,3,0),) -> 0 | E63: =+D63*C63 -> 0
A64: DƯA LEO GIỐNG NHẬT 600GR | B64: TÚI | C64: 5 | D64: =15000*0.6 -> 9000 | E64: =+D64*C64 -> 45000
A65: DƯA LEO GIỐNG NHẬT KG | B65: Kg | D65: =IFERROR(VLOOKUP(A65,'4.1'!A84:C366,3,0),) -> 0 | E65: =+D65*C65 -> 0
A66: BƠ 034 | B66: Kg | D66: =IFERROR(VLOOKUP(A66,'4.1'!A85:C367,3,0),) -> 0 | E66: =+D66*C66 -> 0
A67: BƠ BOOTH | B67: Kg | D67: =IFERROR(VLOOKUP(A67,'4.1'!A86:C368,3,0),) -> 0 | E67: =+D67*C67 -> 0
A68: BƠ SÁP | B68: Kg | D68: =IFERROR(VLOOKUP(A68,'4.1'!A87:C369,3,0),) -> 0 | E68: =+D68*C68 -> 0
A69: KHOAI LANG MẬT (KG) 2-3 CỦ | B69: Kg | C69: 160 | D69: =IFERROR(VLOOKUP(A69,'4.1'!A88:C370,3,0),) -> 27000 | E69: =+D69*C69 -> 4320000
A70: KHOAI LANG MẬT (KG) 4-6 CỦ | B70: Kg | C70: 360 | D70: =IFERROR(VLOOKUP(A70,'4.1'!A89:C371,3,0),) -> 26000 | E70: =+D70*C70 -> 9360000
A71: KHOAI LANG MẬT 500G KQ | B71: TÚI | D71: =IFERROR(VLOOKUP(A71,'4.1'!A90:C372,3,0),) -> 0 | E71: =+D71*C71 -> 0
A72: KHOAI LANG MẬT 500G VR | B72: TÚI | D72: =IFERROR(VLOOKUP(A72,'4.1'!A91:C373,3,0),) -> 0 | E72: =+D72*C72 -> 0
A73: PARO | B73: Kg | C73: 7 | D73: =IFERROR(VLOOKUP(A73,'4.1'!A92:C374,3,0),) -> 15000 | E73: =+D73*C73 -> 105000
A74: PARO (CÂY) | B74: CÂY | D74: =IFERROR(VLOOKUP(A74,'4.1'!A93:C375,3,0),) -> 0 | E74: =+D74*C74 -> 0
A75: BẮP CẢI TÍM | B75: Kg | D75: =IFERROR(VLOOKUP(A75,'4.1'!A94:C376,3,0),) -> 0 | E75: =+D75*C75 -> 0
A76: BẮP CẢI TÍM (BẮP) | B76: BẮP | D76: =IFERROR(VLOOKUP(A76,'4.1'!A95:C377,3,0),) -> 0 | E76: =+D76*C76 -> 0
A77: BẮP CẢI TÍM SUSHI | B77: Kg | C77: 35 | D77: 26000 | E77: =+D77*C77 -> 910000
A78: CÀ CHUA CHERRY MIX 300G | B78: HỘP | D78: =IFERROR(VLOOKUP(A78,'4.1'!A97:C379,3,0),) -> 0 | E78: =+D78*C78 -> 0
A79: TÍA TÔ 50G | B79: TÚI | D79: =IFERROR(VLOOKUP(A79,'4.1'!A98:C380,3,0),) -> 0 | E79: =+D79*C79 -> 0
A80: XÀ LÁCH LOLO XANH | B80: Kg | D80: =IFERROR(VLOOKUP(A80,'4.1'!A99:C381,3,0),) -> 0 | E80: =+D80*C80 -> 0
A81: XÀ LÁCH LOLO XANH SUSHI | B81: Kg | D81: =IFERROR(VLOOKUP(A81,'4.1'!A100:C382,3,0),) -> 0 | E81: =+D81*C81 -> 0
A82: XÀ LÁCH LOLO XANH TÚI 300GR | B82: TÚI | D82: =IFERROR(VLOOKUP(A82,'4.1'!A101:C383,3,0),) -> 0 | E82: =+D82*C82 -> 0
A83: XÀ LÁCH ROMEN THUỶ CANH (KG) VR | B83: Kg | D83: =IFERROR(VLOOKUP(A83,'4.1'!A102:C384,3,0),) -> 0 | E83: =+D83*C83 -> 0
A84: CÀ RỐT DL | B84: Kg | D84: =IFERROR(VLOOKUP(A84,'4.1'!A103:C385,3,0),) -> 0 | E84: =+D84*C84 -> 0
A85: CÀ RỐT DL L1 | B85: Kg | D85: =IFERROR(VLOOKUP(A85,'4.1'!A104:C386,3,0),) -> 0 | E85: =+D85*C85 -> 0
A86: CÀ RỐT DL TÚI LƯỚI 500GR VR | B86: TÚI | D86: =IFERROR(VLOOKUP(A86,'4.1'!A105:C387,3,0),) -> 0 | E86: =+D86*C86 -> 0
A87: CÀ RỐT TRUNG | B87: Kg | D87: =IFERROR(VLOOKUP(A87,'4.1'!A106:C388,3,0),) -> 0 | E87: =+D87*C87 -> 0
A88: CÀ RỐT TÚI LƯỚI 800G KQ | B88: TÚI | D88: =IFERROR(VLOOKUP(A88,'4.1'!A107:C389,3,0),) -> 0 | E88: =+D88*C88 -> 0
A89: GỪNG | B89: Kg | C89: 2 | D89: 28000 | E89: =+D89*C89 -> 56000
A90: MỒNG TƠI | B90: Kg | D90: =IFERROR(VLOOKUP(A90,'4.1'!A109:C391,3,0),) -> 0 | E90: =+D90*C90 -> 0
A91: NGÒ RÍ | B91: Kg | D91: =IFERROR(VLOOKUP(A91,'4.1'!A110:C392,3,0),) -> 0 | E91: =+D91*C91 -> 0
A92: NGÒ RÍ TÚI 50GR | B92: TÚI | D92: =IFERROR(VLOOKUP(A92,'4.1'!A111:C393,3,0),) -> 0 | E92: =+D92*C92 -> 0
A93: ỚT HIỂM | B93: Kg | D93: =IFERROR(VLOOKUP(A93,'4.1'!A112:C394,3,0),) -> 0 | E93: =+D93*C93 -> 0
A94: ỚT HIỂM 100G | B94: Kg | D94: =IFERROR(VLOOKUP(A94,'4.1'!A113:C395,3,0),) -> 0 | E94: =+D94*C94 -> 0
A95: THÌ LÀ | B95: Kg | D95: =IFERROR(VLOOKUP(A95,'4.1'!A114:C396,3,0),) -> 0 | E95: =+D95*C95 -> 0
A96: THÌ LÀ TÚI 80GR | B96: TÚI | D96: =IFERROR(VLOOKUP(A96,'4.1'!A115:C397,3,0),) -> 0 | E96: =+D96*C96 -> 0
A97: CHUỐI LABA | B97: Kg | D97: =IFERROR(VLOOKUP(A97,'4.1'!A116:C398,3,0),) -> 0 | E97: =+D97*C97 -> 0
A98: BÔNG BÍ TÚI 300GR | B98: VỈ | C98: 5 | D98: =50000*0.3 -> 15000 | E98: =+D98*C98 -> 75000
A99: BÔNG CẢI TRẮNG | B99: Kg | D99: =IFERROR(VLOOKUP(A99,'4.1'!A118:C400,3,0),) -> 0 | E99: =+D99*C99 -> 0
A100: BÔNG CẢI TRẮNG (CÂY) | B100: CÂY | D100: =IFERROR(VLOOKUP(A100,'4.1'!A119:C401,3,0),) -> 0 | E100: =+D100*C100 -> 0
A101: SET RAU KÈM ỚT | B101: VỈ | D101: =IFERROR(VLOOKUP(A101,'4.1'!A120:C402,3,0),) -> 0 | E101: =+D101*C101 -> 0
A102: SET RAU KHÔNG KÈM ỚT | B102: VỈ | D102: =IFERROR(VLOOKUP(A102,'4.1'!A121:C403,3,0),) -> 0 | E102: =+D102*C102 -> 0
A103: ĐẬU BO | B103: Kg | D103: =IFERROR(VLOOKUP(A103,'4.1'!A122:C404,3,0),) -> 0 | E103: =+D103*C103 -> 0
A104: ĐẬU BO 250GR | B104: VỈ | D104: =IFERROR(VLOOKUP(A104,'4.1'!A123:C405,3,0),) -> 0 | E104: =+D104*C104 -> 0
A105: ĐẬU CÚC | B105: Kg | D105: =IFERROR(VLOOKUP(A105,'4.1'!A124:C406,3,0),) -> 0 | E105: =+D105*C105 -> 0
A106: ĐẬU CÚC 250GR | B106: VỈ | D106: =IFERROR(VLOOKUP(A106,'4.1'!A125:C407,3,0),) -> 0 | E106: =+D106*C106 -> 0
A107: ĐẬU ĐỎ | B107: Kg | D107: =IFERROR(VLOOKUP(A107,'4.1'!A126:C408,3,0),) -> 0 | E107: =+D107*C107 -> 0
...

Sheet 6.1
A1: hàng tồn cuối ngày 6/1
A2: TÊN SẢN PHẨM | B2: TỒN TRƯỚC | C2: GIÁ NHẬP | D2: THÀNH TIỀN
A3: CÀ CHUA SÔCOLA 250GR (HỘP) VR | D3: =B3*C3 -> 0
A4: CÀ CHUA SÔCOLA 250GR (KG) -NA | D4: =B4*C4 -> 0
A5: CÀ CHUA SÔCOLA 250GR (KG) VR | B5: 1.5 | C5: 40000 | D5: =B5*C5 -> 60000
A6: CÀ CHUA SÔCOLA 250GR(KG) KQ | D6: =B6*C6 -> 0
A7: CÀ CHUA SÔCOLA 300GR (HỘP) VR | D7: =B7*C7 -> 0
A8: CÀ CHUA SOCOLA XÁ | D8: =B8*C8 -> 0
A9: CÀ CHUA SÔCOLA(HỘP) KQ | D9: =B9*C9 -> 0
A10: CÀ RỐT BABY | D10: =B10*C10 -> 0
A11: CÀ RỐT BABY (KG) KQ | D11: =B11*C11 -> 0
A12: CÀ RỐT BABY 200GR | D12: =B12*C12 -> 0
A13: CẢI CẦU VỒNG | D13: =B13*C13 -> 0
A14: CẢI CẦU VỒNG 300GR | B14: 6 | C14: 5300 | D14: =B14*C14 -> 31800
A15: CẢI KALE | D15: =B15*C15 -> 0
A16: CẢI KALE 300GR | D16: =B16*C16 -> 0
A17: CHANH VÀNG (KG) | D17: =B17*C17 -> 0
A18: CHANH VÀNG TRÁI 180UP | D18: =B18*C18 -> 0
A19: CẦN TÂY (KG) | D19: =B19*C19 -> 0
A20: CẦN TÂY THUỶ CANH | D20: =B20*C20 -> 0
A21: CẦN TÂY(CÂY) | D21: =B21*C21 -> 0
A22: ỚT CHUÔNG 3 MÀU(KG)VR | D22: =B22*C22 -> 0
A23: ỚT CHUÔNG ĐỎ | B23: =70+35+30 -> 135 | C23: 33000 | D23: =B23*C23 -> 4455000
A24: ỚT CHUÔNG ĐỎ L1 | B24: 15 | C24: 33000 | D24: =B24*C24 -> 495000
A25: ỚT CHUÔNG ĐỎ(TRÁI) | D25: =B25*C25 -> 0
A26: ỚT CHUÔNG 3 MÀU 350G | D26: =B26*C26 -> 0
A27: ỚT CHUÔNG 3 MÀU KQ(KG) | D27: =B27*C27 -> 0
A28: ỚT CHUÔNG VÀNG | B28: 20 | C28: 43000 | D28: =B28*C28 -> 860000
A29: ỚT CHUÔNG VÀNG L1 | B29: 33 | C29: 40000 | D29: =B29*C29 -> 1320000
A30: ỚT CHUÔNG VÀNG(TRÁI) | D30: =B30*C30 -> 0
A31: ỚT CHUÔNG VÀNG+ XANH (VỈ) | D31: =B31*C31 -> 0
A32: ỚT CHUÔNG XANH | B32: =5+13+6+10+20+10 -> 64 | C32: 27000 | D32: =B32*C32 -> 1728000
A33: ỚT CHUÔNG XANH L1 | D33: =B33*C33 -> 0
A34: ỚT CHUÔNG XANH(TRÁI) | D34: =B34*C34 -> 0
A35: CỦ DỀN | B35: =10+20+15 -> 45 | C35: 12000 | D35: =B35*C35 -> 540000
A36: CỦ DỀN 600G | D36: =B36*C36 -> 0
A37: GỪNG 250GR | D37: =B37*C37 -> 0
A38: HỒNG GIÒN | D38: =B38*C38 -> 0
A39: XÀ LÁCH MỸ | D39: =B39*C39 -> 0
A40: KHOAI TÂY HỒNG | B40: 12 | C40: 24000 | D40: =B40*C40 -> 288000
A41: KHOAI TÂY HỒNG TÚI LƯỚI 500G | D41: =B41*C41 -> 0
A42: KHOAI TÂY VÀNG | B42: 20 | C42: 12000 | D42: =B42*C42 -> 240000
A43: KHOAI TÂY VÀNG ĐL | B43: 18 | C43: 15000 | D43: =B43*C43 -> 270000
A44: KHOAI TÂY VÀNG LỚN TÚI LƯỚI 500G | B44: 40 | C44: 15000 | D44: =B44*C44 -> 600000
A45: KHOAI TÂY VÀNG RỬA | D45: =B45*C45 -> 0
A46: KHOAI TÂY VÀNG TRUNG TÚI LƯỚI 500G | D46: =B46*C46 -> 0
A47: CẢI THẢO DL | D47: =B47*C47 -> 0
A48: CẢI THẢO DL(BẮP) | D48: =B48*C48 -> 0
A49: CẢI THẢO KIM CHI | D49: =B49*C49 -> 0
A50: CẢI THẢO VR | D50: =B50*C50 -> 0
A51: BẦU | D51: =B51*C51 -> 0
A52: BÍ ĐAO XANH | D52: =B52*C52 -> 0
A53: BÍ ĐAO XANH 400G | D53: =B53*C53 -> 0
A54: DƯA LEO | D54: =B54*C54 -> 0
A55: DƯA LEO 400G | D55: =B55*C55 -> 0
A56: KHỔ QUA | D56: =B56*C56 -> 0
... A67: BƠ SÁP | D67: =B67*C67 -> 0
A68: KHOAI LANG MẬT (KG) 2-3 CỦ | B68: =250+120 -> 370 | C68: 27000 | D68: =B68*C68 -> 9990000
A69: KHOAI LANG MẬT (KG) 4-6 CỦ | B69: 60 | C69: 26000 | D69: =B69*C69 -> 1560000
A70: KHOAI LANG MẬT 500G KQ | D70: =B70*C70 -> 0
A71: KHOAI LANG MẬT 500G VR | D71: =B71*C71 -> 0
A72: PARO | B72: 20 | C72: 15000 | D72: =B72*C72 -> 300000
A73: PARO (CÂY) | D73: =B73*C73 -> 0
A74: BẮP CẢI TÍM | B74: 42 | C74: 33000 | D74: =B74*C74 -> 1386000
A75: BẮP CẢI TÍM (BẮP) | D75: =B75*C75 -> 0
A76: BẮP CẢI TÍM SUSHI | D76: =B76*C76 -> 0
A77: CÀ CHUA CHERRY MIX 300G | D77: =B77*C77 -> 0
A78: TÍA TÔ 50G | D78: =B78*C78 -> 0
A79: XÀ LÁCH LOLO XANH | D79: =B79*C79 -> 0
A80: XÀ LÁCH LOLO XANH SUSHI | D80: =B80*C80 -> 0
A81: XÀ LÁCH LOLO XANH TÚI 300GR | D81: =B81*C81 -> 0
A82: XÀ LÁCH ROMEN THUỶ CANH (KG) VR | D82: =B82*C82 -> 0
A83: CÀ RỐT DL | D83: =B83*C83 -> 0
A84: CÀ RỐT DL L1 | B84: =22+18+80+10 -> 130 | C84: 12000 | D84: =B84*C84 -> 1560000
A85: CÀ RỐT DL TÚI LƯỚI 500GR VR | D85: =B85*C85 -> 0
A86: CÀ RỐT TRUNG | D86: =B86*C86 -> 0
A87: CÀ RỐT TÚI LƯỚI 800G KQ | D87: =B87*C87 -> 0
A88: GỪNG | B88: 7 | C88: 28000 | D88: =B88*C88 -> 196000
A89: MỒNG TƠI | D89: =B89*C89 -> 0
A90: NGÒ RÍ | D90: =B90*C90 -> 0
A91: NGÒ RÍ TÚI 50GR | D91: =B91*C91 -> 0
A92: ỚT HIỂM | D92: =B92*C92 -> 0
A93: ỚT HIỂM 100G | D93: =B93*C93 -> 0
A94: THÌ LÀ | D94: =B94*C94 -> 0
A95: THÌ LÀ TÚI 80GR | D95: =B95*C95 -> 0
A96: CHUỐI LABA | B96: 5 | C96: 10000 | D96: =B96*C96 -> 50000
A97: BÔNG BÍ TÚI 300GR | D97: =B97*C97 -> 0
A98: BÔNG CẢI TRẮNG | B98: 73 | C98: 15000 | D98: =B98*C98 -> 1095000
A99: BÔNG CẢI TRẮNG (CÂY) | D99: =B99*C99 -> 0
A100: SET RAU KÈM ỚT | D100: =B100*C100 -> 0
A101: SET RAU KHÔNG KÈM ỚT | D101: =B101*C101 -> 0
A102: ĐẬU BO | D102: =B102*C102 -> 0
A103: ĐẬU BO 250GR | D103: =B103*C103 -> 0
A104: ĐẬU CÚC | D104: =B104*C104 -> 0
A105: ĐẬU CÚC 250GR | D105: =B105*C105 -> 0
A106: ĐẬU ĐỎ | D106: =B106*C106 -> 0
A107: ĐẬU ĐỎ 250GR | D107: =B107*C107 -> 0
A108: ĐẬU HÀ LAN-FUJI | D108: =B108*C108 -> 0
A109: ĐẬU NGỰ | D109: =B109*C109 -> 0
A110: ĐẬU NGỰ 250GR | B110: 2 | C110: 70000 | D110: =B110*C110 -> 140000
...

Sheet 7.1
A1: hàng tồn cuối ngày 7/1
A2: TÊN SẢN PHẨM | B2: TỒN TRƯỚC | C2: GIÁ NHẬP | D2: THÀNH TIỀN
A3: CÀ CHUA SÔCOLA 250GR (HỘP) VR | D3: =B3*C3 -> 0
A4: CÀ CHUA SÔCOLA 250GR (KG) -NA | D4: =B4*C4 -> 0
A5: CÀ CHUA SÔCOLA 250GR (KG) VR | D5: =B5*C5 -> 0
A6: CÀ CHUA SÔCOLA 250GR(KG) KQ | D6: =B6*C6 -> 0
A7: CÀ CHUA SÔCOLA 300GR (HỘP) VR | D7: =B7*C7 -> 0
A8: CÀ CHUA SOCOLA XÁ | D8: =B8*C8 -> 0
A9: CÀ CHUA SÔCOLA(HỘP) KQ | D9: =B9*C9 -> 0
A10: CÀ RỐT BABY | D10: =B10*C10 -> 0
A11: CÀ RỐT BABY (KG) KQ | D11: =B11*C11 -> 0
A12: CÀ RỐT BABY 200GR | D12: =B12*C12 -> 0
A13: CẢI CẦU VỒNG | D13: =B13*C13 -> 0
A14: BÍ ĐỎ NON TRÁI VR | B14: =25+18+33 -> 76 | C14: 4000 | D14: =B14*C14 -> 304000
A15: CẢI KALE | D15: =B15*C15 -> 0
A16: CẢI KALE 300GR | D16: =B16*C16 -> 0
A17: CHANH VÀNG (KG) | D17: =B17*C17 -> 0
A18: CHANH VÀNG TRÁI 180UP | D18: =B18*C18 -> 0
A19: CẦN TÂY (KG) | D19: =B19*C19 -> 0
A20: CẦN TÂY THUỶ CANH | D20: =B20*C20 -> 0
A21: CẦN TÂY(CÂY) | D21: =B21*C21 -> 0
A22: ỚT CHUÔNG 3 MÀU(KG)VR | D22: =B22*C22 -> 0
A23: BÍ ĐỎ TRÒN | B23: =1835+150+90+45 -> 2120 | C23: 5000 | D23: =B23*C23 -> 10600000
A24: BÍ NGÒI VÀNG | B24: 3 | C24: 26000 | D24: =B24*C24 -> 78000
A25: ỚT CHUÔNG ĐỎ(TRÁI) | D25: =B25*C25 -> 0
A26: ỚT CHUÔNG 3 MÀU 350G | D26: =B26*C26 -> 0
A27: ỚT CHUÔNG 3 MÀU KQ(KG) | D27: =B27*C27 -> 0
A28: ỚT CHUÔNG VÀNG | D28: =B28*C28 -> 0
A29: ỚT CHUÔNG VÀNG L1 | D29: =B29*C29 -> 0
A30: ỚT CHUÔNG VÀNG(TRÁI) | D30: =B30*C30 -> 0
A31: ỚT CHUÔNG VÀNG+ XANH (VỈ) | D31: =B31*C31 -> 0
A32: BÍ NGÒI XANH | B32: 72 | C32: 8000 | D32: =B32*C32 -> 576000
A33: BÓ XÔI | B33: 5 | C33: 15000 | D33: =B33*C33 -> 75000
A34: ỚT CHUÔNG XANH(TRÁI) | D34: =B34*C34 -> 0
A35: BÔNG BÍ | B35: 0.75 | C35: 50000 | D35: =B35*C35 -> 37500
A36: CỦ DỀN 600G | D36: =B36*C36 -> 0
A37: GỪNG 250GR | D37: =B37*C37 -> 0
A38: HỒNG GIÒN | D38: =B38*C38 -> 0
A39: XÀ LÁCH MỸ | D39: =B39*C39 -> 0
A40: BÔNG CẢI TRẮNG | B40: 23 | C40: 18000 | D40: =B40*C40 -> 414000
A41: KHOAI TÂY HỒNG TÚI LƯỚI 500G | D41: =B41*C41 -> 0
A42: KHOAI TÂY VÀNG | D42: =B42*C42 -> 0
A43: BÔNG CẢI XANH 10P | B43: 5 | C43: 17000 | D43: =B43*C43 -> 85000
A44: CÀ CHUA | B44: =450+380+40 -> 870 | C44: 7500 | D44: =B44*C44 -> 6525000
A45: KHOAI TÂY VÀNG RỬA | D45: =B45*C45 -> 0
A46: KHOAI TÂY VÀNG TRUNG TÚI LƯỚI 500G | D46: =B46*C46 -> 0
A47: CẢI THẢO DL | D47: =B47*C47 -> 0
A48: CẢI THẢO DL(BẮP) | D48: =B48*C48 -> 0
A49: CẢI THẢO KIM CHI | D49: =B49*C49 -> 0
A50: CẢI THẢO VR | D50: =B50*C50 -> 0
A51: BẦU | D51: =B51*C51 -> 0
A52: BÍ ĐAO XANH | D52: =B52*C52 -> 0
A53: BÍ ĐAO XANH 400G | D53: =B53*C53 -> 0
A54: DƯA LEO | D54: =B54*C54 -> 0
A55: DƯA LEO 400G | D55: =B55*C55 -> 0
A56: KHỔ QUA | D56: =B56*C56 -> 0
... A67: BƠ SÁP | D67: =B67*C67 -> 0
A68: CÀ CHUA BI (HỘP) 300GR VR | B68: 14 | C68: 8000 | D68: =B68*C68 -> 112000
A69: CÀ CHUA L1 | B69: 115 | C69: 6000 | D69: =B69*C69 -> 690000
A70: KHOAI LANG MẬT 500G KQ | D70: =B70*C70 -> 0
A71: KHOAI LANG MẬT 500G VR | D71: =B71*C71 -> 0
A72: CÀ CHUA Ý | B72: =205+135 -> 340 | C72: 18000 | D72: =B72*C72 -> 6120000
A73: PARO (CÂY) | D73: =B73*C73 -> 0
A74: BẮP CẢI TÍM | D74: =B74*C74 -> 0
A75: BẮP CẢI TÍM (BẮP) | D75: =B75*C75 -> 0
A76: BẮP CẢI TÍM SUSHI | D76: =B76*C76 -> 0
A77: CÀ CHUA CHERRY MIX 300G | D77: =B77*C77 -> 0
A78: TÍA TÔ 50G | D78: =B78*C78 -> 0
A79: XÀ LÁCH LOLO XANH | D79: =B79*C79 -> 0
A80: XÀ LÁCH LOLO XANH SUSHI | D80: =B80*C80 -> 0
A81: XÀ LÁCH LOLO XANH TÚI 300GR | D81: =B81*C81 -> 0
A82: XÀ LÁCH ROMEN THUỶ CANH (KG) VR | D82: =B82*C82 -> 0
A83: CÀ RỐT DL | D83: =B83*C83 -> 0
A84: CÀ CHUA Ý CHÙM | B84: =40+40+20 -> 100 | C84: 19000 | D84: =B84*C84 -> 1900000
A85: CÀ RỐT DL TÚI LƯỚI 500GR VR | D85: =B85*C85 -> 0
A86: CÀ RỐT TRUNG | D86: =B86*C86 -> 0
A87: CÀ RỐT TÚI LƯỚI 800G KQ | D87: =B87*C87 -> 0
A88: GỪNG | D88: =B88*C88 -> 0
A89: MỒNG TƠI | D89: =B89*C89 -> 0
A90: NGÒ RÍ | D90: =B90*C90 -> 0
A91: NGÒ RÍ TÚI 50GR | D91: =B91*C91 -> 0
A92: ỚT HIỂM | D92: =B92*C92 -> 0
A93: ỚT HIỂM 100G | D93: =B93*C93 -> 0
A94: THÌ LÀ | D94: =B94*C94 -> 0
A95: THÌ LÀ TÚI 80GR | D95: =B95*C95 -> 0
A96: CHUỐI LABA | D96: =B96*C96 -> 0
A97: BÔNG BÍ TÚI 300GR | D97: =B97*C97 -> 0
A98: CÀ CHUA Ý(VỈ) KG | B98: 50 | C98: 16000 | D98: =B98*C98 -> 800000
A99: BÔNG CẢI TRẮNG (CÂY) | D99: =B99*C99 -> 0
A100: SET RAU KÈM ỚT | D100: =B100*C100 -> 0
A101: SET RAU KHÔNG KÈM ỚT | D101: =B101*C101 -> 0
A102: ĐẬU BO | D102: =B102*C102 -> 0
A103: ĐẬU BO 250GR | D103: =B103*C103 -> 0
A104: ĐẬU CÚC | D104: =B104*C104 -> 0
A105: ĐẬU CÚC 250GR | D105: =B105*C105 -> 0
A106: ĐẬU ĐỎ | D106: =B106*C106 -> 0
A107: ĐẬU ĐỎ 250GR | D107: =B107*C107 -> 0
A108: ĐẬU HÀ LAN-FUJI | D108: =B108*C108 -> 0
A109: ĐẬU NGỰ | D109: =B109*C109 -> 0
A110: ĐẬU NGỰ 250GR | D110: =B110*C110 -> 0
...

Sheet 8.1
A1: 45299
A2: TÊN SẢN PHẨM | B2: ĐVT | C2: TỒN TRƯỚC | D2: GIÁ NHẬP | E2: THÀNH TIỀN
E3: =+D3*C3 -> 0
A4: BÍ ĐỎ HỒ LÔ | B4: Kg | C4: 5 | D4: 10000 | E4: =+D4*C4 -> 50000
A5: CÀ CHUA SÔCOLA 250GR (KG) -NA | B5: Kg | D5: =IFERROR(VLOOKUP(A5,'7.1'!A15:C306,3,),) -> 0 | E5: =+D5*C5 -> 0
A6: CÀ CHUA SÔCOLA 250GR (KG) VR | B6: Kg | D6: =IFERROR(VLOOKUP(A6,'7.1'!A16:C307,3,),) -> 0 | E6: =+D6*C6 -> 0
A7: CÀ CHUA SÔCOLA 250GR(KG) KQ | B7: Kg | D7: =IFERROR(VLOOKUP(A7,'7.1'!A17:C308,3,),) -> 0 | E7: =+D7*C7 -> 0
A8: CÀ CHUA SÔCOLA 300GR (HỘP) VR | B8: HỘP | D8: =IFERROR(VLOOKUP(A8,'7.1'!A18:C309,3,),) -> 0 | E8: =+D8*C8 -> 0
A9: CÀ CHUA SOCOLA XÁ | B9: Kg | D9: =IFERROR(VLOOKUP(A9,'7.1'!A19:C310,3,),) -> 0 | E9: =+D9*C9 -> 0
A10: CÀ CHUA SÔCOLA(HỘP) KQ | B10: HỘP | D10: =IFERROR(VLOOKUP(A10,'7.1'!A20:C311,3,),) -> 0 | E10: =+D10*C10 -> 0
A11: CÀ RỐT BABY | B11: Kg | D11: =IFERROR(VLOOKUP(A11,'7.1'!A21:C312,3,),) -> 0 | E11: =+D11*C11 -> 0
A12: CÀ RỐT BABY (KG) KQ | B12: Kg | D12: =IFERROR(VLOOKUP(A12,'7.1'!A22:C313,3,),) -> 0 | E12: =+D12*C12 -> 0
A13: CÀ RỐT BABY 200GR | B13: VỈ | D13: =IFERROR(VLOOKUP(A13,'7.1'!A23:C314,3,),) -> 0 | E13: =+D13*C13 -> 0
A14: CẢI CẦU VỒNG | B14: Kg | D14: =IFERROR(VLOOKUP(A14,'7.1'!A24:C315,3,),) -> 0 | E14: =+D14*C14 -> 0
A15: BÍ ĐỎ NON TRÁI VR | B15: TRÁI | C15: 43 | D15: 4000 | E15: =+D15*C15 -> 172000
A16: CẢI KALE | B16: Kg | D16: =IFERROR(VLOOKUP(A16,'7.1'!A26:C317,3,),) -> 0 | E16: =+D16*C16 -> 0
A17: BÍ ĐỎ TRÒN | B17: Kg | C17: 1620 | D17: 5000 | E17: =+D17*C17 -> 8100000
A18: CHANH VÀNG (KG) | B18: Kg | D18: =IFERROR(VLOOKUP(A18,'7.1'!A28:C319,3,),) -> 0 | E18: =+D18*C18 -> 0
A19: CHANH VÀNG TRÁI 180UP | B19: TRÁI | D19: =IFERROR(VLOOKUP(A19,'7.1'!A29:C320,3,),) -> 0 | E19: =+D19*C19 -> 0
A20: CẦN TÂY (KG) | B20: Kg | D20: =IFERROR(VLOOKUP(A20,'7.1'!A30:C321,3,),) -> 0 | E20: =+D20*C20 -> 0
A21: CẦN TÂY THUỶ CANH | B21: Kg | D21: =IFERROR(VLOOKUP(A21,'7.1'!A31:C322,3,),) -> 0 | E21: =+D21*C21 -> 0
A22: CẦN TÂY(CÂY) | B22: CÂY | D22: =IFERROR(VLOOKUP(A22,'7.1'!A32:C323,3,),) -> 0 | E22: =+D22*C22 -> 0
A23: ỚT CHUÔNG 3 MÀU(KG)VR | B23: VỈ | D23: =IFERROR(VLOOKUP(A23,'7.1'!A33:C324,3,),) -> 0 | E23: =+D23*C23 -> 0
A24: BÍ NGÒI VÀNG | B24: Kg | C24: 1 | D24: 26000 | E24: =+D24*C24 -> 26000
A25: BÍ NGÒI XANH | B25: Kg | C25: 90 | D25: 8000 | E25: =+D25*C25 -> 720000
A26: ỚT CHUÔNG ĐỎ(TRÁI) | B26: TRÁI | D26: =IFERROR(VLOOKUP(A26,'7.1'!A36:C327,3,),) -> 0 | E26: =+D26*C26 -> 0
A27: ỚT CHUÔNG 3 MÀU 350G | B27: VỈ | D27: =IFERROR(VLOOKUP(A27,'7.1'!A37:C328,3,),) -> 0 | E27: =+D27*C27 -> 0
A28: ỚT CHUÔNG 3 MÀU KQ(KG) | B28: Kg | D28: =IFERROR(VLOOKUP(A28,'7.1'!A38:C329,3,),) -> 0 | E28: =+D28*C28 -> 0
A29: ỚT CHUÔNG VÀNG | B29: Kg | D29: =IFERROR(VLOOKUP(A29,'7.1'!A39:C330,3,),) -> 0 | E29: =+D29*C29 -> 0
A30: ỚT CHUÔNG VÀNG L1 | B30: Kg | D30: =IFERROR(VLOOKUP(A30,'7.1'!A40:C331,3,),) -> 0 | E30: =+D30*C30 -> 0
A31: ỚT CHUÔNG VÀNG(TRÁI) | B31: TRÁI | D31: =IFERROR(VLOOKUP(A31,'7.1'!A41:C332,3,),) -> 0 | E31: =+D31*C31 -> 0
A32: ỚT CHUÔNG VÀNG+ XANH (VỈ) | B32: VỈ | D32: =IFERROR(VLOOKUP(A32,'7.1'!A42:C333,3,),) -> 0 | E32: =+D32*C32 -> 0
A33: CÀ CHUA | B33: Kg | C33: 530 | D33: 8000 | E33: =+D33*C33 -> 4240000
A34: CÀ CHUA L1 | B34: TÚI | C34: 40 | D34: 6000 | E34: =+D34*C34 -> 240000
A35: ỚT CHUÔNG XANH(TRÁI) | B35: TRÁI | D35: =IFERROR(VLOOKUP(A35,'7.1'!A45:C336,3,),) -> 0 | E35: =+D35*C35 -> 0
A36: CÀ CHUA SÔCOLA 250GR (HỘP) VR | B36: HỘP | C36: 92 | D36: 9000 | E36: =+D36*C36 -> 828000
A37: CỦ DỀN 600G | B37: TÚI | D37: =IFERROR(VLOOKUP(A37,'7.1'!A47:C338,3,),) -> 0 | E37: =+D37*C37 -> 0
A38: GỪNG 250GR | B38: Kg | D38: =IFERROR(VLOOKUP(A38,'7.1'!A48:C339,3,),) -> 0 | E38: =+D38*C38 -> 0
A39: HỒNG GIÒN | B39: Kg | D39: =IFERROR(VLOOKUP(A39,'7.1'!A49:C340,3,),) -> 0 | E39: =+D39*C39 -> 0
A40: XÀ LÁCH MỸ | B40: Kg | D40: =IFERROR(VLOOKUP(A40,'7.1'!A50:C341,3,),) -> 0 | E40: =+D40*C40 -> 0
A41: CÀ CHUA Ý | B41: Kg | C41: 190 | D41: 18000 | E41: =+D41*C41 -> 3420000
A42: KHOAI TÂY HỒNG TÚI LƯỚI 500G | B42: TÚI | D42: =IFERROR(VLOOKUP(A42,'7.1'!A52:C343,3,),) -> 0 | E42: =+D42*C42 -> 0
A43: CÀ CHUA Ý(VỈ) KG | B43: Kg | C43: 107 | D43: 17000 | E43: =+D43*C43 -> 1819000
A44: CÀ TÍM | B44: Kg | C44: 13 | D44: 9000 | E44: =+D44*C44 -> 117000
A45: CÀ Ý VỈ 650GR | B45: VỈ | C45: 159 | D45: 20000 | E45: =+D45*C45 -> 3180000
A46: KHOAI TÂY VÀNG RỬA | B46: Kg | D46: =IFERROR(VLOOKUP(A46,'7.1'!A56:C347,3,),) -> 0 | E46: =+D46*C46 -> 0
A47: KHOAI TÂY VÀNG TRUNG TÚI LƯỚI 500G | B47: TÚI | D47: =IFERROR(VLOOKUP(A47,'7.1'!A57:C348,3,),) -> 0 | E47: =+D47*C47 -> 0
A48: CẢI THẢO DL | B48: Kg | D48: =IFERROR(VLOOKUP(A48,'7.1'!A58:C349,3,),) -> 0 | E48: =+D48*C48 -> 0
A49: CẢI THẢO DL(BẮP) | B49: BẮP | D49: =IFERROR(VLOOKUP(A49,'7.1'!A59:C350,3,),) -> 0 | E49: =+D49*C49 -> 0
A50: CẢI THẢO KIM CHI | B50: Kg | D50: =IFERROR(VLOOKUP(A50,'7.1'!A60:C351,3,),) -> 0 | E50: =+D50*C50 -> 0
A51: CẢI THẢO VR | B51: Kg | D51: =IFERROR(VLOOKUP(A51,'7.1'!A61:C352,3,),) -> 0 | E51: =+D51*C51 -> 0
A52: BẦU | B52: Kg | D52: =IFERROR(VLOOKUP(A52,'7.1'!A62:C353,3,),) -> 0 | E52: =+D52*C52 -> 0
A53: BÍ ĐAO XANH | B53: Kg | D53: =IFERROR(VLOOKUP(A53,'7.1'!A63:C354,3,),) -> 0 | E53: =+D53*C53 -> 0
A54: BÍ ĐAO XANH 400G | B54: TRÁI | D54: =IFERROR(VLOOKUP(A54,'7.1'!A64:C355,3,),) -> 0 | E54: =+D54*C54 -> 0
A55: CẢI CẦU VỒNG 300GR | B55: TÚI | C55: 4 | D55: =IFERROR(VLOOKUP(A55,'7.1'!A25:C316,3,),) -> 6000 | E55: =+D55*C55 -> 24000
A56: CẢI KALE 300GR | B56: TÚI | C56: 5 | D56: 3000 | E56: =+D56*C56 -> 15000
A57: KHỔ QUA | B57: Kg | D57: =IFERROR(VLOOKUP(A57,'7.1'!A67:C358,3,),) -> 0 | E57: =+D57*C57 -> 0
A58: KHỔ QUA 400GR | B58: VỈ | D58: =IFERROR(VLOOKUP(A58,'7.1'!A68:C359,3,),) -> 0 | E58: =+D58*C58 -> 0
A59: MƯỚP HƯƠNG | B59: Kg | D59: =IFERROR(VLOOKUP(A59,'7.1'!A69:C360,3,),) -> 0 | E59: =+D59*C59 -> 0
A60: MƯỚP HƯƠNG 300G | B60: TRÁI | D60: =IFERROR(VLOOKUP(A60,'7.1'!A70:C361,3,),) -> 0 | E60: =+D60*C60 -> 0
A61: BÍ MINI VÀNG 300GR | B61: TRÁI | D61: =IFERROR(VLOOKUP(A61,'7.1'!A71:C362,3,),) -> 0 | E61: =+D61*C61 -> 0
A62: BÍ MINI VÀNG KG | B62: Kg | D62: =IFERROR(VLOOKUP(A62,'7.1'!A72:C363,3,),) -> 0 | E62: =+D62*C62 -> 0
A63: DƯA LEO GIỐNG NHẬT 600GR | B63: TÚI | D63: =IFERROR(VLOOKUP(A63,'7.1'!A73:C364,3,),) -> 0 | E63: =+D63*C63 -> 0
A64: DƯA LEO GIỐNG NHẬT KG | B64: Kg | D64: =IFERROR(VLOOKUP(A64,'7.1'!A74:C365,3,),) -> 0 | E64: =+D64*C64 -> 0
A65: BƠ 034 | B65: Kg | D65: =IFERROR(VLOOKUP(A65,'7.1'!A75:C366,3,),) -> 0 | E65: =+D65*C65 -> 0
A66: BƠ BOOTH | B66: Kg | D66: =IFERROR(VLOOKUP(A66,'7.1'!A76:C367,3,),) -> 0 | E66: =+D66*C66 -> 0
A67: BƠ SÁP | B67: Kg | D67: =IFERROR(VLOOKUP(A67,'7.1'!A77:C368,3,),) -> 0 | E67: =+D67*C67 -> 0
A68: CỦ CẢI ĐỎ HỘP 300GR | B68: HỘP | C68: 4 | D68: 5000 | E68: =+D68*C68 -> 20000
A69: KHOAI LANG MẬT (KG) 4-6 CỦ | B69: Kg | D69: =IFERROR(VLOOKUP(A69,'7.1'!A79:C370,3,),) -> 26000 | E69: =+D69*C69 -> 0
A70: KHOAI LANG MẬT 500G KQ | B70: TÚI | D70: =IFERROR(VLOOKUP(A70,'7.1'!A80:C371,3,),) -> 0 | E70: =+D70*C70 -> 0
A71: KHOAI LANG MẬT 500G VR | B71: TÚI | D71: =IFERROR(VLOOKUP(A71,'7.1'!A81:C372,3,),) -> 0 | E71: =+D71*C71 -> 0
A72: CỦ DỀN | B72: Kg | C72: 140 | D72: 10000 | E72: =+D72*C72 -> 1400000
A73: PARO (CÂY) | B73: CÂY | D73: =IFERROR(VLOOKUP(A73,'7.1'!A83:C374,3,),) -> 0 | E73: =+D73*C73 -> 0
A74: BẮP CẢI TÍM | B74: Kg | D74: =IFERROR(VLOOKUP(A74,'7.1'!A84:C375,3,),) -> 0 | E74: =+D74*C74 -> 0
A75: BẮP CẢI TÍM (BẮP) | B75: BẮP | D75: =IFERROR(VLOOKUP(A75,'7.1'!A85:C376,3,),) -> 0 | E75: =+D75*C75 -> 0
A76: BẮP CẢI TÍM SUSHI | B76: Kg | D76: =IFERROR(VLOOKUP(A76,'7.1'!A86:C377,3,),) -> 0 | E76: =+D76*C76 -> 0
A77: CÀ CHUA CHERRY MIX 300G | B77: HỘP | D77: =IFERROR(VLOOKUP(A77,'7.1'!A87:C378,3,),) -> 0 | E77: =+D77*C77 -> 0
A78: TÍA TÔ 50G | B78: TÚI | D78: =IFERROR(VLOOKUP(A78,'7.1'!A88:C379,3,),) -> 0 | E78: =+D78*C78 -> 0
A79: DƯA LEO | B79: Kg | C79: 15 | D79: 13000 | E79: =+D79*C79 -> 195000
A80: XÀ LÁCH LOLO XANH SUSHI | B80: Kg | D80: =IFERROR(VLOOKUP(A80,'7.1'!A90:C381,3,),) -> 0 | E80: =+D80*C80 -> 0
A81: XÀ LÁCH LOLO XANH TÚI 300GR | B81: TÚI | D81: =IFERROR(VLOOKUP(A81,'7.1'!A91:C382,3,),) -> 0 | E81: =+D81*C81 -> 0
A82: XÀ LÁCH ROMEN THUỶ CANH (KG) VR | B82: Kg | D82: =IFERROR(VLOOKUP(A82,'7.1'!A92:C383,3,),) -> 0 | E82: =+D82*C82 -> 0
A83: CÀ RỐT DL | B83: Kg | D83: =IFERROR(VLOOKUP(A83,'7.1'!A93:C384,3,),) -> 0 | E83: =+D83*C83 -> 0
A84: CÀ RỐT DL L1 | B84: Kg | D84: =IFERROR(VLOOKUP(A84,'7.1'!A94:C385,3,),) -> 12000 | E84: =+D84*C84 -> 0
A85: CÀ RỐT DL TÚI LƯỚI 500GR VR | B85: TÚI | D85: =IFERROR(VLOOKUP(A85,'7.1'!A95:C386,3,),) -> 0 | E85: =+D85*C85 -> 0
A86: CÀ RỐT TRUNG | B86: Kg | D86: =IFERROR(VLOOKUP(A86,'7.1'!A96:C387,3,),) -> 0 | E86: =+D86*C86 -> 0
A87: CÀ RỐT TÚI LƯỚI 800G KQ | B87: TÚI | D87: =IFERROR(VLOOKUP(A87,'7.1'!A97:C388,3,),) -> 0 | E87: =+D87*C87 -> 0
A88: GỪNG | B88: Kg | D88: =IFERROR(VLOOKUP(A88,'7.1'!A98:C389,3,),) -> 0 | E88: =+D88*C88 -> 0
A89: MỒNG TƠI | B89: Kg | D89: =IFERROR(VLOOKUP(A89,'7.1'!A99:C390,3,),) -> 0 | E89: =+D89*C89 -> 0
A90: NGÒ RÍ | B90: Kg | D90: =IFERROR(VLOOKUP(A90,'7.1'!A100:C391,3,),) -> 0 | E90: =+D90*C90 -> 0
A91: NGÒ RÍ TÚI 50GR | B91: TÚI | D91: =IFERROR(VLOOKUP(A91,'7.1'!A101:C392,3,),) -> 0 | E91: =+D91*C91 -> 0
... A113: ĐẬU TRẮNG 250GR | B113: VỈ | D113: =IFERROR(VLOOKUP(A113,'7.1'!A123:C414,3,),) -> 0 | E113: =+D113*C113 -> 0
A114: DƯA LEO 400G | B114: VỈ | C114: 40 | D114: 6000 | E114: =+D114*C114 -> 240000
A115: DƯA LEO BABY KQ | B115: VỈ | C115: 207 | D115: 6000 | E115: =+D115*C115 -> 1242000
A116: CÀ CHUA VỈ 400GR | B116: VỈ | D116: =IFERROR(VLOOKUP(A116,'7.1'!A126:C417,3,),) -> 0 | E116: =+D116*C116 -> 0
A117: CÀ CHUA VR | B117: Kg | D117: =IFERROR(VLOOKUP(A117,'7.1'!A127:C418,3,),) -> 0 | E117: =+D117*C117 -> 0
A118: BÍ ĐỎ MINI | B118: Kg | D118: =IFERROR(VLOOKUP(A118,'7.1'!A128:C419,3,),) -> 0 | E118: =+D118*C118 -> 0
A119: ỚT SỪNG 100G | D119: =IFERROR(VLOOKUP(A119,'7.1'!A129:C420,3,),) -> 0 | E119: =+D119*C119 -> 0
A120: XẢ CÂY | B120: Kg | D120: =IFERROR(VLOOKUP(A120,'7.1'!A130:C421,3,),) -> 0 | E120: =+D120*C120 -> 0
A121: DƯA LEO BABY VR | B121: VỈ | C121: 216 | D121: 6000 | E121: =+D121*C121 -> 1296000
...

Sheet 9.1
A1: 45300 | C1: Stock
A2: TÊN SẢN PHẨM | B2: ĐVT | C2: TỒN TRƯỚC | D2: GIÁ NHẬP | E2: THÀNH TIỀN
A4: BẮP CẢI TÍM | B4: Kg | C4: 5 | D4: 28000 | E4: =+D4*C4 -> 140000
A5: CÀ CHUA SÔCOLA 250GR (KG) -NA | B5: Kg | E5: =+D5*C5 -> 0
A6: CÀ CHUA SÔCOLA 250GR (KG) VR | B6: Kg | E6: =+D6*C6 -> 0
A7: CÀ CHUA SÔCOLA 250GR(KG) KQ | B7: Kg | E7: =+D7*C7 -> 0
A8: CÀ CHUA SÔCOLA 300GR (HỘP) VR | B8: HỘP | E8: =+D8*C8 -> 0
A9: CÀ CHUA SOCOLA XÁ | B9: Kg | E9: =+D9*C9 -> 0
A10: CÀ CHUA SÔCOLA(HỘP) KQ | B10: HỘP | E10: =+D10*C10 -> 0
A11: CÀ RỐT BABY | B11: Kg | E11: =+D11*C11 -> 0
A12: CÀ RỐT BABY (KG) KQ | B12: Kg | E12: =+D12*C12 -> 0
A13: CÀ RỐT BABY 200GR | B13: VỈ | E13: =+D13*C13 -> 0
A14: CẢI CẦU VỒNG | B14: Kg | E14: =+D14*C14 -> 0
A15: BẦU | B15: Kg | C15: 2 | D15: 10000 | E15: =+D15*C15 -> 20000
A16: CẢI KALE | B16: Kg | E16: =+D16*C16 -> 0
A17: BÍ ĐỎ NON TRÁI VR | B17: TRÁI | C17: 68 | D17: =11000*0.3 -> 3300 | E17: =+D17*C17 -> 224400
A18: CHANH VÀNG (KG) | B18: Kg | E18: =+D18*C18 -> 0
A19: CHANH VÀNG TRÁI 180UP | B19: TRÁI | E19: =+D19*C19 -> 0
A20: BÍ ĐỎ TRÒN | B20: Kg | C20: 1875 | D20: 6000 | E20: =+D20*C20 -> 11250000
A21: CẦN TÂY THUỶ CANH | B21: Kg | E21: =+D21*C21 -> 0
A22: CẦN TÂY(CÂY) | B22: CÂY | E22: =+D22*C22 -> 0
A23: ỚT CHUÔNG 3 MÀU(KG)VR | B23: VỈ | E23: =+D23*C23 -> 0
A24: BÍ NGÒI XANH | B24: Kg | C24: 235 | D24: 8000 | E24: =+D24*C24 -> 1880000
A25: BÓ XÔI | B25: Kg | C25: 6 | D25: 15000 | E25: =+D25*C25 -> 90000
A26: ỚT CHUÔNG ĐỎ(TRÁI) | B26: TRÁI | E26: =+D26*C26 -> 0
A27: BÔNG CẢI XANH BIGC | B27: Kg | C27: 25 | D27: 14000 | E27: =+D27*C27 -> 350000
A28: ỚT CHUÔNG 3 MÀU KQ(KG) | B28: Kg | E28: =+D28*C28 -> 0
A29: CÀ CHUA | B29: Kg | C29: 920 | D29: 8000 | E29: =+D29*C29 -> 7360000
A30: CÀ CHUA BI COOP | B30: Kg | C30: 9.5 | D30: 14000 | E30: =+D30*C30 -> 133000
A31: ỚT CHUÔNG VÀNG(TRÁI) | B31: TRÁI | E31: =+D31*C31 -> 0
A32: ỚT CHUÔNG VÀNG+ XANH (VỈ) | B32: VỈ | E32: =+D32*C32 -> 0
A33: CÀ CHUA L1 | B33: TÚI | C33: 164 | D33: 5000 | E33: =+D33*C33 -> 820000
A34: CÀ CHUA SÔCOLA 250GR (HỘP) VR | B34: HỘP | C34: 22 | D34: 7500 | E34: =+D34*C34 -> 165000
A35: ỚT CHUÔNG XANH(TRÁI) | B35: TRÁI | E35: =+D35*C35 -> 0
A36: CÀ CHUA Ý | B36: Kg | C36: 660 | D36: 17000 | E36: =+D36*C36 -> 11220000
A37: CỦ DỀN 600G | B37: TÚI | E37: =+D37*C37 -> 0
A38: GỪNG 250GR | B38: Kg | E38: =+D38*C38 -> 0
A39: HỒNG GIÒN | B39: Kg | E39: =+D39*C39 -> 0
A40: XÀ LÁCH MỸ | B40: Kg | E40: =+D40*C40 -> 0
A41: CÀ CHUA Ý CHÙM | B41: KG | C41: 220 | D41: 19000 | E41: =+D41*C41 -> 4180000
A42: KHOAI TÂY HỒNG TÚI LƯỚI 500G | B42: TÚI | E42: =+D42*C42 -> 0
A43: CÀ RỐT DL L1 | B43: Kg | C43: 275 | D43: 12000 | E43: =+D43*C43 -> 3300000
A44: CÀ Ý VỈ 650GR | B44: VỈ | C44: 37 | D44: =21000*0.65 -> 13650 | E44: =+D44*C44 -> 505050
A45: CẢI CẦU VỒNG 300GR | B45: TÚI | C45: 4 | D45: =18000*0.3 -> 5400 | E45: =+D45*C45 -> 21600
A46: KHOAI TÂY VÀNG RỬA | B46: Kg | E46: =+D46*C46 -> 0
A47: KHOAI TÂY VÀNG TRUNG TÚI LƯỚI 500G | B47: TÚI | E47: =+D47*C47 -> 0
A48: CẢI THẢO DL | B48: Kg | E48: =+D48*C48 -> 0
A49: CẢI THẢO DL(BẮP) | B49: BẮP | E49: =+D49*C49 -> 0
A50: CẢI THẢO KIM CHI | B50: Kg | E50: =+D50*C50 -> 0
A51: CẢI THẢO VR | B51: Kg | E51: =+D51*C51 -> 0
A52: CẢI KALE 300GR | B52: TÚI | C52: 5 | D52: =9000*0.3 -> 2700 | E52: =+D52*C52 -> 13500
A53: BÍ ĐAO XANH | B53: Kg | E53: =+D53*C53 -> 0
A54: BÍ ĐAO XANH 400G | B54: TRÁI | E54: =+D54*C54 -> 0
A55: CẦN TÂY (KG) | B55: Kg | C55: 8 | D55: 15000 | E55: =+D55*C55 -> 120000
A56: DƯA LEO 400G | B56: VỈ | E56: =+D56*C56 -> 0
A57: KHỔ QUA | B57: Kg | E57: =+D57*C57 -> 0
A58: KHỔ QUA 400GR | B58: VỈ | E58: =+D58*C58 -> 0
A59: MƯỚP HƯƠNG | B59: Kg | E59: =+D59*C59 -> 0
A60: MƯỚP HƯƠNG 300G | B60: TRÁI | E60: =+D60*C60 -> 0
A61: BÍ MINI VÀNG 300GR | B61: TRÁI | E61: =+D61*C61 -> 0
A62: BÍ MINI VÀNG KG | B62: Kg | E62: =+D62*C62 -> 0
A63: DƯA LEO GIỐNG NHẬT 600GR | B63: TÚI | E63: =+D63*C63 -> 0
A64: DƯA LEO GIỐNG NHẬT KG | B64: Kg | E64: =+D64*C64 -> 0
A65: BƠ 034 | B65: Kg | E65: =+D65*C65 -> 0
A66: BƠ BOOTH | B66: Kg | E66: =+D66*C66 -> 0
A67: BƠ SÁP | B67: Kg | E67: =+D67*C67 -> 0
A68: CHUỐI LABA | B68: Kg | C68: 83 | D68: 10000 | E68: =+D68*C68 -> 830000
A69: CỦ CẢI ĐỎ HỘP 300GR | B69: HỘP | C69: 3 | D69: 5000 | E69: =+D69*C69 -> 15000
A70: KHOAI LANG MẬT 500G KQ | B70: TÚI | E70: =+D70*C70 -> 0
A71: KHOAI LANG MẬT 500G VR | B71: TÚI | E71: =+D71*C71 -> 0
A72: PARO | B72: Kg | E72: =+D72*C72 -> 0
A73: PARO (CÂY) | B73: CÂY | E73: =+D73*C73 -> 0
A74: CỦ CẢI TRẮNG | B74: Kg | C74: 8 | D74: 4000 | E74: =+D74*C74 -> 32000
A75: BẮP CẢI TÍM (BẮP) | B75: BẮP | E75: =+D75*C75 -> 0
A76: BẮP CẢI TÍM SUSHI | B76: Kg | E76: =+D76*C76 -> 0
A77: CÀ CHUA CHERRY MIX 300G | B77: HỘP | E77: =+D77*C77 -> 0
A78: TÍA TÔ 50G | B78: TÚI | E78: =+D78*C78 -> 0
A79: XÀ LÁCH LOLO XANH | B79: Kg | E79: =+D79*C79 -> 0
A80: XÀ LÁCH LOLO XANH SUSHI | B80: Kg | E80: =+D80*C80 -> 0
A81: XÀ LÁCH LOLO XANH TÚI 300GR | B81: TÚI | E81: =+D81*C81 -> 0
A82: XÀ LÁCH ROMEN THUỶ CANH (KG) VR | B82: Kg | E82: =+D82*C82 -> 0
A83: CÀ RỐT DL | B83: Kg | E83: =+D83*C83 -> 0
A84: CỦ DỀN | B84: Kg | C84: 153 | D84: 11000 | E84: =+D84*C84 -> 1683000
A85: CÀ RỐT DL TÚI LƯỚI 500GR VR | B85: TÚI | E85: =+D85*C85 -> 0
A86: CÀ RỐT TRUNG | B86: Kg | E86: =+D86*C86 -> 0
A87: CÀ RỐT TÚI LƯỚI 800G KQ | B87: TÚI | E87: =+D87*C87 -> 0
A88: GỪNG | B88: Kg | E88: =+D88*C88 -> 0
A89: MỒNG TƠI | B89: Kg | E89: =+D89*C89 -> 0
A90: NGÒ RÍ | B90: Kg | E90: =+D90*C90 -> 0
A91: NGÒ RÍ TÚI 50GR | B91: TÚI | E91: =+D91*C91 -> 0
A92: ỚT HIỂM | B92: Kg | E92: =+D92*C92 -> 0
A93: ỚT HIỂM 100G | B93: Kg | E93: =+D93*C93 -> 0
A94: THÌ LÀ | B94: Kg | E94: =+D94*C94 -> 0
A95: THÌ LÀ TÚI 80GR | B95: TÚI | E95: =+D95*C95 -> 0
A96: ĐẬU QUE TRẮNG (TÚI) VR | B96: TÚI | C96: 15 | D96: 7000 | E96: =+D96*C96 -> 105000
A97: BÔNG BÍ TÚI 300GR | B97: VỈ | E97: =+D97*C97 -> 0
A98: BÔNG CẢI TRẮNG | B98: Kg | E98: =+D98*C98 -> 0
A99: BÔNG CẢI TRẮNG (CÂY) | B99: CÂY | E99: =+D99*C99 -> 0
A100: SET RAU KÈM ỚT | B100: VỈ | E100: =+D100*C100 -> 0
A101: SET RAU KHÔNG KÈM ỚT | B101: VỈ | E101: =+D101*C101 -> 0
...

Sheet 10.1
A1: hàng tồn cuối ngày 10.1
A2: TÊN SẢN PHẨM | B2: TỒN TRƯỚC | C2: GIÁ NHẬP | D2: THÀNH TIỀN
A3: CÀ CHUA SÔCOLA 250GR (HỘP) VR | B3: 71 | C3: 6500 | D3: =B3*C3 -> 461500
A4: CÀ CHUA SÔCOLA 250GR (KG) -NA | D4: =B4*C4 -> 0
A5: CÀ CHUA SÔCOLA 250GR (KG) VR | D5: =B5*C5 -> 0
A6: CÀ CHUA SÔCOLA 250GR(KG) KQ | B6: 9 | C6: 36000 | D6: =B6*C6 -> 324000
A7: CÀ CHUA SÔCOLA 300GR (HỘP) VR | D7: =B7*C7 -> 0
A8: CÀ CHUA SOCOLA XÁ | D8: =B8*C8 -> 0
A9: CÀ CHUA SÔCOLA(HỘP) KQ | D9: =B9*C9 -> 0
A10: CÀ RỐT BABY | D10: =B10*C10 -> 0
A11: CÀ RỐT BABY (KG) KQ | D11: =B11*C11 -> 0
A12: CÀ RỐT BABY 200GR | D12: =B12*C12 -> 0
A13: CẢI CẦU VỒNG | D13: =B13*C13 -> 0
A14: CẢI CẦU VỒNG 300GR | D14: =B14*C14 -> 0
A15: CẢI KALE | D15: =B15*C15 -> 0
A16: CẢI KALE 300GR | D16: =B16*C16 -> 0
A17: CHANH VÀNG (KG) | B17: 6 | C17: 55000 | D17: =B17*C17 -> 330000
A18: CHANH VÀNG TRÁI 180UP | D18: =B18*C18 -> 0
A19: CẦN TÂY (KG) | D19: =B19*C19 -> 0
A20: CẦN TÂY THUỶ CANH | D20: =B20*C20 -> 0
A21: CẦN TÂY(CÂY) | D21: =B21*C21 -> 0
A22: ỚT CHUÔNG 3 MÀU(KG)VR | D22: =B22*C22 -> 0
A23: ỚT CHUÔNG ĐỎ | D23: =B23*C23 -> 0
A24: ỚT CHUÔNG ĐỎ L1 | B24: 30 | C24: 28000 | D24: =B24*C24 -> 840000
A25: ỚT CHUÔNG ĐỎ(TRÁI) | D25: =B25*C25 -> 0
A26: ỚT CHUÔNG 3 MÀU 350G | B26: 100 | C26: 13000 | D26: =B26*C26 -> 1300000
A27: ỚT CHUÔNG 3 MÀU KQ(KG) | D27: =B27*C27 -> 0
A28: ỚT CHUÔNG VÀNG | B28: 20 | C28: 45000 | D28: =B28*C28 -> 900000
A29: ỚT CHUÔNG VÀNG L1 | B29: 15 | C29: 40000 | D29: =B29*C29 -> 600000
A30: ỚT CHUÔNG VÀNG(TRÁI) | D30: =B30*C30 -> 0
A31: ỚT CHUÔNG VÀNG+ XANH (VỈ) | D31: =B31*C31 -> 0
A32: ỚT CHUÔNG XANH | D32: =B32*C32 -> 0
A33: ỚT CHUÔNG XANH L1 | B33: 15 | C33: 21000 | D33: =B33*C33 -> 315000
A34: ỚT CHUÔNG XANH(TRÁI) | D34: =B34*C34 -> 0
A35: CỦ DỀN | B35: =10+5+17+5+20 -> 57 | C35: 10000 | D35: =B35*C35 -> 570000
A36: CỦ DỀN 600G | D36: =B36*C36 -> 0
A37: GỪNG 250GR | D37: =B37*C37 -> 0
A38: HỒNG GIÒN | D38: =B38*C38 -> 0
A39: XÀ LÁCH MỸ | D39: =B39*C39 -> 0
A40: KHOAI TÂY HỒNG | B40: 25 | C40: 25000 | D40: =B40*C40 -> 625000
A41: KHOAI TÂY HỒNG TÚI LƯỚI 500G | D41: =B41*C41 -> 0
A42: KHOAI TÂY VÀNG | B42: 18 | C42: 12000 | D42: =B42*C42 -> 216000
A43: KHOAI TÂY VÀNG ĐL | B43: 200 | C43: 15000 | D43: =B43*C43 -> 3000000
A44: KHOAI TÂY VÀNG LỚN TÚI LƯỚI 500G | B44: 100 | C44: 15000 | D44: =B44*C44 -> 1500000
A45: KHOAI TÂY VÀNG RỬA | D45: =B45*C45 -> 0
A46: KHOAI TÂY VÀNG TRUNG TÚI LƯỚI 500G | D46: =B46*C46 -> 0
A47: CẢI THẢO DL | D47: =B47*C47 -> 0
A48: CẢI THẢO DL(BẮP) | D48: =B48*C48 -> 0
A49: CẢI THẢO KIM CHI | D49: =B49*C49 -> 0
A50: CẢI THẢO VR | D50: =B50*C50 -> 0
A51: BẦU | D51: =B51*C51 -> 0
A52: BÍ ĐAO XANH | D52: =B52*C52 -> 0
A53: BÍ ĐAO XANH 400G | D53: =B53*C53 -> 0
A54: DƯA LEO | D54: =B54*C54 -> 0
A55: DƯA LEO 400G | B55: 20 | C55: 8000 | D55: =B55*C55 -> 160000
A56: KHỔ QUA | D56: =B56*C56 -> 0
A57: KHỔ QUA 400GR | D57: =B57*C57 -> 0
A58: MƯỚP HƯƠNG | D58: =B58*C58 -> 0
A59: MƯỚP HƯƠNG 300G | D59: =B59*C59 -> 0
A60: BÍ MINI VÀNG 300GR | D60: =B60*C60 -> 0
A61: BÍ MINI VÀNG KG | D61: =B61*C61 -> 0
A62: DƯA LEO GIỐNG NHẬT 600GR | B62: 5 | C62: 9000 | D62: =B62*C62 -> 45000
A63: DƯA LEO GIỐNG NHẬT KG | D63: =B63*C63 -> 0
A64: BƠ 034 | D64: =B64*C64 -> 0
A65: BƠ BOOTH | D65: =B65*C65 -> 0
A66: BƠ SÁP | D66: =B66*C66 -> 0
A67: KHOAI LANG MẬT (KG) 2-3 CỦ | B67: =60+80+240 -> 380 | C67: 27000 | D67: =B67*C67 -> 10260000
A68: KHOAI LANG MẬT (KG) 4-6 CỦ | D68: =B68*C68 -> 0
A69: KHOAI LANG MẬT 500G KQ | D69: =B69*C69 -> 0
A70: KHOAI LANG MẬT 500G VR | D70: =B70*C70 -> 0
A71: PARO | D71: =B71*C71 -> 0
A72: PARO (CÂY) | D72: =B72*C72 -> 0
A73: BẮP CẢI TÍM | D73: =B73*C73 -> 0
A74: BẮP CẢI TÍM (BẮP) | D74: =B74*C74 -> 0
A75: BẮP CẢI TÍM SUSHI | D75: =B75*C75 -> 0
A76: CÀ CHUA CHERRY MIX 300G | D76: =B76*C76 -> 0
A77: TÍA TÔ 50G | D77: =B77*C77 -> 0
A78: XÀ LÁCH LOLO XANH | B78: 5 | C78: 12000 | D78: =B78*C78 -> 60000
A79: XÀ LÁCH LOLO XANH SUSHI | D79: =B79*C79 -> 0
A80: XÀ LÁCH LOLO XANH TÚI 300GR | D80: =B80*C80 -> 0
A81: XÀ LÁCH ROMEN THUỶ CANH (KG) VR | D81: =B81*C81 -> 0
A82: CÀ RỐT DL | D82: =B82*C82 -> 0
A83: CÀ RỐT DL L1 | B83: 65 | C83: 12000 | D83: =B83*C83 -> 780000
A84: CÀ RỐT DL TÚI LƯỚI 500GR VR | D84: =B84*C84 -> 0
A85: CÀ RỐT TRUNG | D85: =B85*C85 -> 0
A86: CÀ RỐT TÚI LƯỚI 800G KQ | D86: =B86*C86 -> 0
A87: GỪNG | B87: 7 | C87: 28000 | D87: =B87*C87 -> 196000
A88: MỒNG TƠI | D88: =B88*C88 -> 0
A89: NGÒ RÍ | D89: =B89*C89 -> 0
A90: NGÒ RÍ TÚI 50GR | D90: =B90*C90 -> 0
A91: ỚT HIỂM | D91: =B91*C91 -> 0
A92: ỚT HIỂM 100G | D92: =B92*C92 -> 0
A93: THÌ LÀ | D93: =B93*C93 -> 0
A94: THÌ LÀ TÚI 80GR | D94: =B94*C94 -> 0
A95: CHUỐI LABA | B95: 10 | C95: 10000 | D95: =B95*C95 -> 100000
A96: BÔNG BÍ TÚI 300GR | D96: =B96*C96 -> 0
A97: BÔNG CẢI TRẮNG | D97: =B97*C97 -> 0
A98: BÔNG CẢI TRẮNG (CÂY) | D98: =B98*C98 -> 0
A99: SET RAU KÈM ỚT | D99: =B99*C99 -> 0
A100: SET RAU KHÔNG KÈM ỚT | D100: =B100*C100 -> 0
...

Sheet 11.1
A1: hàng tồn cuối ngày 11/1
A2: TÊN SẢN PHẨM | B2: TỒN TRƯỚC | C2: GIÁ NHẬP | D2: THÀNH TIỀN
A3: CÀ CHUA SÔCOLA 250GR (HỘP) VR | B3: 34 | C3: 6000 | D3: =B3*C3 -> 204000
A4: CÀ CHUA SÔCOLA 250GR (KG) -NA | D4: =B4*C4 -> 0
A5: CÀ CHUA SÔCOLA 250GR (KG) VR | D5: =B5*C5 -> 0
A6: CÀ CHUA SÔCOLA 250GR(KG) KQ | D6: =B6*C6 -> 0
A7: CÀ CHUA SÔCOLA 300GR (HỘP) VR | D7: =B7*C7 -> 0
A8: CÀ CHUA SOCOLA XÁ | D8: =B8*C8 -> 0
A9: CÀ CHUA SÔCOLA(HỘP) KQ | D9: =B9*C9 -> 0
A10: CÀ RỐT BABY | D10: =B10*C10 -> 0
A11: CÀ RỐT BABY (KG) KQ | D11: =B11*C11 -> 0
A12: CÀ RỐT BABY 200GR | B12: 10 | C12: 9000 | D12: =B12*C12 -> 90000
A13: CẢI CẦU VỒNG | D13: =B13*C13 -> 0
A14: CẢI CẦU VỒNG 300GR | B14: 8 | C14: 4800 | D14: =B14*C14 -> 38400
A15: CẢI KALE | D15: =B15*C15 -> 0
A16: CẢI KALE 300GR | D16: =B16*C16 -> 0
A17: CHANH VÀNG (KG) | D17: =B17*C17 -> 0
A18: CHANH VÀNG TRÁI 180UP | D18: =B18*C18 -> 0
A19: CẦN TÂY (KG) | D19: =B19*C19 -> 0
A20: CẦN TÂY THUỶ CANH | D20: =B20*C20 -> 0
A21: CẦN TÂY(CÂY) | D21: =B21*C21 -> 0
A22: ỚT CHUÔNG 3 MÀU(KG)VR | D22: =B22*C22 -> 0
A23: ỚT CHUÔNG ĐỎ | B23: =20+25+10+5 -> 60 | C23: 35000 | D23: =B23*C23 -> 2100000
A24: ỚT CHUÔNG ĐỎ L1 | B24: 13 | C24: 28000 | D24: =B24*C24 -> 364000
A25: ỚT CHUÔNG ĐỎ(TRÁI) | D25: =B25*C25 -> 0
A26: ỚT CHUÔNG 3 MÀU 350G | B26: 100 | C26: 15000 | D26: =B26*C26 -> 1500000
A27: ỚT CHUÔNG 3 MÀU KQ(KG) | D27: =B27*C27 -> 0
A28: ỚT CHUÔNG VÀNG | B28: 35 | C28: 50000 | D28: =B28*C28 -> 1750000
A29: ỚT CHUÔNG VÀNG L1 | B29: 13 | C29: 40000 | D29: =B29*C29 -> 520000
A30: ỚT CHUÔNG VÀNG(TRÁI) | D30: =B30*C30 -> 0
A31: ỚT CHUÔNG VÀNG+ XANH (VỈ) | D31: =B31*C31 -> 0
A32: ỚT CHUÔNG XANH | B32: 80 | C32: 28000 | D32: =B32*C32 -> 2240000
A33: ỚT CHUÔNG XANH L1 | B33: 10 | C33: 21000 | D33: =B33*C33 -> 210000
A34: ỚT CHUÔNG XANH(TRÁI) | D34: =B34*C34 -> 0
A35: CỦ DỀN | B35: =40+48+10+25 -> 123 | C35: 11000 | D35: =B35*C35 -> 1353000
A36: CỦ DỀN 600G | D36: =B36*C36 -> 0
A37: GỪNG 250GR | D37: =B37*C37 -> 0
A38: HỒNG GIÒN | D38: =B38*C38 -> 0
A39: XÀ LÁCH MỸ | D39: =B39*C39 -> 0
A40: KHOAI TÂY HỒNG | B40: 3 | C40: 24000 | D40: =B40*C40 -> 72000
A41: KHOAI TÂY HỒNG TÚI LƯỚI 500G | D41: =B41*C41 -> 0
A42: KHOAI TÂY VÀNG | B42: 18 | C42: 12000 | D42: =B42*C42 -> 216000
A43: KHOAI TÂY VÀNG ĐL | B43: =80+50+40 -> 170 | C43: 15000 | D43: =B43*C43 -> 2550000
A44: KHOAI TÂY VÀNG LỚN TÚI LƯỚI 500G | B44: =70+10 -> 80 | C44: 15000 | D44: =B44*C44 -> 1200000
A45: KHOAI TÂY VÀNG RỬA | D45: =B45*C45 -> 0
A46: KHOAI TÂY VÀNG TRUNG TÚI LƯỚI 500G | D46: =B46*C46 -> 0
A47: CẢI THẢO DL | D47: =B47*C47 -> 0
A48: CẢI THẢO DL(BẮP) | D48: =B48*C48 -> 0
A49: CẢI THẢO KIM CHI | D49: =B49*C49 -> 0
A50: CẢI THẢO VR | D50: =B50*C50 -> 0
A51: BẦU | D51: =B51*C51 -> 0
A52: BÍ ĐAO XANH | D52: =B52*C52 -> 0
A53: BÍ ĐAO XANH 400G | D53: =B53*C53 -> 0
A54: DƯA LEO | B54: 20 | C54: 13000 | D54: =B54*C54 -> 260000
A55: DƯA LEO 400G | D55: =B55*C55 -> 0
A56: KHỔ QUA | D56: =B56*C56 -> 0
A57: KHỔ QUA 400GR | D57: =B57*C57 -> 0
A58: MƯỚP HƯƠNG | D58: =B58*C58 -> 0
A59: MƯỚP HƯƠNG 300G | D59: =B59*C59 -> 0
A60: BÍ MINI VÀNG 300GR | D60: =B60*C60 -> 0
A61: BÍ MINI VÀNG KG | D61: =B61*C61 -> 0
A62: DƯA LEO GIỐNG NHẬT 600GR | B62: 20 | C62: 9000 | D62: =B62*C62 -> 180000
A63: DƯA LEO GIỐNG NHẬT KG | D63: =B63*C63 -> 0
A64: BƠ 034 | D64: =B64*C64 -> 0
A65: BƠ BOOTH | D65: =B65*C65 -> 0
A66: BƠ SÁP | D66: =B66*C66 -> 0
A67: KHOAI LANG MẬT (KG) 2-3 CỦ | B67: =280+140 -> 420 | C67: 27000 | D67: =B67*C67 -> 11340000
A68: KHOAI LANG MẬT (KG) 4-6 CỦ | D68: =B68*C68 -> 0
A69: KHOAI LANG MẬT 500G KQ | D69: =B69*C69 -> 0
A70: KHOAI LANG MẬT 500G VR | B70: 3 | C70: 14000 | D70: =B70*C70 -> 42000
A71: PARO | D71: =B71*C71 -> 0
A72: PARO (CÂY) | D72: =B72*C72 -> 0
A73: BẮP CẢI TÍM | B73: 15 | C73: 25000 | D73: =B73*C73 -> 375000
A74: BẮP CẢI TÍM (BẮP) | D74: =B74*C74 -> 0
A75: BẮP CẢI TÍM SUSHI | D75: =B75*C75 -> 0
A76: CÀ CHUA CHERRY MIX 300G | D76: =B76*C76 -> 0
A77: TÍA TÔ 50G | D77: =B77*C77 -> 0
A78: XÀ LÁCH LOLO XANH | D78: =B78*C78 -> 0
A79: XÀ LÁCH LOLO XANH SUSHI | D79: =B79*C79 -> 0
A80: XÀ LÁCH LOLO XANH TÚI 300GR | D80: =B80*C80 -> 0
A81: XÀ LÁCH ROMEN THUỶ CANH (KG) VR | D81: =B81*C81 -> 0
A82: CÀ RỐT DL | D82: =B82*C82 -> 0
A83: CÀ RỐT DL L1 | B83: 140 | C83: 11000 | D83: =B83*C83 -> 1540000
A84: CÀ RỐT DL TÚI LƯỚI 500GR VR | D84: =B84*C84 -> 0
A85: CÀ RỐT TRUNG | D85: =B85*C85 -> 0
A86: CÀ RỐT TÚI LƯỚI 800G KQ | D86: =B86*C86 -> 0
A87: GỪNG | B87: 19 | C87: 28000 | D87: =B87*C87 -> 532000
A88: MỒNG TƠI | D88: =B88*C88 -> 0
A89: NGÒ RÍ | D89: =B89*C89 -> 0
A90: NGÒ RÍ TÚI 50GR | D90: =B90*C90 -> 0
A91: ỚT HIỂM | D91: =B91*C91 -> 0
A92: ỚT HIỂM 100G | D92: =B92*C92 -> 0
A93: THÌ LÀ | D93: =B93*C93 -> 0
A94: THÌ LÀ TÚI 80GR | D94: =B94*C94 -> 0
A95: CHUỐI LABA | D95: =B95*C95 -> 0
A96: BÔNG BÍ TÚI 300GR | D96: =B96*C96 -> 0
A97: BÔNG CẢI TRẮNG | D97: =B97*C97 -> 0
A98: BÔNG CẢI TRẮNG (CÂY) | D98: =B98*C98 -> 0
A99: SET RAU KÈM ỚT | D99: =B99*C99 -> 0
... A112: ĐẬU TRẮNG 250GR | D112: =B112*C112 -> 0
...

Sheet 12.1
A1: hàng tồn cuối ngày 12/1
A2: TÊN SẢN PHẨM | B2: TỒN TRƯỚC | C2: GIÁ NHẬP | D2: THÀNH TIỀN
A3: CÀ CHUA SÔCOLA 250GR (HỘP) VR | D3: =B3*C3 -> 0
A4: CÀ CHUA SÔCOLA 250GR (KG) -NA | D4: =B4*C4 -> 0
A5: CÀ CHUA SÔCOLA 250GR (KG) VR | D5: =B5*C5 -> 0
A6: CÀ CHUA SÔCOLA 250GR(KG) KQ | D6: =B6*C6 -> 0
A7: CÀ CHUA SÔCOLA 300GR (HỘP) VR | D7: =B7*C7 -> 0
A8: CÀ CHUA SOCOLA XÁ | D8: =B8*C8 -> 0
A9: CÀ CHUA SÔCOLA(HỘP) KQ | B9: 8 | C9: 6000 | D9: =B9*C9 -> 48000
A10: CÀ RỐT BABY | D10: =B10*C10 -> 0
A11: CÀ RỐT BABY (KG) KQ | D11: =B11*C11 -> 0
A12: CÀ RỐT BABY 200GR | D12: =B12*C12 -> 0
A13: CẢI CẦU VỒNG | D13: =B13*C13 -> 0
A14: CẢI CẦU VỒNG 300GR | D14: =B14*C14 -> 0
A15: CẢI KALE | D15: =B15*C15 -> 0
A16: CẢI KALE 300GR | B16: 13 | C16: 4000 | D16: =B16*C16 -> 52000
A17: CHANH VÀNG (KG) | D17: =B17*C17 -> 0
A18: CHANH VÀNG TRÁI 180UP | D18: =B18*C18 -> 0
A19: CẦN TÂY (KG) | D19: =B19*C19 -> 0
A20: CẦN TÂY THUỶ CANH | D20: =B20*C20 -> 0
A21: CẦN TÂY(CÂY) | D21: =B21*C21 -> 0
A22: ỚT CHUÔNG 3 MÀU(KG)VR | D22: =B22*C22 -> 0
A23: ỚT CHUÔNG ĐỎ | B23: 75 | C23: 35000 | D23: =B23*C23 -> 2625000
A24: ỚT CHUÔNG ĐỎ L1 | B24: 30 | C24: 28000 | D24: =B24*C24 -> 840000
A25: ỚT CHUÔNG ĐỎ(TRÁI) | D25: =B25*C25 -> 0
A26: ỚT CHUÔNG 3 MÀU 350G | B26: 100 | C26: 15000 | D26: =B26*C26 -> 1500000
A27: ỚT CHUÔNG 3 MÀU KQ(KG) | D27: =B27*C27 -> 0
A28: ỚT CHUÔNG VÀNG | B28: 15 | C28: 50000 | D28: =B28*C28 -> 750000
A29: ỚT CHUÔNG VÀNG L1 | B29: 14 | C29: 40000 | D29: =B29*C29 -> 560000
A30: ỚT CHUÔNG VÀNG(TRÁI) | D30: =B30*C30 -> 0
A31: ỚT CHUÔNG VÀNG+ XANH (VỈ) | D31: =B31*C31 -> 0
A32: ỚT CHUÔNG XANH | B32: =18+40 -> 58 | C32: 28000 | D32: =B32*C32 -> 1624000
A33: ỚT CHUÔNG XANH L1 | B33: 15 | C33: 21000 | D33: =B33*C33 -> 315000
A34: ỚT CHUÔNG XANH(TRÁI) | D34: =B34*C34 -> 0
A35: CỦ DỀN | B35: =20+20+40 -> 80 | C35: 10000 | D35: =B35*C35 -> 800000
A36: CỦ DỀN 600G | D36: =B36*C36 -> 0
A37: GỪNG 250GR | D37: =B37*C37 -> 0
A38: HỒNG GIÒN | D38: =B38*C38 -> 0
A39: XÀ LÁCH MỸ | D39: =B39*C39 -> 0
A40: KHOAI TÂY HỒNG | B40: 20 | C40: 24000 | D40: =B40*C40 -> 480000
A41: KHOAI TÂY HỒNG TÚI LƯỚI 500G | D41: =B41*C41 -> 0
A42: KHOAI TÂY VÀNG | D42: =B42*C42 -> 0
A43: KHOAI TÂY VÀNG ĐL | B43: 200 | C43: 15000 | D43: =B43*C43 -> 3000000
A44: KHOAI TÂY VÀNG LỚN TÚI LƯỚI 500G | B44: 80 | C44: 15000 | D44: =B44*C44 -> 1200000
A45: KHOAI TÂY VÀNG RỬA | D45: =B45*C45 -> 0
A46: KHOAI TÂY VÀNG TRUNG TÚI LƯỚI 500G | D46: =B46*C46 -> 0
A47: CẢI THẢO DL | D47: =B47*C47 -> 0
A48: CẢI THẢO DL(BẮP) | D48: =B48*C48 -> 0
A49: CẢI THẢO KIM CHI | D49: =B49*C49 -> 0
A50: CẢI THẢO VR | D50: =B50*C50 -> 0
A51: BẦU | D51: =B51*C51 -> 0
A52: BÍ ĐAO XANH | D52: =B52*C52 -> 0
A53: BÍ ĐAO XANH 400G | D53: =B53*C53 -> 0
A54: DƯA LEO | B54: 6 | C54: 13000 | D54: =B54*C54 -> 78000
A55: DƯA LEO 400G | D55: =B55*C55 -> 0
A56: KHỔ QUA | D56: =B56*C56 -> 0
A57: KHỔ QUA 400GR | D57: =B57*C57 -> 0
A58: MƯỚP HƯƠNG | D58: =B58*C58 -> 0
A59: MƯỚP HƯƠNG 300G | D59: =B59*C59 -> 0
A60: BÍ MINI VÀNG 300GR | D60: =B60*C60 -> 0
A61: BÍ MINI VÀNG KG | D61: =B61*C61 -> 0
A62: DƯA LEO GIỐNG NHẬT 600GR | D62: =B62*C62 -> 0
A63: DƯA LEO GIỐNG NHẬT KG | D63: =B63*C63 -> 0
A64: BƠ 034 | D64: =B64*C64 -> 0
A65: BƠ BOOTH | D65: =B65*C65 -> 0
A66: BƠ SÁP | D66: =B66*C66 -> 0
... A82: CÀ RỐT DL | D82: =B82*C82 -> 0
A83: CÀ RỐT DL L1 | B83: 115 | C83: 11000 | D83: =B83*C83 -> 1265000
A84: CÀ RỐT DL TÚI LƯỚI 500GR VR | D84: =B84*C84 -> 0
A85: CÀ RỐT TRUNG | D85: =B85*C85 -> 0
A86: CÀ RỐT TÚI LƯỚI 800G KQ | D86: =B86*C86 -> 0
A87: GỪNG | B87: 7 | C87: 28000 | D87: =B87*C87 -> 196000
A88: MỒNG TƠI | D88: =B88*C88 -> 0
A89: NGÒ RÍ | D89: =B89*C89 -> 0
A90: NGÒ RÍ TÚI 50GR | D90: =B90*C90 -> 0
A91: ỚT HIỂM | B91: 0.3 | C91: 40000 | D91: =B91*C91 -> 12000
A92: ỚT HIỂM 100G | D92: =B92*C92 -> 0
A93: THÌ LÀ | D93: =B93*C93 -> 0
A94: THÌ LÀ TÚI 80GR | D94: =B94*C94 -> 0
A95: CHUỐI LABA | D95: =B95*C95 -> 0
A96: BÔNG BÍ TÚI 300GR | D96: =B96*C96 -> 0
A97: BÔNG CẢI TRẮNG | D97: =B97*C97 -> 0
A98: BÔNG CẢI TRẮNG (CÂY) | D98: =B98*C98 -> 0
A99: SET RAU KÈM ỚT | D99: =B99*C99 -> 0
A100: SET RAU KHÔNG KÈM ỚT | D100: =B100*C100 -> 0
A101: ĐẬU BO | D101: =B101*C101 -> 0
A102: ĐẬU BO 250GR | D102: =B102*C102 -> 0
A103: ĐẬU CÚC | D103: =B103*C103 -> 0
... A112: ĐẬU TRẮNG 250GR | D112: =B112*C112 -> 0
A113: CÀ CHUA | B113: =240+140+20+60+40+110 -> 610 | C113: 9000 | D113: =B113*C113 -> 5490000
A114: CÀ CHUA L1 | B114: =80+100 -> 180 | C114: 7000 | D114: =B114*C114 -> 1260000
A115: CÀ CHUA VỈ 400GR | D115: =B115*C115 -> 0
A116: CÀ CHUA VR | D116: =B116*C116 -> 0
A117: BÍ ĐỎ MINI | D117: =B117*C117 -> 0
A118: ỚT SỪNG 100G | D118: =B118*C118 -> 0
A119: XẢ CÂY | D119: =B119*C119 -> 0
A120: BÍ ĐỎ TRÒN | B120: =2220+450+820 -> 3490 | C120: 6000 | D120: =B120*C120 -> 20940000
A121: BÔNG ATISO | D121: =B121*C121 -> 0
A122: BÔNG CẢI XANH BABY (KG) | D122: =B122*C122 -> 0
A123: BÔNG CẢI XANH BABY 200G | D123: =B123*C123 -> 0
...

Sheet 13.1
A1: hàng tồn cuối ngày 13/1
A2: TÊN SẢN PHẨM | B2: TỒN TRƯỚC | C2: GIÁ NHẬP | D2: THÀNH TIỀN
A3: CÀ CHUA SÔCOLA 250GR (HỘP) VR | B3: 12 | C3: 6000 | D3: =B3*C3 -> 72000
A4: CÀ CHUA SÔCOLA 250GR (KG) -NA | D4: =B4*C4 -> 0
A5: CÀ CHUA SÔCOLA 250GR (KG) VR | D5: =B5*C5 -> 0
A6: CÀ CHUA SÔCOLA 250GR(KG) KQ | D6: =B6*C6 -> 0
A7: CÀ CHUA SÔCOLA 300GR (HỘP) VR | D7: =B7*C7 -> 0
A8: CÀ CHUA SOCOLA XÁ | D8: =B8*C8 -> 0
A9: CÀ CHUA SÔCOLA(HỘP) KQ | D9: =B9*C9 -> 0
A10: CÀ RỐT BABY | D10: =B10*C10 -> 0
A11: CÀ RỐT BABY (KG) KQ | D11: =B11*C11 -> 0
A12: CÀ RỐT BABY 200GR | B12: 10 | C12: 8000 | D12: =B12*C12 -> 80000
A13: CẢI CẦU VỒNG | D13: =B13*C13 -> 0
A14: CẢI CẦU VỒNG 300GR | D14: =B14*C14 -> 0
A15: CẢI KALE | D15: =B15*C15 -> 0
A16: CẢI KALE 300GR | B16: 16 | C16: 3000 | D16: =B16*C16 -> 48000
A17: CHANH VÀNG (KG) | D17: =B17*C17 -> 0
A18: CHANH VÀNG TRÁI 180UP | D18: =B18*C18 -> 0
A19: CẦN TÂY (KG) | B19: 5 | C19: 15000 | D19: =B19*C19 -> 75000
A20: CẦN TÂY THUỶ CANH | D20: =B20*C20 -> 0
A21: CẦN TÂY(CÂY) | D21: =B21*C21 -> 0
A22: ỚT CHUÔNG 3 MÀU(KG)VR | D22: =B22*C22 -> 0
A23: ỚT CHUÔNG ĐỎ | B23: =20+14+50+15+10 -> 109 | C23: 35000 | D23: =B23*C23 -> 3815000
A24: ỚT CHUÔNG ĐỎ L1 | B24: 18 | C24: 28000 | D24: =B24*C24 -> 504000
A25: ỚT CHUÔNG ĐỎ(TRÁI) | D25: =B25*C25 -> 0
A26: ỚT CHUÔNG 3 MÀU 350G | D26: =B26*C26 -> 0
A27: ỚT CHUÔNG 3 MÀU KQ(KG) | D27: =B27*C27 -> 0
A28: ỚT CHUÔNG VÀNG | B28: =30+15 -> 45 | C28: 50000 | D28: =B28*C28 -> 2250000
A29: ỚT CHUÔNG VÀNG L1 | B29: 10 | C29: 40000 | D29: =B29*C29 -> 400000
A30: ỚT CHUÔNG VÀNG(TRÁI) | D30: =B30*C30 -> 0
A31: ỚT CHUÔNG VÀNG+ XANH (VỈ) | D31: =B31*C31 -> 0
A32: ỚT CHUÔNG XANH | B32: =20+10+9+10+18 -> 67 | C32: 28000 | D32: =B32*C32 -> 1876000
A33: ỚT CHUÔNG XANH L1 | B33: 10 | C33: 21000 | D33: =B33*C33 -> 210000
A34: ỚT CHUÔNG XANH(TRÁI) | D34: =B34*C34 -> 0
A35: CỦ DỀN | B35: =10+20+18 -> 48 | C35: 10000 | D35: =B35*C35 -> 480000
A36: CỦ DỀN 600G | D36: =B36*C36 -> 0
A37: GỪNG 250GR | D37: =B37*C37 -> 0
A38: HỒNG GIÒN | D38: =B38*C38 -> 0
A39: XÀ LÁCH MỸ | D39: =B39*C39 -> 0
A40: KHOAI TÂY HỒNG | D40: =B40*C40 -> 0
A41: KHOAI TÂY HỒNG TÚI LƯỚI 500G | D41: =B41*C41 -> 0
A42: KHOAI TÂY VÀNG | D42: =B42*C42 -> 0
A43: KHOAI TÂY VÀNG ĐL | B43: 160 | C43: 15000 | D43: =B43*C43 -> 2400000
A44: KHOAI TÂY VÀNG LỚN TÚI LƯỚI 500G | D44: =B44*C44 -> 0
A45: KHOAI TÂY VÀNG RỬA | D45: =B45*C45 -> 0
A46: KHOAI TÂY VÀNG TRUNG TÚI LƯỚI 500G | D46: =B46*C46 -> 0
A47: CẢI THẢO DL | D47: =B47*C47 -> 0
A48: CẢI THẢO DL(BẮP) | D48: =B48*C48 -> 0
A49: CẢI THẢO KIM CHI | D49: =B49*C49 -> 0
A50: CẢI THẢO VR | D50: =B50*C50 -> 0
A51: BẦU | D51: =B51*C51 -> 0
A52: BÍ ĐAO XANH | D52: =B52*C52 -> 0
A53: BÍ ĐAO XANH 400G | D53: =B53*C53 -> 0
A54: DƯA LEO | B54: 18 | C54: 13000 | D54: =B54*C54 -> 234000
A55: DƯA LEO 400G | D55: =B55*C55 -> 0
A56: KHỔ QUA | D56: =B56*C56 -> 0
A57: KHỔ QUA 400GR | D57: =B57*C57 -> 0
A58: MƯỚP HƯƠNG | D58: =B58*C58 -> 0
A59: MƯỚP HƯƠNG 300G | D59: =B59*C59 -> 0
A60: BÍ MINI VÀNG 300GR | D60: =B60*C60 -> 0
A61: BÍ MINI VÀNG KG | D61: =B61*C61 -> 0
A62: DƯA LEO GIỐNG NHẬT 600GR | D62: =B62*C62 -> 0
A63: DƯA LEO GIỐNG NHẬT KG | D63: =B63*C63 -> 0
A64: BƠ 034 | D64: =B64*C64 -> 0
A65: BƠ BOOTH | D65: =B65*C65 -> 0
A66: BƠ SÁP | D66: =B66*C66 -> 0
A67: KHOAI LANG MẬT (KG) 2-3 CỦ | B67: 340 | C67: 29000 | D67: =B67*C67 -> 9860000
A68: KHOAI LANG MẬT (KG) 4-6 CỦ | B68: 300 | C68: 28000 | D68: =B68*C68 -> 8400000
A69: KHOAI LANG MẬT 500G KQ | D69: =B69*C69 -> 0
A70: KHOAI LANG MẬT 500G VR | D70: =B70*C70 -> 0
A71: PARO | B71: 39 | C71: 12000 | D71: =B71*C71 -> 468000
A72: PARO (CÂY) | D72: =B72*C72 -> 0
A73: BẮP CẢI TÍM | D73: =B73*C73 -> 0
A74: BẮP CẢI TÍM (BẮP) | D74: =B74*C74 -> 0
A75: BẮP CẢI TÍM SUSHI | D75: =B75*C75 -> 0
A76: CÀ CHUA CHERRY MIX 300G | B76: 4 | C76: 11000 | D76: =B76*C76 -> 44000
A77: TÍA TÔ 50G | D77: =B77*C77 -> 0
A78: XÀ LÁCH LOLO XANH | D78: =B78*C78 -> 0
A79: XÀ LÁCH LOLO XANH SUSHI | D79: =B79*C79 -> 0
A80: XÀ LÁCH LOLO XANH TÚI 300GR | D80: =B80*C80 -> 0
A81: XÀ LÁCH ROMEN THUỶ CANH (KG) VR | D81: =B81*C81 -> 0
A82: CÀ RỐT DL | D82: =B82*C82 -> 0
A83: CÀ RỐT DL L1 | B83: =18+18+10 -> 46 | C83: 11000 | D83: =B83*C83 -> 506000
A84: CÀ RỐT DL TÚI LƯỚI 500GR VR | D84: =B84*C84 -> 0
A85: CÀ RỐT TRUNG | D85: =B85*C85 -> 0
A86: CÀ RỐT TÚI LƯỚI 800G KQ | D86: =B86*C86 -> 0
A87: GỪNG | B87: 6 | C87: 28000 | D87: =B87*C87 -> 168000
A88: MỒNG TƠI | D88: =B88*C88 -> 0
A89: NGÒ RÍ | D89: =B89*C89 -> 0
A90: NGÒ RÍ TÚI 50GR | D90: =B90*C90 -> 0
A91: ỚT HIỂM | D91: =B91*C91 -> 0
A92: ỚT HIỂM 100G | D92: =B92*C92 -> 0
A93: THÌ LÀ | D93: =B93*C93 -> 0
A94: THÌ LÀ TÚI 80GR | D94: =B94*C94 -> 0
A95: CHUỐI LABA | D95: =B95*C95 -> 0
A96: BÔNG BÍ TÚI 300GR | B96: 1 | C96: 12000 | D96: =B96*C96 -> 12000
A97: BÔNG CẢI TRẮNG | D97: =B97*C97 -> 0
A98: BÔNG CẢI TRẮNG (CÂY) | D98: =B98*C98 -> 0
A99: SET RAU KÈM ỚT | D99: =B99*C99 -> 0
A100: SET RAU KHÔNG KÈM ỚT | D100: =B100*C100 -> 0
...

Sheet 14.1
A1: hàng tồn cuối ngày 14/1
A2: TÊN SẢN PHẨM | B2: TỒN TRƯỚC | C2: GIÁ NHẬP | D2: THÀNH TIỀN
A3: CÀ CHUA SÔCOLA 250GR (HỘP) VR | B3: 5 | C3: 6000 | D3: =B3*C3 -> 30000
A4: CÀ CHUA SÔCOLA 250GR (KG) -NA | D4: =B4*C4 -> 0
A5: CÀ CHUA SÔCOLA 250GR (KG) VR | D5: =B5*C5 -> 0
A6: CÀ CHUA SÔCOLA 250GR(KG) KQ | D6: =B6*C6 -> 0
A7: CÀ CHUA SÔCOLA 300GR (HỘP) VR | D7: =B7*C7 -> 0
A8: CÀ CHUA SOCOLA XÁ | D8: =B8*C8 -> 0
A9: CÀ CHUA SÔCOLA(HỘP) KQ | D9: =B9*C9 -> 0
A10: CÀ RỐT BABY | D10: =B10*C10 -> 0
A11: CÀ RỐT BABY (KG) KQ | D11: =B11*C11 -> 0
A12: CÀ RỐT BABY 200GR | D12: =B12*C12 -> 0
A13: CẢI CẦU VỒNG | D13: =B13*C13 -> 0
A14: CẢI CẦU VỒNG 300GR | D14: =B14*C14 -> 0
A15: CẢI KALE | D15: =B15*C15 -> 0
A16: CẢI KALE 300GR | B16: 20 | C16: 3000 | D16: =B16*C16 -> 60000
A17: CHANH VÀNG (KG) | D17: =B17*C17 -> 0
A18: CHANH VÀNG TRÁI 180UP | D18: =B18*C18 -> 0
A19: CẦN TÂY (KG) | B19: 3 | C19: 12000 | D19: =B19*C19 -> 36000
A20: CẦN TÂY THUỶ CANH | D20: =B20*C20 -> 0
A21: CẦN TÂY(CÂY) | D21: =B21*C21 -> 0
A22: ỚT CHUÔNG 3 MÀU(KG)VR | D22: =B22*C22 -> 0
A23: ỚT CHUÔNG ĐỎ | B23: =35+30+20 -> 85 | C23: 36000 | D23: =B23*C23 -> 3060000
A24: ỚT CHUÔNG ĐỎ L1 | B24: 27 | C24: 28000 | D24: =B24*C24 -> 756000
A25: ỚT CHUÔNG ĐỎ(TRÁI) | D25: =B25*C25 -> 0
A26: ỚT CHUÔNG 3 MÀU 350G | D26: =B26*C26 -> 0
A27: ỚT CHUÔNG 3 MÀU KQ(KG) | D27: =B27*C27 -> 0
A28: ỚT CHUÔNG VÀNG | B28: =25+20 -> 45 | C28: 50000 | D28: =B28*C28 -> 2250000
A29: ỚT CHUÔNG VÀNG L1 | D29: =B29*C29 -> 0
A30: ỚT CHUÔNG VÀNG(TRÁI) | D30: =B30*C30 -> 0
A31: ỚT CHUÔNG VÀNG+ XANH (VỈ) | D31: =B31*C31 -> 0
A32: ỚT CHUÔNG XANH | B32: 29 | C32: 28000 | D32: =B32*C32 -> 812000
A33: ỚT CHUÔNG XANH L1 | B33: 7 | C33: 21000 | D33: =B33*C33 -> 147000
A34: ỚT CHUÔNG XANH(TRÁI) | D34: =B34*C34 -> 0
A35: CỦ DỀN | B35: =67+5 -> 72 | C35: 10000 | D35: =B35*C35 -> 720000
A36: CỦ DỀN 600G | D36: =B36*C36 -> 0
A37: GỪNG 250GR | D37: =B37*C37 -> 0
A38: HỒNG GIÒN | D38: =B38*C38 -> 0
A39: XÀ LÁCH MỸ | D39: =B39*C39 -> 0
A40: KHOAI TÂY HỒNG | D40: =B40*C40 -> 0
A41: KHOAI TÂY HỒNG TÚI LƯỚI 500G | D41: =B41*C41 -> 0
A42: KHOAI TÂY VÀNG | D42: =B42*C42 -> 0
A43: KHOAI TÂY VÀNG ĐL | B43: =33+160 -> 193 | C43: 15000 | D43: =B43*C43 -> 2895000
A44: KHOAI TÂY VÀNG LỚN TÚI LƯỚI 500G | B44: 50 | C44: 15000 | D44: =B44*C44 -> 750000
A45: KHOAI TÂY VÀNG RỬA | D45: =B45*C45 -> 0
A46: KHOAI TÂY VÀNG TRUNG TÚI LƯỚI 500G | B46: 20 | C46: 12000 | D46: =B46*C46 -> 240000
A47: CẢI THẢO DL | D47: =B47*C47 -> 0
A48: CẢI THẢO DL(BẮP) | D48: =B48*C48 -> 0
A49: CẢI THẢO KIM CHI | D49: =B49*C49 -> 0
A50: CẢI THẢO VR | D50: =B50*C50 -> 0
A51: BẦU | D51: =B51*C51 -> 0
A52: BÍ ĐAO XANH | D52: =B52*C52 -> 0
A53: BÍ ĐAO XANH 400G | D53: =B53*C53 -> 0
A54: DƯA LEO | D54: =B54*C54 -> 0
A55: DƯA LEO 400G | B55: 45 | C55: 6500 | D55: =B55*C55 -> 292500
A56: KHỔ QUA | D56: =B56*C56 -> 0
A57: KHỔ QUA 400GR | D57: =B57*C57 -> 0
A58: MƯỚP HƯƠNG | D58: =B58*C58 -> 0
A59: MƯỚP HƯƠNG 300G | D59: =B59*C59 -> 0
A60: BÍ MINI VÀNG 300GR | D60: =B60*C60 -> 0
A61: BÍ MINI VÀNG KG | D61: =B61*C61 -> 0
A62: DƯA LEO GIỐNG NHẬT 600GR | D62: =B62*C62 -> 0
A63: DƯA LEO GIỐNG NHẬT KG | D63: =B63*C63 -> 0
A64: BƠ 034 | D64: =B64*C64 -> 0
A65: BƠ BOOTH | D65: =B65*C65 -> 0
A66: BƠ SÁP | D66: =B66*C66 -> 0
A67: KHOAI LANG MẬT (KG) 2-3 CỦ | B67: 320 | C67: 29000 | D67: =B67*C67 -> 9280000
A68: KHOAI LANG MẬT (KG) 4-6 CỦ | B68: 320 | C68: 28000 | D68: =B68*C68 -> 8960000
A69: KHOAI LANG MẬT 500G KQ | D69: =B69*C69 -> 0
A70: KHOAI LANG MẬT 500G VR | D70: =B70*C70 -> 0
A71: PARO | B71: 50 | C71: 13000 | D71: =B71*C71 -> 650000
A72: PARO (CÂY) | D72: =B72*C72 -> 0
A73: BẮP CẢI TÍM | B73: 4 | C73: 25000 | D73: =B73*C73 -> 100000
A74: BẮP CẢI TÍM (BẮP) | D74: =B74*C74 -> 0
A75: BẮP CẢI TÍM SUSHI | D75: =B75*C75 -> 0
A76: CÀ CHUA CHERRY MIX 300G | D76: =B76*C76 -> 0
A77: TÍA TÔ 50G | D77: =B77*C77 -> 0
A78: XÀ LÁCH LOLO XANH | D78: =B78*C78 -> 0
A79: XÀ LÁCH LOLO XANH SUSHI | D79: =B79*C79 -> 0
A80: XÀ LÁCH LOLO XANH TÚI 300GR | D80: =B80*C80 -> 0
A81: XÀ LÁCH ROMEN THUỶ CANH (KG) VR | D81: =B81*C81 -> 0
A82: CÀ RỐT DL | D82: =B82*C82 -> 0
A83: CÀ RỐT DL L1 | B83: 46 | C83: 11000 | D83: =B83*C83 -> 506000
A84: CÀ RỐT DL TÚI LƯỚI 500GR VR | D84: =B84*C84 -> 0
A85: CÀ RỐT TRUNG | D85: =B85*C85 -> 0
A86: CÀ RỐT TÚI LƯỚI 800G KQ | D86: =B86*C86 -> 0
A87: GỪNG | D87: =B87*C87 -> 0
A88: MỒNG TƠI | D88: =B88*C88 -> 0
A89: NGÒ RÍ | D89: =B89*C89 -> 0
A90: NGÒ RÍ TÚI 50GR | D90: =B90*C90 -> 0
A91: ỚT HIỂM | D91: =B91*C91 -> 0
A92: ỚT HIỂM 100G | D92: =B92*C92 -> 0
A93: THÌ LÀ | D93: =B93*C93 -> 0
A94: THÌ LÀ TÚI 80GR | D94: =B94*C94 -> 0
A95: CHUỐI LABA | D95: =B95*C95 -> 0
... A112: ĐẬU TRẮNG 250GR | D112: =B112*C112 -> 0
A113: CÀ CHUA | B113: 520 | C113: 8500 | D113: =B113*C113 -> 4420000
A114: CÀ CHUA L1 | B114: 66 | C114: 7000 | D114: =B114*C114 -> 462000
A115: CÀ CHUA VỈ 400GR | D115: =B115*C115 -> 0
A116: CÀ CHUA VR | D116: =B116*C116 -> 0
...

Sheet 15.1
A1: hàng tồn cuối ngày 15/1
A2: TÊN SẢN PHẨM | B2: TỒN TRƯỚC | C2: GIÁ NHẬP | D2: THÀNH TIỀN
A3: CÀ CHUA SÔCOLA 250GR (HỘP) VR | D3: =B3*C3 -> 0
A4: CÀ CHUA SÔCOLA 250GR (KG) -NA | D4: =B4*C4 -> 0
A5: CÀ CHUA SÔCOLA 250GR (KG) VR | D5: =B5*C5 -> 0
A6: CÀ CHUA SÔCOLA 250GR(KG) KQ | D6: =B6*C6 -> 0
A7: CÀ CHUA SÔCOLA 300GR (HỘP) VR | D7: =B7*C7 -> 0
A8: CÀ CHUA SOCOLA XÁ | D8: =B8*C8 -> 0
A9: CÀ CHUA SÔCOLA(HỘP) KQ | D9: =B9*C9 -> 0
A10: CÀ RỐT BABY | D10: =B10*C10 -> 0
A11: CÀ RỐT BABY (KG) KQ | D11: =B11*C11 -> 0
A12: CÀ RỐT BABY 200GR | D12: =B12*C12 -> 0
A13: CẢI CẦU VỒNG | D13: =B13*C13 -> 0
A14: CẢI CẦU VỒNG 300GR | B14: 2 | C14: 4800 | D14: =B14*C14 -> 9600
A15: CẢI KALE | D15: =B15*C15 -> 0
A16: CẢI KALE 300GR | B16: 35 | C16: 3000 | D16: =B16*C16 -> 105000
A17: CHANH VÀNG (KG) | D17: =B17*C17 -> 0
A18: CHANH VÀNG TRÁI 180UP | D18: =B18*C18 -> 0
A19: CẦN TÂY (KG) | D19: =B19*C19 -> 0
A20: CẦN TÂY THUỶ CANH | D20: =B20*C20 -> 0
A21: CẦN TÂY(CÂY) | D21: =B21*C21 -> 0
A22: ỚT CHUÔNG 3 MÀU(KG)VR | D22: =B22*C22 -> 0
A23: ỚT CHUÔNG ĐỎ | B23: =6+60+45+20 -> 131 | C23: 36000 | D23: =B23*C23 -> 4716000
A24: ỚT CHUÔNG ĐỎ L1 | D24: =B24*C24 -> 0
A25: ỚT CHUÔNG ĐỎ(TRÁI) | D25: =B25*C25 -> 0
A26: ỚT CHUÔNG 3 MÀU 350G | D26: =B26*C26 -> 0
A27: ỚT CHUÔNG 3 MÀU KQ(KG) | D27: =B27*C27 -> 0
A28: ỚT CHUÔNG VÀNG | B28: 18 | C28: 50000 | D28: =B28*C28 -> 900000
A29: ỚT CHUÔNG VÀNG L1 | D29: =B29*C29 -> 0
A30: ỚT CHUÔNG VÀNG(TRÁI) | D30: =B30*C30 -> 0
A31: ỚT CHUÔNG VÀNG+ XANH (VỈ) | D31: =B31*C31 -> 0
A32: ỚT CHUÔNG XANH | B32: =9+11+15+75 -> 110 | C32: 28000 | D32: =B32*C32 -> 3080000
A33: ỚT CHUÔNG XANH L1 | D33: =B33*C33 -> 0
A34: ỚT CHUÔNG XANH(TRÁI) | D34: =B34*C34 -> 0
A35: CỦ DỀN | B35: =8+10+15+55 -> 88 | C35: 10000 | D35: =B35*C35 -> 880000
A36: CỦ DỀN 600G | D36: =B36*C36 -> 0
A37: GỪNG 250GR | D37: =B37*C37 -> 0
A38: HỒNG GIÒN | D38: =B38*C38 -> 0
A39: XÀ LÁCH MỸ | D39: =B39*C39 -> 0
A40: KHOAI TÂY HỒNG | D40: =B40*C40 -> 0
A41: KHOAI TÂY HỒNG TÚI LƯỚI 500G | D41: =B41*C41 -> 0
A42: KHOAI TÂY VÀNG | D42: =B42*C42 -> 0
A43: KHOAI TÂY VÀNG ĐL | B43: 220 | C43: 15000 | D43: =B43*C43 -> 3300000
A44: KHOAI TÂY VÀNG LỚN TÚI LƯỚI 500G | D44: =B44*C44 -> 0
A45: KHOAI TÂY VÀNG RỬA | D45: =B45*C45 -> 0
A46: KHOAI TÂY VÀNG TRUNG TÚI LƯỚI 500G | D46: =B46*C46 -> 0
A47: CẢI THẢO DL | D47: =B47*C47 -> 0
A48: CẢI THẢO DL(BẮP) | D48: =B48*C48 -> 0
A49: CẢI THẢO KIM CHI | D49: =B49*C49 -> 0
A50: CẢI THẢO VR | D50: =B50*C50 -> 0
A51: BẦU | D51: =B51*C51 -> 0
A52: BÍ ĐAO XANH | D52: =B52*C52 -> 0
A53: BÍ ĐAO XANH 400G | D53: =B53*C53 -> 0
A54: DƯA LEO | B54: 13 | C54: 13000 | D54: =B54*C54 -> 169000
A55: DƯA LEO 400G | D55: =B55*C55 -> 0
A56: KHỔ QUA | D56: =B56*C56 -> 0
A57: KHỔ QUA 400GR | D57: =B57*C57 -> 0
A58: MƯỚP HƯƠNG | D58: =B58*C58 -> 0
A59: MƯỚP HƯƠNG 300G | D59: =B59*C59 -> 0
A60: BÍ MINI VÀNG 300GR | D60: =B60*C60 -> 0
A61: BÍ MINI VÀNG KG | D61: =B61*C61 -> 0
A62: DƯA LEO GIỐNG NHẬT 600GR | D62: =B62*C62 -> 0
A63: DƯA LEO GIỐNG NHẬT KG | D63: =B63*C63 -> 0
A64: BƠ 034 | D64: =B64*C64 -> 0
A65: BƠ BOOTH | D65: =B65*C65 -> 0
A66: BƠ SÁP | D66: =B66*C66 -> 0
A67: KHOAI LANG MẬT (KG) 2-3 CỦ | B67: 220 | C67: 29000 | D67: =B67*C67 -> 6380000
A68: KHOAI LANG MẬT (KG) 4-6 CỦ | B68: 340 | C68: 28000 | D68: =B68*C68 -> 9520000
A69: KHOAI LANG MẬT 500G KQ | D69: =B69*C69 -> 0
A70: KHOAI LANG MẬT 500G VR | D70: =B70*C70 -> 0
A71: PARO | D71: =B71*C71 -> 0
A72: PARO (CÂY) | D72: =B72*C72 -> 0
A73: BẮP CẢI TÍM | D73: =B73*C73 -> 0
A74: BẮP CẢI TÍM (BẮP) | D74: =B74*C74 -> 0
A75: BẮP CẢI TÍM SUSHI | D75: =B75*C75 -> 0
A76: CÀ CHUA CHERRY MIX 300G | D76: =B76*C76 -> 0
A77: TÍA TÔ 50G | D77: =B77*C77 -> 0
A78: XÀ LÁCH LOLO XANH | D78: =B78*C78 -> 0
A79: XÀ LÁCH LOLO XANH SUSHI | D79: =B79*C79 -> 0
A80: XÀ LÁCH LOLO XANH TÚI 300GR | D80: =B80*C80 -> 0
... A82: CÀ RỐT DL | D82: =B82*C82 -> 0
A83: CÀ RỐT DL L1 | B83: 90 | C83: 11000 | D83: =B83*C83 -> 990000
A84: CÀ RỐT DL TÚI LƯỚI 500GR VR | D84: =B84*C84 -> 0
A85: CÀ RỐT TRUNG | D85: =B85*C85 -> 0
A86: CÀ RỐT TÚI LƯỚI 800G KQ | D86: =B86*C86 -> 0
A87: GỪNG | B87: 4 | C87: 28000 | D87: =B87*C87 -> 112000
A88: MỒNG TƠI | D88: =B88*C88 -> 0
A89: NGÒ RÍ | D89: =B89*C89 -> 0
A90: NGÒ RÍ TÚI 50GR | D90: =B90*C90 -> 0
A91: ỚT HIỂM | D91: =B91*C91 -> 0
A92: ỚT HIỂM 100G | D92: =B92*C92 -> 0
A93: THÌ LÀ | D93: =B93*C93 -> 0
A94: THÌ LÀ TÚI 80GR | D94: =B94*C94 -> 0
A95: CHUỐI LABA | D95: =B95*C95 -> 0
A96: BÔNG BÍ TÚI 300GR | D96: =B96*C96 -> 0
A97: BÔNG CẢI TRẮNG | D97: =B97*C97 -> 0
A98: BÔNG CẢI TRẮNG (CÂY) | D98: =B98*C98 -> 0
A99: SET RAU KÈM ỚT | D99: =B99*C99 -> 0
... A112: ĐẬU TRẮNG 250GR | D112: =B112*C112 -> 0
A113: CÀ CHUA | B113: =220+110+150 -> 480 | C113: 8000 | D113: =B113*C113 -> 3840000
...

Sheet 16.1
A1: hàng tồn cuối ngày 16/1
A2: TÊN SẢN PHẨM | B2: TỒN TRƯỚC | C2: GIÁ NHẬP | D2: THÀNH TIỀN
A3: CÀ CHUA SÔCOLA 250GR (HỘP) VR | B3: 8 | C3: 6000 | D3: =B3*C3 -> 48000
A4: CÀ CHUA SÔCOLA 250GR (KG) -NA | D4: =B4*C4 -> 0
A5: CÀ CHUA SÔCOLA 250GR (KG) VR | D5: =B5*C5 -> 0
A6: CÀ CHUA SÔCOLA 250GR(KG) KQ | D6: =B6*C6 -> 0
A7: CÀ CHUA SÔCOLA 300GR (HỘP) VR | D7: =B7*C7 -> 0
A8: CÀ CHUA SOCOLA XÁ | D8: =B8*C8 -> 0
A9: CÀ CHUA SÔCOLA(HỘP) KQ | D9: =B9*C9 -> 0
A10: CÀ RỐT BABY | D10: =B10*C10 -> 0
A11: CÀ RỐT BABY (KG) KQ | D11: =B11*C11 -> 0
A12: CÀ RỐT BABY 200GR | D12: =B12*C12 -> 0
A13: CẢI CẦU VỒNG | D13: =B13*C13 -> 0
A14: CẢI CẦU VỒNG 300GR | B14: 1 | C14: 4800 | D14: =B14*C14 -> 4800
A15: CẢI KALE | D15: =B15*C15 -> 0
A16: CẢI KALE 300GR | D16: =B16*C16 -> 0
A17: CHANH VÀNG (KG) | D17: =B17*C17 -> 0
A18: CHANH VÀNG TRÁI 180UP | D18: =B18*C18 -> 0
A19: CẦN TÂY (KG) | D19: =B19*C19 -> 0
A20: CẦN TÂY THUỶ CANH | D20: =B20*C20 -> 0
A21: CẦN TÂY(CÂY) | D21: =B21*C21 -> 0
A22: ỚT CHUÔNG 3 MÀU(KG)VR | D22: =B22*C22 -> 0
A23: ỚT CHUÔNG ĐỎ | B23: =80+85+20+50 -> 235 | C23: 36000 | D23: =B23*C23 -> 8460000
A24: ỚT CHUÔNG ĐỎ L1 | D24: =B24*C24 -> 0
A25: ỚT CHUÔNG ĐỎ(TRÁI) | D25: =B25*C25 -> 0
A26: ỚT CHUÔNG 3 MÀU 350G | B26: 40 | C26: 15000 | D26: =B26*C26 -> 600000
A27: ỚT CHUÔNG 3 MÀU KQ(KG) | D27: =B27*C27 -> 0
A28: ỚT CHUÔNG VÀNG | B28: =40+10+8+99 -> 157 | C28: 50000 | D28: =B28*C28 -> 7850000
A29: ỚT CHUÔNG VÀNG L1 | B29: 10 | C29: 40000 | D29: =B29*C29 -> 400000
A30: ỚT CHUÔNG VÀNG(TRÁI) | D30: =B30*C30 -> 0
A31: ỚT CHUÔNG VÀNG+ XANH (VỈ) | D31: =B31*C31 -> 0
A32: ỚT CHUÔNG XANH | B32: =10+25+20 -> 55 | C32: 28000 | D32: =B32*C32 -> 1540000
A33: ỚT CHUÔNG XANH L1 | D33: =B33*C33 -> 0
A34: ỚT CHUÔNG XANH(TRÁI) | D34: =B34*C34 -> 0
A35: CỦ DỀN | B35: =50+10+7+50 -> 117 | C35: 10000 | D35: =B35*C35 -> 1170000
A36: CỦ DỀN 600G | D36: =B36*C36 -> 0
A37: GỪNG 250GR | D37: =B37*C37 -> 0
A38: HỒNG GIÒN | D38: =B38*C38 -> 0
A39: XÀ LÁCH MỸ | D39: =B39*C39 -> 0
A40: KHOAI TÂY HỒNG | B40: 25 | C40: 24000 | D40: =B40*C40 -> 600000
A41: KHOAI TÂY HỒNG TÚI LƯỚI 500G | D41: =B41*C41 -> 0
A42: KHOAI TÂY VÀNG | D42: =B42*C42 -> 0
A43: KHOAI TÂY VÀNG ĐL | B43: 200 | C43: 15000 | D43: =B43*C43 -> 3000000
A44: KHOAI TÂY VÀNG LỚN TÚI LƯỚI 500G | D44: =B44*C44 -> 0
A45: KHOAI TÂY VÀNG RỬA | D45: =B45*C45 -> 0
A46: KHOAI TÂY VÀNG TRUNG TÚI LƯỚI 500G | D46: =B46*C46 -> 0
A47: CẢI THẢO DL | D47: =B47*C47 -> 0
A48: CẢI THẢO DL(BẮP) | D48: =B48*C48 -> 0
A49: CẢI THẢO KIM CHI | D49: =B49*C49 -> 0
A50: CẢI THẢO VR | D50: =B50*C50 -> 0
A51: BẦU | D51: =B51*C51 -> 0
A52: BÍ ĐAO XANH | D52: =B52*C52 -> 0
A53: BÍ ĐAO XANH 400G | D53: =B53*C53 -> 0
A54: DƯA LEO | B54: 18 | C54: 13000 | D54: =B54*C54 -> 234000
A55: DƯA LEO 400G | D55: =B55*C55 -> 0
A56: KHỔ QUA | D56: =B56*C56 -> 0
A57: KHỔ QUA 400GR | D57: =B57*C57 -> 0
A58: MƯỚP HƯƠNG | D58: =B58*C58 -> 0
A59: MƯỚP HƯƠNG 300G | D59: =B59*C59 -> 0
A60: BÍ MINI VÀNG 300GR | D60: =B60*C60 -> 0
A61: BÍ MINI VÀNG KG | D61: =B61*C61 -> 0
A62: DƯA LEO GIỐNG NHẬT 600GR | D62: =B62*C62 -> 0
A63: DƯA LEO GIỐNG NHẬT KG | D63: =B63*C63 -> 0
A64: BƠ 034 | D64: =B64*C64 -> 0
A65: BƠ BOOTH | D65: =B65*C65 -> 0
A66: BƠ SÁP | D66: =B66*C66 -> 0
A67: KHOAI LANG MẬT (KG) 2-3 CỦ | B67: 380 | C67: 29000 | D67: =B67*C67 -> 11020000
A68: KHOAI LANG MẬT (KG) 4-6 CỦ | B68: =80+40+40+180 -> 340 | C68: 28000 | D68: =B68*C68 -> 9520000
A69: KHOAI LANG MẬT 500G KQ | D69: =B69*C69 -> 0
A70: KHOAI LANG MẬT 500G VR | D70: =B70*C70 -> 0
A71: PARO | B71: 35 | C71: 13000 | D71: =B71*C71 -> 455000
A72: PARO (CÂY) | D72: =B72*C72 -> 0
A73: BẮP CẢI TÍM | B73: 10 | C73: 25000 | D73: =B73*C73 -> 250000
A74: BẮP CẢI TÍM (BẮP) | D74: =B74*C74 -> 0
A75: BẮP CẢI TÍM SUSHI | D75: =B75*C75 -> 0
A76: CÀ CHUA CHERRY MIX 300G | D76: =B76*C76 -> 0
A77: TÍA TÔ 50G | D77: =B77*C77 -> 0
A78: XÀ LÁCH LOLO XANH | D78: =B78*C78 -> 0
A79: XÀ LÁCH LOLO XANH SUSHI | D79: =B79*C79 -> 0
A80: XÀ LÁCH LOLO XANH TÚI 300GR | D80: =B80*C80 -> 0
A81: XÀ LÁCH ROMEN THUỶ CANH (KG) VR | D81: =B81*C81 -> 0
A82: CÀ RỐT DL | D82: =B82*C82 -> 0
A83: CÀ RỐT DL L1 | B83: 90 | C83: 11000 | D83: =B83*C83 -> 990000
A84: CÀ RỐT DL TÚI LƯỚI 500GR VR | D84: =B84*C84 -> 0
A85: CÀ RỐT TRUNG | D85: =B85*C85 -> 0
A86: CÀ RỐT TÚI LƯỚI 800G KQ | D86: =B86*C86 -> 0
A87: GỪNG | B87: 3 | C87: 28000 | D87: =B87*C87 -> 84000
A88: MỒNG TƠI | D88: =B88*C88 -> 0
A89: NGÒ RÍ | D89: =B89*C89 -> 0
A90: NGÒ RÍ TÚI 50GR | D90: =B90*C90 -> 0
A91: ỚT HIỂM | D91: =B91*C91 -> 0
A92: ỚT HIỂM 100G | D92: =B92*C92 -> 0
A93: THÌ LÀ | D93: =B93*C93 -> 0
A94: THÌ LÀ TÚI 80GR | D94: =B94*C94 -> 0
A95: CHUỐI LABA | D95: =B95*C95 -> 0
A96: BÔNG BÍ TÚI 300GR | D96: =B96*C96 -> 0
A97: BÔNG CẢI TRẮNG | B97: 5 | C97: 12000 | D97: =B97*C97 -> 60000
A98: BÔNG CẢI TRẮNG (CÂY) | D98: =B98*C98 -> 0
A99: SET RAU KÈM ỚT | D99: =B99*C99 -> 0
A100: SET RAU KHÔNG KÈM ỚT | D100: =B100*C100 -> 0
...

Sheet 17.1
A1: hàng tồn cuối ngày 17/1
A2: TÊN SẢN PHẨM | B2: TỒN TRƯỚC | C2: GIÁ NHẬP | D2: THÀNH TIỀN
A3: CÀ CHUA SÔCOLA 250GR (HỘP) VR | D3: =B3*C3 -> 0
A4: CÀ CHUA SÔCOLA 250GR (KG) -NA | D4: =B4*C4 -> 0
A5: CÀ CHUA SÔCOLA 250GR (KG) VR | D5: =B5*C5 -> 0
A6: CÀ CHUA SÔCOLA 250GR(KG) KQ | D6: =B6*C6 -> 0
A7: CÀ CHUA SÔCOLA 300GR (HỘP) VR | D7: =B7*C7 -> 0
A8: CÀ CHUA SOCOLA XÁ | D8: =B8*C8 -> 0
A9: CÀ CHUA SÔCOLA(HỘP) KQ | D9: =B9*C9 -> 0
A10: CÀ RỐT BABY | D10: =B10*C10 -> 0
A11: CÀ RỐT BABY (KG) KQ | D11: =B11*C11 -> 0
A12: CÀ RỐT BABY 200GR | D12: =B12*C12 -> 0
A13: CẢI CẦU VỒNG | D13: =B13*C13 -> 0
A14: CẢI CẦU VỒNG 300GR | D14: =B14*C14 -> 0
A15: CẢI KALE | D15: =B15*C15 -> 0
A16: CẢI KALE 300GR | B16: 8 | C16: 3000 | D16: =B16*C16 -> 24000
A17: CHANH VÀNG (KG) | D17: =B17*C17 -> 0
A18: CHANH VÀNG TRÁI 180UP | D18: =B18*C18 -> 0
A19: CẦN TÂY (KG) | D19: =B19*C19 -> 0
A20: CẦN TÂY THUỶ CANH | D20: =B20*C20 -> 0
A21: CẦN TÂY(CÂY) | D21: =B21*C21 -> 0
A22: ỚT CHUÔNG 3 MÀU(KG)VR | D22: =B22*C22 -> 0
A23: ỚT CHUÔNG ĐỎ | B23: 107 | C23: 36000 | D23: =B23*C23 -> 3852000
A24: ỚT CHUÔNG ĐỎ L1 | D24: =B24*C24 -> 0
A25: ỚT CHUÔNG ĐỎ(TRÁI) | D25: =B25*C25 -> 0
A26: ỚT CHUÔNG 3 MÀU 350G | D26: =B26*C26 -> 0
A27: ỚT CHUÔNG 3 MÀU KQ(KG) | D27: =B27*C27 -> 0
A28: ỚT CHUÔNG VÀNG | B28: 100 | C28: 50000 | D28: =B28*C28 -> 5000000
A29: ỚT CHUÔNG VÀNG L1 | B29: 10 | C29: 40000 | D29: =B29*C29 -> 400000
A30: ỚT CHUÔNG VÀNG(TRÁI) | D30: =B30*C30 -> 0
A31: ỚT CHUÔNG VÀNG+ XANH (VỈ) | D31: =B31*C31 -> 0
A32: ỚT CHUÔNG XANH | B32: =3+30+8+10 -> 51 | C32: 28000 | D32: =B32*C32 -> 1428000
A33: ỚT CHUÔNG XANH L1 | D33: =B33*C33 -> 0
A34: ỚT CHUÔNG XANH(TRÁI) | D34: =B34*C34 -> 0
A35: CỦ DỀN | B35: 60 | C35: 10000 | D35: =B35*C35 -> 600000
A36: CỦ DỀN 600G | D36: =B36*C36 -> 0
A37: GỪNG 250GR | D37: =B37*C37 -> 0
A38: HỒNG GIÒN | D38: =B38*C38 -> 0
A39: XÀ LÁCH MỸ | D39: =B39*C39 -> 0
A40: KHOAI TÂY HỒNG | B40: 3 | C40: 20000 | D40: =B40*C40 -> 60000
A41: KHOAI TÂY HỒNG TÚI LƯỚI 500G | D41: =B41*C41 -> 0
A42: KHOAI TÂY VÀNG | D42: =B42*C42 -> 0
A43: KHOAI TÂY VÀNG ĐL | B43: 190 | C43: 14000 | D43: =B43*C43 -> 2660000
A44: KHOAI TÂY VÀNG LỚN TÚI LƯỚI 500G | B44: 80 | C44: 18000 | D44: =B44*C44 -> 1440000
A45: KHOAI TÂY VÀNG RỬA | D45: =B45*C45 -> 0
A46: KHOAI TÂY VÀNG TRUNG TÚI LƯỚI 500G | D46: =B46*C46 -> 0
A47: CẢI THẢO DL | D47: =B47*C47 -> 0
A48: CẢI THẢO DL(BẮP) | D48: =B48*C48 -> 0
A49: CẢI THẢO KIM CHI | D49: =B49*C49 -> 0
A50: CẢI THẢO VR | D50: =B50*C50 -> 0
A51: BẦU | D51: =B51*C51 -> 0
A52: BÍ ĐAO XANH | D52: =B52*C52 -> 0
A53: BÍ ĐAO XANH 400G | D53: =B53*C53 -> 0
A54: DƯA LEO | D54: =B54*C54 -> 0
A55: DƯA LEO 400G | B55: 28 | C55: 9000 | D55: =B55*C55 -> 252000
A56: KHỔ QUA | D56: =B56*C56 -> 0
A57: KHỔ QUA 400GR | D57: =B57*C57 -> 0
A58: MƯỚP HƯƠNG | B58: 1 | C58: 10000 | D58: =B58*C58 -> 10000
A59: MƯỚP HƯƠNG 300G | D59: =B59*C59 -> 0
A60: BÍ MINI VÀNG 300GR | D60: =B60*C60 -> 0
A61: BÍ MINI VÀNG KG | D61: =B61*C61 -> 0
A62: DƯA LEO GIỐNG NHẬT 600GR | D62: =B62*C62 -> 0
A63: DƯA LEO GIỐNG NHẬT KG | D63: =B63*C63 -> 0
A64: BƠ 034 | D64: =B64*C64 -> 0
A65: BƠ BOOTH | D65: =B65*C65 -> 0
A66: BƠ SÁP | D66: =B66*C66 -> 0
A67: KHOAI LANG MẬT (KG) 2-3 CỦ | B67: 360 | C67: 29000 | D67: =B67*C67 -> 10440000
A68: KHOAI LANG MẬT (KG) 4-6 CỦ | B68: 320 | C68: 28000 | D68: =B68*C68 -> 8960000
A69: KHOAI LANG MẬT 500G KQ | D69: =B69*C69 -> 0
A70: KHOAI LANG MẬT 500G VR | D70: =B70*C70 -> 0
A71: PARO | B71: =16+8 -> 24 | C71: 12000 | D71: =B71*C71 -> 288000
A72: PARO (CÂY) | D72: =B72*C72 -> 0
A73: BẮP CẢI TÍM | B73: 15 | C73: 25000 | D73: =B73*C73 -> 375000
A74: BẮP CẢI TÍM (BẮP) | D74: =B74*C74 -> 0
A75: BẮP CẢI TÍM SUSHI | D75: =B75*C75 -> 0
A76: CÀ CHUA CHERRY MIX 300G | D76: =B76*C76 -> 0
A77: TÍA TÔ 50G | D77: =B77*C77 -> 0
A78: XÀ LÁCH LOLO XANH | D78: =B78*C78 -> 0
A79: XÀ LÁCH LOLO XANH SUSHI | D79: =B79*C79 -> 0
A80: XÀ LÁCH LOLO XANH TÚI 300GR | D80: =B80*C80 -> 0
A81: XÀ LÁCH ROMEN THUỶ CANH (KG) VR | D81: =B81*C81 -> 0
A82: CÀ RỐT DL | D82: =B82*C82 -> 0
A83: CÀ RỐT DL L1 | B83: 35 | C83: 11000 | D83: =B83*C83 -> 385000
A84: CÀ RỐT DL TÚI LƯỚI 500GR VR | D84: =B84*C84 -> 0
A85: CÀ RỐT TRUNG | B85: 54 | C85: 8000 | D85: =B85*C85 -> 432000
A86: CÀ RỐT TÚI LƯỚI 800G KQ | D86: =B86*C86 -> 0
A87: GỪNG | D87: =B87*C87 -> 0
A88: MỒNG TƠI | D88: =B88*C88 -> 0
A89: NGÒ RÍ | D89: =B89*C89 -> 0
A90: NGÒ RÍ TÚI 50GR | D90: =B90*C90 -> 0
A91: ỚT HIỂM | D91: =B91*C91 -> 0
A92: ỚT HIỂM 100G | D92: =B92*C92 -> 0
A93: THÌ LÀ | D93: =B93*C93 -> 0
A94: THÌ LÀ TÚI 80GR | D94: =B94*C94 -> 0
A95: CHUỐI LABA | B95: 6 | C95: 10000 | D95: =B95*C95 -> 60000
A96: BÔNG BÍ TÚI 300GR | D96: =B96*C96 -> 0
A97: BÔNG CẢI TRẮNG | D97: =B97*C97 -> 0
A98: BÔNG CẢI TRẮNG (CÂY) | D98: =B98*C98 -> 0
A99: SET RAU KÈM ỚT | D99: =B99*C99 -> 0
A100: SET RAU KHÔNG KÈM ỚT | D100: =B100*C100 -> 0
...

Sheet 18.1
A1: hàng tồn cuối ngày 18/1
A2: TÊN SẢN PHẨM | B2: TỒN TRƯỚC | C2: GIÁ NHẬP | D2: THÀNH TIỀN
A3: CÀ CHUA SÔCOLA 250GR (HỘP) VR | D3: =B3*C3 -> 0
A4: CÀ CHUA SÔCOLA 250GR (KG) -NA | D4: =B4*C4 -> 0
A5: CÀ CHUA SÔCOLA 250GR (KG) VR | D5: =B5*C5 -> 0
A6: CÀ CHUA SÔCOLA 250GR(KG) KQ | D6: =B6*C6 -> 0
A7: CÀ CHUA SÔCOLA 300GR (HỘP) VR | D7: =B7*C7 -> 0
A8: CÀ CHUA SOCOLA XÁ | D8: =B8*C8 -> 0
A9: CÀ CHUA SÔCOLA(HỘP) KQ | D9: =B9*C9 -> 0
A10: CÀ RỐT BABY | D10: =B10*C10 -> 0
A11: CÀ RỐT BABY (KG) KQ | D11: =B11*C11 -> 0
A12: CÀ RỐT BABY 200GR | D12: =B12*C12 -> 0
A13: CẢI CẦU VỒNG | D13: =B13*C13 -> 0
A14: CẢI CẦU VỒNG 300GR | D14: =B14*C14 -> 0
... A22: ỚT CHUÔNG 3 MÀU(KG)VR | D22: =B22*C22 -> 0
A23: ỚT CHUÔNG ĐỎ | B23: =40+68+15 -> 123 | C23: 36000 | D23: =B23*C23 -> 4428000
A24: ỚT CHUÔNG ĐỎ L1 | D24: =B24*C24 -> 0
A25: ỚT CHUÔNG ĐỎ(TRÁI) | D25: =B25*C25 -> 0
A26: ỚT CHUÔNG 3 MÀU 350G | D26: =B26*C26 -> 0
A27: ỚT CHUÔNG 3 MÀU KQ(KG) | D27: =B27*C27 -> 0
A28: ỚT CHUÔNG VÀNG | D28: =B28*C28 -> 0
A29: ỚT CHUÔNG VÀNG L1 | B29: 6 | C29: 40000 | D29: =B29*C29 -> 240000
A30: ỚT CHUÔNG VÀNG(TRÁI) | D30: =B30*C30 -> 0
A31: ỚT CHUÔNG VÀNG+ XANH (VỈ) | D31: =B31*C31 -> 0
A32: ỚT CHUÔNG XANH | B32: =5+20+5+30 -> 60 | C32: 28000 | D32: =B32*C32 -> 1680000
A33: ỚT CHUÔNG XANH L1 | D33: =B33*C33 -> 0
A34: ỚT CHUÔNG XANH(TRÁI) | D34: =B34*C34 -> 0
A35: CỦ DỀN | B35: =10+80+10 -> 100 | C35: 10000 | D35: =B35*C35 -> 1000000
A36: CỦ DỀN 600G | D36: =B36*C36 -> 0
A37: GỪNG 250GR | D37: =B37*C37 -> 0
A38: HỒNG GIÒN | D38: =B38*C38 -> 0
A39: XÀ LÁCH MỸ | D39: =B39*C39 -> 0
A40: KHOAI TÂY HỒNG | B40: 5 | C40: 20000 | D40: =B40*C40 -> 100000
A41: KHOAI TÂY HỒNG TÚI LƯỚI 500G | D41: =B41*C41 -> 0
A42: KHOAI TÂY VÀNG | D42: =B42*C42 -> 0
A43: KHOAI TÂY VÀNG ĐL | B43: =140+20 -> 160 | C43: 14000 | D43: =B43*C43 -> 2240000
A44: KHOAI TÂY VÀNG LỚN TÚI LƯỚI 500G | D44: =B44*C44 -> 0
A45: KHOAI TÂY VÀNG RỬA | D45: =B45*C45 -> 0
A46: KHOAI TÂY VÀNG TRUNG TÚI LƯỚI 500G | D46: =B46*C46 -> 0
A47: CẢI THẢO DL | D47: =B47*C47 -> 0
A48: CẢI THẢO DL(BẮP) | D48: =B48*C48 -> 0
A49: CẢI THẢO KIM CHI | D49: =B49*C49 -> 0
A50: CẢI THẢO VR | D50: =B50*C50 -> 0
A51: BẦU | D51: =B51*C51 -> 0
A52: BÍ ĐAO XANH | D52: =B52*C52 -> 0
A53: BÍ ĐAO XANH 400G | D53: =B53*C53 -> 0
A54: DƯA LEO | D54: =B54*C54 -> 0
A55: DƯA LEO 400G | D55: =B55*C55 -> 0
... A66: BƠ SÁP | D66: =B66*C66 -> 0
A67: KHOAI LANG MẬT (KG) 2-3 CỦ | B67: 120 | C67: 29000 | D67: =B67*C67 -> 3480000
A68: KHOAI LANG MẬT (KG) 4-6 CỦ | B68: =220+120+200 -> 540 | C68: 28000 | D68: =B68*C68 -> 15120000
A69: KHOAI LANG MẬT 500G KQ | D69: =B69*C69 -> 0
A70: KHOAI LANG MẬT 500G VR | D70: =B70*C70 -> 0
A71: PARO | B71: 40 | C71: 12000 | D71: =B71*C71 -> 480000
A72: PARO (CÂY) | D72: =B72*C72 -> 0
A73: BẮP CẢI TÍM | D73: =B73*C73 -> 0
A74: BẮP CẢI TÍM (BẮP) | D74: =B74*C74 -> 0
A75: BẮP CẢI TÍM SUSHI | D75: =B75*C75 -> 0
A76: CÀ CHUA CHERRY MIX 300G | D76: =B76*C76 -> 0
A77: TÍA TÔ 50G | D77: =B77*C77 -> 0
A78: XÀ LÁCH LOLO XANH | B78: 6 | C78: 26000 | D78: =B78*C78 -> 156000
A79: XÀ LÁCH LOLO XANH SUSHI | D79: =B79*C79 -> 0
A80: XÀ LÁCH LOLO XANH TÚI 300GR | D80: =B80*C80 -> 0
A81: XÀ LÁCH ROMEN THUỶ CANH (KG) VR | D81: =B81*C81 -> 0
A82: CÀ RỐT DL | D82: =B82*C82 -> 0
A83: CÀ RỐT DL L1 | B83: =70+65 -> 135 | C83: 11000 | D83: =B83*C83 -> 1485000
A84: CÀ RỐT DL TÚI LƯỚI 500GR VR | D84: =B84*C84 -> 0
A85: CÀ RỐT TRUNG | D85: =B85*C85 -> 0
A86: CÀ RỐT TÚI LƯỚI 800G KQ | D86: =B86*C86 -> 0
A87: GỪNG | B87: 3 | C87: 28000 | D87: =B87*C87 -> 84000
A88: MỒNG TƠI | D88: =B88*C88 -> 0
A89: NGÒ RÍ | D89: =B89*C89 -> 0
A90: NGÒ RÍ TÚI 50GR | D90: =B90*C90 -> 0
A91: ỚT HIỂM | D91: =B91*C91 -> 0
A92: ỚT HIỂM 100G | D92: =B92*C92 -> 0
A93: THÌ LÀ | D93: =B93*C93 -> 0
A94: THÌ LÀ TÚI 80GR | D94: =B94*C94 -> 0
A95: CHUỐI LABA | B95: 17 | C95: 10000 | D95: =B95*C95 -> 170000
A96: BÔNG BÍ TÚI 300GR | D96: =B96*C96 -> 0
A97: BÔNG CẢI TRẮNG | D97: =B97*C97 -> 0
A98: BÔNG CẢI TRẮNG (CÂY) | D98: =B98*C98 -> 0
A99: SET RAU KÈM ỚT | D99: =B99*C99 -> 0
A100: SET RAU KHÔNG KÈM ỚT | D100: =B100*C100 -> 0
A101: ĐẬU BO | D101: =B101*C101 -> 0
A102: ĐẬU BO 250GR | D102: =B102*C102 -> 0
A103: ĐẬU CÚC | B103: 3 | C103: 70000 | D103: =B103*C103 -> 210000
A104: ĐẬU CÚC 250GR | D104: =B104*C104 -> 0
A105: ĐẬU ĐỎ | B105: 2.2 | C105: 80000 | D105: =B105*C105 -> 176000
A106: ĐẬU ĐỎ 250GR | D106: =B106*C106 -> 0
A107: ĐẬU HÀ LAN-FUJI | D107: =B107*C107 -> 0
A108: ĐẬU NGỰ | B108: 2.2 | C108: 70000 | D108: =B108*C108 -> 154000
A109: ĐẬU NGỰ 250GR | D109: =B109*C109 -> 0
A110: DAU THAP CAM (HON HOP) TUOI 100G | D110: =B110*C110 -> 0
A111: ĐẬU TRẮNG | B111: 1 | C111: 70000 | D111: =B111*C111 -> 70000
A112: ĐẬU TRẮNG 250GR | D112: =B112*C112 -> 0
A113: CÀ CHUA | B113: =200+60+100+40 -> 400 | C113: 8000 | D113: =B113*C113 -> 3200000
A114: CÀ CHUA L1 | B114: 60 | C114: 7000 | D114: =B114*C114 -> 420000
A115: CÀ CHUA VỈ 400GR | D115: =B115*C115 -> 0
A116: CÀ CHUA VR | D116: =B116*C116 -> 0
A117: BÍ ĐỎ MINI | D117: =B117*C117 -> 0
...

Sheet 19.1
A1: hàng tồn cuối ngày 19/1
A2: TÊN SẢN PHẨM | B2: TỒN TRƯỚC | C2: GIÁ NHẬP | D2: THÀNH TIỀN
A3: CÀ CHUA SÔCOLA 250GR (HỘP) VR | D3: =B3*C3 -> 0
A4: CÀ CHUA SÔCOLA 250GR (KG) -NA | D4: =B4*C4 -> 0
A5: CÀ CHUA SÔCOLA 250GR (KG) VR | D5: =B5*C5 -> 0
A6: CÀ CHUA SÔCOLA 250GR(KG) KQ | D6: =B6*C6 -> 0
A7: CÀ CHUA SÔCOLA 300GR (HỘP) VR | D7: =B7*C7 -> 0
A8: CÀ CHUA SOCOLA XÁ | D8: =B8*C8 -> 0
A9: CÀ CHUA SÔCOLA(HỘP) KQ | D9: =B9*C9 -> 0
A10: CÀ RỐT BABY | D10: =B10*C10 -> 0
A11: CÀ RỐT BABY (KG) KQ | D11: =B11*C11 -> 0
A12: CÀ RỐT BABY 200GR | D12: =B12*C12 -> 0
A13: CẢI CẦU VỒNG | D13: =B13*C13 -> 0
A14: CẢI CẦU VỒNG 300GR | D14: =B14*C14 -> 0
... A22: ỚT CHUÔNG 3 MÀU(KG)VR | D22: =B22*C22 -> 0
A23: ỚT CHUÔNG ĐỎ | B23: =60+8+40+5+45 -> 158 | C23: 34000 | D23: =B23*C23 -> 5372000
A24: ỚT CHUÔNG ĐỎ L1 | D24: =B24*C24 -> 0
A25: ỚT CHUÔNG ĐỎ(TRÁI) | D25: =B25*C25 -> 0
A26: ỚT CHUÔNG 3 MÀU 350G | D26: =B26*C26 -> 0
A27: ỚT CHUÔNG 3 MÀU KQ(KG) | D27: =B27*C27 -> 0
A28: ỚT CHUÔNG VÀNG | B28: =70+5+15 -> 90 | C28: 48000 | D28: =B28*C28 -> 4320000
A29: ỚT CHUÔNG VÀNG L1 | D29: =B29*C29 -> 0
A30: ỚT CHUÔNG VÀNG(TRÁI) | D30: =B30*C30 -> 0
A31: ỚT CHUÔNG VÀNG+ XANH (VỈ) | D31: =B31*C31 -> 0
A32: ỚT CHUÔNG XANH | B32: =5+18+26+7 -> 56 | C32: 25000 | D32: =B32*C32 -> 1400000
A33: ỚT CHUÔNG XANH L1 | D33: =B33*C33 -> 0
A34: ỚT CHUÔNG XANH(TRÁI) | D34: =B34*C34 -> 0
A35: CỦ DỀN | B35: =35+10 -> 45 | C35: 10000 | D35: =B35*C35 -> 450000
A36: CỦ DỀN 600G | D36: =B36*C36 -> 0
A37: GỪNG 250GR | D37: =B37*C37 -> 0
A38: HỒNG GIÒN | D38: =B38*C38 -> 0
A39: XÀ LÁCH MỸ | D39: =B39*C39 -> 0
A40: KHOAI TÂY HỒNG | B40: 20 | C40: 20000 | D40: =B40*C40 -> 400000
A41: KHOAI TÂY HỒNG TÚI LƯỚI 500G | D41: =B41*C41 -> 0
A42: KHOAI TÂY VÀNG | D42: =B42*C42 -> 0
A43: KHOAI TÂY VÀNG ĐL | B43: =12+20 -> 32 | C43: 14000 | D43: =B43*C43 -> 448000
A44: KHOAI TÂY VÀNG LỚN TÚI LƯỚI 500G | D44: =B44*C44 -> 0
A45: KHOAI TÂY VÀNG RỬA | D45: =B45*C45 -> 0
A46: KHOAI TÂY VÀNG TRUNG TÚI LƯỚI 500G | D46: =B46*C46 -> 0
A47: CẢI THẢO DL | D47: =B47*C47 -> 0
A48: CẢI THẢO DL(BẮP) | D48: =B48*C48 -> 0
A49: CẢI THẢO KIM CHI | D49: =B49*C49 -> 0
A50: CẢI THẢO VR | D50: =B50*C50 -> 0
A51: BẦU | D51: =B51*C51 -> 0
A52: BÍ ĐAO XANH | B52: 4 | C52: 14000 | D52: =B52*C52 -> 56000
A53: BÍ ĐAO XANH 400G | D53: =B53*C53 -> 0
A54: DƯA LEO | B54: 6 | C54: 13000 | D54: =B54*C54 -> 78000
A55: DƯA LEO 400G | D55: =B55*C55 -> 0
A56: KHỔ QUA | D56: =B56*C56 -> 0
A57: KHỔ QUA 400GR | D57: =B57*C57 -> 0
A58: MƯỚP HƯƠNG | D58: =B58*C58 -> 0
A59: MƯỚP HƯƠNG 300G | D59: =B59*C59 -> 0
A60: BÍ MINI VÀNG 300GR | D60: =B60*C60 -> 0
A61: BÍ MINI VÀNG KG | D61: =B61*C61 -> 0
A62: DƯA LEO GIỐNG NHẬT 600GR | D62: =B62*C62 -> 0
A63: DƯA LEO GIỐNG NHẬT KG | D63: =B63*C63 -> 0
A64: BƠ 034 | D64: =B64*C64 -> 0
A65: BƠ BOOTH | D65: =B65*C65 -> 0
A66: BƠ SÁP | D66: =B66*C66 -> 0
A67: KHOAI LANG MẬT (KG) 2-3 CỦ | B67: =240+180 -> 420 | C67: 28000 | D67: =B67*C67 -> 11760000
A68: KHOAI LANG MẬT (KG) 4-6 CỦ | B68: =300+160+100 -> 560 | C68: 28000 | D68: =B68*C68 -> 15680000
A69: KHOAI LANG MẬT 500G KQ | D69: =B69*C69 -> 0
A70: KHOAI LANG MẬT 500G VR | D70: =B70*C70 -> 0
A71: PARO | B71: =9+4 -> 13 | C71: 12000 | D71: =B71*C71 -> 156000
A72: PARO (CÂY) | D72: =B72*C72 -> 0
A73: BẮP CẢI TÍM | B73: 19 | C73: 25000 | D73: =B73*C73 -> 475000
A74: BẮP CẢI TÍM (BẮP) | D74: =B74*C74 -> 0
A75: BẮP CẢI TÍM SUSHI | D75: =B75*C75 -> 0
A76: CÀ CHUA CHERRY MIX 300G | D76: =B76*C76 -> 0
A77: TÍA TÔ 50G | D77: =B77*C77 -> 0
A78: XÀ LÁCH LOLO XANH | D78: =B78*C78 -> 0
A79: XÀ LÁCH LOLO XANH SUSHI | D79: =B79*C79 -> 0
A80: XÀ LÁCH LOLO XANH TÚI 300GR | D80: =B80*C80 -> 0
A81: XÀ LÁCH ROMEN THUỶ CANH (KG) VR | D81: =B81*C81 -> 0
A82: CÀ RỐT DL | D82: =B82*C82 -> 0
A83: CÀ RỐT DL L1 | B83: =24+6 -> 30 | C83: 11000 | D83: =B83*C83 -> 330000
A84: CÀ RỐT DL TÚI LƯỚI 500GR VR | D84: =B84*C84 -> 0
A85: CÀ RỐT TRUNG | D85: =B85*C85 -> 0
A86: CÀ RỐT TÚI LƯỚI 800G KQ | D86: =B86*C86 -> 0
A87: GỪNG | B87: 8 | C87: 28000 | D87: =B87*C87 -> 224000
A88: MỒNG TƠI | D88: =B88*C88 -> 0
A89: NGÒ RÍ | D89: =B89*C89 -> 0
A90: NGÒ RÍ TÚI 50GR | D90: =B90*C90 -> 0
A91: ỚT HIỂM | D91: =B91*C91 -> 0
A92: ỚT HIỂM 100G | D92: =B92*C92 -> 0
A93: THÌ LÀ | D93: =B93*C93 -> 0
A94: THÌ LÀ TÚI 80GR | D94: =B94*C94 -> 0
A95: CHUỐI LABA | B95: 5 | C95: 10000 | D95: =B95*C95 -> 50000
A96: BÔNG BÍ TÚI 300GR | D96: =B96*C96 -> 0
A97: BÔNG CẢI TRẮNG | D97: =B97*C97 -> 0
A98: BÔNG CẢI TRẮNG (CÂY) | D98: =B98*C98 -> 0
A99: SET RAU KÈM ỚT | D99: =B99*C99 -> 0
A100: SET RAU KHÔNG KÈM ỚT | D100: =B100*C100 -> 0
A101: ĐẬU BO | D101: =B101*C101 -> 0
A102: ĐẬU BO 250GR | D102: =B102*C102 -> 0
A103: ĐẬU CÚC | B103: 2 | C103: 70000 | D103: =B103*C103 -> 140000
A104: ĐẬU CÚC 250GR | D104: =B104*C104 -> 0
A105: ĐẬU ĐỎ | D105: =B105*C105 -> 0
A106: ĐẬU ĐỎ 250GR | D106: =B106*C106 -> 0
A107: ĐẬU HÀ LAN-FUJI | D107: =B107*C107 -> 0
...

Sheet 20.1
A1: hàng tồn cuối ngày 20/1
A2: TÊN SẢN PHẨM | B2: TỒN TRƯỚC | C2: GIÁ NHẬP | D2: THÀNH TIỀN
A3: CÀ CHUA SÔCOLA 250GR (HỘP) VR | D3: =B3*C3 -> 0
A4: CÀ CHUA SÔCOLA 250GR (KG) -NA | D4: =B4*C4 -> 0
A5: CÀ CHUA SÔCOLA 250GR (KG) VR | D5: =B5*C5 -> 0
A6: CÀ CHUA SÔCOLA 250GR(KG) KQ | D6: =B6*C6 -> 0
A7: CÀ CHUA SÔCOLA 300GR (HỘP) VR | D7: =B7*C7 -> 0
A8: CÀ CHUA SOCOLA XÁ | D8: =B8*C8 -> 0
A9: CÀ CHUA SÔCOLA(HỘP) KQ | D9: =B9*C9 -> 0
A10: CÀ RỐT BABY | D10: =B10*C10 -> 0
A11: CÀ RỐT BABY (KG) KQ | D11: =B11*C11 -> 0
A12: CÀ RỐT BABY 200GR | D12: =B12*C12 -> 0
A13: CẢI CẦU VỒNG | D13: =B13*C13 -> 0
A14: CẢI CẦU VỒNG 300GR | D14: =B14*C14 -> 0
... A22: ỚT CHUÔNG 3 MÀU(KG)VR | D22: =B22*C22 -> 0
A23: ỚT CHUÔNG ĐỎ | B23: =130+8 -> 138 | C23: 34000 | D23: =B23*C23 -> 4692000
A24: ỚT CHUÔNG ĐỎ L1 | D24: =B24*C24 -> 0
A25: ỚT CHUÔNG ĐỎ(TRÁI) | D25: =B25*C25 -> 0
A26: ỚT CHUÔNG 3 MÀU 350G | B26: 20 | C26: 13000 | D26: =B26*C26 -> 260000
A27: ỚT CHUÔNG 3 MÀU KQ(KG) | D27: =B27*C27 -> 0
A28: ỚT CHUÔNG VÀNG | B28: 60 | C28: 48000 | D28: =B28*C28 -> 2880000
A29: ỚT CHUÔNG VÀNG L1 | D29: =B29*C29 -> 0
A30: ỚT CHUÔNG VÀNG(TRÁI) | D30: =B30*C30 -> 0
A31: ỚT CHUÔNG VÀNG+ XANH (VỈ) | D31: =B31*C31 -> 0
A32: ỚT CHUÔNG XANH | B32: 45 | C32: 25000 | D32: =B32*C32 -> 1125000
A33: ỚT CHUÔNG XANH L1 | D33: =B33*C33 -> 0
A34: ỚT CHUÔNG XANH(TRÁI) | D34: =B34*C34 -> 0
A35: CỦ DỀN | B35: =15+40 -> 55 | C35: 10000 | D35: =B35*C35 -> 550000
A36: CỦ DỀN 600G | D36: =B36*C36 -> 0
A37: GỪNG 250GR | D37: =B37*C37 -> 0
A38: HỒNG GIÒN | D38: =B38*C38 -> 0
A39: XÀ LÁCH MỸ | D39: =B39*C39 -> 0
A40: KHOAI TÂY HỒNG | B40: 3 | C40: 20000 | D40: =B40*C40 -> 60000
A41: KHOAI TÂY HỒNG TÚI LƯỚI 500G | D41: =B41*C41 -> 0
A42: KHOAI TÂY VÀNG | D42: =B42*C42 -> 0
A43: KHOAI TÂY VÀNG ĐL | D43: =B43*C43 -> 0
A44: KHOAI TÂY VÀNG LỚN TÚI LƯỚI 500G | D44: =B44*C44 -> 0
A45: KHOAI TÂY VÀNG RỬA | D45: =B45*C45 -> 0
A46: KHOAI TÂY VÀNG TRUNG TÚI LƯỚI 500G | D46: =B46*C46 -> 0
A47: CẢI THẢO DL | D47: =B47*C47 -> 0
A48: CẢI THẢO DL(BẮP) | D48: =B48*C48 -> 0
A49: CẢI THẢO KIM CHI | D49: =B49*C49 -> 0
A50: CẢI THẢO VR | D50: =B50*C50 -> 0
A51: BẦU | B51: 4 | C51: 12000 | D51: =B51*C51 -> 48000
A52: BÍ ĐAO XANH | D52: =B52*C52 -> 0
A53: BÍ ĐAO XANH 400G | D53: =B53*C53 -> 0
A54: DƯA LEO | D54: =B54*C54 -> 0
A55: DƯA LEO 400G | D55: =B55*C55 -> 0
A56: KHỔ QUA | D56: =B56*C56 -> 0
A57: KHỔ QUA 400GR | D57: =B57*C57 -> 0
A58: MƯỚP HƯƠNG | D58: =B58*C58 -> 0
A59: MƯỚP HƯƠNG 300G | D59: =B59*C59 -> 0
A60: BÍ MINI VÀNG 300GR | D60: =B60*C60 -> 0
A61: BÍ MINI VÀNG KG | D61: =B61*C61 -> 0
A62: DƯA LEO GIỐNG NHẬT 600GR | D62: =B62*C62 -> 0
A63: DƯA LEO GIỐNG NHẬT KG | D63: =B63*C63 -> 0
... A66: BƠ SÁP | D66: =B66*C66 -> 0
A67: KHOAI LANG MẬT (KG) 2-3 CỦ | B67: =300+160+40 -> 500 | C67: 28000 | D67: =B67*C67 -> 14000000
A68: KHOAI LANG MẬT (KG) 4-6 CỦ | B68: 430 | C68: 28000 | D68: =B68*C68 -> 12040000
A69: KHOAI LANG MẬT 500G KQ | D69: =B69*C69 -> 0
A70: KHOAI LANG MẬT 500G VR | D70: =B70*C70 -> 0
A71: PARO | B71: 43 | C71: 12000 | D71: =B71*C71 -> 516000
A72: PARO (CÂY) | D72: =B72*C72 -> 0
A73: BẮP CẢI TÍM | B73: 15 | C73: 25000 | D73: =B73*C73 -> 375000
A74: BẮP CẢI TÍM (BẮP) | D74: =B74*C74 -> 0
A75: BẮP CẢI TÍM SUSHI | D75: =B75*C75 -> 0
A76: CÀ CHUA CHERRY MIX 300G | D76: =B76*C76 -> 0
A77: TÍA TÔ 50G | D77: =B77*C77 -> 0
A78: XÀ LÁCH LOLO XANH | D78: =B78*C78 -> 0
A79: XÀ LÁCH LOLO XANH SUSHI | D79: =B79*C79 -> 0
A80: XÀ LÁCH LOLO XANH TÚI 300GR | D80: =B80*C80 -> 0
A81: XÀ LÁCH ROMEN THUỶ CANH (KG) VR | D81: =B81*C81 -> 0
A82: CÀ RỐT DL | D82: =B82*C82 -> 0
A83: CÀ RỐT DL L1 | B83: =60+100+12 -> 172 | C83: 10500 | D83: =B83*C83 -> 1806000
A84: CÀ RỐT DL TÚI LƯỚI 500GR VR | D84: =B84*C84 -> 0
A85: CÀ RỐT TRUNG | D85: =B85*C85 -> 0
A86: CÀ RỐT TÚI LƯỚI 800G KQ | D86: =B86*C86 -> 0
A87: GỪNG | B87: 6 | C87: 30000 | D87: =B87*C87 -> 180000
A88: MỒNG TƠI | D88: =B88*C88 -> 0
A89: NGÒ RÍ | D89: =B89*C89 -> 0
A90: NGÒ RÍ TÚI 50GR | D90: =B90*C90 -> 0
A91: ỚT HIỂM | D91: =B91*C91 -> 0
A92: ỚT HIỂM 100G | D92: =B92*C92 -> 0
A93: THÌ LÀ | D93: =B93*C93 -> 0
A94: THÌ LÀ TÚI 80GR | D94: =B94*C94 -> 0
A95: CHUỐI LABA | D95: =B95*C95 -> 0
A96: BÔNG BÍ TÚI 300GR | D96: =B96*C96 -> 0
A97: BÔNG CẢI TRẮNG | B97: 18 | C97: 12000 | D97: =B97*C97 -> 216000
A98: BÔNG CẢI TRẮNG (CÂY) | D98: =B98*C98 -> 0
A99: SET RAU KÈM ỚT | D99: =B99*C99 -> 0
A100: SET RAU KHÔNG KÈM ỚT | D100: =B100*C100 -> 0
A101: ĐẬU BO | D101: =B101*C101 -> 0
A102: ĐẬU BO 250GR | D102: =B102*C102 -> 0
A103: ĐẬU CÚC | D103: =B103*C103 -> 0
A104: ĐẬU CÚC 250GR | D104: =B104*C104 -> 0
A105: ĐẬU ĐỎ | D105: =B105*C105 -> 0
A106: ĐẬU ĐỎ 250GR | D106: =B106*C106 -> 0
A107: ĐẬU HÀ LAN-FUJI | D107: =B107*C107 -> 0
A108: ĐẬU NGỰ | D108: =B108*C108 -> 0
A109: ĐẬU NGỰ 250GR | D109: =B109*C109 -> 0
...

Sheet 21.1
A1: hàng tồn cuối ngày 21/11
A2: TÊN SẢN PHẨM | B2: TỒN TRƯỚC | C2: GIÁ NHẬP | D2: THÀNH TIỀN
A3: CÀ CHUA SÔCOLA 250GR (HỘP) VR | D3: =B3*C3 -> 0
A4: CÀ CHUA SÔCOLA 250GR (KG) -NA | D4: =B4*C4 -> 0
A5: CÀ CHUA SÔCOLA 250GR (KG) VR | D5: =B5*C5 -> 0
A6: CÀ CHUA SÔCOLA 250GR(KG) KQ | D6: =B6*C6 -> 0
A7: CÀ CHUA SÔCOLA 300GR (HỘP) VR | D7: =B7*C7 -> 0
A8: CÀ CHUA SOCOLA XÁ | D8: =B8*C8 -> 0
A9: CÀ CHUA SÔCOLA(HỘP) KQ | D9: =B9*C9 -> 0
A10: CÀ RỐT BABY | D10: =B10*C10 -> 0
A11: CÀ RỐT BABY (KG) KQ | D11: =B11*C11 -> 0
A12: CÀ RỐT BABY 200GR | D12: =B12*C12 -> 0
A13: CẢI CẦU VỒNG | D13: =B13*C13 -> 0
A14: CẢI CẦU VỒNG 300GR | D14: =B14*C14 -> 0
... A22: ỚT CHUÔNG 3 MÀU(KG)VR | D22: =B22*C22 -> 0
A23: ỚT CHUÔNG ĐỎ | B23: 80 | C23: 32000 | D23: =B23*C23 -> 2560000
A24: ỚT CHUÔNG ĐỎ L1 | D24: =B24*C24 -> 0
A25: ỚT CHUÔNG ĐỎ(TRÁI) | D25: =B25*C25 -> 0
A26: ỚT CHUÔNG 3 MÀU 350G | D26: =B26*C26 -> 0
A27: ỚT CHUÔNG 3 MÀU KQ(KG) | D27: =B27*C27 -> 0
A28: ỚT CHUÔNG VÀNG | B28: 8 | C28: 42000 | D28: =B28*C28 -> 336000
A29: ỚT CHUÔNG VÀNG L1 | D29: =B29*C29 -> 0
A30: ỚT CHUÔNG VÀNG(TRÁI) | D30: =B30*C30 -> 0
A31: ỚT CHUÔNG VÀNG+ XANH (VỈ) | D31: =B31*C31 -> 0
A32: ỚT CHUÔNG XANH | B32: =25+3+5 -> 33 | C32: 22000 | D32: =B32*C32 -> 726000
A33: ỚT CHUÔNG XANH L1 | D33: =B33*C33 -> 0
A34: ỚT CHUÔNG XANH(TRÁI) | D34: =B34*C34 -> 0
A35: CỦ DỀN | B35: =68+8 -> 76 | C35: 10000 | D35: =B35*C35 -> 760000
A36: CỦ DỀN 600G | D36: =B36*C36 -> 0
A37: GỪNG 250GR | D37: =B37*C37 -> 0
A38: HỒNG GIÒN | D38: =B38*C38 -> 0
A39: XÀ LÁCH MỸ | D39: =B39*C39 -> 0
A40: KHOAI TÂY HỒNG | B40: 20 | C40: 20000 | D40: =B40*C40 -> 400000
A41: KHOAI TÂY HỒNG TÚI LƯỚI 500G | D41: =B41*C41 -> 0
A42: KHOAI TÂY VÀNG | D42: =B42*C42 -> 0
A43: KHOAI TÂY VÀNG ĐL | B43: =15+215 -> 230 | C43: 14000 | D43: =B43*C43 -> 3220000
A44: KHOAI TÂY VÀNG LỚN TÚI LƯỚI 500G | D44: =B44*C44 -> 0
A45: KHOAI TÂY VÀNG RỬA | D45: =B45*C45 -> 0
A46: KHOAI TÂY VÀNG TRUNG TÚI LƯỚI 500G | B46: 16 | C46: 6000 | D46: =B46*C46 -> 96000
A47: CẢI THẢO DL | B47: 10 | C47: 6000 | D47: =B47*C47 -> 60000
A48: CẢI THẢO DL(BẮP) | D48: =B48*C48 -> 0
A49: CẢI THẢO KIM CHI | D49: =B49*C49 -> 0
A50: CẢI THẢO VR | D50: =B50*C50 -> 0
A51: BẦU | D51: =B51*C51 -> 0
A52: BÍ ĐAO XANH | D52: =B52*C52 -> 0
A53: BÍ ĐAO XANH 400G | D53: =B53*C53 -> 0
A54: DƯA LEO | B54: 6 | C54: 13000 | D54: =B54*C54 -> 78000
A55: DƯA LEO 400G | B55: 23 | C55: 9000 | D55: =B55*C55 -> 207000
A56: KHỔ QUA | D56: =B56*C56 -> 0
A57: KHỔ QUA 400GR | D57: =B57*C57 -> 0
A58: MƯỚP HƯƠNG | D58: =B58*C58 -> 0
A59: MƯỚP HƯƠNG 300G | D59: =B59*C59 -> 0
A60: BÍ MINI VÀNG 300GR | D60: =B60*C60 -> 0
A61: BÍ MINI VÀNG KG | D61: =B61*C61 -> 0
A62: DƯA LEO GIỐNG NHẬT 600GR | D62: =B62*C62 -> 0
A63: DƯA LEO GIỐNG NHẬT KG | D63: =B63*C63 -> 0
A64: BƠ 034 | D64: =B64*C64 -> 0
A65: BƠ BOOTH | D65: =B65*C65 -> 0
A66: BƠ SÁP | D66: =B66*C66 -> 0
A67: KHOAI LANG MẬT (KG) 2-3 CỦ | B67: 340 | C67: 28000 | D67: =B67*C67 -> 9520000
A68: KHOAI LANG MẬT (KG) 4-6 CỦ | B68: 310 | C68: 28000 | D68: =B68*C68 -> 8680000
A69: KHOAI LANG MẬT 500G KQ | D69: =B69*C69 -> 0
A70: KHOAI LANG MẬT 500G VR | D70: =B70*C70 -> 0
A71: PARO | B71: 23 | C71: 12000 | D71: =B71*C71 -> 276000
A72: PARO (CÂY) | D72: =B72*C72 -> 0
A73: BẮP CẢI TÍM | B73: 18 | C73: 25000 | D73: =B73*C73 -> 450000
A74: BẮP CẢI TÍM (BẮP) | D74: =B74*C74 -> 0
A75: BẮP CẢI TÍM SUSHI | D75: =B75*C75 -> 0
A76: CÀ CHUA CHERRY MIX 300G | D76: =B76*C76 -> 0
A77: TÍA TÔ 50G | D77: =B77*C77 -> 0
A78: XÀ LÁCH LOLO XANH | D78: =B78*C78 -> 0
A79: XÀ LÁCH LOLO XANH SUSHI | D79: =B79*C79 -> 0
A80: XÀ LÁCH LOLO XANH TÚI 300GR | D80: =B80*C80 -> 0
A81: XÀ LÁCH ROMEN THUỶ CANH (KG) VR | D81: =B81*C81 -> 0
A82: CÀ RỐT DL | D82: =B82*C82 -> 0
A83: CÀ RỐT DL L1 | B83: 40 | C83: 10500 | D83: =B83*C83 -> 420000
A84: CÀ RỐT DL TÚI LƯỚI 500GR VR | D84: =B84*C84 -> 0
A85: CÀ RỐT TRUNG | D85: =B85*C85 -> 0
A86: CÀ RỐT TÚI LƯỚI 800G KQ | D86: =B86*C86 -> 0
A87: GỪNG | B87: 5 | C87: 28000 | D87: =B87*C87 -> 140000
A88: MỒNG TƠI | D88: =B88*C88 -> 0
A89: NGÒ RÍ | D89: =B89*C89 -> 0
A90: NGÒ RÍ TÚI 50GR | D90: =B90*C90 -> 0
A91: ỚT HIỂM | B91: 0.2 | C91: 40000 | D91: =B91*C91 -> 8000
A92: ỚT HIỂM 100G | D92: =B92*C92 -> 0
A93: THÌ LÀ | D93: =B93*C93 -> 0
A94: THÌ LÀ TÚI 80GR | D94: =B94*C94 -> 0
A95: CHUỐI LABA | B95: 10 | C95: 10000 | D95: =B95*C95 -> 100000
A96: BÔNG BÍ TÚI 300GR | D96: =B96*C96 -> 0
A97: BÔNG CẢI TRẮNG | B97: 40 | C97: 12000 | D97: =B97*C97 -> 480000
A98: BÔNG CẢI TRẮNG (CÂY) | D98: =B98*C98 -> 0
A99: SET RAU KÈM ỚT | D99: =B99*C99 -> 0
A100: SET RAU KHÔNG KÈM ỚT | D100: =B100*C100 -> 0
A101: ĐẬU BO | D101: =B101*C101 -> 0
A102: ĐẬU BO 250GR | D102: =B102*C102 -> 0
A103: ĐẬU CÚC | B103: 1 | C103: 7000 | D103: =B103*C103 -> 7000
A104: ĐẬU CÚC 250GR | D104: =B104*C104 -> 0
A105: ĐẬU ĐỎ | D105: =B105*C105 -> 0
A106: ĐẬU ĐỎ 250GR | D106: =B106*C106 -> 0
A107: ĐẬU HÀ LAN-FUJI | D107: =B107*C107 -> 0
...

Sheet 22.1
A1: hàng tồn cuối ngày 22/1
A2: TÊN SẢN PHẨM | B2: TỒN TRƯỚC | C2: GIÁ NHẬP | D2: THÀNH TIỀN
A3: CÀ CHUA SÔCOLA 250GR (HỘP) VR | D3: =B3*C3 -> 0
A4: CÀ CHUA SÔCOLA 250GR (KG) -NA | D4: =B4*C4 -> 0
A5: CÀ CHUA SÔCOLA 250GR (KG) VR | D5: =B5*C5 -> 0
A6: CÀ CHUA SÔCOLA 250GR(KG) KQ | D6: =B6*C6 -> 0
A7: CÀ CHUA SÔCOLA 300GR (HỘP) VR | D7: =B7*C7 -> 0
A8: CÀ CHUA SOCOLA XÁ | D8: =B8*C8 -> 0
A9: CÀ CHUA SÔCOLA(HỘP) KQ | D9: =B9*C9 -> 0
A10: CÀ RỐT BABY | D10: =B10*C10 -> 0
A11: CÀ RỐT BABY (KG) KQ | D11: =B11*C11 -> 0
A12: CÀ RỐT BABY 200GR | D12: =B12*C12 -> 0
A13: CẢI CẦU VỒNG | D13: =B13*C13 -> 0
A14: CẢI CẦU VỒNG 300GR | D14: =B14*C14 -> 0
A15: CẢI KALE | D15: =B15*C15 -> 0
A16: CẢI KALE 300GR | B16: 11 | C16: 3000 | D16: =B16*C16 -> 33000
A17: CHANH VÀNG (KG) | D17: =B17*C17 -> 0
A18: CHANH VÀNG TRÁI 180UP | D18: =B18*C18 -> 0
A19: CẦN TÂY (KG) | D19: =B19*C19 -> 0
A20: CẦN TÂY THUỶ CANH | D20: =B20*C20 -> 0
A21: CẦN TÂY(CÂY) | D21: =B21*C21 -> 0
A22: ỚT CHUÔNG 3 MÀU(KG)VR | D22: =B22*C22 -> 0
A23: ỚT CHUÔNG ĐỎ | B23: =20+60+20 -> 100 | C23: 32000 | D23: =B23*C23 -> 3200000
A24: ỚT CHUÔNG ĐỎ L1 | D24: =B24*C24 -> 0
A25: ỚT CHUÔNG ĐỎ(TRÁI) | D25: =B25*C25 -> 0
A26: ỚT CHUÔNG 3 MÀU 350G | D26: =B26*C26 -> 0
A27: ỚT CHUÔNG 3 MÀU KQ(KG) | D27: =B27*C27 -> 0
A28: ỚT CHUÔNG VÀNG | B28: =17+67 -> 84 | C28: 42000 | D28: =B28*C28 -> 3528000
A29: ỚT CHUÔNG VÀNG L1 | D29: =B29*C29 -> 0
A30: ỚT CHUÔNG VÀNG(TRÁI) | D30: =B30*C30 -> 0
A31: ỚT CHUÔNG VÀNG+ XANH (VỈ) | D31: =B31*C31 -> 0
A32: ỚT CHUÔNG XANH | B32: =30+28 -> 58 | C32: 22000 | D32: =B32*C32 -> 1276000
A33: ỚT CHUÔNG XANH L1 | D33: =B33*C33 -> 0
A34: ỚT CHUÔNG XANH(TRÁI) | D34: =B34*C34 -> 0
A35: CỦ DỀN | B35: 130 | C35: 10000 | D35: =B35*C35 -> 1300000
A36: CỦ DỀN 600G | D36: =B36*C36 -> 0
A37: GỪNG 250GR | D37: =B37*C37 -> 0
A38: HỒNG GIÒN | D38: =B38*C38 -> 0
A39: XÀ LÁCH MỸ | D39: =B39*C39 -> 0
A40: KHOAI TÂY HỒNG | B40: 18 | C40: 20000 | D40: =B40*C40 -> 360000
A41: KHOAI TÂY HỒNG TÚI LƯỚI 500G | D41: =B41*C41 -> 0
A42: KHOAI TÂY VÀNG | D42: =B42*C42 -> 0
A43: KHOAI TÂY VÀNG ĐL | B43: =160+15+50+25 -> 250 | C43: 14000 | D43: =B43*C43 -> 3500000
A44: KHOAI TÂY VÀNG LỚN TÚI LƯỚI 500G | D44: =B44*C44 -> 0
A45: KHOAI TÂY VÀNG RỬA | D45: =B45*C45 -> 0
A46: KHOAI TÂY VÀNG TRUNG TÚI LƯỚI 500G | D46: =B46*C46 -> 0
A47: CẢI THẢO DL | D47: =B47*C47 -> 0
A48: CẢI THẢO DL(BẮP) | D48: =B48*C48 -> 0
A49: CẢI THẢO KIM CHI | D49: =B49*C49 -> 0
A50: CẢI THẢO VR | D50: =B50*C50 -> 0
A51: BẦU | D51: =B51*C51 -> 0
A52: BÍ ĐAO XANH | D52: =B52*C52 -> 0
A53: BÍ ĐAO XANH 400G | D53: =B53*C53 -> 0
A54: DƯA LEO | B54: 17 | C54: 13000 | D54: =B54*C54 -> 221000
A55: DƯA LEO 400G | D55: =B55*C55 -> 0
A56: KHỔ QUA | D56: =B56*C56 -> 0
A57: KHỔ QUA 400GR | D57: =B57*C57 -> 0
A58: MƯỚP HƯƠNG | D58: =B58*C58 -> 0
A59: MƯỚP HƯƠNG 300G | D59: =B59*C59 -> 0
A60: BÍ MINI VÀNG 300GR | D60: =B60*C60 -> 0
A61: BÍ MINI VÀNG KG | D61: =B61*C61 -> 0
A62: DƯA LEO GIỐNG NHẬT 600GR | B62: 4 | C62: 9000 | D62: =B62*C62 -> 36000
A63: DƯA LEO GIỐNG NHẬT KG | D63: =B63*C63 -> 0
A64: BƠ 034 | D64: =B64*C64 -> 0
A65: BƠ BOOTH | D65: =B65*C65 -> 0
A66: BƠ SÁP | D66: =B66*C66 -> 0
A67: KHOAI LANG MẬT (KG) 2-3 CỦ | B67: 480 | C67: 28000 | D67: =B67*C67 -> 13440000
A68: KHOAI LANG MẬT (KG) 4-6 CỦ | B68: =80+90 -> 170 | C68: 27000 | D68: =B68*C68 -> 4590000
A69: KHOAI LANG MẬT 500G KQ | D69: =B69*C69 -> 0
A70: KHOAI LANG MẬT 500G VR | D70: =B70*C70 -> 0
A71: PARO | B71: 26 | C71: 12000 | D71: =B71*C71 -> 312000
A72: PARO (CÂY) | D72: =B72*C72 -> 0
A73: BẮP CẢI TÍM | B73: 15 | C73: 22000 | D73: =B73*C73 -> 330000
A74: BẮP CẢI TÍM (BẮP) | D74: =B74*C74 -> 0
A75: BẮP CẢI TÍM SUSHI | D75: =B75*C75 -> 0
A76: CÀ CHUA CHERRY MIX 300G | D76: =B76*C76 -> 0
A77: TÍA TÔ 50G | D77: =B77*C77 -> 0
A78: XÀ LÁCH LOLO XANH | D78: =B78*C78 -> 0
A79: XÀ LÁCH LOLO XANH SUSHI | D79: =B79*C79 -> 0
A80: XÀ LÁCH LOLO XANH TÚI 300GR | D80: =B80*C80 -> 0
A81: XÀ LÁCH ROMEN THUỶ CANH (KG) VR | D81: =B81*C81 -> 0
A82: CÀ RỐT DL | D82: =B82*C82 -> 0
A83: CÀ RỐT DL L1 | D83: =B83*C83 -> 0
A84: CÀ RỐT DL TÚI LƯỚI 500GR VR | D84: =B84*C84 -> 0
A85: CÀ RỐT TRUNG | D85: =B85*C85 -> 0
A86: CÀ RỐT TÚI LƯỚI 800G KQ | D86: =B86*C86 -> 0
A87: GỪNG | B87: 6 | C87: 28000 | D87: =B87*C87 -> 168000
A88: MỒNG TƠI | D88: =B88*C88 -> 0
A89: NGÒ RÍ | D89: =B89*C89 -> 0
A90: NGÒ RÍ TÚI 50GR | D90: =B90*C90 -> 0
A91: ỚT HIỂM | D91: =B91*C91 -> 0
A92: ỚT HIỂM 100G | D92: =B92*C92 -> 0
A93: THÌ LÀ | D93: =B93*C93 -> 0
A94: THÌ LÀ TÚI 80GR | D94: =B94*C94 -> 0
A95: CHUỐI LABA | D95: =B95*C95 -> 0
A96: BÔNG BÍ TÚI 300GR | D96: =B96*C96 -> 0
A97: BÔNG CẢI TRẮNG | B97: =8+7+14 -> 29 | C97: 12000 | D97: =B97*C97 -> 348000
A98: BÔNG CẢI TRẮNG (CÂY) | D98: =B98*C98 -> 0
A99: SET RAU KÈM ỚT | D99: =B99*C99 -> 0
A100: SET RAU KHÔNG KÈM ỚT | D100: =B100*C100 -> 0
...

Sheet 23.1
A1: hàng tồn cuối ngày 23/1 | B1: Stock | D1: Safety stock
A2: TÊN SẢN PHẨM | B2: TỒN TRƯỚC | C2: GIÁ NHẬP | D2: THÀNH TIỀN
A3: BẮP CẢI TÍM | B3: 20 | C3: 21000 | D3: =B3*C3 -> 420000
A4: BẮP CẢI TÍM (BẮP) | D4: =B4*C4 -> 0
A5: BẮP CẢI TÍM SUSHI | D5: =B5*C5 -> 0
A6: BẮP CẢI TRẮNG | B6: 50 | C6: 6500 | D6: =B6*C6 -> 325000
A7: BẮP CẢI TRẮNG (BẮP) | D7: =B7*C7 -> 0
A8: BẮP CẢI TRẮNG MỘC CHÂU | D8: =B8*C8 -> 0
A9: BẮP CẢI TRẮNG SUSHI | D9: =B9*C9 -> 0
A10: BẮP MỸ | D10: =B10*C10 -> 0
A11: BẦU | D11: =B11*C11 -> 0
A12: BÍ ĐAO XANH | D12: =B12*C12 -> 0
A13: BÍ ĐAO XANH 400G | D13: =B13*C13 -> 0
A14: BÍ ĐỎ HỒ LÔ | B14: 24 | C14: 10000 | D14: =B14*C14 -> 240000
A15: BÍ ĐỎ MINI | D15: =B15*C15 -> 0
A16: BÍ ĐỎ NON (KG)KQ | D16: =B16*C16 -> 0
A17: BÍ ĐỎ NON TRÁI VR | B17: 14 | C17: 4000 | D17: =B17*C17 -> 56000
A18: BÍ ĐỎ NON( KG) VR | D18: =B18*C18 -> 0
A19: BÍ ĐỎ TRÒN | B19: =700+466 -> 1166 | C19: 6000 | D19: =B19*C19 -> 6996000
A20: BÍ MINI VÀNG 300GR | D20: =B20*C20 -> 0
A21: BÍ MINI VÀNG KG | D21: =B21*C21 -> 0
A22: BÍ NGÒI VÀNG | D22: =B22*C22 -> 0
A23: BÍ NGÒI VÀNG (TRÁI) | D23: =B23*C23 -> 0
A24: BÍ NGÒI XANH | B24: 26 | C24: 11000 | D24: =B24*C24 -> 286000
A25: BÍ NGÒI XANH(TRÁI) | D25: =B25*C25 -> 0
A26: BÍ NHẬT | D26: =B26*C26 -> 0
A27: BƠ 034 | D27: =B27*C27 -> 0
A28: BƠ BOOTH | D28: =B28*C28 -> 0
A29: BƠ SÁP | D29: =B29*C29 -> 0
A30: BÓ XÔI | D30: =B30*C30 -> 0
A31: BÓ XÔI 300G VR | B31: 6 | C31: 5700 | D31: =B31*C31 -> 34200
A32: BÓ XÔI-HN KQ | D32: =B32*C32 -> 0
A33: BÓ XÔI-NA | D33: =B33*C33 -> 0
A34: BÔNG ATISO | D34: =B34*C34 -> 0
A35: BÔNG BÍ | B35: 1 | C35: 45000 | D35: =B35*C35 -> 45000
A36: BÔNG BÍ TÚI 300GR | D36: =B36*C36 -> 0
A37: BÔNG CẢI TRẮNG | B37: 10 | C37: 12000 | D37: =B37*C37 -> 120000
A38: BÔNG CẢI TRẮNG (CÂY) | D38: =B38*C38 -> 0
A39: BÔNG CẢI XANH 10P | D39: =B39*C39 -> 0
A40: BÔNG CẢI XANH AEON | D40: =B40*C40 -> 0
A41: BÔNG CẢI XANH AEON (CÂY) | D41: =B41*C41 -> 0
A42: BÔNG CẢI XANH BABY (KG) | D42: =B42*C42 -> 0
A43: BÔNG CẢI XANH BABY 200G | B43: 5 | C43: 3600 | D43: =B43*C43 -> 18000
A44: BÔNG CẢI XANH BIGC | B44: 22 | C44: 14000 | D44: =B44*C44 -> 308000
A45: BÔNG CẢI XANH CITI | D45: =B45*C45 -> 0
A46: CÀ CHUA | B46: 1100 | C46: 14000 | D46: =B46*C46 -> 15400000
A47: CÀ CHUA BI | D47: =B47*C47 -> 0
A48: CÀ CHUA BI (HỘP) 300GR KQ | D48: =B48*C48 -> 0
A49: CÀ CHUA BI (HỘP) 300GR VR | D49: =B49*C49 -> 0
A50: CÀ CHUA BI 300GR KQ (KG) | D50: =B50*C50 -> 0
A51: CÀ CHUA BI 300GR VR (KG) | D51: =B51*C51 -> 0
A52: CÀ CHUA BI CAM SỮA (KG) VR | D52: =B52*C52 -> 0
A53: CÀ CHUA BI COOP | B53: 3 | C53: 7000 | D53: =B53*C53 -> 21000
A54: CÀ CHUA BI-NA | D54: =B54*C54 -> 0
A55: CÀ CHUA CHERRY MIX 300G | D55: =B55*C55 -> 0
A56: CÀ CHUA L1 | B56: 54 | C56: 9000 | D56: =B56*C56 -> 486000
A57: CÀ CHUA MỘC CHÂU | D57: =B57*C57 -> 0
A58: CÀ CHUA NGỌT | D58: =B58*C58 -> 0
A59: CÀ CHUA NGỌT 300GR (KG) | D59: =B59*C59 -> 0
A60: CÀ CHUA NGỌT XÁ | D60: =B60*C60 -> 0
A61: CÀ CHUA ROSEBERRY 300G | D61: =B61*C61 -> 0
A62: CÀ CHUA SÔCOLA 250GR (HỘP) VR | D62: =B62*C62 -> 0
A63: CÀ CHUA SÔCOLA 250GR (KG) -NA | D63: =B63*C63 -> 0
A64: CÀ CHUA SÔCOLA 250GR (KG) VR | D64: =B64*C64 -> 0
A65: CÀ CHUA SÔCOLA 250GR(KG) KQ | D65: =B65*C65 -> 0
A66: CÀ CHUA SÔCOLA 300GR (HỘP) VR | D66: =B66*C66 -> 0
A67: CÀ CHUA SOCOLA XÁ | D67: =B67*C67 -> 0
A68: CÀ CHUA SÔCOLA(HỘP) KQ | D68: =B68*C68 -> 0
... A70: CÀ CHUA VR | D70: =B70*C70 -> 0
A71: CÀ CHUA Ý | B71: =20+15 -> 35 | C71: 13000 | D71: =B71*C71 -> 455000
A72: CÀ CHUA Ý 500G | D72: =B72*C72 -> 0
A73: CÀ CHUA Ý CHÙM | B73: 50 | C73: 15000 | D73: =B73*C73 -> 750000
A74: CÀ CHUA Ý(VỈ) KG | B74: =13+12 -> 25 | C74: 12000 | D74: =B74*C74 -> 300000
A75: CÀ CHUA Ý(VỈ) KG KQ | D75: =B75*C75 -> 0
A76: CÀ RỐT BABY | D76: =B76*C76 -> 0
A77: CÀ RỐT BABY (KG) KQ | D77: =B77*C77 -> 0
A78: CÀ RỐT BABY 200GR | B78: 3 | C78: 6400 | D78: =B78*C78 -> 19200
A79: CÀ RỐT DL | D79: =B79*C79 -> 0
A80: CÀ RỐT DL L1 | B80: 20 | C80: 10500 | D80: =B80*C80 -> 210000
A81: CÀ RỐT DL TÚI LƯỚI 500GR VR | B81: 60 | C81: 8000 | D81: =B81*C81 -> 480000
A82: CÀ RỐT TRUNG | D82: =B82*C82 -> 0
A83: CÀ RỐT TÚI LƯỚI 800G KQ | D83: =B83*C83 -> 0
A84: CÀ TÍM | D84: =B84*C84 -> 0
A85: CÀ TÍM CẶP 400G | D85: =B85*C85 -> 0
A86: CÀ TÍM SỌC PHA LÊ 300G | D86: =B86*C86 -> 0
A87: CÀ TÍM SỌC PHA LÊ HỘP 500GR VR | D87: =B87*C87 -> 0
A88: CÀ TÍM SỌC PHA LÊ TÍM (KG) VR | D88: =B88*C88 -> 0
A89: CÀ Ý VỈ 650GR | D89: =B89*C89 -> 0
A90: CẢI CANH | D90: =B90*C90 -> 0
A91: CẢI CẦU VỒNG | D91: =B91*C91 -> 0
A92: CẢI CẦU VỒNG 300GR | D92: =B92*C92 -> 0
A93: CẢI CHÍP | D93: =B93*C93 -> 0
... A95: CẢI KALE | D95: =B95*C95 -> 0
A96: CẢI KALE 300GR | B96: 22 | C96: 3000 | D96: =B96*C96 -> 66000
A97: CẢI MÈO MỘC CHÂU | D97: =B97*C97 -> 0
A98: CẢI NGỌT | D98: =B98*C98 -> 0
A99: CẢI THẢO DL | D99: =B99*C99 -> 0
A100: CẢI THẢO DL(BẮP) | D100: =B100*C100 -> 0
A101: CẢI THẢO HỎA TIỄN | D101: =B101*C101 -> 0
A102: CẢI THẢO HỎA TIỄN 250GR | D102: =B102*C102 -> 0
...

Sheet 24.1
A1: hàng tồn cuối ngày 24/1 | B1: Stock | D1: Safety stock
A2: TÊN SẢN PHẨM | B2: TỒN TRƯỚC | C2: GIÁ NHẬP | D2: THÀNH TIỀN
A3: BẮP CẢI TÍM | B3: 6 | C3: 21000 | D3: =B3*C3 -> 126000
A4: CÀ CHUA SÔCOLA 250GR (KG) -NA | D4: =B4*C4 -> 0
A5: CÀ CHUA SÔCOLA 250GR (KG) VR | D5: =B5*C5 -> 0
A6: CÀ CHUA SÔCOLA 250GR(KG) KQ | D6: =B6*C6 -> 0
A7: CÀ CHUA SÔCOLA 300GR (HỘP) VR | D7: =B7*C7 -> 0
A8: CÀ CHUA SOCOLA XÁ | D8: =B8*C8 -> 0
A9: CÀ CHUA SÔCOLA(HỘP) KQ | D9: =B9*C9 -> 0
A10: CÀ RỐT BABY | D10: =B10*C10 -> 0
A11: CÀ RỐT BABY (KG) KQ | D11: =B11*C11 -> 0
A12: CÀ RỐT BABY 200GR | D12: =B12*C12 -> 0
A13: CẢI CẦU VỒNG | D13: =B13*C13 -> 0
A14: CẢI CẦU VỒNG 300GR | D14: =B14*C14 -> 0
A15: CẢI KALE | D15: =B15*C15 -> 0
... A22: ỚT CHUÔNG 3 MÀU(KG)VR | D22: =B22*C22 -> 0
A23: BÍ ĐỎ HỒ LÔ | B23: 15 | C23: 10000 | D23: =B23*C23 -> 150000
A24: BÍ ĐỎ TRÒN | B24: =2700+690 -> 3390 | C24: 6000 | D24: =B24*C24 -> 20340000
A25: ỚT CHUÔNG ĐỎ(TRÁI) | D25: =B25*C25 -> 0
A26: ỚT CHUÔNG 3 MÀU 350G | D26: =B26*C26 -> 0
A27: ỚT CHUÔNG 3 MÀU KQ(KG) | D27: =B27*C27 -> 0
A28: BÍ NGÒI XANH | B28: 50 | C28: 10000 | D28: =B28*C28 -> 500000
A29: BÔNG CẢI TRẮNG | B29: =18+22 -> 40 | C29: 11000 | D29: =B29*C29 -> 440000
A30: ỚT CHUÔNG VÀNG(TRÁI) | D30: =B30*C30 -> 0
A31: ỚT CHUÔNG VÀNG+ XANH (VỈ) | D31: =B31*C31 -> 0
A32: BÔNG CẢI XANH AEON | B32: 8 | C32: 23000 | D32: =B32*C32 -> 184000
A33: ỚT CHUÔNG XANH L1 | D33: =B33*C33 -> 0
A34: ỚT CHUÔNG XANH(TRÁI) | D34: =B34*C34 -> 0
A35: BÔNG CẢI XANH BIGC | B35: 40 | C35: 14000 | D35: =B35*C35 -> 560000
A36: CỦ DỀN 600G | D36: =B36*C36 -> 0
A37: GỪNG 250GR | D37: =B37*C37 -> 0
A38: HỒNG GIÒN | D38: =B38*C38 -> 0
A39: CÀ CHUA | B39: =230+120+20+20 -> 390 | C39: 8000 | D39: =B39*C39 -> 3120000
A40: CÀ CHUA BI (HỘP) 300GR VR | B40: 4 | C40: 4200 | D40: =B40*C40 -> 16800
A41: KHOAI TÂY HỒNG TÚI LƯỚI 500G | D41: =B41*C41 -> 0
A42: KHOAI TÂY VÀNG | D42: =B42*C42 -> 0
A43: CÀ CHUA BI COOP | B43: 9 | C43: 7000 | D43: =B43*C43 -> 63000
A44: KHOAI TÂY VÀNG LỚN TÚI LƯỚI 500G | D44: =B44*C44 -> 0
A45: KHOAI TÂY VÀNG RỬA | D45: =B45*C45 -> 0
A46: KHOAI TÂY VÀNG TRUNG TÚI LƯỚI 500G | D46: =B46*C46 -> 0
A47: CÀ CHUA L1 | B47: 50 | C47: 7000 | D47: =B47*C47 -> 350000
A48: CẢI THẢO DL(BẮP) | D48: =B48*C48 -> 0
A49: CẢI THẢO KIM CHI | D49: =B49*C49 -> 0
A50: CẢI THẢO VR | D50: =B50*C50 -> 0
A51: BẦU | D51: =B51*C51 -> 0
A52: BÍ ĐAO XANH | D52: =B52*C52 -> 0
A53: BÍ ĐAO XANH 400G | D53: =B53*C53 -> 0
A54: DƯA LEO | D54: =B54*C54 -> 0
A55: DƯA LEO 400G | D55: =B55*C55 -> 0
A56: KHỔ QUA | D56: =B56*C56 -> 0
A57: KHỔ QUA 400GR | D57: =B57*C57 -> 0
A58: MƯỚP HƯƠNG | D58: =B58*C58 -> 0
A59: MƯỚP HƯƠNG 300G | D59: =B59*C59 -> 0
... A66: BƠ SÁP | D66: =B66*C66 -> 0
A67: CÀ CHUA SÔCOLA 250GR (HỘP) VR | B67: 6 | C67: 6000 | D67: =B67*C67 -> 36000
A68: CÀ CHUA Ý | B68: 80 | C68: 13000 | D68: =B68*C68 -> 1040000
A69: KHOAI LANG MẬT 500G KQ | D69: =B69*C69 -> 0
A70: KHOAI LANG MẬT 500G VR | D70: =B70*C70 -> 0
A71: CÀ CHUA Ý CHÙM | B71: 40 | C71: 14000 | D71: =B71*C71 -> 560000
A72: PARO (CÂY) | D72: =B72*C72 -> 0
A73: CÀ CHUA Ý(VỈ) KG | B73: =7+5+9 -> 21 | C73: 11000 | D73: =B73*C73 -> 231000
A74: BẮP CẢI TÍM (BẮP) | D74: =B74*C74 -> 0
A75: BẮP CẢI TÍM SUSHI | D75: =B75*C75 -> 0
A76: CÀ CHUA CHERRY MIX 300G | D76: =B76*C76 -> 0
A77: TÍA TÔ 50G | D77: =B77*C77 -> 0
A78: CÀ RỐT DL L1 | B78: 25 | C78: 10500 | D78: =B78*C78 -> 262500
A79: XÀ LÁCH LOLO XANH SUSHI | D79: =B79*C79 -> 0
A80: XÀ LÁCH LOLO XANH TÚI 300GR | D80: =B80*C80 -> 0
A81: XÀ LÁCH ROMEN THUỶ CANH (KG) VR | D81: =B81*C81 -> 0
A82: CÀ RỐT DL | D82: =B82*C82 -> 0
A83: CẢI THẢO DL | B83: 65 | C83: 6000 | D83: =B83*C83 -> 390000
A84: CÀ RỐT DL TÚI LƯỚI 500GR VR | D84: =B84*C84 -> 0
A85: CÀ RỐT TRUNG | D85: =B85*C85 -> 0
A86: CÀ RỐT TÚI LƯỚI 800G KQ | D86: =B86*C86 -> 0
A87: GỪNG | D87: =B87*C87 -> 0
A88: MỒNG TƠI | D88: =B88*C88 -> 0
A89: NGÒ RÍ | D89: =B89*C89 -> 0
A90: NGÒ RÍ TÚI 50GR | D90: =B90*C90 -> 0
A91: ỚT HIỂM | D91: =B91*C91 -> 0
A92: ỚT HIỂM 100G | D92: =B92*C92 -> 0
A93: THÌ LÀ | D93: =B93*C93 -> 0
A94: THÌ LÀ TÚI 80GR | D94: =B94*C94 -> 0
A95: CHUỐI LABA | D95: =B95*C95 -> 0
A96: BÔNG BÍ TÚI 300GR | D96: =B96*C96 -> 0
A97: CỦ DỀN | B97: 90 | C97: 10000 | D97: =B97*C97 -> 900000
A98: BÔNG CẢI TRẮNG (CÂY) | D98: =B98*C98 -> 0
A99: SET RAU KÈM ỚT | D99: =B99*C99 -> 0
A100: SET RAU KHÔNG KÈM ỚT | D100: =B100*C100 -> 0
A101: ĐẬU BO | D101: =B101*C101 -> 0
A102: ĐẬU BO 250GR | D102: =B102*C102 -> 0
A103: ĐẬU CÚC | B103: 1 | C103: 70000 | D103: =B103*C103 -> 70000
A104: ĐẬU CÚC 250GR | D104: =B104*C104 -> 0
A105: ĐẬU ĐỎ | D105: =B105*C105 -> 0
A106: ĐẬU ĐỎ 250GR | D106: =B106*C106 -> 0
A107: ĐẬU HÀ LAN-FUJI | D107: =B107*C107 -> 0
A108: ĐẬU NGỰ | D108: =B108*C108 -> 0
A109: ĐẬU NGỰ 250GR | D109: =B109*C109 -> 0
A110: DAU THAP CAM (HON HOP) TUOI 100G | D110: =B110*C110 -> 0
A111: ĐẬU TRẮNG | D111: =B111*C111 -> 0
A112: ĐẬU TRẮNG 250GR | D112: =B112*C112 -> 0
...

Sheet 25.1
A1: 45316 | C1: Stock
A2: TÊN SẢN PHẨM | B2: ĐVT | C2: TỒN TRƯỚC | D2: GIÁ NHẬP | E2: THÀNH TIỀN
A4: BẮP CẢI TÍM | B4: Kg
A5: BẮP CẢI TÍM (BẮP) | B5: BẮP
A6: BẮP CẢI TÍM SUSHI | B6: Kg
A7: BẮP CẢI TRẮNG | B7: Kg | C7: 150 | D7: 6500 | E7: =+D7*C7 -> 975000
A8: BẮP CẢI TRẮNG (BẮP) | B8: BẮP
A9: BẮP CẢI TRẮNG MỘC CHÂU | B9: Kg
A10: BẮP CẢI TRẮNG SUSHI | B10: Kg
A11: BẮP MỸ | B11: Kg
A12: BẦU | B12: Kg
A13: BÍ ĐAO XANH | B13: Kg
A14: BÍ ĐAO XANH 400G | B14: TRÁI
A15: BÍ ĐỎ HỒ LÔ | B15: Kg | C15: 13 | D15: 10000 | E15: =+D15*C15 -> 130000
A16: BÍ ĐỎ MINI | B16: Kg
A17: BÍ ĐỎ NON (KG)KQ | B17: Kg
A18: BÍ ĐỎ NON TRÁI VR | B18: TRÁI
A19: BÍ ĐỎ NON( KG) VR | B19: Kg
A20: BÍ ĐỎ TRÒN | B20: Kg | C20: 2545 | D20: 6000 | E20: =+D20*C20 -> 15270000
A21: BÍ MINI VÀNG 300GR | B21: TRÁI
A22: BÍ MINI VÀNG KG | B22: Kg
A23: BÍ NGÒI VÀNG | B23: Kg
A24: BÍ NGÒI VÀNG (TRÁI) | B24: TRÁI
A25: BÍ NGÒI XANH | B25: Kg | C25: 80 | D25: 10000 | E25: =+D25*C25 -> 800000
A26: BÍ NGÒI XANH(TRÁI) | B26: TRÁI
A27: BÍ NHẬT | B27: Kg
A28: BƠ 034 | B28: Kg
A29: BƠ BOOTH | B29: Kg
A30: BƠ SÁP | B30: Kg
A31: BÓ XÔI | B31: Kg
A32: BÓ XÔI 300G VR | B32: TÚI
A33: BÓ XÔI-HN KQ | B33: Kg
A34: BÓ XÔI-NA | B34: Kg
A35: BÔNG ATISO | B35: Kg
A36: BÔNG BÍ | B36: Kg
A37: BÔNG BÍ TÚI 300GR | B37: VỈ
A38: BÔNG CẢI TRẮNG | B38: Kg | C38: 23 | D38: 11000 | E38: =+D38*C38 -> 253000
A39: BÔNG CẢI TRẮNG (CÂY) | B39: CÂY
A40: BÔNG CẢI XANH 10P | B40: Kg
A41: BÔNG CẢI XANH AEON | B41: Kg
A42: BÔNG CẢI XANH AEON (CÂY) | B42: CÂY
A43: BÔNG CẢI XANH BABY (KG) | B43: Kg
A44: BÔNG CẢI XANH BABY 200G | B44: VỈ
A45: BÔNG CẢI XANH BIGC | B45: Kg
A46: BÔNG CẢI XANH CITI | B46: Kg
A47: CÀ CHUA | B47: Kg | C47: 275 | D47: 8000 | E47: =+D47*C47 -> 2200000
A48: CÀ CHUA BI | B48: Kg
A49: CÀ CHUA BI (HỘP) 300GR KQ | B49: HỘP
A50: CÀ CHUA BI (HỘP) 300GR VR | B50: HỘP
A51: CÀ CHUA BI 300GR KQ (KG) | B51: Kg
A52: CÀ CHUA BI 300GR VR (KG) | B52: Kg
A53: CÀ CHUA BI CAM SỮA (KG) VR | B53: Kg
A54: CÀ CHUA BI COOP | B54: Kg | C54: 2 | D54: 14000 | E54: =+D54*C54 -> 28000
A55: CÀ CHUA BI-NA | B55: Kg
A56: CÀ CHUA CHERRY MIX 300G | B56: HỘP
A57: CÀ CHUA L1 | B57: TÚI
A58: CÀ CHUA MỘC CHÂU | B58: Kg
A59: CÀ CHUA NGỌT | B59: Kg
A60: CÀ CHUA NGỌT 300GR (KG) | B60: Kg
A61: CÀ CHUA NGỌT XÁ | B61: Kg
A62: CÀ CHUA ROSEBERRY 300G | B62: Kg
A63: CÀ CHUA SÔCOLA 250GR (HỘP) VR | B63: HỘP
A64: CÀ CHUA SÔCOLA 250GR (KG) -NA | B64: Kg
A65: CÀ CHUA SÔCOLA 250GR (KG) VR | B65: Kg
A66: CÀ CHUA SÔCOLA 250GR(KG) KQ | B66: Kg
... A71: CÀ CHUA VR | B71: Kg
A72: CÀ CHUA Ý | B72: Kg | C72: 180 | D72: 13000 | E72: =+D72*C72 -> 2340000
A73: CÀ CHUA Ý 500G | B73: VỈ
A74: CÀ CHUA Ý CHÙM | B74: KG
A75: CÀ CHUA Ý(VỈ) KG | B75: Kg | C75: 8 | D75: 11000 | E75: =+D75*C75 -> 88000
A76: CÀ CHUA Ý(VỈ) KG KQ | B76: Kg
A77: CÀ RỐT BABY | B77: Kg
A78: CÀ RỐT BABY (KG) KQ | B78: Kg
A79: CÀ RỐT BABY 200GR | B79: VỈ
A80: CÀ RỐT DL | B80: Kg
A81: CÀ RỐT DL L1 | B81: Kg | C81: 120 | D81: 10500 | E81: =+D81*C81 -> 1260000
A82: CÀ RỐT DL TÚI LƯỚI 500GR VR | B82: TÚI
A83: CÀ RỐT TRUNG | B83: Kg | C83: 28 | D83: 8000 | E83: =+D83*C83 -> 224000
A84: CÀ RỐT TÚI LƯỚI 800G KQ | B84: TÚI
A85: CÀ TÍM | B85: Kg
A86: CÀ TÍM CẶP 400G | B86: CẶP
A87: CÀ TÍM SỌC PHA LÊ 300G | B87: HỘP
A88: CÀ TÍM SỌC PHA LÊ HỘP 500GR VR | B88: HỘP
A89: CÀ TÍM SỌC PHA LÊ TÍM (KG) VR | B89: Kg
A90: CÀ Ý VỈ 650GR | B90: VỈ
A91: CẢI CANH | B91: Kg
A92: CẢI CẦU VỒNG | B92: Kg
A93: CẢI CẦU VỒNG 300GR | B93: TÚI
A94: CẢI CHÍP | B94: Kg
A95: CẢI CÚC 500GR | B95: TÚI
... A118: CHẬU CÂY CẦN TÂY | B118: CHẬU
A119: CHUỐI LABA | B119: Kg | C119: 10 | D119: 10000 | E119: =+D119*C119 -> 100000
A120: CỦ CẢI ĐỎ 300GR (KG) VR | B120: Kg
A121: CỦ CẢI ĐỎ HỘP 300GR | B121: HỘP
A122: CỦ CẢI ĐỎ(HỘP) | B122: HỘP
A123: CỦ CẢI ĐỎ(KG) KQ | B123: Kg
A124: CỦ CẢI ĐỎ(KG) VR | B124: Kg
A125: CỦ CẢI HÀN QUỐC | B125: Kg
A126: CỦ CẢI MUỐI (VỈ) 250G KQ | B126: VỈ
A127: CỦ CẢI MUỐI(KG) | B127: Kg
...

Sheet 26.1
A1: 45317 | C1: Stock
A2: TÊN SẢN PHẨM | B2: ĐVT | C2: TỒN TRƯỚC | D2: GIÁ NHẬP | E2: THÀNH TIỀN
A4: CÀ CHUA SÔCOLA 250GR (HỘP) VR | B4: HỘP
A5: CÀ CHUA SÔCOLA 250GR (KG) -NA | B5: Kg
A6: BẮP CẢI TÍM | B6: Kg | C6: 3 | D6: 21000 | E6: =+D6*C6 -> 63000
A7: CÀ CHUA SÔCOLA 250GR(KG) KQ | B7: Kg
A8: CÀ CHUA SÔCOLA 300GR (HỘP) VR | B8: HỘP
A9: CÀ CHUA SOCOLA XÁ | B9: Kg
A10: CÀ CHUA SÔCOLA(HỘP) KQ | B10: HỘP
A11: CÀ RỐT BABY | B11: Kg
A12: CÀ RỐT BABY (KG) KQ | B12: Kg
A13: CÀ RỐT BABY 200GR | B13: VỈ
A14: CẢI CẦU VỒNG | B14: Kg
A15: BẮP CẢI TRẮNG | B15: Kg | C15: 119 | D15: 6500 | E15: =+D15*C15 -> 773500
A16: CẢI KALE | B16: Kg
A17: BÍ ĐỎ HỒ LÔ | B17: Kg | C17: 20 | D17: 10000 | E17: =+D17*C17 -> 200000
A18: CHANH VÀNG (KG) | B18: Kg
A19: CHANH VÀNG TRÁI 180UP | B19: TRÁI
A20: CẦN TÂY (KG) | B20: Kg
A21: CẦN TÂY THUỶ CANH | B21: Kg
A22: CẦN TÂY(CÂY) | B22: CÂY
A23: ỚT CHUÔNG 3 MÀU(KG)VR | B23: VỈ
A24: BÍ ĐỎ TRÒN | B24: Kg | C24: 1881 | D24: 6000 | E24: =+D24*C24 -> 11286000
A25: ỚT CHUÔNG ĐỎ L1 | B25: Kg
A26: ỚT CHUÔNG ĐỎ(TRÁI) | B26: TRÁI
A27: BÍ NGÒI XANH | B27: Kg | C27: 70 | D27: 10000 | E27: =+D27*C27 -> 700000
A28: ỚT CHUÔNG 3 MÀU KQ(KG) | B28: Kg
A29: BÔNG CẢI TRẮNG | B29: Kg | C29: 20 | D29: 11000 | E29: =+D29*C29 -> 220000
A30: ỚT CHUÔNG VÀNG L1 | B30: Kg
A31: ỚT CHUÔNG VÀNG(TRÁI) | B31: TRÁI
A32: ỚT CHUÔNG VÀNG+ XANH (VỈ) | B32: VỈ
A33: BÔNG CẢI XANH 10P | B33: Kg | C33: 22 | D33: 17000 | E33: =+D33*C33 -> 374000
A34: ỚT CHUÔNG XANH L1 | B34: Kg
A35: ỚT CHUÔNG XANH(TRÁI) | B35: TRÁI
A36: BÔNG CẢI XANH BIGC | B36: Kg | C36: 18 | D36: 14000 | E36: =+D36*C36 -> 252000
A37: CỦ DỀN 600G | B37: TÚI
A38: GỪNG 250GR | B38: Kg
A39: HỒNG GIÒN | B39: Kg
A40: XÀ LÁCH MỸ | B40: Kg
A41: CÀ CHUA | B41: Kg | C41: 760 | D41: 8000 | E41: =+D41*C41 -> 6080000
A42: KHOAI TÂY HỒNG TÚI LƯỚI 500G | B42: TÚI
A43: KHOAI TÂY VÀNG | B43: Kg
A44: CÀ CHUA BI (HỘP) 300GR VR | B44: HỘP | C44: 10 | D44: 4200 | E44: =+D44*C44 -> 42000
A45: KHOAI TÂY VÀNG LỚN TÚI LƯỚI 500G | B45: TÚI
A46: KHOAI TÂY VÀNG RỬA | B46: Kg
A47: KHOAI TÂY VÀNG TRUNG TÚI LƯỚI 500G | B47: TÚI
A48: CẢI THẢO DL | B48: Kg
A49: CẢI THẢO DL(BẮP) | B49: BẮP
A50: CẢI THẢO KIM CHI | B50: Kg
A51: CẢI THẢO VR | B51: Kg
A52: BẦU | B52: Kg
A53: BÍ ĐAO XANH | B53: Kg
A54: BÍ ĐAO XANH 400G | B54: TRÁI
A55: DƯA LEO | B55: Kg
A56: CÀ CHUA BI COOP | B56: Kg | C56: 8 | D56: 14000 | E56: =+D56*C56 -> 112000
A57: KHỔ QUA | B57: Kg
A58: KHỔ QUA 400GR | B58: VỈ
A59: MƯỚP HƯƠNG | B59: Kg
A60: MƯỚP HƯƠNG 300G | B60: TRÁI
A61: BÍ MINI VÀNG 300GR | B61: TRÁI
A62: BÍ MINI VÀNG KG | B62: Kg
A63: DƯA LEO GIỐNG NHẬT 600GR | B63: TÚI
A64: DƯA LEO GIỐNG NHẬT KG | B64: Kg
A65: BƠ 034 | B65: Kg
A66: BƠ BOOTH | B66: Kg
A67: BƠ SÁP | B67: Kg
A68: CÀ CHUA L1 | B68: TÚI | C68: 190 | D68: 9000 | E68: =+D68*C68 -> 1710000
A69: CÀ CHUA SÔCOLA 250GR (KG) VR | B69: Kg | C69: 10 | D69: 6500 | E69: =+D69*C69 -> 65000
A70: KHOAI LANG MẬT 500G KQ | B70: TÚI
A71: KHOAI LANG MẬT 500G VR | B71: TÚI
A72: PARO | B72: Kg
A73: PARO (CÂY) | B73: CÂY
A74: CÀ CHUA Ý | B74: Kg | C74: 130 | D74: 13000 | E74: =+D74*C74 -> 1690000
A75: BẮP CẢI TÍM (BẮP) | B75: BẮP
A76: BẮP CẢI TÍM SUSHI | B76: Kg
A77: CÀ CHUA CHERRY MIX 300G | B77: HỘP
A78: TÍA TÔ 50G | B78: TÚI
A79: XÀ LÁCH LOLO XANH | B79: Kg
A80: CÀ CHUA Ý CHÙM | B80: KG | C80: 70 | D80: 14000 | E80: =+D80*C80 -> 980000
A81: XÀ LÁCH LOLO XANH TÚI 300GR | B81: TÚI
A82: XÀ LÁCH ROMEN THUỶ CANH (KG) VR | B82: Kg
A83: CÀ RỐT DL | B83: Kg
A84: CÀ CHUA Ý(VỈ) KG | B84: Kg | C84: 46 | D84: 11000 | E84: =+D84*C84 -> 506000
A85: CÀ RỐT DL TÚI LƯỚI 500GR VR | B85: TÚI
A86: CÀ RỐT TRUNG | B86: Kg
A87: CÀ RỐT TÚI LƯỚI 800G KQ | B87: TÚI
A88: GỪNG | B88: Kg
A89: MỒNG TƠI | B89: Kg
A90: NGÒ RÍ | B90: Kg
A91: NGÒ RÍ TÚI 50GR | B91: TÚI
A92: ỚT HIỂM | B92: Kg
A93: ỚT HIỂM 100G | B93: Kg
A94: CÀ RỐT DL L1 | B94: Kg | C94: 22 | D94: 10500 | E94: =+D94*C94 -> 231000
A95: THÌ LÀ TÚI 80GR | B95: TÚI
A96: CHUỐI LABA | B96: Kg
A97: BÔNG BÍ TÚI 300GR | B97: VỈ
A98: CÀ TÍM | B98: Kg | C98: 13 | D98: 7000 | E98: =+D98*C98 -> 91000
A99: BÔNG CẢI TRẮNG (CÂY) | B99: CÂY
A100: SET RAU KÈM ỚT | B100: VỈ
A101: SET RAU KHÔNG KÈM ỚT | B101: VỈ
...

Sheet 27.1
A1: 27/1 | C1: Stock
A2: TÊN SẢN PHẨM | B2: ĐVT | C2: TỒN TRƯỚC | D2: GIÁ NHẬP | E2: THÀNH TIỀN
A4: BẮP CẢI TÍM | B4: Kg | C4: 11 | D4: 21000 | E4: =+D4*C4 -> 231000
A5: BẮP CẢI TÍM (BẮP) | B5: BẮP | D5: 0
A6: BẮP CẢI TÍM SUSHI | B6: Kg | D6: 0
A7: BẮP CẢI TRẮNG | B7: Kg | C7: 168 | D7: 6500 | E7: =+D7*C7 -> 1092000
A8: BẮP CẢI TRẮNG (BẮP) | B8: BẮP | D8: 0
A9: BẮP CẢI TRẮNG MỘC CHÂU | B9: Kg | D9: 0
A10: BẮP CẢI TRẮNG SUSHI | B10: Kg | D10: 0
A11: BẮP MỸ | B11: Kg | D11: 0
A12: BẦU | B12: Kg | D12: 0
A13: BÍ ĐAO XANH | B13: Kg | D13: 0
A14: BÍ ĐAO XANH 400G | B14: TRÁI | D14: 0
A15: BÍ ĐỎ HỒ LÔ | B15: Kg | C15: 22 | D15: 10000 | E15: =+D15*C15 -> 220000
A16: BÍ ĐỎ MINI | B16: Kg | D16: 0
A17: BÍ ĐỎ NON (KG)KQ | B17: Kg | D17: 0
A18: BÍ ĐỎ NON TRÁI VR | B18: TRÁI | C18: 31 | D18: 3300 | E18: =+D18*C18 -> 102300
A19: BÍ ĐỎ NON( KG) VR | B19: Kg | D19: 0
A20: BÍ ĐỎ TRÒN | B20: Kg | C20: 1016 | D20: 6000 | E20: =+D20*C20 -> 6096000
A21: BÍ MINI VÀNG 300GR | B21: TRÁI | D21: 0
A22: BÍ MINI VÀNG KG | B22: Kg | D22: 0
A23: BÍ NGÒI VÀNG | B23: Kg | D23: 0
A24: BÍ NGÒI VÀNG (TRÁI) | B24: TRÁI | D24: 0
A25: BÍ NGÒI XANH | B25: Kg | C25: 227 | D25: 10000 | E25: =+D25*C25 -> 2270000
A26: BÍ NGÒI XANH(TRÁI) | B26: TRÁI | D26: 0
A27: BÍ NHẬT | B27: Kg | D27: 0
A28: BƠ 034 | B28: Kg | D28: 0
A29: BƠ BOOTH | B29: Kg | D29: 0
A30: BƠ SÁP | B30: Kg | D30: 0
A31: BÓ XÔI | B31: Kg | D31: 0
A32: BÓ XÔI 300G VR | B32: TÚI | D32: 0
A33: BÓ XÔI-HN KQ | B33: Kg | D33: 0
A34: BÓ XÔI-NA | B34: Kg | D34: 0
A35: BÔNG ATISO | B35: Kg | D35: 0
A36: BÔNG BÍ | B36: Kg | D36: 0
A37: BÔNG BÍ TÚI 300GR | B37: VỈ | D37: 0
A38: BÔNG CẢI TRẮNG | B38: Kg | C38: 27 | D38: 11000 | E38: =+D38*C38 -> 297000
A39: BÔNG CẢI TRẮNG (CÂY) | B39: CÂY | D39: 0
A40: BÔNG CẢI XANH 10P | B40: Kg | D40: 0
A41: BÔNG CẢI XANH AEON | B41: Kg | D41: 0
A42: BÔNG CẢI XANH AEON (CÂY) | B42: CÂY | D42: 0
A43: BÔNG CẢI XANH BABY (KG) | B43: Kg | D43: 0
A44: BÔNG CẢI XANH BABY 200G | B44: VỈ | C44: 8 | D44: 5600 | E44: =+D44*C44 -> 44800
A45: BÔNG CẢI XANH BIGC | B45: Kg | D45: 0
A46: BÔNG CẢI XANH CITI | B46: Kg | D46: 0
A47: CÀ CHUA | B47: Kg | C47: 830 | D47: 7500 | E47: =+D47*C47 -> 6225000
A48: CÀ CHUA BI | B48: Kg | D48: 0
A49: CÀ CHUA BI (HỘP) 300GR KQ | B49: HỘP | D49: 0
A50: CÀ CHUA BI (HỘP) 300GR VR | B50: HỘP | C50: 9 | D50: 4200 | E50: =+D50*C50 -> 37800
A51: CÀ CHUA BI 300GR KQ (KG) | B51: Kg | D51: 0
A52: CÀ CHUA BI 300GR VR (KG) | B52: Kg | D52: 0
A53: CÀ CHUA BI CAM SỮA (KG) VR | B53: Kg | D53: 0
A54: CÀ CHUA BI COOP | B54: Kg | C54: 9 | D54: 14000 | E54: =+D54*C54 -> 126000
A55: CÀ CHUA BI-NA | B55: Kg | D55: 0
A56: CÀ CHUA CHERRY MIX 300G | B56: HỘP | D56: 0
A57: CÀ CHUA L1 | B57: TÚI | C57: 80 | D57: 9000 | E57: =+D57*C57 -> 720000
A58: CÀ CHUA MỘC CHÂU | B58: Kg | D58: 0
A59: CÀ CHUA NGỌT | B59: Kg | D59: 0
A60: CÀ CHUA NGỌT 300GR (KG) | B60: Kg | D60: 0
A61: CÀ CHUA NGỌT XÁ | B61: Kg | D61: 0
A62: CÀ CHUA ROSEBERRY 300G | B62: Kg | D62: 0
A63: CÀ CHUA SÔCOLA 250GR (HỘP) VR | B63: HỘP | C63: 63 | D63: 6500 | E63: =+D63*C63 -> 409500
A64: CÀ CHUA SÔCOLA 250GR (KG) -NA | B64: Kg | D64: 0
A65: CÀ CHUA SÔCOLA 250GR (KG) VR | B65: Kg | D65: 6500
A66: CÀ CHUA SÔCOLA 250GR(KG) KQ | B66: Kg | D66: 0
A67: CÀ CHUA SÔCOLA 300GR (HỘP) VR | B67: HỘP | D67: 0
A68: CÀ CHUA SOCOLA XÁ | B68: Kg | D68: 0
A69: CÀ CHUA SÔCOLA(HỘP) KQ | B69: HỘP | D69: 0
A70: CÀ CHUA VỈ 400GR | B70: VỈ | C70: 125 | D70: 3150 | E70: =+D70*C70 -> 393750
A71: CÀ CHUA VR | B71: Kg | D71: 0
A72: CÀ CHUA Ý | B72: Kg | C72: 180 | D72: 13000 | E72: =+D72*C72 -> 2340000
A73: CÀ CHUA Ý 500G | B73: VỈ | D73: 0
A74: CÀ CHUA Ý CHÙM | B74: KG | D74: 14000
A75: CÀ CHUA Ý(VỈ) KG | B75: Kg | D75: 11000
A76: CÀ CHUA Ý(VỈ) KG KQ | B76: Kg | D76: 0
A77: CÀ RỐT BABY | B77: Kg | D77: 0
A78: CÀ RỐT BABY (KG) KQ | B78: Kg | D78: 0
A79: CÀ RỐT BABY 200GR | B79: VỈ | D79: 0
A80: CÀ RỐT DL | B80: Kg | D80: 0
A81: CÀ RỐT DL L1 | B81: Kg | C81: 171 | D81: 10500 | E81: =+D81*C81 -> 1795500
A82: CÀ RỐT DL TÚI LƯỚI 500GR VR | B82: TÚI | D82: 0
A83: CÀ RỐT TRUNG | B83: Kg | D83: 0
A84: CÀ RỐT TÚI LƯỚI 800G KQ | B84: TÚI | D84: 0
A85: CÀ TÍM | B85: Kg | D85: 7000
A86: CÀ TÍM CẶP 400G | B86: CẶP | D86: 0
A87: CÀ TÍM SỌC PHA LÊ 300G | B87: HỘP | D87: 0
A88: CÀ TÍM SỌC PHA LÊ HỘP 500GR VR | B88: HỘP | D88: 0
A89: CÀ TÍM SỌC PHA LÊ TÍM (KG) VR | B89: Kg | D89: 0
A90: CÀ Ý VỈ 650GR | B90: VỈ | D90: 0
A91: CẢI CANH | B91: Kg | D91: 0
A92: CẢI CẦU VỒNG | B92: Kg | D92: 0
A93: CẢI CẦU VỒNG 300GR | B93: TÚI | C93: 2 | D93: 4800 | E93: =+D93*C93 -> 9600
A94: CẢI CHÍP | B94: Kg | D94: 0
A95: CẢI CÚC 500GR | B95: TÚI | D95: 0
A96: CẢI KALE | B96: Kg | D96: 0
A97: CẢI KALE 300GR | B97: TÚI | C97: 30 | D97: 3000 | E97: =+D97*C97 -> 90000
A98: CẢI MÈO MỘC CHÂU | B98: Kg | D98: 0
A99: CẢI NGỌT | B99: Kg | D99: 0
A100: CẢI THẢO DL | B100: Kg | D100: 0
A101: CẢI THẢO DL(BẮP) | B101: BẮP | D101: 0
...

Sheet 28.1
A1: 45319 | C1: Stock
A2: TÊN SẢN PHẨM | B2: ĐVT | C2: TỒN TRƯỚC | D2: GIÁ NHẬP | E2: THÀNH TIỀN
A4: BẮP CẢI TÍM | B4: Kg | C4: 15 | D4: 21000 | E4: =+D4*C4 -> 315000
A5: BẮP CẢI TÍM (BẮP) | B5: BẮP | D5: 0
A6: BẮP CẢI TÍM SUSHI | B6: Kg | D6: 0
A7: BẮP CẢI TRẮNG | B7: Kg | C7: 45 | D7: 6500 | E7: =+D7*C7 -> 292500
A8: BẮP CẢI TRẮNG (BẮP) | B8: BẮP | D8: 0
A9: BẮP CẢI TRẮNG MỘC CHÂU | B9: Kg | D9: 0
A10: BẮP CẢI TRẮNG SUSHI | B10: Kg | D10: 0
A11: BẮP MỸ | B11: Kg | D11: 0
A12: BẦU | B12: Kg | D12: 0
A13: BÍ ĐAO XANH | B13: Kg | D13: 0
A14: BÍ ĐAO XANH 400G | B14: TRÁI | D14: 0
A15: BÍ ĐỎ HỒ LÔ | B15: Kg | C15: 13 | D15: 10000 | E15: =+D15*C15 -> 130000
A16: BÍ ĐỎ MINI | B16: Kg | D16: 0
A17: BÍ ĐỎ NON (KG)KQ | B17: Kg | D17: 0
A18: BÍ ĐỎ NON TRÁI VR | B18: TRÁI | C18: 23 | D18: 3300 | E18: =+D18*C18 -> 75900
A19: BÍ ĐỎ NON( KG) VR | B19: Kg | D19: 0
A20: BÍ ĐỎ TRÒN | B20: Kg | C20: 340 | D20: 6000 | E20: =+D20*C20 -> 2040000
A21: BÍ MINI VÀNG 300GR | B21: TRÁI | D21: 0
A22: BÍ MINI VÀNG KG | B22: Kg | D22: 0
A23: BÍ NGÒI VÀNG | B23: Kg | D23: 0
A24: BÍ NGÒI VÀNG (TRÁI) | B24: TRÁI | D24: 0
A25: BÍ NGÒI XANH | B25: Kg | C25: 136 | D25: 10000 | E25: =+D25*C25 -> 1360000
A26: BÍ NGÒI XANH(TRÁI) | B26: TRÁI | D26: 0
A27: BÍ NHẬT | B27: Kg | D27: 0
A28: BƠ 034 | B28: Kg | D28: 0
A29: BƠ BOOTH | B29: Kg | D29: 0
A30: BƠ SÁP | B30: Kg | D30: 0
A31: BÓ XÔI | B31: Kg | D31: 0
A32: BÓ XÔI 300G VR | B32: TÚI | C32: 10 | D32: 4500 | E32: =+D32*C32 -> 45000
A33: BÓ XÔI-HN KQ | B33: Kg | D33: 0
A34: BÓ XÔI-NA | B34: Kg | D34: 0
A35: BÔNG ATISO | B35: Kg | D35: 0
A36: BÔNG BÍ | B36: Kg | D36: 0
A37: BÔNG BÍ TÚI 300GR | B37: VỈ | D37: 0
A38: BÔNG CẢI TRẮNG | B38: Kg | D38: 11000
A39: BÔNG CẢI TRẮNG (CÂY) | B39: CÂY | D39: 0
A40: BÔNG CẢI XANH 10P | B40: Kg | C40: 18 | D40: 17000 | E40: =+D40*C40 -> 306000
A41: BÔNG CẢI XANH AEON | B41: Kg | D41: 0
A42: BÔNG CẢI XANH AEON (CÂY) | B42: CÂY | D42: 0
A43: BÔNG CẢI XANH BABY (KG) | B43: Kg | D43: 0
A44: BÔNG CẢI XANH BABY 200G | B44: VỈ | D44: 5600
A45: BÔNG CẢI XANH BIGC | B45: Kg | D45: 0
A46: BÔNG CẢI XANH CITI | B46: Kg | D46: 0
A47: CÀ CHUA | B47: Kg | C47: 430 | D47: 7500 | E47: =+D47*C47 -> 3225000
A48: CÀ CHUA BI | B48: Kg | D48: 0
A49: CÀ CHUA BI (HỘP) 300GR KQ | B49: HỘP | D49: 0
A50: CÀ CHUA BI (HỘP) 300GR VR | B50: HỘP | D50: 4200
A51: CÀ CHUA BI 300GR KQ (KG) | B51: Kg | D51: 0
A52: CÀ CHUA BI 300GR VR (KG) | B52: Kg | D52: 0
A53: CÀ CHUA BI CAM SỮA (KG) VR | B53: Kg | D53: 0
A54: CÀ CHUA BI COOP | B54: Kg | C54: 5 | D54: 14000 | E54: =+D54*C54 -> 70000
A55: CÀ CHUA BI-NA | B55: Kg | D55: 0
A56: CÀ CHUA CHERRY MIX 300G | B56: HỘP | D56: 0
A57: CÀ CHUA L1 | B57: TÚI | C57: 65 | D57: 9000 | E57: =+D57*C57 -> 585000
A58: CÀ CHUA MỘC CHÂU | B58: Kg | D58: 0
A59: CÀ CHUA NGỌT | B59: Kg | D59: 0
A60: CÀ CHUA NGỌT 300GR (KG) | B60: Kg | D60: 0
A61: CÀ CHUA NGỌT XÁ | B61: Kg | D61: 0
A62: CÀ CHUA ROSEBERRY 300G | B62: Kg | D62: 0
A63: CÀ CHUA SÔCOLA 250GR (HỘP) VR | B63: HỘP | C63: 30 | D63: 6500 | E63: =+D63*C63 -> 195000
A64: CÀ CHUA SÔCOLA 250GR (KG) -NA | B64: Kg | D64: 0
A65: CÀ CHUA SÔCOLA 250GR (KG) VR | B65: Kg | D65: 6500
A66: CÀ CHUA SÔCOLA 250GR(KG) KQ | B66: Kg | D66: 0
A67: CÀ CHUA SÔCOLA 300GR (HỘP) VR | B67: HỘP | D67: 0
A68: CÀ CHUA SOCOLA XÁ | B68: Kg | D68: 0
A69: CÀ CHUA SÔCOLA(HỘP) KQ | B69: HỘP | D69: 0
A70: CÀ CHUA VỈ 400GR | B70: VỈ | D70: 3150
A71: CÀ CHUA VR | B71: Kg | D71: 0
A72: CÀ CHUA Ý | B72: Kg | C72: 207 | D72: 13000 | E72: =+D72*C72 -> 2691000
A73: CÀ CHUA Ý 500G | B73: VỈ | D73: 0
A74: CÀ CHUA Ý CHÙM | B74: KG | D74: 14000
A75: CÀ CHUA Ý(VỈ) KG | B75: Kg | D75: 11000
A76: CÀ CHUA Ý(VỈ) KG KQ | B76: Kg | D76: 0
A77: CÀ RỐT BABY | B77: Kg | D77: 0
A78: CÀ RỐT BABY (KG) KQ | B78: Kg | D78: 0
A79: CÀ RỐT BABY 200GR | B79: VỈ | C79: 90 | D79: 5000 | E79: =+D79*C79 -> 450000
A80: CÀ RỐT DL | B80: Kg | D80: 0
A81: CÀ RỐT DL L1 | B81: Kg | C81: 82 | D81: 10500 | E81: =+D81*C81 -> 861000
A82: CÀ RỐT DL TÚI LƯỚI 500GR VR | B82: TÚI | D82: 0
A83: CÀ RỐT TRUNG | B83: Kg | D83: 0
A84: CÀ RỐT TÚI LƯỚI 800G KQ | B84: TÚI | D84: 0
A85: CÀ TÍM | B85: Kg | D85: 7000
A86: CÀ TÍM CẶP 400G | B86: CẶP | D86: 0
A87: CÀ TÍM SỌC PHA LÊ 300G | B87: HỘP | D87: 0
A88: CÀ TÍM SỌC PHA LÊ HỘP 500GR VR | B88: HỘP | D88: 0
A89: CÀ TÍM SỌC PHA LÊ TÍM (KG) VR | B89: Kg | D89: 0
A90: CÀ Ý VỈ 650GR | B90: VỈ | D90: 0
A91: CẢI CANH | B91: Kg | D91: 0
A92: CẢI CẦU VỒNG | B92: Kg | D92: 0
A93: CẢI CẦU VỒNG 300GR | B93: TÚI | D93: 4800
... A96: CẢI KALE | B96: Kg | D96: 0
A97: CẢI KALE 300GR | B97: TÚI | C97: 25 | D97: 3000 | E97: =+D97*C97 -> 75000
A98: CẢI MÈO MỘC CHÂU | B98: Kg | D98: 0
A99: CẢI NGỌT | B99: Kg | D99: 0
A100: CẢI THẢO DL | B100: Kg | D100: 0
A101: CẢI THẢO DL(BẮP) | B101: BẮP | D101: 0
A102: CẢI THẢO HỎA TIỄN | B102: Kg | C102: 2 | D102: 15000 | E102: =+D102*C102 -> 30000
A103: CẢI THẢO HỎA TIỄN 250GR | B103: BẮP | D103: 0
...

Sheet 29.1
A1: hàng tồn cuối ngày 29/1
A2: TÊN SẢN PHẨM | B2: TỒN TRƯỚC | C2: GIÁ NHẬP | D2: THÀNH TIỀN
A3: BẮP CẢI TÍM | D3: =B3*C3 -> 0
A4: BẮP CẢI TÍM (BẮP) | D4: =B4*C4 -> 0
A5: BẮP CẢI TÍM SUSHI | D5: =B5*C5 -> 0
A6: BẮP CẢI TRẮNG | B6: 92 | C6: 6500 | D6: =B6*C6 -> 598000
A7: BẮP CẢI TRẮNG (BẮP) | D7: =B7*C7 -> 0
A8: BẮP CẢI TRẮNG MỘC CHÂU | D8: =B8*C8 -> 0
A9: BẮP CẢI TRẮNG SUSHI | D9: =B9*C9 -> 0
A10: BẮP MỸ | D10: =B10*C10 -> 0
A11: BẦU | D11: =B11*C11 -> 0
A12: BÍ ĐAO XANH | D12: =B12*C12 -> 0
A13: BÍ ĐAO XANH 400G | D13: =B13*C13 -> 0
A14: BÍ ĐỎ HỒ LÔ | D14: =B14*C14 -> 0
A15: BÍ ĐỎ MINI | D15: =B15*C15 -> 0
A16: BÍ ĐỎ NON (KG)KQ | D16: =B16*C16 -> 0
A17: BÍ ĐỎ NON TRÁI VR | B17: 10 | C17: 4000 | D17: =B17*C17 -> 40000
A18: BÍ ĐỎ NON( KG) VR | D18: =B18*C18 -> 0
A19: BÍ ĐỎ TRÒN | B19: =2130+720 -> 2850 | C19: 6000 | D19: =B19*C19 -> 17100000
A20: BÍ MINI VÀNG 300GR | D20: =B20*C20 -> 0
A21: BÍ MINI VÀNG KG | D21: =B21*C21 -> 0
A22: BÍ NGÒI VÀNG | D22: =B22*C22 -> 0
A23: BÍ NGÒI VÀNG (TRÁI) | D23: =B23*C23 -> 0
A24: BÍ NGÒI XANH | B24: =45+55+68 -> 168 | C24: 10000 | D24: =B24*C24 -> 1680000
A25: BÍ NGÒI XANH(TRÁI) | D25: =B25*C25 -> 0
A26: BÍ NHẬT | D26: =B26*C26 -> 0
A27: BƠ 034 | D27: =B27*C27 -> 0
A28: BƠ BOOTH | D28: =B28*C28 -> 0
A29: BƠ SÁP | D29: =B29*C29 -> 0
A30: BÓ XÔI | D30: =B30*C30 -> 0
A31: BÓ XÔI 300G VR | D31: =B31*C31 -> 0
A32: BÓ XÔI-HN KQ | D32: =B32*C32 -> 0
A33: BÓ XÔI-NA | D33: =B33*C33 -> 0
A34: BÔNG ATISO | D34: =B34*C34 -> 0
A35: BÔNG BÍ | D35: =B35*C35 -> 0
A36: BÔNG BÍ TÚI 300GR | B36: 1 | C36: 13000 | D36: =B36*C36 -> 13000
A37: BÔNG CẢI TRẮNG | B37: 7 | C37: 11000 | D37: =B37*C37 -> 77000
A38: BÔNG CẢI TRẮNG (CÂY) | D38: =B38*C38 -> 0
A39: BÔNG CẢI XANH 10P | B39: 13 | C39: 17000 | D39: =B39*C39 -> 221000
A40: BÔNG CẢI XANH AEON | B40: 6 | C40: 23000 | D40: =B40*C40 -> 138000
A41: BÔNG CẢI XANH AEON (CÂY) | D41: =B41*C41 -> 0
A42: BÔNG CẢI XANH BABY (KG) | D42: =B42*C42 -> 0
A43: BÔNG CẢI XANH BABY 200G | B43: 3 | C43: 5600 | D43: =B43*C43 -> 16800
A44: BÔNG CẢI XANH BIGC | B44: 34 | C44: 14000 | D44: =B44*C44 -> 476000
A45: BÔNG CẢI XANH CITI | D45: =B45*C45 -> 0
A46: CÀ CHUA | B46: =170+120+660+250 -> 1200 | C46: 14000 | D46: =B46*C46 -> 16800000
A47: CÀ CHUA BI | D47: =B47*C47 -> 0
A48: CÀ CHUA BI (HỘP) 300GR KQ | D48: =B48*C48 -> 0
A49: CÀ CHUA BI (HỘP) 300GR VR | D49: =B49*C49 -> 0
A50: CÀ CHUA BI 300GR KQ (KG) | D50: =B50*C50 -> 0
A51: CÀ CHUA BI 300GR VR (KG) | D51: =B51*C51 -> 0
A52: CÀ CHUA BI CAM SỮA (KG) VR | D52: =B52*C52 -> 0
A53: CÀ CHUA BI COOP | D53: =B53*C53 -> 0
A54: CÀ CHUA BI-NA | D54: =B54*C54 -> 0
A55: CÀ CHUA CHERRY MIX 300G | D55: =B55*C55 -> 0
A56: CÀ CHUA L1 | B56: =25+300+20+20+20 -> 385 | C56: 9000 | D56: =B56*C56 -> 3465000
A57: CÀ CHUA MỘC CHÂU | D57: =B57*C57 -> 0
A58: CÀ CHUA NGỌT | D58: =B58*C58 -> 0
A59: CÀ CHUA NGỌT 300GR (KG) | D59: =B59*C59 -> 0
A60: CÀ CHUA NGỌT XÁ | D60: =B60*C60 -> 0
A61: CÀ CHUA ROSEBERRY 300G | D61: =B61*C61 -> 0
A62: CÀ CHUA SÔCOLA 250GR (HỘP) VR | D62: =B62*C62 -> 0
A63: CÀ CHUA SÔCOLA 250GR (KG) -NA | D63: =B63*C63 -> 0
A64: CÀ CHUA SÔCOLA 250GR (KG) VR | D64: =B64*C64 -> 0
A65: CÀ CHUA SÔCOLA 250GR(KG) KQ | D65: =B65*C65 -> 0
A66: CÀ CHUA SÔCOLA 300GR (HỘP) VR | D66: =B66*C66 -> 0
A67: CÀ CHUA SOCOLA XÁ | D67: =B67*C67 -> 0
A68: CÀ CHUA SÔCOLA(HỘP) KQ | D68: =B68*C68 -> 0
... A70: CÀ CHUA VR | D70: =B70*C70 -> 0
A71: CÀ CHUA Ý | B71: =30+32+10+40 -> 112 | C71: 13000 | D71: =B71*C71 -> 1456000
A72: CÀ CHUA Ý 500G | D72: =B72*C72 -> 0
A73: CÀ CHUA Ý CHÙM | B73: 60 | C73: 15000 | D73: =B73*C73 -> 900000
A74: CÀ CHUA Ý(VỈ) KG | D74: =B74*C74 -> 0
A75: CÀ CHUA Ý(VỈ) KG KQ | D75: =B75*C75 -> 0
A76: CÀ RỐT BABY | D76: =B76*C76 -> 0
A77: CÀ RỐT BABY (KG) KQ | D77: =B77*C77 -> 0
A78: CÀ RỐT BABY 200GR | B78: 60 | C78: 5000 | D78: =B78*C78 -> 300000
A79: CÀ RỐT DL | D79: =B79*C79 -> 0
A80: CÀ RỐT DL L1 | B80: =72+42+7 -> 121 | C80: 10500 | D80: =B80*C80 -> 1270500
A81: CÀ RỐT DL TÚI LƯỚI 500GR VR | D81: =B81*C81 -> 0
A82: CÀ RỐT TRUNG | D82: =B82*C82 -> 0
A83: CÀ RỐT TÚI LƯỚI 800G KQ | D83: =B83*C83 -> 0
A84: CÀ TÍM | D84: =B84*C84 -> 0
A85: CÀ TÍM CẶP 400G | D85: =B85*C85 -> 0
A86: CÀ TÍM SỌC PHA LÊ 300G | D86: =B86*C86 -> 0
A87: CÀ TÍM SỌC PHA LÊ HỘP 500GR VR | D87: =B87*C87 -> 0
A88: CÀ TÍM SỌC PHA LÊ TÍM (KG) VR | D88: =B88*C88 -> 0
A89: CÀ Ý VỈ 650GR | D89: =B89*C89 -> 0
A90: CẢI CANH | D90: =B90*C90 -> 0
A91: CẢI CẦU VỒNG | D91: =B91*C91 -> 0
A92: CẢI CẦU VỒNG 300GR | D92: =B92*C92 -> 0
... A100: CẢI THẢO DL(BẮP) | D100: =B100*C100 -> 0
A101: CẢI THẢO HỎA TIỄN | B101: 3 | C101: 15000 | D101: =B101*C101 -> 45000
A102: CẢI THẢO HỎA TIỄN 250GR | D102: =B102*C102 -> 0
A103: CẢI THẢO KIM CHI | D103: =B103*C103 -> 0
A104: CẢI THẢO MỘC CHÂU | D104: =B104*C104 -> 0
A105: CẢI THẢO VR | D105: =B105*C105 -> 0
A106: CẦN TÂY (KG) | D106: =B106*C106 -> 0
A107: CẦN TÂY THUỶ CANH | D107: =B107*C107 -> 0
A108: CẦN TÂY(CÂY) | D108: =B108*C108 -> 0
...

Sheet 30.1
A1: hàng tồn cuối ngày 30/1
A2: TÊN SẢN PHẨM | B2: TỒN TRƯỚC | C2: GIÁ NHẬP | D2: THÀNH TIỀN
A3: CÀ CHUA SÔCOLA 250GR (HỘP) VR | D3: =B3*C3 -> 0
A4: CÀ CHUA SÔCOLA 250GR (KG) -NA | D4: =B4*C4 -> 0
A5: CÀ CHUA SÔCOLA 250GR (KG) VR | D5: =B5*C5 -> 0
A6: CÀ CHUA SÔCOLA 250GR(KG) KQ | D6: =B6*C6 -> 0
A7: CÀ CHUA SÔCOLA 300GR (HỘP) VR | D7: =B7*C7 -> 0
A8: CÀ CHUA SOCOLA XÁ | D8: =B8*C8 -> 0
A9: CÀ CHUA SÔCOLA(HỘP) KQ | D9: =B9*C9 -> 0
A10: CÀ RỐT BABY | D10: =B10*C10 -> 0
A11: CÀ RỐT BABY (KG) KQ | D11: =B11*C11 -> 0
A12: CÀ RỐT BABY 200GR | B12: 20 | C12: 6000 | D12: =B12*C12 -> 120000
A13: CẢI CẦU VỒNG | D13: =B13*C13 -> 0
A14: CẢI CẦU VỒNG 300GR | D14: =B14*C14 -> 0
A15: CẢI KALE | D15: =B15*C15 -> 0
A16: CẢI KALE 300GR | D16: =B16*C16 -> 0
A17: CHANH VÀNG (KG) | D17: =B17*C17 -> 0
A18: CHANH VÀNG TRÁI 180UP | D18: =B18*C18 -> 0
A19: CẦN TÂY (KG) | B19: 21 | C19: 9000 | D19: =B19*C19 -> 189000
A20: CẦN TÂY THUỶ CANH | D20: =B20*C20 -> 0
A21: CẦN TÂY(CÂY) | D21: =B21*C21 -> 0
A22: ỚT CHUÔNG 3 MÀU(KG)VR | D22: =B22*C22 -> 0
A23: ỚT CHUÔNG ĐỎ | B23: =15+20+15+20+20 -> 90 | C23: 3000 | D23: =B23*C23 -> 270000
A24: ỚT CHUÔNG ĐỎ L1 | B24: 24 | C24: 24000 | D24: =B24*C24 -> 576000
A25: ỚT CHUÔNG ĐỎ(TRÁI) | D25: =B25*C25 -> 0
A26: ỚT CHUÔNG 3 MÀU 350G | B26: 12 | C26: 13000 | D26: =B26*C26 -> 156000
A27: ỚT CHUÔNG 3 MÀU KQ(KG) | D27: =B27*C27 -> 0
A28: ỚT CHUÔNG VÀNG | B28: =10+5+39+10 -> 64 | C28: 46000 | D28: =B28*C28 -> 2944000
A29: ỚT CHUÔNG VÀNG L1 | B29: 10 | C29: 27000 | D29: =B29*C29 -> 270000
A30: ỚT CHUÔNG VÀNG(TRÁI) | D30: =B30*C30 -> 0
A31: ỚT CHUÔNG VÀNG+ XANH (VỈ) | D31: =B31*C31 -> 0
A32: ỚT CHUÔNG XANH | B32: =20+15+17+30 -> 82 | C32: 29000 | D32: =B32*C32 -> 2378000
A33: ỚT CHUÔNG XANH L1 | B33: 12 | C33: 24000 | D33: =B33*C33 -> 288000
A34: ỚT CHUÔNG XANH(TRÁI) | D34: =B34*C34 -> 0
A35: CỦ DỀN | B35: =15+50+15 -> 80 | C35: 10000 | D35: =B35*C35 -> 800000
A36: CỦ DỀN 600G | D36: =B36*C36 -> 0
A37: GỪNG 250GR | D37: =B37*C37 -> 0
A38: HỒNG GIÒN | D38: =B38*C38 -> 0
A39: XÀ LÁCH MỸ | D39: =B39*C39 -> 0
A40: KHOAI TÂY HỒNG | D40: =B40*C40 -> 0
A41: KHOAI TÂY HỒNG TÚI LƯỚI 500G | D41: =B41*C41 -> 0
A42: KHOAI TÂY VÀNG | D42: =B42*C42 -> 0
A43: KHOAI TÂY VÀNG ĐL | B43: 290 | C43: 14000 | D43: =B43*C43 -> 4060000
A44: KHOAI TÂY VÀNG LỚN TÚI LƯỚI 500G | D44: =B44*C44 -> 0
A45: KHOAI TÂY VÀNG RỬA | D45: =B45*C45 -> 0
A46: KHOAI TÂY VÀNG TRUNG TÚI LƯỚI 500G | D46: =B46*C46 -> 0
A47: CẢI THẢO DL | D47: =B47*C47 -> 0
A48: CẢI THẢO DL(BẮP) | D48: =B48*C48 -> 0
A49: CẢI THẢO KIM CHI | D49: =B49*C49 -> 0
A50: CẢI THẢO VR | D50: =B50*C50 -> 0
A51: BẦU | D51: =B51*C51 -> 0
A52: BÍ ĐAO XANH | D52: =B52*C52 -> 0
A53: BÍ ĐAO XANH 400G | D53: =B53*C53 -> 0
A54: DƯA LEO | D54: =B54*C54 -> 0
A55: DƯA LEO 400G | D55: =B55*C55 -> 0
... A61: BÍ MINI VÀNG KG | D61: =B61*C61 -> 0
A62: DƯA LEO GIỐNG NHẬT 600GR | B62: 3 | C62: 9000 | D62: =B62*C62 -> 27000
A63: DƯA LEO GIỐNG NHẬT KG | D63: =B63*C63 -> 0
A64: BƠ 034 | D64: =B64*C64 -> 0
A65: BƠ BOOTH | D65: =B65*C65 -> 0
A66: BƠ SÁP | D66: =B66*C66 -> 0
A67: KHOAI LANG MẬT (KG) 2-3 CỦ | D67: =B67*C67 -> 0
A68: KHOAI LANG MẬT (KG) 4-6 CỦ | D68: =B68*C68 -> 0
A69: KHOAI LANG MẬT 500G KQ | D69: =B69*C69 -> 0
A70: KHOAI LANG MẬT 500G VR | D70: =B70*C70 -> 0
A71: PARO | B71: 2 | C71: 10000 | D71: =B71*C71 -> 20000
A72: PARO (CÂY) | D72: =B72*C72 -> 0
A73: BẮP CẢI TÍM | B73: 18 | C73: 17000 | D73: =B73*C73 -> 306000
A74: BẮP CẢI TÍM (BẮP) | D74: =B74*C74 -> 0
A75: BẮP CẢI TÍM SUSHI | D75: =B75*C75 -> 0
A76: CÀ CHUA CHERRY MIX 300G | D76: =B76*C76 -> 0
A77: TÍA TÔ 50G | D77: =B77*C77 -> 0
A78: XÀ LÁCH LOLO XANH | D78: =B78*C78 -> 0
A79: XÀ LÁCH LOLO XANH SUSHI | D79: =B79*C79 -> 0
A80: XÀ LÁCH LOLO XANH TÚI 300GR | D80: =B80*C80 -> 0
A81: XÀ LÁCH ROMEN THUỶ CANH (KG) VR | D81: =B81*C81 -> 0
A82: CÀ RỐT DL | D82: =B82*C82 -> 0
A83: CÀ RỐT DL L1 | B83: 82 | C83: 10500 | D83: =B83*C83 -> 861000
A84: CÀ RỐT DL TÚI LƯỚI 500GR VR | D84: =B84*C84 -> 0
A85: CÀ RỐT TRUNG | D85: =B85*C85 -> 0
A86: CÀ RỐT TÚI LƯỚI 800G KQ | D86: =B86*C86 -> 0
A87: GỪNG | B87: 7 | C87: 30000 | D87: =B87*C87 -> 210000
A88: MỒNG TƠI | D88: =B88*C88 -> 0
A89: NGÒ RÍ | D89: =B89*C89 -> 0
A90: NGÒ RÍ TÚI 50GR | D90: =B90*C90 -> 0
A91: ỚT HIỂM | B91: 0.5 | C91: 70000 | D91: =B91*C91 -> 35000
A92: ỚT HIỂM 100G | D92: =B92*C92 -> 0
A93: THÌ LÀ | B93: 0.6 | C93: 35000 | D93: =B93*C93 -> 21000
A94: THÌ LÀ TÚI 80GR | D94: =B94*C94 -> 0
A95: CHUỐI LABA | D95: =B95*C95 -> 0
A96: BÔNG BÍ TÚI 300GR | D96: =B96*C96 -> 0
A97: BÔNG CẢI TRẮNG | D97: =B97*C97 -> 0
A98: BÔNG CẢI TRẮNG (CÂY) | D98: =B98*C98 -> 0
A99: SET RAU KÈM ỚT | D99: =B99*C99 -> 0
A100: SET RAU KHÔNG KÈM ỚT | D100: =B100*C100 -> 0
A101: ĐẬU BO | D101: =B101*C101 -> 0
A102: ĐẬU BO 250GR | D102: =B102*C102 -> 0
A103: ĐẬU CÚC | D103: =B103*C103 -> 0
A104: ĐẬU CÚC 250GR | D104: =B104*C104 -> 0
A105: ĐẬU ĐỎ | D105: =B105*C105 -> 0
...

Sheet 31.1
A1: hàng tồn cuối ngày 31/1
A2: TÊN SẢN PHẨM | B2: TỒN TRƯỚC | C2: GIÁ NHẬP | D2: THÀNH TIỀN
A3: CÀ CHUA SÔCOLA 250GR (HỘP) VR | D3: =B3*C3 -> 0
A4: CÀ CHUA SÔCOLA 250GR (KG) -NA | D4: =B4*C4 -> 0
A5: CÀ CHUA SÔCOLA 250GR (KG) VR | D5: =B5*C5 -> 0
A6: CÀ CHUA SÔCOLA 250GR(KG) KQ | D6: =B6*C6 -> 0
A7: CÀ CHUA SÔCOLA 300GR (HỘP) VR | D7: =B7*C7 -> 0
A8: CÀ CHUA SOCOLA XÁ | D8: =B8*C8 -> 0
A9: CÀ CHUA SÔCOLA(HỘP) KQ | D9: =B9*C9 -> 0
A10: CÀ RỐT BABY | D10: =B10*C10 -> 0
A11: CÀ RỐT BABY (KG) KQ | D11: =B11*C11 -> 0
A12: CÀ RỐT BABY 200GR | D12: =B12*C12 -> 0
A13: CẢI CẦU VỒNG | D13: =B13*C13 -> 0
A14: CẢI CẦU VỒNG 300GR | D14: =B14*C14 -> 0
A15: CẢI KALE | D15: =B15*C15 -> 0
A16: CẢI KALE 300GR | B16: 7 | C16: 3000 | D16: =B16*C16 -> 21000
A17: CHANH VÀNG (KG) | D17: =B17*C17 -> 0
A18: CHANH VÀNG TRÁI 180UP | D18: =B18*C18 -> 0
A19: CẦN TÂY (KG) | D19: =B19*C19 -> 0
A20: CẦN TÂY THUỶ CANH | D20: =B20*C20 -> 0
A21: CẦN TÂY(CÂY) | D21: =B21*C21 -> 0
A22: ỚT CHUÔNG 3 MÀU(KG)VR | D22: =B22*C22 -> 0
A23: ỚT CHUÔNG ĐỎ | B23: =52+30+55 -> 137 | C23: 35000 | D23: =B23*C23 -> 4795000
A24: ỚT CHUÔNG ĐỎ L1 | B24: 9 | C24: 24000 | D24: =B24*C24 -> 216000
A25: ỚT CHUÔNG ĐỎ(TRÁI) | D25: =B25*C25 -> 0
A26: ỚT CHUÔNG 3 MÀU 350G | D26: =B26*C26 -> 0
A27: ỚT CHUÔNG 3 MÀU KQ(KG) | D27: =B27*C27 -> 0
A28: ỚT CHUÔNG VÀNG | B28: =17+8+10+5+30 -> 70 | C28: 46000 | D28: =B28*C28 -> 3220000
A29: ỚT CHUÔNG VÀNG L1 | B29: 10 | C29: 27000 | D29: =B29*C29 -> 270000
A30: ỚT CHUÔNG VÀNG(TRÁI) | D30: =B30*C30 -> 0
A31: ỚT CHUÔNG VÀNG+ XANH (VỈ) | D31: =B31*C31 -> 0
A32: ỚT CHUÔNG XANH | B32: =39+8+15 -> 62 | C32: 30000 | D32: =B32*C32 -> 1860000
A33: ỚT CHUÔNG XANH L1 | D33: =B33*C33 -> 0
A34: ỚT CHUÔNG XANH(TRÁI) | D34: =B34*C34 -> 0
A35: CỦ DỀN | B35: =10+13+60 -> 83 | C35: 10000 | D35: =B35*C35 -> 830000
A36: CỦ DỀN 600G | D36: =B36*C36 -> 0
A37: GỪNG 250GR | D37: =B37*C37 -> 0
A38: HỒNG GIÒN | D38: =B38*C38 -> 0
A39: XÀ LÁCH MỸ | D39: =B39*C39 -> 0
A40: KHOAI TÂY HỒNG | D40: =B40*C40 -> 0
A41: KHOAI TÂY HỒNG TÚI LƯỚI 500G | D41: =B41*C41 -> 0
A42: KHOAI TÂY VÀNG | D42: =B42*C42 -> 0
A43: KHOAI TÂY VÀNG ĐL | B43: =15+200+10+20 -> 245 | C43: 14500 | D43: =B43*C43 -> 3552500
A44: KHOAI TÂY VÀNG LỚN TÚI LƯỚI 500G | D44: =B44*C44 -> 0
A45: KHOAI TÂY VÀNG RỬA | D45: =B45*C45 -> 0
A46: KHOAI TÂY VÀNG TRUNG TÚI LƯỚI 500G | D46: =B46*C46 -> 0
A47: CẢI THẢO DL | D47: =B47*C47 -> 0
A48: CẢI THẢO DL(BẮP) | D48: =B48*C48 -> 0
A49: CẢI THẢO KIM CHI | D49: =B49*C49 -> 0
A50: CẢI THẢO VR | D50: =B50*C50 -> 0
A51: BẦU | D51: =B51*C51 -> 0
A52: BÍ ĐAO XANH | B52: 5 | C52: 18000 | D52: =B52*C52 -> 90000
A53: BÍ ĐAO XANH 400G | D53: =B53*C53 -> 0
A54: DƯA LEO | B54: 16 | C54: 13000 | D54: =B54*C54 -> 208000
A55: DƯA LEO 400G | D55: =B55*C55 -> 0
A56: KHỔ QUA | D56: =B56*C56 -> 0
A57: KHỔ QUA 400GR | D57: =B57*C57 -> 0
A58: MƯỚP HƯƠNG | D58: =B58*C58 -> 0
A59: MƯỚP HƯƠNG 300G | D59: =B59*C59 -> 0
A60: BÍ MINI VÀNG 300GR | D60: =B60*C60 -> 0
A61: BÍ MINI VÀNG KG | D61: =B61*C61 -> 0
A62: DƯA LEO GIỐNG NHẬT 600GR | D62: =B62*C62 -> 0
A63: DƯA LEO GIỐNG NHẬT KG | D63: =B63*C63 -> 0
A64: BƠ 034 | D64: =B64*C64 -> 0
A65: BƠ BOOTH | D65: =B65*C65 -> 0
A66: BƠ SÁP | D66: =B66*C66 -> 0
A67: KHOAI LANG MẬT (KG) 2-3 CỦ | B67: =340+280+240+180 -> 1040 | C67: 27000 | D67: =B67*C67 -> 28080000
A68: KHOAI LANG MẬT (KG) 4-6 CỦ | B68: =80+120 -> 200 | C68: 27000 | D68: =B68*C68 -> 5400000
A69: KHOAI LANG MẬT 500G KQ | D69: =B69*C69 -> 0
A70: KHOAI LANG MẬT 500G VR | D70: =B70*C70 -> 0
A71: PARO | D71: =B71*C71 -> 0
A72: PARO (CÂY) | D72: =B72*C72 -> 0
A73: BẮP CẢI TÍM | B73: 20 | C73: 17000 | D73: =B73*C73 -> 340000
A74: BẮP CẢI TÍM (BẮP) | D74: =B74*C74 -> 0
A75: BẮP CẢI TÍM SUSHI | D75: =B75*C75 -> 0
A76: CÀ CHUA CHERRY MIX 300G | D76: =B76*C76 -> 0
A77: TÍA TÔ 50G | D77: =B77*C77 -> 0
A78: XÀ LÁCH LOLO XANH | D78: =B78*C78 -> 0
A79: XÀ LÁCH LOLO XANH SUSHI | D79: =B79*C79 -> 0
A80: XÀ LÁCH LOLO XANH TÚI 300GR | D80: =B80*C80 -> 0
A81: XÀ LÁCH ROMEN THUỶ CANH (KG) VR | D81: =B81*C81 -> 0
A82: CÀ RỐT DL | D82: =B82*C82 -> 0
A83: CÀ RỐT DL L1 | B83: 45 | C83: 10000 | D83: =B83*C83 -> 450000
A84: CÀ RỐT DL TÚI LƯỚI 500GR VR | D84: =B84*C84 -> 0
A85: CÀ RỐT TRUNG | D85: =B85*C85 -> 0
A86: CÀ RỐT TÚI LƯỚI 800G KQ | D86: =B86*C86 -> 0
A87: GỪNG | B87: 4.7 | C87: 30000 | D87: =B87*C87 -> 141000
A88: MỒNG TƠI | D88: =B88*C88 -> 0
A89: NGÒ RÍ | D89: =B89*C89 -> 0
A90: NGÒ RÍ TÚI 50GR | D90: =B90*C90 -> 0
A91: ỚT HIỂM | D91: =B91*C91 -> 0
A92: ỚT HIỂM 100G | D92: =B92*C92 -> 0
A93: THÌ LÀ | D93: =B93*C93 -> 0
A94: THÌ LÀ TÚI 80GR | D94: =B94*C94 -> 0
A95: CHUỐI LABA | B95: 13 | C95: 10000 | D95: =B95*C95 -> 130000
A96: BÔNG BÍ TÚI 300GR | D96: =B96*C96 -> 0
A97: BÔNG CẢI TRẮNG | D97: =B97*C97 -> 0
A98: BÔNG CẢI TRẮNG (CÂY) | D98: =B98*C98 -> 0
A99: SET RAU KÈM ỚT | D99: =B99*C99 -> 0
A100: SET RAU KHÔNG KÈM ỚT | D100: =B100*C100 -> 0
...
