Workbook

Sheet 1.6
A1: hàng tồn cuối ngày 1/6 vr
A2: TÊN SẢN PHẨM | B2: TỒN TRƯỚC | C2: GIÁ NHẬP | D2: THÀNH TIỀN
A3: BẮP CẢI TÍM | B3: 20 | C3: 12000 | D3: =B3*C3 -> 240000
A4: BẮP CẢI TÍM (BẮP) | D4: =B4*C4 -> 0
A5: BẮP CẢI TÍM SUSHI | D5: =B5*C5 -> 0
A6: BẮP CẢI TRẮNG | D6: =B6*C6 -> 0
A7: BẮP CẢI TRẮNG (BẮP) | D7: =B7*C7 -> 0
A8: BẮP CẢI TRẮNG MỘC CHÂU | D8: =B8*C8 -> 0
A9: BẮP CẢI TRẮNG SÓI BIỂN | D9: =B9*C9 -> 0
A10: BẮP CẢI TRẮNG SUSHI | D10: =B10*C10 -> 0
A11: BẮP MỸ CẶP | D11: =B11*C11 -> 0
A12: BẦU | D12: =B12*C12 -> 0
A13: BÍ ĐAO XANH | D13: =B13*C13 -> 0
A14: BÍ ĐAO XANH 400G | D14: =B14*C14 -> 0
A15: BÍ ĐỎ HỒ LÔ | B15: 13 | C15: 20000 | D15: =B15*C15 -> 260000
A16: BÍ ĐỎ MINI | D16: =B16*C16 -> 0
A17: BÍ ĐỎ NON (KG)KQ | D17: =B17*C17 -> 0
A18: BÍ ĐỎ NON TRÁI VR | D18: =B18*C18 -> 0
A19: BÍ ĐỎ NON( KG) VR | D19: =B19*C19 -> 0
A20: BÍ ĐỎ TRÒN | D20: =B20*C20 -> 0
A21: BÍ MINI VÀNG 300GR | D21: =B21*C21 -> 0
A22: BÍ MINI VÀNG KG | D22: =B22*C22 -> 0
A23: BÍ NGÒI VÀNG | D23: =B23*C23 -> 0
A24: BÍ NGÒI VÀNG (TRÁI) | D24: =B24*C24 -> 0
A25: BÍ NGÒI XANH | B25: =20+13+30+50 -> 113 | C25: 15000 | D25: =B25*C25 -> 1695000
A26: BÍ NGÒI XANH(TRÁI) | D26: =B26*C26 -> 0
A27: BÍ NHẬT | D27: =B27*C27 -> 0
A28: BƠ 034 | B28: =7+69+15 -> 91 | C28: 18000 | D28: =B28*C28 -> 1638000
A29: BƠ BOOTH | D29: =B29*C29 -> 0
A30: BO HOA CHUONG | D30: =B30*C30 -> 0
A31: BO HOA CUC TANA | D31: =B31*C31 -> 0
A32: BO HOA DONG TIEN HN | D32: =B32*C32 -> 0
A33: BO HOA PHANG | D33: =B33*C33 -> 0
A34: BO HOA SEN QUAN AM | D34: =B34*C34 -> 0
A35: BO HOA SEN SUPER | D35: =B35*C35 -> 0
A36: BƠ SÁP | B36: 23 | C36: 14000 | D36: =B36*C36 -> 322000
A37: BÓ XÔI | B37: 4 | C37: 43000 | D37: =B37*C37 -> 172000
A38: BÓ XÔI 300G VR | D38: =B38*C38 -> 0
A39: BÓ XÔI-HN KQ | D39: =B39*C39 -> 0
A40: BÓ XÔI-NA | D40: =B40*C40 -> 0
A41: BÔNG ATISO | D41: =B41*C41 -> 0
A42: BÔNG BÍ | D42: =B42*C42 -> 0
A43: BÔNG BÍ TÚI 300GR | D43: =B43*C43 -> 0
A44: BÔNG CẢI TRẮNG | D44: =B44*C44 -> 0
A45: BÔNG CẢI TRẮNG (CÂY) | D45: =B45*C45 -> 0
A46: BÔNG CẢI XANH 10P | B46: 15 | C46: 24000 | D46: =B46*C46 -> 360000
A47: BÔNG CẢI XANH AEON | D47: =B47*C47 -> 0
A48: BÔNG CẢI XANH AEON (CÂY) | D48: =B48*C48 -> 0
A49: BÔNG CẢI XANH BABY (KG) | D49: =B49*C49 -> 0
A50: BÔNG CẢI XANH BABY 200G | D50: =B50*C50 -> 0
A51: BÔNG CẢI XANH BIGC | D51: =B51*C51 -> 0
A52: BÔNG CẢI XANH CITI | D52: =B52*C52 -> 0
A53: CÀ CHUA | D53: =B53*C53 -> 0
A54: CÀ CHUA BI | D54: =B54*C54 -> 0
A55: CÀ CHUA BI (HỘP) 300GR KQ | D55: =B55*C55 -> 0
A56: CÀ CHUA BI (HỘP) 300GR VR | B56: 8 | C56: 17400 | D56: =B56*C56 -> 139200
A57: CÀ CHUA BI 300GR KQ (KG) | D57: =B57*C57 -> 0
A58: CÀ CHUA BI 300GR VR (KG) | D58: =B58*C58 -> 0
A59: CÀ CHUA BI CAM SỮA (KG) VR | D59: =B59*C59 -> 0
A60: CÀ CHUA BI COOP | D60: =B60*C60 -> 0
A61: CÀ CHUA BI-NA | D61: =B61*C61 -> 0
A62: CÀ CHUA CHERRY MIX 300G | D62: =B62*C62 -> 0
A63: CÀ CHUA L1 | B63: 120 | C63: 20000 | D63: =B63*C63 -> 2400000
A64: CÀ CHUA MỘC CHÂU | D64: =B64*C64 -> 0
A65: CÀ CHUA NGỌT | D65: =B65*C65 -> 0
A66: CÀ CHUA NGỌT 300GR (KG) | D66: =B66*C66 -> 0
A67: CÀ CHUA NGỌT XÁ | D67: =B67*C67 -> 0
A68: CÀ CHUA ROSEBERRY 300G | D68: =B68*C68 -> 0
A69: CÀ CHUA SÔCOLA 250GR (HỘP) VR | D69: =B69*C69 -> 0
A70: CÀ CHUA SÔCOLA 250GR (KG) -NA | D70: =B70*C70 -> 0
A71: CÀ CHUA SÔCOLA 250GR (KG) VR | D71: =B71*C71 -> 0
A72: CÀ CHUA SÔCOLA 250GR(KG) KQ | D72: =B72*C72 -> 0
A73: CÀ CHUA SÔCOLA 300GR (HỘP) VR | D73: =B73*C73 -> 0
A74: CÀ CHUA SOCOLA XÁ | D74: =B74*C74 -> 0
A75: CÀ CHUA SÔCOLA(HỘP) KQ | D75: =B75*C75 -> 0
... A80: CÀ CHUA Ý CHÙM | D80: =B80*C80 -> 0
A81: CÀ CHUA Ý(VỈ) KG | B81: 23 | C81: 13000 | D81: =B81*C81 -> 299000
A82: CÀ CHUA Ý(VỈ) KG KQ | D82: =B82*C82 -> 0
A83: CÀ RỐT BABY | D83: =B83*C83 -> 0
A84: CÀ RỐT BABY (KG) KQ | D84: =B84*C84 -> 0
A85: CÀ RỐT BABY 200GR | D85: =B85*C85 -> 0
A86: CÀ RỐT DL | D86: =B86*C86 -> 0
A87: CÀ RỐT DL L1 | D87: =B87*C87 -> 0
A88: CÀ RỐT DL TÚI LƯỚI 500GR VR | D88: =B88*C88 -> 0
A89: CÀ RỐT TRUNG | D89: =B89*C89 -> 0
A90: CÀ RỐT TÚI LƯỚI 800G KQ | D90: =B90*C90 -> 0
A91: CÀ TÍM | D91: =B91*C91 -> 0
A92: CÀ TÍM CẶP 400G | D92: =B92*C92 -> 0
A93: CÀ TÍM SỌC PHA LÊ 300G | D93: =B93*C93 -> 0
... A110: CẢI THẢO VR | D110: =B110*C110 -> 0
A111: CẦN TÂY (KG) | B111: 15 | C111: 24000 | D111: =B111*C111 -> 360000
A112: CẦN TÂY THUỶ CANH | D112: =B112*C112 -> 0
A113: CẦN TÂY(CÂY) | D113: =B113*C113 -> 0
A114: CHANH DÂY | D114: =B114*C114 -> 0
A115: CHANH DÂY NGỌT L2 | D115: =B115*C115 -> 0
A116: CHANH DÂY NGỌT VỈ 300GR | D116: =B116*C116 -> 0
A117: CHANH KHÔNG HẠT | D117: =B117*C117 -> 0
A118: CHANH VÀNG (KG) | D118: =B118*C118 -> 0
A119: CHANH VÀNG TRÁI 180UP | D119: =B119*C119 -> 0
A120: CHẬU CÂY CẢI CẦU VỒNG | D120: =B120*C120 -> 0
...

Sheet 2.6
A1: hàng tồn cuối ngày 2/6 vr
A2: TÊN SẢN PHẨM | B2: TỒN TRƯỚC | C2: GIÁ NHẬP | D2: THÀNH TIỀN
A3: BẮP CẢI TÍM | D3: =B3*C3 -> 0
A4: BẮP CẢI TÍM (BẮP) | D4: =B4*C4 -> 0
A5: BẮP CẢI TÍM SUSHI | D5: =B5*C5 -> 0
A6: BẮP CẢI TRẮNG | D6: =B6*C6 -> 0
A7: BẮP CẢI TRẮNG (BẮP) | D7: =B7*C7 -> 0
A8: BẮP CẢI TRẮNG MỘC CHÂU | D8: =B8*C8 -> 0
A9: BẮP CẢI TRẮNG SÓI BIỂN | D9: =B9*C9 -> 0
A10: BẮP CẢI TRẮNG SUSHI | D10: =B10*C10 -> 0
A11: BẮP MỸ CẶP | D11: =B11*C11 -> 0
A12: BẦU | D12: =B12*C12 -> 0
A13: BÍ ĐAO XANH | D13: =B13*C13 -> 0
A14: BÍ ĐAO XANH 400G | D14: =B14*C14 -> 0
... A17: BÍ ĐỎ NON (KG)KQ | D17: =B17*C17 -> 0
A18: BÍ ĐỎ NON TRÁI VR | B18: 5 | C18: 3500 | D18: =B18*C18 -> 17500
A19: BÍ ĐỎ NON( KG) VR | D19: =B19*C19 -> 0
A20: BÍ ĐỎ TRÒN | B20: 300 | C20: 12000 | D20: =B20*C20 -> 3600000
A21: BÍ MINI VÀNG 300GR | D21: =B21*C21 -> 0
A22: BÍ MINI VÀNG KG | D22: =B22*C22 -> 0
A23: BÍ NGÒI VÀNG | D23: =B23*C23 -> 0
A24: BÍ NGÒI VÀNG (TRÁI) | D24: =B24*C24 -> 0
A25: BÍ NGÒI XANH | B25: =45+90+10 -> 145 | C25: 16000 | D25: =B25*C25 -> 2320000
A26: BÍ NGÒI XANH(TRÁI) | D26: =B26*C26 -> 0
A27: BÍ NHẬT | D27: =B27*C27 -> 0
A28: BƠ 034 | B28: 45 | C28: 18000 | D28: =B28*C28 -> 810000
A29: BƠ BOOTH | D29: =B29*C29 -> 0
A30: BO HOA CHUONG | D30: =B30*C30 -> 0
A31: BO HOA CUC TANA | D31: =B31*C31 -> 0
A32: BO HOA DONG TIEN HN | D32: =B32*C32 -> 0
A33: BO HOA PHANG | D33: =B33*C33 -> 0
A34: BO HOA SEN QUAN AM | D34: =B34*C34 -> 0
A35: BO HOA SEN SUPER | D35: =B35*C35 -> 0
A36: BƠ SÁP | B36: =45+18 -> 63 | C36: 14000 | D36: =B36*C36 -> 882000
A37: BÓ XÔI | B37: 3 | C37: 43000 | D37: =B37*C37 -> 129000
A38: BÓ XÔI 300G VR | D38: =B38*C38 -> 0
A39: BÓ XÔI-HN KQ | D39: =B39*C39 -> 0
A40: BÓ XÔI-NA | D40: =B40*C40 -> 0
A41: BÔNG ATISO | D41: =B41*C41 -> 0
A42: BÔNG BÍ | D42: =B42*C42 -> 0
A43: BÔNG BÍ TÚI 300GR | D43: =B43*C43 -> 0
A44: BÔNG CẢI TRẮNG | D44: =B44*C44 -> 0
A45: BÔNG CẢI TRẮNG (CÂY) | D45: =B45*C45 -> 0
A46: BÔNG CẢI XANH 10P | D46: =B46*C46 -> 0
A47: BÔNG CẢI XANH AEON | D47: =B47*C47 -> 0
A48: BÔNG CẢI XANH AEON (CÂY) | D48: =B48*C48 -> 0
A49: BÔNG CẢI XANH BABY (KG) | D49: =B49*C49 -> 0
... A68: CÀ CHUA ROSEBERRY 300G | D68: =B68*C68 -> 0
A69: CÀ CHUA SÔCOLA 250GR (HỘP) VR | B69: 12 | C69: 9000 | D69: =B69*C69 -> 108000
A70: CÀ CHUA SÔCOLA 250GR (KG) -NA | D70: =B70*C70 -> 0
A71: CÀ CHUA SÔCOLA 250GR (KG) VR | D71: =B71*C71 -> 0
A72: CÀ CHUA SÔCOLA 250GR(KG) KQ | D72: =B72*C72 -> 0
A73: CÀ CHUA SÔCOLA 300GR (HỘP) VR | D73: =B73*C73 -> 0
A74: CÀ CHUA SOCOLA XÁ | D74: =B74*C74 -> 0
A75: CÀ CHUA SÔCOLA(HỘP) KQ | D75: =B75*C75 -> 0
A76: CÀ CHUA VỈ 400GR | D76: =B76*C76 -> 0
A77: CÀ CHUA VR | D77: =B77*C77 -> 0
A78: CÀ CHUA Ý | D78: =B78*C78 -> 0
A79: CÀ CHUA Ý 500G | D79: =B79*C79 -> 0
A80: CÀ CHUA Ý CHÙM | B80: 80 | C80: 32000 | D80: =B80*C80 -> 2560000
A81: CÀ CHUA Ý(VỈ) KG | B81: 11 | C81: 23000 | D81: =B81*C81 -> 253000
A82: CÀ CHUA Ý(VỈ) KG KQ | D82: =B82*C82 -> 0
A83: CÀ RỐT BABY | D83: =B83*C83 -> 0
A84: CÀ RỐT BABY (KG) KQ | D84: =B84*C84 -> 0
A85: CÀ RỐT BABY 200GR | D85: =B85*C85 -> 0
A86: CÀ RỐT DL | D86: =B86*C86 -> 0
A87: CÀ RỐT DL L1 | D87: =B87*C87 -> 0
A88: CÀ RỐT DL TÚI LƯỚI 500GR VR | D88: =B88*C88 -> 0
A89: CÀ RỐT TRUNG | D89: =B89*C89 -> 0
A90: CÀ RỐT TÚI LƯỚI 800G KQ | D90: =B90*C90 -> 0
A91: CÀ TÍM | B91: 40 | C91: 9000 | D91: =B91*C91 -> 360000
A92: CÀ TÍM CẶP 400G | D92: =B92*C92 -> 0
A93: CÀ TÍM SỌC PHA LÊ 300G | D93: =B93*C93 -> 0
A94: CÀ TÍM SỌC PHA LÊ HỘP 500GR VR | D94: =B94*C94 -> 0
A95: CÀ TÍM SỌC PHA LÊ TÍM (KG) VR | D95: =B95*C95 -> 0
A96: CÀ Ý VỈ 650GR | D96: =B96*C96 -> 0
A97: CẢI CẦU VỒNG | D97: =B97*C97 -> 0
A98: CẢI CẦU VỒNG 300GR | D98: =B98*C98 -> 0
A99: CẢI CÚC 300GR | D99: =B99*C99 -> 0
A100: CẢI KALE | D100: =B100*C100 -> 0
A101: CẢI KALE 150GR | D101: =B101*C101 -> 0
A102: CẢI KALE 300GR | D102: =B102*C102 -> 0
A103: CẢI MÈO MỘC CHÂU | D103: =B103*C103 -> 0
... A144: ĐẬU COVE MỘC CHÂU | D144: =B144*C144 -> 0
A145: ĐẬU CÚC | B145: 0.5 | C145: 70000 | D145: =B145*C145 -> 35000
A146: ĐẬU CÚC 250GR | D146: =B146*C146 -> 0
A147: ĐẬU ĐỎ | B147: 0.5 | C147: 80000 | D147: =B147*C147 -> 40000
A148: ĐẬU ĐỎ 250GR | D148: =B148*C148 -> 0
A149: ĐẬU HÀ LAN | D149: =B149*C149 -> 0
A150: ĐẬU HÀ LAN-FUJI | D150: =B150*C150 -> 0
A151: ĐẬU NGỰ | D151: =B151*C151 -> 0
A152: ĐẬU NGỰ 250GR | D152: =B152*C152 -> 0
A153: ĐẬU QUE TRẮNG (KG NA) | D153: =B153*C153 -> 0
A154: ĐẬU QUE TRẮNG (KG) VR | D154: =B154*C154 -> 0
A155: ĐẬU QUE TRẮNG (TÚI) KQ | D155: =B155*C155 -> 0
A156: ĐẬU QUE TRẮNG (TÚI) VR | D156: =B156*C156 -> 0
A157: ĐẬU QUE TRẮNG (TÚI) VR 300gr | D157: =B157*C157 -> 0
A158: ĐẬU QUE XANH (KG) KQ | D158: =B158*C158 -> 0
A159: ĐẬU QUE XANH( KG) VR | D159: =B159*C159 -> 0
... A170: DƯA LEO BABY VR 300G | D170: =B170*C170 -> 0
...

Sheet 3.6
A1: hàng tồn cuối ngày 3/6 vr
A2: TÊN SẢN PHẨM | B2: TỒN TRƯỚC | C2: GIÁ NHẬP | D2: THÀNH TIỀN
A3: BẮP CẢI TÍM | D3: =B3*C3 -> 0
A4: BẮP CẢI TÍM (BẮP) | D4: =B4*C4 -> 0
A5: BẮP CẢI TÍM SUSHI | D5: =B5*C5 -> 0
A6: BẮP CẢI TRẮNG | D6: =B6*C6 -> 0
A7: BẮP CẢI TRẮNG (BẮP) | D7: =B7*C7 -> 0
A8: BẮP CẢI TRẮNG MỘC CHÂU | D8: =B8*C8 -> 0
A9: BẮP CẢI TRẮNG SÓI BIỂN | D9: =B9*C9 -> 0
A10: BẮP CẢI TRẮNG SUSHI | D10: =B10*C10 -> 0
A11: BẮP MỸ CẶP | D11: =B11*C11 -> 0
A12: BẦU | B12: 9 | C12: 10000 | D12: =B12*C12 -> 90000
A13: BÍ ĐAO XANH | D13: =B13*C13 -> 0
A14: BÍ ĐAO XANH 400G | D14: =B14*C14 -> 0
A15: BÍ ĐỎ HỒ LÔ | D15: =B15*C15 -> 0
A16: BÍ ĐỎ MINI | D16: =B16*C16 -> 0
A17: BÍ ĐỎ NON (KG)KQ | D17: =B17*C17 -> 0
A18: BÍ ĐỎ NON TRÁI VR | D18: =B18*C18 -> 0
A19: BÍ ĐỎ NON( KG) VR | B19: 15 | C19: 12000 | D19: =B19*C19 -> 180000
A20: BÍ ĐỎ TRÒN | B20: 300 | C20: 12000 | D20: =B20*C20 -> 3600000
A21: BÍ MINI VÀNG 300GR | D21: =B21*C21 -> 0
A22: BÍ MINI VÀNG KG | D22: =B22*C22 -> 0
A23: BÍ NGÒI VÀNG | D23: =B23*C23 -> 0
A24: BÍ NGÒI VÀNG (TRÁI) | D24: =B24*C24 -> 0
A25: BÍ NGÒI XANH | B25: 105 | C25: 12000 | D25: =B25*C25 -> 1260000
A26: BÍ NGÒI XANH(TRÁI) | D26: =B26*C26 -> 0
A27: BÍ NHẬT | D27: =B27*C27 -> 0
A28: BƠ 034 | B28: =15+54+15+70 -> 154 | C28: 18000 | D28: =B28*C28 -> 2772000
A29: BƠ BOOTH | D29: =B29*C29 -> 0
A30: BO HOA CHUONG | D30: =B30*C30 -> 0
A31: BO HOA CUC TANA | D31: =B31*C31 -> 0
A32: BO HOA DONG TIEN HN | D32: =B32*C32 -> 0
A33: BO HOA PHANG | D33: =B33*C33 -> 0
A34: BO HOA SEN QUAN AM | D34: =B34*C34 -> 0
A35: BO HOA SEN SUPER | D35: =B35*C35 -> 0
A36: BƠ SÁP | B36: =12+15+35 -> 62 | C36: 14000 | D36: =B36*C36 -> 868000
A37: BÓ XÔI | D37: =B37*C37 -> 0
A38: BÓ XÔI 300G VR | D38: =B38*C38 -> 0
A39: BÓ XÔI-HN KQ | D39: =B39*C39 -> 0
A40: BÓ XÔI-NA | D40: =B40*C40 -> 0
A41: BÔNG ATISO | D41: =B41*C41 -> 0
A42: BÔNG BÍ | D42: =B42*C42 -> 0
A43: BÔNG BÍ TÚI 300GR | D43: =B43*C43 -> 0
A44: BÔNG CẢI TRẮNG | D44: =B44*C44 -> 0
A45: BÔNG CẢI TRẮNG (CÂY) | D45: =B45*C45 -> 0
A46: BÔNG CẢI XANH 10P | D46: =B46*C46 -> 0
A47: BÔNG CẢI XANH AEON | D47: =B47*C47 -> 0
A48: BÔNG CẢI XANH AEON (CÂY) | D48: =B48*C48 -> 0
... A55: CÀ CHUA BI (HỘP) 300GR KQ | D55: =B55*C55 -> 0
A56: CÀ CHUA BI (HỘP) 300GR VR | B56: 7 | C56: 15000 | D56: =B56*C56 -> 105000
A57: CÀ CHUA BI 300GR KQ (KG) | D57: =B57*C57 -> 0
A58: CÀ CHUA BI 300GR VR (KG) | D58: =B58*C58 -> 0
A59: CÀ CHUA BI CAM SỮA (KG) VR | D59: =B59*C59 -> 0
A60: CÀ CHUA BI COOP | D60: =B60*C60 -> 0
A61: CÀ CHUA BI-NA | D61: =B61*C61 -> 0
A62: CÀ CHUA CHERRY MIX 300G | D62: =B62*C62 -> 0
A63: CÀ CHUA L1 | B63: 85 | C63: 15000 | D63: =B63*C63 -> 1275000
A64: CÀ CHUA MỘC CHÂU | D64: =B64*C64 -> 0
A65: CÀ CHUA NGỌT | D65: =B65*C65 -> 0
A66: CÀ CHUA NGỌT 300GR (KG) | D66: =B66*C66 -> 0
A67: CÀ CHUA NGỌT XÁ | D67: =B67*C67 -> 0
A68: CÀ CHUA ROSEBERRY 300G | D68: =B68*C68 -> 0
A69: CÀ CHUA SÔCOLA 250GR (HỘP) VR | D69: =B69*C69 -> 0
A70: CÀ CHUA SÔCOLA 250GR (KG) -NA | D70: =B70*C70 -> 0
A71: CÀ CHUA SÔCOLA 250GR (KG) VR | D71: =B71*C71 -> 0
A72: CÀ CHUA SÔCOLA 250GR(KG) KQ | D72: =B72*C72 -> 0
A73: CÀ CHUA SÔCOLA 300GR (HỘP) VR | D73: =B73*C73 -> 0
A74: CÀ CHUA SOCOLA XÁ | D74: =B74*C74 -> 0
A75: CÀ CHUA SÔCOLA(HỘP) KQ | D75: =B75*C75 -> 0
... A77: CÀ CHUA VR | D77: =B77*C77 -> 0
A78: CÀ CHUA Ý | B78: =90+15+180 -> 285 | C78: 30000 | D78: =B78*C78 -> 8550000
A79: CÀ CHUA Ý 500G | D79: =B79*C79 -> 0
A80: CÀ CHUA Ý CHÙM | D80: =B80*C80 -> 0
A81: CÀ CHUA Ý(VỈ) KG | B81: 31 | C81: 23000 | D81: =B81*C81 -> 713000
A82: CÀ CHUA Ý(VỈ) KG KQ | D82: =B82*C82 -> 0
A83: CÀ RỐT BABY | D83: =B83*C83 -> 0
A84: CÀ RỐT BABY (KG) KQ | D84: =B84*C84 -> 0
A85: CÀ RỐT BABY 200GR | D85: =B85*C85 -> 0
A86: CÀ RỐT DL | D86: =B86*C86 -> 0
A87: CÀ RỐT DL L1 | B87: 18 | C87: 10500 | D87: =B87*C87 -> 189000
A88: CÀ RỐT DL TÚI LƯỚI 500GR VR | D88: =B88*C88 -> 0
A89: CÀ RỐT TRUNG | D89: =B89*C89 -> 0
A90: CÀ RỐT TÚI LƯỚI 800G KQ | D90: =B90*C90 -> 0
A91: CÀ TÍM | D91: =B91*C91 -> 0
A92: CÀ TÍM CẶP 400G | D92: =B92*C92 -> 0
A93: CÀ TÍM SỌC PHA LÊ 300G | D93: =B93*C93 -> 0
A94: CÀ TÍM SỌC PHA LÊ HỘP 500GR VR | D94: =B94*C94 -> 0
A95: CÀ TÍM SỌC PHA LÊ TÍM (KG) VR | D95: =B95*C95 -> 0
A96: CÀ Ý VỈ 650GR | D96: =B96*C96 -> 0
A97: CẢI CẦU VỒNG | D97: =B97*C97 -> 0
A98: CẢI CẦU VỒNG 300GR | D98: =B98*C98 -> 0
A99: CẢI CÚC 300GR | D99: =B99*C99 -> 0
... A168: DƯA LEO BABY KQ(KG) | D168: =B168*C168 -> 0
A169: DƯA LEO BABY VR | B169: =270+35 -> 305 | C169: 6500 | D169: =B169*C169 -> 1982500
A170: DƯA LEO BABY VR 300G | D170: =B170*C170 -> 0
A171: DƯA LEO BABY VR(KG) | B171: 35 | C171: 11000 | D171: =B171*C171 -> 385000
A172: DƯA LEO BABY VR(KG)-NA | D172: =B172*C172 -> 0
A173: DƯA LEO BABY XÁ | D173: =B173*C173 -> 0
A174: DƯA LEO GIỐNG NHẬT 600GR | D174: =B174*C174 -> 0
A175: DƯA LEO GIỐNG NHẬT KG | B175: 20 | C175: 11000 | D175: =B175*C175 -> 220000
...

Sheet 4.6
A1: hàng tồn cuối ngày 4/6 vr
A2: TÊN SẢN PHẨM | B2: TỒN TRƯỚC | C2: GIÁ NHẬP | D2: THÀNH TIỀN
A3: BẮP CẢI TÍM | B3: 18 | C3: 11000 | D3: =B3*C3 -> 198000
A4: BẮP CẢI TÍM (BẮP) | D4: =B4*C4 -> 0
A5: BẮP CẢI TÍM SUSHI | D5: =B5*C5 -> 0
A6: BẮP CẢI TRẮNG | D6: =B6*C6 -> 0
A7: BẮP CẢI TRẮNG (BẮP) | D7: =B7*C7 -> 0
A8: BẮP CẢI TRẮNG MỘC CHÂU | D8: =B8*C8 -> 0
A9: BẮP CẢI TRẮNG SÓI BIỂN | D9: =B9*C9 -> 0
A10: BẮP CẢI TRẮNG SUSHI | D10: =B10*C10 -> 0
A11: BẮP MỸ CẶP | D11: =B11*C11 -> 0
A12: BẦU | B12: 8 | C12: 10000 | D12: =B12*C12 -> 80000
A13: BÍ ĐAO XANH | D13: =B13*C13 -> 0
A14: BÍ ĐAO XANH 400G | D14: =B14*C14 -> 0
A15: BÍ ĐỎ HỒ LÔ | D15: =B15*C15 -> 0
A16: BÍ ĐỎ MINI | D16: =B16*C16 -> 0
A17: BÍ ĐỎ NON (KG)KQ | D17: =B17*C17 -> 0
A18: BÍ ĐỎ NON TRÁI VR | B18: 25 | C18: 3500 | D18: =B18*C18 -> 87500
A19: BÍ ĐỎ NON( KG) VR | D19: =B19*C19 -> 0
A20: BÍ ĐỎ TRÒN | B20: 300 | C20: 12000 | D20: =B20*C20 -> 3600000
A21: BÍ MINI VÀNG 300GR | D21: =B21*C21 -> 0
A22: BÍ MINI VÀNG KG | D22: =B22*C22 -> 0
A23: BÍ NGÒI VÀNG | D23: =B23*C23 -> 0
A24: BÍ NGÒI VÀNG (TRÁI) | D24: =B24*C24 -> 0
A25: BÍ NGÒI XANH | B25: =30+15+35+51 -> 131 | C25: 10000 | D25: =B25*C25 -> 1310000
A26: BÍ NGÒI XANH(TRÁI) | D26: =B26*C26 -> 0
A27: BÍ NHẬT | D27: =B27*C27 -> 0
A28: BƠ 034 | B28: =38+46 -> 84 | C28: 17000 | D28: =B28*C28 -> 1428000
A29: BƠ BOOTH | D29: =B29*C29 -> 0
A30: BO HOA CHUONG | D30: =B30*C30 -> 0
A31: BO HOA CUC TANA | D31: =B31*C31 -> 0
A32: BO HOA DONG TIEN HN | D32: =B32*C32 -> 0
A33: BO HOA LOA KEN | D33: =B33*C33 -> 0
A34: BO HOA PHANG | D34: =B34*C34 -> 0
A35: BO HOA SEN QUAN AM | D35: =B35*C35 -> 0
A36: BO HOA SEN SUPER | D36: =B36*C36 -> 0
A37: BƠ SÁP | B37: 6 | C37: 14000 | D37: =B37*C37 -> 84000
A38: BÓ XÔI | D38: =B38*C38 -> 0
A39: BÓ XÔI 300G VR | D39: =B39*C39 -> 0
A40: BÓ XÔI-HN KQ | D40: =B40*C40 -> 0
A41: BÓ XÔI-NA | D41: =B41*C41 -> 0
A42: BÔNG ATISO | D42: =B42*C42 -> 0
A43: BÔNG BÍ | D43: =B43*C43 -> 0
A44: BÔNG BÍ TÚI 300GR | D44: =B44*C44 -> 0
A45: BÔNG CẢI TRẮNG | D45: =B45*C45 -> 0
A46: BÔNG CẢI TRẮNG (CÂY) | D46: =B46*C46 -> 0
A47: BÔNG CẢI XANH 10P | D47: =B47*C47 -> 0
A48: BÔNG CẢI XANH AEON | D48: =B48*C48 -> 0
A49: BÔNG CẢI XANH AEON (CÂY) | D49: =B49*C49 -> 0
... A56: CÀ CHUA BI (HỘP) 300GR KQ | D56: =B56*C56 -> 0
A57: CÀ CHUA BI (HỘP) 300GR VR | B57: =17+10 -> 27 | C57: 15000 | D57: =B57*C57 -> 405000
A58: CÀ CHUA BI 300GR KQ (KG) | D58: =B58*C58 -> 0
A59: CÀ CHUA BI 300GR VR (KG) | D59: =B59*C59 -> 0
A60: CÀ CHUA BI CAM SỮA (KG) VR | D60: =B60*C60 -> 0
A61: CÀ CHUA BI COOP | D61: =B61*C61 -> 0
A62: CÀ CHUA BI-NA | D62: =B62*C62 -> 0
A63: CÀ CHUA CHERRY MIX 300G | D63: =B63*C63 -> 0
A64: CÀ CHUA L1 | B64: 45 | C64: 15000 | D64: =B64*C64 -> 675000
A65: CÀ CHUA MỘC CHÂU | D65: =B65*C65 -> 0
A66: CÀ CHUA NGỌT | D66: =B66*C66 -> 0
A67: CÀ CHUA NGỌT 300GR (KG) | D67: =B67*C67 -> 0
A68: CÀ CHUA NGỌT XÁ | D68: =B68*C68 -> 0
A69: CÀ CHUA ROSEBERRY 300G | D69: =B69*C69 -> 0
A70: CÀ CHUA SÔCOLA 250GR (HỘP) VR | D70: =B70*C70 -> 0
A71: CÀ CHUA SÔCOLA 250GR (KG) -NA | D71: =B71*C71 -> 0
A72: CÀ CHUA SÔCOLA 250GR (KG) VR | D72: =B72*C72 -> 0
A73: CÀ CHUA SÔCOLA 250GR(KG) KQ | D73: =B73*C73 -> 0
A74: CÀ CHUA SÔCOLA 300GR (HỘP) VR | D74: =B74*C74 -> 0
A75: CÀ CHUA SOCOLA XÁ | D75: =B75*C75 -> 0
A76: CÀ CHUA SÔCOLA(HỘP) KQ | D76: =B76*C76 -> 0
... A79: CÀ CHUA Ý 500G | D79: =B79*C79 -> 0
A80: CÀ CHUA Ý CHÙM | B80: 140 | C80: 32000 | D80: =B80*C80 -> 4480000
A81: CÀ CHUA Ý(VỈ) KG | B81: =40-7 -> 33 | C81: 23000 | D81: =B81*C81 -> 759000
A82: CÀ CHUA Ý(VỈ) KG KQ | D82: =B82*C82 -> 0
A83: CÀ RỐT BABY | D83: =B83*C83 -> 0
A84: CÀ RỐT BABY (KG) KQ | D84: =B84*C84 -> 0
A85: CÀ RỐT BABY 200GR | D85: =B85*C85 -> 0
A86: CÀ RỐT DL | D86: =B86*C86 -> 0
A87: CÀ RỐT DL L1 | D87: =B87*C87 -> 0
A88: CÀ RỐT DL TÚI LƯỚI 500GR VR | D88: =B88*C88 -> 0
A89: CÀ RỐT TRUNG | D89: =B89*C89 -> 0
A90: CÀ RỐT TÚI LƯỚI 800G KQ | D90: =B90*C90 -> 0
A91: CÀ TÍM | B91: 45 | C91: 9000 | D91: =B91*C91 -> 405000
A92: CÀ TÍM CẶP 400G | D92: =B92*C92 -> 0
A93: CÀ TÍM SỌC PHA LÊ 300G | D93: =B93*C93 -> 0
A94: CÀ TÍM SỌC PHA LÊ HỘP 500GR VR | D94: =B94*C94 -> 0
A95: CÀ TÍM SỌC PHA LÊ TÍM (KG) VR | D95: =B95*C95 -> 0
A96: CÀ Ý VỈ 650GR | D96: =B96*C96 -> 0
A97: CẢI CẦU VỒNG | D97: =B97*C97 -> 0
A98: CẢI CẦU VỒNG 300GR | D98: =B98*C98 -> 0
A99: CẢI CÚC 300GR | D99: =B99*C99 -> 0
A100: CẢI KALE | D100: =B100*C100 -> 0
A101: CẢI KALE 150GR | D101: =B101*C101 -> 0
A102: CẢI KALE 300GR | D102: =B102*C102 -> 0
A103: CẢI MÈO MỘC CHÂU | D103: =B103*C103 -> 0
... A131: CỦ CẢI MUỐI (VỈ) 250G KQ | D131: =B131*C131 -> 0
A132: CỦ CẢI MUỐI(KG) | B132: 3 | C132: 16000 | D132: =B132*C132 -> 48000
A133: CỦ CẢI TRẮNG | D133: =B133*C133 -> 0
A134: CỦ CẢI TRẮNG CẶP 400GR | D134: =B134*C134 -> 0
A135: CỦ ĐẬU 400G | D135: =B135*C135 -> 0
...

Sheet 5.6
A1: hàng tồn cuối ngày 5/6 vr
A2: TÊN SẢN PHẨM | B2: TỒN TRƯỚC | C2: GIÁ NHẬP | D2: THÀNH TIỀN
A3: BẮP CẢI TÍM | D3: =B3*C3 -> 0
A4: BẮP CẢI TÍM (BẮP) | D4: =B4*C4 -> 0
A5: BẮP CẢI TÍM SUSHI | D5: =B5*C5 -> 0
A6: BẮP CẢI TRẮNG | D6: =B6*C6 -> 0
A7: BẮP CẢI TRẮNG (BẮP) | D7: =B7*C7 -> 0
A8: BẮP CẢI TRẮNG MỘC CHÂU | D8: =B8*C8 -> 0
A9: BẮP CẢI TRẮNG SÓI BIỂN | D9: =B9*C9 -> 0
A10: BẮP CẢI TRẮNG SUSHI | D10: =B10*C10 -> 0
A11: BẮP MỸ CẶP | D11: =B11*C11 -> 0
A12: BẦU | B12: 2 | C12: 10000 | D12: =B12*C12 -> 20000
A13: BÍ ĐAO XANH | D13: =B13*C13 -> 0
A14: BÍ ĐAO XANH 400G | D14: =B14*C14 -> 0
A15: BÍ ĐỎ HỒ LÔ | B15: 5 | C15: 20000 | D15: =B15*C15 -> 100000
A16: BÍ ĐỎ MINI | D16: =B16*C16 -> 0
A17: BÍ ĐỎ NON (KG)KQ | D17: =B17*C17 -> 0
A18: BÍ ĐỎ NON TRÁI VR | B18: =60+100+5 -> 165 | C18: 4000 | D18: =B18*C18 -> 660000
A19: BÍ ĐỎ NON( KG) VR | B19: 25 | C19: 13000 | D19: =B19*C19 -> 325000
A20: BÍ ĐỎ TRÒN | B20: 300 | C20: 14000 | D20: =B20*C20 -> 4200000
A21: BÍ MINI VÀNG 300GR | D21: =B21*C21 -> 0
A22: BÍ MINI VÀNG KG | D22: =B22*C22 -> 0
A23: BÍ NGÒI VÀNG | D23: =B23*C23 -> 0
A24: BÍ NGÒI VÀNG (TRÁI) | D24: =B24*C24 -> 0
A25: BÍ NGÒI XANH | B25: 100 | C25: 8000 | D25: =B25*C25 -> 800000
A26: BÍ NGÒI XANH(TRÁI) | D26: =B26*C26 -> 0
A27: BÍ NHẬT | D27: =B27*C27 -> 0
A28: BƠ 034 | B28: =75+25+30 -> 130 | C28: 17000 | D28: =B28*C28 -> 2210000
A29: BƠ BOOTH | B29: 14 | C29: 24000 | D29: =B29*C29 -> 336000
A30: BO HOA CHUONG | D30: =B30*C30 -> 0
A31: BO HOA CUC TANA | D31: =B31*C31 -> 0
A32: BO HOA DONG TIEN HN | D32: =B32*C32 -> 0
A33: BO HOA LOA KEN | D33: =B33*C33 -> 0
A34: BO HOA PHANG | D34: =B34*C34 -> 0
A35: BO HOA SEN QUAN AM | D35: =B35*C35 -> 0
A36: BO HOA SEN SUPER | D36: =B36*C36 -> 0
A37: BƠ SÁP | D37: =B37*C37 -> 0
A38: BÓ XÔI | D38: =B38*C38 -> 0
A39: BÓ XÔI 300G VR | D39: =B39*C39 -> 0
A40: BÓ XÔI-HN KQ | D40: =B40*C40 -> 0
A41: BÓ XÔI-NA | D41: =B41*C41 -> 0
... A46: BÔNG CẢI TRẮNG (CÂY) | D46: =B46*C46 -> 0
A47: BÔNG CẢI XANH 10P | B47: 60 | C47: 24000 | D47: =B47*C47 -> 1440000
A48: BÔNG CẢI XANH AEON | D48: =B48*C48 -> 0
A49: BÔNG CẢI XANH AEON (CÂY) | D49: =B49*C49 -> 0
A50: BÔNG CẢI XANH BABY (KG) | D50: =B50*C50 -> 0
A51: BÔNG CẢI XANH BABY 200G | D51: =B51*C51 -> 0
A52: BÔNG CẢI XANH BIGC | D52: =B52*C52 -> 0
A53: BÔNG CẢI XANH CITI | D53: =B53*C53 -> 0
A54: CÀ CHUA | D54: =B54*C54 -> 0
A55: CÀ CHUA BI | D55: =B55*C55 -> 0
A56: CÀ CHUA BI (HỘP) 300GR KQ | D56: =B56*C56 -> 0
A57: CÀ CHUA BI (HỘP) 300GR VR | D57: =B57*C57 -> 0
A58: CÀ CHUA BI 300GR KQ (KG) | D58: =B58*C58 -> 0
A59: CÀ CHUA BI 300GR VR (KG) | D59: =B59*C59 -> 0
... A78: CÀ CHUA Ý | D78: =B78*C78 -> 0
A79: CÀ CHUA Ý 500G | B79: 100 | C79: 11500 | D79: =B79*C79 -> 1150000
A80: CÀ CHUA Ý CHÙM | D80: =B80*C80 -> 0
A81: CÀ CHUA Ý(VỈ) KG | B81: 8 | C81: 23000 | D81: =B81*C81 -> 184000
A82: CÀ CHUA Ý(VỈ) KG KQ | D82: =B82*C82 -> 0
A83: CÀ RỐT BABY | D83: =B83*C83 -> 0
A84: CÀ RỐT BABY (KG) KQ | D84: =B84*C84 -> 0
A85: CÀ RỐT BABY 200GR | D85: =B85*C85 -> 0
A86: CÀ RỐT DL | D86: =B86*C86 -> 0
A87: CÀ RỐT DL L1 | B87: 5 | C87: 12000 | D87: =B87*C87 -> 60000
A88: CÀ RỐT DL TÚI LƯỚI 500GR VR | D88: =B88*C88 -> 0
A89: CÀ RỐT TRUNG | D89: =B89*C89 -> 0
A90: CÀ RỐT TÚI LƯỚI 800G KQ | D90: =B90*C90 -> 0
A91: CÀ TÍM | D91: =B91*C91 -> 0
A92: CÀ TÍM CẶP 400G | D92: =B92*C92 -> 0
A93: CÀ TÍM SỌC PHA LÊ 300G | D93: =B93*C93 -> 0
A94: CÀ TÍM SỌC PHA LÊ HỘP 500GR VR | D94: =B94*C94 -> 0
A95: CÀ TÍM SỌC PHA LÊ TÍM (KG) VR | D95: =B95*C95 -> 0
A96: CÀ Ý VỈ 650GR | D96: =B96*C96 -> 0
A97: CẢI CẦU VỒNG | D97: =B97*C97 -> 0
A98: CẢI CẦU VỒNG 300GR | B98: 1 | C98: 30000 | D98: =B98*C98 -> 30000
A99: CẢI CÚC 300GR | D99: =B99*C99 -> 0
A100: CẢI KALE | D100: =B100*C100 -> 0
A101: CẢI KALE 150GR | D101: =B101*C101 -> 0
A102: CẢI KALE 300GR | D102: =B102*C102 -> 0
A103: CẢI MÈO MỘC CHÂU | D103: =B103*C103 -> 0
A104: CẢI THẢO DL | B104: 100 | C104: 7000 | D104: =B104*C104 -> 700000
A105: CẢI THẢO DL(BẮP) | D105: =B105*C105 -> 0
A106: CẢI THẢO HỎA TIỄN | D106: =B106*C106 -> 0
A107: CẢI THẢO HỎA TIỄN 250GR | D107: =B107*C107 -> 0
A108: CẢI THẢO KIM CHI | D108: =B108*C108 -> 0
A109: CẢI THẢO MỘC CHÂU | D109: =B109*C109 -> 0
A110: CẢI THẢO VR | D110: =B110*C110 -> 0
A111: CẦN TÂY (KG) | B111: 24 | C111: 24000 | D111: =B111*C111 -> 576000
A112: CẦN TÂY THUỶ CANH | D112: =B112*C112 -> 0
A113: CẦN TÂY(CÂY) | D113: =B113*C113 -> 0
A114: CHANH DÂY | D114: =B114*C114 -> 0
A115: CHANH DÂY NGỌT L2 | D115: =B115*C115 -> 0
A116: CHANH DÂY NGỌT VỈ 300GR | D116: =B116*C116 -> 0
A117: CHANH KHÔNG HẠT | D117: =B117*C117 -> 0
A118: CHANH VÀNG (KG) | D118: =B118*C118 -> 0
A119: CHANH VÀNG TRÁI 180UP | D119: =B119*C119 -> 0
A120: CHẬU CÂY CẢI CẦU VỒNG | D120: =B120*C120 -> 0
A121: CHẬU CÂY CẢI KALE | D121: =B121*C121 -> 0
A122: CHẬU CÂY CẦN TÂY | D122: =B122*C122 -> 0
...

Sheet 6.6
A1: hàng tồn cuối ngày 6/6 vr
A2: TÊN SẢN PHẨM | B2: TỒN TRƯỚC | C2: GIÁ NHẬP | D2: THÀNH TIỀN
A3: BẮP CẢI TÍM | D3: =B3*C3 -> 0
A4: BẮP CẢI TÍM (BẮP) | D4: =B4*C4 -> 0
A5: BẮP CẢI TÍM SUSHI | D5: =B5*C5 -> 0
A6: BẮP CẢI TRẮNG | D6: =B6*C6 -> 0
A7: BẮP CẢI TRẮNG (BẮP) | D7: =B7*C7 -> 0
A8: BẮP CẢI TRẮNG MỘC CHÂU | D8: =B8*C8 -> 0
A9: BẮP CẢI TRẮNG SÓI BIỂN | D9: =B9*C9 -> 0
A10: BẮP CẢI TRẮNG SUSHI | D10: =B10*C10 -> 0
A11: BẮP MỸ CẶP | D11: =B11*C11 -> 0
A12: BẦU | B12: 2 | C12: 10000 | D12: =B12*C12 -> 20000
A13: BÍ ĐAO XANH | D13: =B13*C13 -> 0
A14: BÍ ĐAO XANH 400G | D14: =B14*C14 -> 0
A15: BÍ ĐỎ HỒ LÔ | B15: 4 | C15: 20000 | D15: =B15*C15 -> 80000
A16: BÍ ĐỎ MINI | D16: =B16*C16 -> 0
A17: BÍ ĐỎ NON (KG)KQ | D17: =B17*C17 -> 0
A18: BÍ ĐỎ NON TRÁI VR | B18: =125+18+18 -> 161 | C18: 4000 | D18: =B18*C18 -> 644000
A19: BÍ ĐỎ NON( KG) VR | D19: =B19*C19 -> 0
A20: BÍ ĐỎ TRÒN | B20: 300 | C20: 14000 | D20: =B20*C20 -> 4200000
A21: BÍ MINI VÀNG 300GR | D21: =B21*C21 -> 0
A22: BÍ MINI VÀNG KG | D22: =B22*C22 -> 0
A23: BÍ NGÒI VÀNG | D23: =B23*C23 -> 0
A24: BÍ NGÒI VÀNG (TRÁI) | D24: =B24*C24 -> 0
A25: BÍ NGÒI XANH | B25: 103 | C25: 8000 | D25: =B25*C25 -> 824000
A26: BÍ NGÒI XANH(TRÁI) | D26: =B26*C26 -> 0
A27: BÍ NHẬT | D27: =B27*C27 -> 0
A28: BƠ 034 | B28: =104+140+5+6 -> 255 | C28: 17000 | D28: =B28*C28 -> 4335000
A29: BƠ BOOTH | D29: =B29*C29 -> 0
A30: BO HOA CHUONG | D30: =B30*C30 -> 0
A31: BO HOA CUC TANA | D31: =B31*C31 -> 0
A32: BO HOA DONG TIEN HN | D32: =B32*C32 -> 0
A33: BO HOA LOA KEN | D33: =B33*C33 -> 0
A34: BO HOA PHANG | D34: =B34*C34 -> 0
A35: BO HOA SEN QUAN AM | D35: =B35*C35 -> 0
A36: BO HOA SEN SUPER | D36: =B36*C36 -> 0
A37: BƠ SÁP | B37: =21+43+27+13 -> 104 | C37: 10000 | D37: =B37*C37 -> 1040000
A38: BÓ XÔI | D38: =B38*C38 -> 0
A39: BÓ XÔI 300G VR | D39: =B39*C39 -> 0
A40: BÓ XÔI-HN KQ | D40: =B40*C40 -> 0
A41: BÓ XÔI-NA | D41: =B41*C41 -> 0
A42: BÔNG ATISO | D42: =B42*C42 -> 0
A43: BÔNG BÍ | D43: =B43*C43 -> 0
A44: BÔNG BÍ TÚI 300GR | D44: =B44*C44 -> 0
A45: BÔNG CẢI TRẮNG | D45: =B45*C45 -> 0
A46: BÔNG CẢI TRẮNG (CÂY) | D46: =B46*C46 -> 0
A47: BÔNG CẢI XANH 10P | B47: 5 | C47: 23000 | D47: =B47*C47 -> 115000
A48: BÔNG CẢI XANH AEON | D48: =B48*C48 -> 0
A49: BÔNG CẢI XANH AEON (CÂY) | D49: =B49*C49 -> 0
A50: BÔNG CẢI XANH BABY (KG) | D50: =B50*C50 -> 0
A51: BÔNG CẢI XANH BABY 200G | D51: =B51*C51 -> 0
A52: BÔNG CẢI XANH BIGC | D52: =B52*C52 -> 0
A53: BÔNG CẢI XANH CITI | D53: =B53*C53 -> 0
A54: CÀ CHUA | D54: =B54*C54 -> 0
A55: CÀ CHUA BI | D55: =B55*C55 -> 0
A56: CÀ CHUA BI (HỘP) 300GR KQ | D56: =B56*C56 -> 0
A57: CÀ CHUA BI (HỘP) 300GR VR | D57: =B57*C57 -> 0
A58: CÀ CHUA BI 300GR KQ (KG) | D58: =B58*C58 -> 0
A59: CÀ CHUA BI 300GR VR (KG) | D59: =B59*C59 -> 0
... A78: CÀ CHUA Ý | D78: =B78*C78 -> 0
A79: CÀ CHUA Ý 500G | B79: =18+34 -> 52 | C79: 23000 | D79: =B79*C79 -> 1196000
A80: CÀ CHUA Ý CHÙM | B80: =60+60 -> 120 | C80: 32000 | D80: =B80*C80 -> 3840000
A81: CÀ CHUA Ý(VỈ) KG | D81: =B81*C81 -> 0
A82: CÀ CHUA Ý(VỈ) KG KQ | D82: =B82*C82 -> 0
A83: CÀ RỐT BABY | D83: =B83*C83 -> 0
A84: CÀ RỐT BABY (KG) KQ | D84: =B84*C84 -> 0
A85: CÀ RỐT BABY 200GR | D85: =B85*C85 -> 0
A86: CÀ RỐT DL | D86: =B86*C86 -> 0
A87: CÀ RỐT DL L1 | D87: =B87*C87 -> 0
A88: CÀ RỐT DL TÚI LƯỚI 500GR VR | D88: =B88*C88 -> 0
A89: CÀ RỐT TRUNG | D89: =B89*C89 -> 0
A90: CÀ RỐT TÚI LƯỚI 800G KQ | D90: =B90*C90 -> 0
A91: CÀ TÍM | B91: 50 | C91: 6000 | D91: =B91*C91 -> 300000
A92: CÀ TÍM CẶP 400G | D92: =B92*C92 -> 0
A93: CÀ TÍM SỌC PHA LÊ 300G | D93: =B93*C93 -> 0
A94: CÀ TÍM SỌC PHA LÊ HỘP 500GR VR | D94: =B94*C94 -> 0
A95: CÀ TÍM SỌC PHA LÊ TÍM (KG) VR | D95: =B95*C95 -> 0
A96: CÀ Ý VỈ 650GR | D96: =B96*C96 -> 0
A97: CẢI CẦU VỒNG | D97: =B97*C97 -> 0
A98: CẢI CẦU VỒNG 300GR | D98: =B98*C98 -> 0
A99: CẢI CÚC 300GR | D99: =B99*C99 -> 0
A100: CẢI KALE | D100: =B100*C100 -> 0
A101: CẢI KALE 150GR | D101: =B101*C101 -> 0
A102: CẢI KALE 300GR | D102: =B102*C102 -> 0
A103: CẢI MÈO MỘC CHÂU | D103: =B103*C103 -> 0
... A110: CẢI THẢO VR | D110: =B110*C110 -> 0
A111: CẦN TÂY (KG) | B111: =8+22+10 -> 40 | C111: 20000 | D111: =B111*C111 -> 800000
A112: CẦN TÂY THUỶ CANH | D112: =B112*C112 -> 0
A113: CẦN TÂY(CÂY) | D113: =B113*C113 -> 0
A114: CHANH DÂY | D114: =B114*C114 -> 0
A115: CHANH DÂY NGỌT L2 | D115: =B115*C115 -> 0
A116: CHANH DÂY NGỌT VỈ 300GR | D116: =B116*C116 -> 0
A117: CHANH KHÔNG HẠT | D117: =B117*C117 -> 0
A118: CHANH VÀNG (KG) | D118: =B118*C118 -> 0
A119: CHANH VÀNG TRÁI 180UP | D119: =B119*C119 -> 0
A120: CHẬU CÂY CẢI CẦU VỒNG | D120: =B120*C120 -> 0
A121: CHẬU CÂY CẢI KALE | D121: =B121*C121 -> 0
A122: CHẬU CÂY CẦN TÂY | D122: =B122*C122 -> 0
A123: CHUỐI LABA | D123: =B123*C123 -> 0
... A146: ĐẬU CÚC 250GR | D146: =B146*C146 -> 0
...

Sheet 7.6
A1: hàng tồn cuối ngày 7/6 vr
A2: TÊN SẢN PHẨM | B2: TỒN TRƯỚC | C2: GIÁ NHẬP | D2: THÀNH TIỀN
A3: BẮP CẢI TÍM | B3: 25 | C3: 11000 | D3: =B3*C3 -> 275000
A4: BẮP CẢI TÍM (BẮP) | D4: =B4*C4 -> 0
A5: BẮP CẢI TÍM SUSHI | D5: =B5*C5 -> 0
A6: BẮP CẢI TRẮNG | D6: =B6*C6 -> 0
A7: BẮP CẢI TRẮNG (BẮP) | D7: =B7*C7 -> 0
A8: BẮP CẢI TRẮNG MỘC CHÂU | D8: =B8*C8 -> 0
A9: BẮP CẢI TRẮNG SÓI BIỂN | D9: =B9*C9 -> 0
A10: BẮP CẢI TRẮNG SUSHI | D10: =B10*C10 -> 0
A11: BẮP MỸ CẶP | D11: =B11*C11 -> 0
A12: BẦU | D12: =B12*C12 -> 0
A13: BÍ ĐAO XANH | D13: =B13*C13 -> 0
A14: BÍ ĐAO XANH 400G | D14: =B14*C14 -> 0
A15: BÍ ĐỎ HỒ LÔ | D15: =B15*C15 -> 0
... A18: BÍ ĐỎ NON TRÁI VR | D18: =B18*C18 -> 0
A19: BÍ ĐỎ NON( KG) VR | B19: 60 | C19: 4000 | D19: =B19*C19 -> 240000
A20: BÍ ĐỎ TRÒN | D20: =B20*C20 -> 0
A21: BÍ MINI VÀNG 300GR | D21: =B21*C21 -> 0
A22: BÍ MINI VÀNG KG | D22: =B22*C22 -> 0
A23: BÍ NGÒI VÀNG | D23: =B23*C23 -> 0
A24: BÍ NGÒI VÀNG (TRÁI) | D24: =B24*C24 -> 0
A25: BÍ NGÒI XANH | B25: 20 | C25: 8000 | D25: =B25*C25 -> 160000
A26: BÍ NGÒI XANH(TRÁI) | D26: =B26*C26 -> 0
A27: BÍ NHẬT | D27: =B27*C27 -> 0
A28: BƠ 034 | B28: =180+40+65 -> 285 | C28: 17000 | D28: =B28*C28 -> 4845000
A29: BƠ BOOTH | D29: =B29*C29 -> 0
A30: BO HOA CHUONG | D30: =B30*C30 -> 0
A31: BO HOA CUC TANA | D31: =B31*C31 -> 0
A32: BO HOA DONG TIEN HN | D32: =B32*C32 -> 0
A33: BO HOA LOA KEN | D33: =B33*C33 -> 0
A34: BO HOA PHANG | D34: =B34*C34 -> 0
A35: BO HOA SEN QUAN AM | D35: =B35*C35 -> 0
A36: BO HOA SEN SUPER | D36: =B36*C36 -> 0
A37: BƠ SÁP | B37: 45 | C37: 10000 | D37: =B37*C37 -> 450000
A38: BÓ XÔI | D38: =B38*C38 -> 0
A39: BÓ XÔI 300G VR | D39: =B39*C39 -> 0
A40: BÓ XÔI-HN KQ | D40: =B40*C40 -> 0
A41: BÓ XÔI-NA | D41: =B41*C41 -> 0
A42: BÔNG ATISO | D42: =B42*C42 -> 0
A43: BÔNG BÍ | D43: =B43*C43 -> 0
A44: BÔNG BÍ TÚI 300GR | D44: =B44*C44 -> 0
A45: BÔNG CẢI TRẮNG | D45: =B45*C45 -> 0
A46: BÔNG CẢI TRẮNG (CÂY) | D46: =B46*C46 -> 0
A47: BÔNG CẢI XANH 10P | D47: =B47*C47 -> 0
A48: BÔNG CẢI XANH AEON | D48: =B48*C48 -> 0
A49: BÔNG CẢI XANH AEON (CÂY) | D49: =B49*C49 -> 0
... A80: CÀ CHUA Ý CHÙM | D80: =B80*C80 -> 0
A81: CÀ CHUA Ý(VỈ) KG | B81: 55 | C81: 23000 | D81: =B81*C81 -> 1265000
A82: CÀ CHUA Ý(VỈ) KG KQ | D82: =B82*C82 -> 0
A83: CÀ RỐT BABY | D83: =B83*C83 -> 0
A84: CÀ RỐT BABY (KG) KQ | D84: =B84*C84 -> 0
A85: CÀ RỐT BABY 200GR | D85: =B85*C85 -> 0
A86: CÀ RỐT DL | D86: =B86*C86 -> 0
A87: CÀ RỐT DL L1 | D87: =B87*C87 -> 0
A88: CÀ RỐT DL TÚI LƯỚI 500GR VR | D88: =B88*C88 -> 0
A89: CÀ RỐT TRUNG | D89: =B89*C89 -> 0
A90: CÀ RỐT TÚI LƯỚI 800G KQ | D90: =B90*C90 -> 0
A91: CÀ TÍM | D91: =B91*C91 -> 0
A92: CÀ TÍM CẶP 400G | D92: =B92*C92 -> 0
A93: CÀ TÍM SỌC PHA LÊ 300G | D93: =B93*C93 -> 0
... A103: CẢI MÈO MỘC CHÂU | D103: =B103*C103 -> 0
A104: CẢI THẢO DL | B104: 170 | C104: 7500 | D104: =B104*C104 -> 1275000
A105: CẢI THẢO DL(BẮP) | D105: =B105*C105 -> 0
A106: CẢI THẢO HỎA TIỄN | D106: =B106*C106 -> 0
A107: CẢI THẢO HỎA TIỄN 250GR | D107: =B107*C107 -> 0
A108: CẢI THẢO KIM CHI | D108: =B108*C108 -> 0
A109: CẢI THẢO MỘC CHÂU | D109: =B109*C109 -> 0
A110: CẢI THẢO VR | D110: =B110*C110 -> 0
A111: CẦN TÂY (KG) | D111: =B111*C111 -> 0
A112: CẦN TÂY THUỶ CANH | D112: =B112*C112 -> 0
A113: CẦN TÂY(CÂY) | D113: =B113*C113 -> 0
A114: CHANH DÂY | D114: =B114*C114 -> 0
A115: CHANH DÂY NGỌT L2 | D115: =B115*C115 -> 0
A116: CHANH DÂY NGỌT VỈ 300GR | D116: =B116*C116 -> 0
... A165: DỨA 350G | D165: =B165*C165 -> 0
A166: DƯA LEO | B166: 2 | C166: 7000 | D166: =B166*C166 -> 14000
A167: DƯA LEO 400G | D167: =B167*C167 -> 0
A168: DƯA LEO BABY KQ(KG) | D168: =B168*C168 -> 0
A169: DƯA LEO BABY VR | B169: =100+108 -> 208 | C169: 6500 | D169: =B169*C169 -> 1352000
A170: DƯA LEO BABY VR 300G | D170: =B170*C170 -> 0
A171: DƯA LEO BABY VR(KG) | D171: =B171*C171 -> 0
A172: DƯA LEO BABY VR(KG)-NA | D172: =B172*C172 -> 0
A173: DƯA LEO BABY XÁ | D173: =B173*C173 -> 0
A174: DƯA LEO GIỐNG NHẬT 600GR | D174: =B174*C174 -> 0
A175: DƯA LEO GIỐNG NHẬT KG | D175: =B175*C175 -> 0
A176: DƯA LEO KG (VỈ) | D176: =B176*C176 -> 0
A177: GỪNG | D177: =B177*C177 -> 0
A178: GỪNG 250GR | D178: =B178*C178 -> 0
A179: HÀNH LÁ | D179: =B179*C179 -> 0
A180: HÀNH LÁ THUỶ CANH | D180: =B180*C180 -> 0
A181: HÀNH LÁ THUỶ CANH(KG) VR | D181: =B181*C181 -> 0
... A183: HÀNH TÂY DL BABY | D183: =B183*C183 -> 0
A184: HÀNH TÂY DL L1 | B184: 180 | C184: 8000 | D184: =B184*C184 -> 1440000
A185: HÀNH TÂY DL L1 TÚI LƯỚI 300GR | B185: =120*3 -> 360 | C185: 2100 | D185: =B185*C185 -> 756000
A186: HÀNH TÂY DL TRUNG | D186: =B186*C186 -> 0
A187: HANH TAY TIM | B187: 20 | C187: 20000 | D187: =B187*C187 -> 400000
A188: HANH TAY TIM ĐL (TÚI LƯỚI) | D188: =B188*C188 -> 0
A189: HÀNH TÂY TÚI LƯỚI 300GR | D189: =B189*C189 -> 0
A190: HẠT DẺ TƯƠI BẮC KINH | D190: =B190*C190 -> 0
...

Sheet 8.6
A1: hàng tồn cuối ngày 8/6 vr
A2: TÊN SẢN PHẨM | B2: TỒN TRƯỚC | C2: GIÁ NHẬP | D2: THÀNH TIỀN
A3: BẮP CẢI TÍM | B3: 18 | C3: 11000 | D3: =B3*C3 -> 198000
A4: BẮP CẢI TÍM (BẮP) | D4: =B4*C4 -> 0
A5: BẮP CẢI TÍM SUSHI | D5: =B5*C5 -> 0
A6: BẮP CẢI TRẮNG | D6: =B6*C6 -> 0
A7: BẮP CẢI TRẮNG (BẮP) | D7: =B7*C7 -> 0
A8: BẮP CẢI TRẮNG MỘC CHÂU | D8: =B8*C8 -> 0
A9: BẮP CẢI TRẮNG SÓI BIỂN | D9: =B9*C9 -> 0
A10: BẮP CẢI TRẮNG SUSHI | D10: =B10*C10 -> 0
A11: BẮP MỸ CẶP | D11: =B11*C11 -> 0
A12: BẦU | D12: =B12*C12 -> 0
A13: BÍ ĐAO XANH | D13: =B13*C13 -> 0
A14: BÍ ĐAO XANH 400G | D14: =B14*C14 -> 0
A15: BÍ ĐỎ HỒ LÔ | D15: =B15*C15 -> 0
... A17: BÍ ĐỎ NON (KG)KQ | D17: =B17*C17 -> 0
A18: BÍ ĐỎ NON TRÁI VR | B18: 25 | C18: 4000 | D18: =B18*C18 -> 100000
A19: BÍ ĐỎ NON( KG) VR | B19: =70+42 -> 112 | C19: 13000 | D19: =B19*C19 -> 1456000
A20: BÍ ĐỎ TRÒN | D20: =B20*C20 -> 0
A21: BÍ MINI VÀNG 300GR | D21: =B21*C21 -> 0
A22: BÍ MINI VÀNG KG | D22: =B22*C22 -> 0
A23: BÍ NGÒI VÀNG | D23: =B23*C23 -> 0
A24: BÍ NGÒI VÀNG (TRÁI) | D24: =B24*C24 -> 0
A25: BÍ NGÒI XANH | B25: 58 | C25: 8000 | D25: =B25*C25 -> 464000
A26: BÍ NGÒI XANH(TRÁI) | D26: =B26*C26 -> 0
A27: BÍ NHẬT | D27: =B27*C27 -> 0
A28: BƠ 034 | B28: =75+19 -> 94 | C28: 17000 | D28: =B28*C28 -> 1598000
A29: BƠ BOOTH | B29: 16 | C29: 26000 | D29: =B29*C29 -> 416000
A30: BO HOA CHUONG | D30: =B30*C30 -> 0
A31: BO HOA CUC TANA | D31: =B31*C31 -> 0
A32: BO HOA DONG TIEN HN | D32: =B32*C32 -> 0
A33: BO HOA LOA KEN | D33: =B33*C33 -> 0
A34: BO HOA PHANG | D34: =B34*C34 -> 0
A35: BO HOA SEN QUAN AM | D35: =B35*C35 -> 0
A36: BO HOA SEN SUPER | D36: =B36*C36 -> 0
A37: BƠ SÁP | B37: 100 | C37: 10000 | D37: =B37*C37 -> 1000000
A38: BÓ XÔI | D38: =B38*C38 -> 0
A39: BÓ XÔI 300G VR | D39: =B39*C39 -> 0
A40: BÓ XÔI-HN KQ | D40: =B40*C40 -> 0
A41: BÓ XÔI-NA | D41: =B41*C41 -> 0
A42: BÔNG ATISO | D42: =B42*C42 -> 0
A43: BÔNG BÍ | B43: 1 | C43: 45000 | D43: =B43*C43 -> 45000
A44: BÔNG BÍ TÚI 300GR | D44: =B44*C44 -> 0
A45: BÔNG CẢI TRẮNG | D45: =B45*C45 -> 0
A46: BÔNG CẢI TRẮNG (CÂY) | D46: =B46*C46 -> 0
A47: BÔNG CẢI XANH 10P | D47: =B47*C47 -> 0
A48: BÔNG CẢI XANH AEON | D48: =B48*C48 -> 0
A49: BÔNG CẢI XANH AEON (CÂY) | D49: =B49*C49 -> 0
A50: BÔNG CẢI XANH BABY (KG) | D50: =B50*C50 -> 0
A51: BÔNG CẢI XANH BABY 200G | D51: =B51*C51 -> 0
A52: BÔNG CẢI XANH BIGC | D52: =B52*C52 -> 0
A53: BÔNG CẢI XANH CITI | D53: =B53*C53 -> 0
A54: CÀ CHUA | D54: =B54*C54 -> 0
A55: CÀ CHUA BI | D55: =B55*C55 -> 0
... A63: CÀ CHUA CHERRY MIX 300G | D63: =B63*C63 -> 0
A64: CÀ CHUA L1 | B64: 20 | C64: 21000 | D64: =B64*C64 -> 420000
A65: CÀ CHUA MỘC CHÂU | D65: =B65*C65 -> 0
A66: CÀ CHUA NGỌT | D66: =B66*C66 -> 0
A67: CÀ CHUA NGỌT 300GR (KG) | D67: =B67*C67 -> 0
A68: CÀ CHUA NGỌT XÁ | D68: =B68*C68 -> 0
A69: CÀ CHUA ROSEBERRY 300G | D69: =B69*C69 -> 0
A70: CÀ CHUA SÔCOLA 250GR (HỘP) VR | D70: =B70*C70 -> 0
A71: CÀ CHUA SÔCOLA 250GR (KG) -NA | D71: =B71*C71 -> 0
A72: CÀ CHUA SÔCOLA 250GR (KG) VR | D72: =B72*C72 -> 0
A73: CÀ CHUA SÔCOLA 250GR(KG) KQ | D73: =B73*C73 -> 0
A74: CÀ CHUA SÔCOLA 300GR (HỘP) VR | D74: =B74*C74 -> 0
A75: CÀ CHUA SOCOLA XÁ | D75: =B75*C75 -> 0
A76: CÀ CHUA SÔCOLA(HỘP) KQ | D76: =B76*C76 -> 0
... A79: CÀ CHUA Ý 500G | D79: =B79*C79 -> 0
A80: CÀ CHUA Ý CHÙM | B80: =45+15 -> 60 | C80: 32000 | D80: =B80*C80 -> 1920000
A81: CÀ CHUA Ý(VỈ) KG | B81: =24+8+40+28 -> 100 | C81: 23000 | D81: =B81*C81 -> 2300000
A82: CÀ CHUA Ý(VỈ) KG KQ | D82: =B82*C82 -> 0
A83: CÀ RỐT BABY | D83: =B83*C83 -> 0
A84: CÀ RỐT BABY (KG) KQ | D84: =B84*C84 -> 0
A85: CÀ RỐT BABY 200GR | D85: =B85*C85 -> 0
A86: CÀ RỐT DL | D86: =B86*C86 -> 0
A87: CÀ RỐT DL L1 | D87: =B87*C87 -> 0
A88: CÀ RỐT DL TÚI LƯỚI 500GR VR | D88: =B88*C88 -> 0
A89: CÀ RỐT TRUNG | D89: =B89*C89 -> 0
A90: CÀ RỐT TÚI LƯỚI 800G KQ | D90: =B90*C90 -> 0
A91: CÀ TÍM | D91: =B91*C91 -> 0
A92: CÀ TÍM CẶP 400G | D92: =B92*C92 -> 0
A93: CÀ TÍM SỌC PHA LÊ 300G | D93: =B93*C93 -> 0
... A105: CẢI THẢO DL(BẮP) | D105: =B105*C105 -> 0
A106: CẢI THẢO HỎA TIỄN | B106: 2 | C106: 15000 | D106: =B106*C106 -> 30000
A107: CẢI THẢO HỎA TIỄN 250GR | D107: =B107*C107 -> 0
A108: CẢI THẢO KIM CHI | D108: =B108*C108 -> 0
A109: CẢI THẢO MỘC CHÂU | D109: =B109*C109 -> 0
A110: CẢI THẢO VR | D110: =B110*C110 -> 0
A111: CẦN TÂY (KG) | D111: =B111*C111 -> 0
A112: CẦN TÂY THUỶ CANH | D112: =B112*C112 -> 0
A113: CẦN TÂY(CÂY) | D113: =B113*C113 -> 0
A114: CHANH DÂY | D114: =B114*C114 -> 0
A115: CHANH DÂY NGỌT L2 | D115: =B115*C115 -> 0
A116: CHANH DÂY NGỌT VỈ 300GR | D116: =B116*C116 -> 0
A117: CHANH KHÔNG HẠT | D117: =B117*C117 -> 0
A118: CHANH VÀNG (KG) | D118: =B118*C118 -> 0
... A170: DƯA LEO BABY VR 300G | D170: =B170*C170 -> 0
A171: DƯA LEO BABY VR(KG) | B171: 45 | C171: 11000 | D171: =B171*C171 -> 495000
A172: DƯA LEO BABY VR(KG)-NA | D172: =B172*C172 -> 0
...

Sheet 9.6
A1: hàng tồn cuối ngày 9/6 vr
A2: TÊN SẢN PHẨM | B2: TỒN TRƯỚC | C2: GIÁ NHẬP | D2: THÀNH TIỀN
A3: BẮP CẢI TÍM | D3: =B3*C3 -> 0
A4: BẮP CẢI TÍM (BẮP) | D4: =B4*C4 -> 0
A5: BẮP CẢI TÍM SUSHI | D5: =B5*C5 -> 0
A6: BẮP CẢI TRẮNG | D6: =B6*C6 -> 0
A7: BẮP CẢI TRẮNG (BẮP) | D7: =B7*C7 -> 0
A8: BẮP CẢI TRẮNG MỘC CHÂU | D8: =B8*C8 -> 0
A9: BẮP CẢI TRẮNG SÓI BIỂN | D9: =B9*C9 -> 0
A10: BẮP CẢI TRẮNG SUSHI | D10: =B10*C10 -> 0
A11: BẮP MỸ CẶP | D11: =B11*C11 -> 0
A12: BẦU | D12: =B12*C12 -> 0
A13: BÍ ĐAO XANH | D13: =B13*C13 -> 0
A14: BÍ ĐAO XANH 400G | D14: =B14*C14 -> 0
... A17: BÍ ĐỎ NON (KG)KQ | D17: =B17*C17 -> 0
A18: BÍ ĐỎ NON TRÁI VR | B18: 106 | C18: 4000 | D18: =B18*C18 -> 424000
A19: BÍ ĐỎ NON( KG) VR | D19: =B19*C19 -> 0
A20: BÍ ĐỎ TRÒN | D20: =B20*C20 -> 0
A21: BÍ MINI VÀNG 300GR | D21: =B21*C21 -> 0
A22: BÍ MINI VÀNG KG | D22: =B22*C22 -> 0
A23: BÍ NGÒI VÀNG | D23: =B23*C23 -> 0
A24: BÍ NGÒI VÀNG (TRÁI) | D24: =B24*C24 -> 0
A25: BÍ NGÒI XANH | B25: 120 | C25: 8000 | D25: =B25*C25 -> 960000
A26: BÍ NGÒI XANH(TRÁI) | D26: =B26*C26 -> 0
A27: BÍ NHẬT | D27: =B27*C27 -> 0
A28: BƠ 034 | B28: =34+12+13 -> 59 | C28: 17000 | D28: =B28*C28 -> 1003000
A29: BƠ BOOTH | D29: =B29*C29 -> 0
A30: BO HOA CHUONG | D30: =B30*C30 -> 0
A31: BO HOA CUC TANA | D31: =B31*C31 -> 0
A32: BO HOA DONG TIEN HN | D32: =B32*C32 -> 0
A33: BO HOA LOA KEN | D33: =B33*C33 -> 0
A34: BO HOA PHANG | D34: =B34*C34 -> 0
A35: BO HOA SEN QUAN AM | D35: =B35*C35 -> 0
A36: BO HOA SEN SUPER | D36: =B36*C36 -> 0
A37: BƠ SÁP | B37: =210+56 -> 266 | C37: 11463 | D37: =B37*C37 -> 3049158
A38: BÓ XÔI | D38: =B38*C38 -> 0
A39: BÓ XÔI 300G VR | D39: =B39*C39 -> 0
A40: BÓ XÔI-HN KQ | D40: =B40*C40 -> 0
A41: BÓ XÔI-NA | D41: =B41*C41 -> 0
A42: BÔNG ATISO | D42: =B42*C42 -> 0
A43: BÔNG BÍ | D43: =B43*C43 -> 0
A44: BÔNG BÍ TÚI 300GR | D44: =B44*C44 -> 0
A45: BÔNG CẢI TRẮNG | D45: =B45*C45 -> 0
A46: BÔNG CẢI TRẮNG (CÂY) | D46: =B46*C46 -> 0
A47: BÔNG CẢI XANH 10P | D47: =B47*C47 -> 0
A48: BÔNG CẢI XANH AEON | D48: =B48*C48 -> 0
A49: BÔNG CẢI XANH AEON (CÂY) | D49: =B49*C49 -> 0
... A53: BÔNG CẢI XANH CITI | D53: =B53*C53 -> 0
A54: CÀ CHUA | B54: =180+80 -> 260 | C54: 27000 | D54: =B54*C54 -> 7020000
A55: CÀ CHUA BI | D55: =B55*C55 -> 0
A56: CÀ CHUA BI (HỘP) 300GR KQ | D56: =B56*C56 -> 0
A57: CÀ CHUA BI (HỘP) 300GR VR | D57: =B57*C57 -> 0
A58: CÀ CHUA BI 300GR KQ (KG) | D58: =B58*C58 -> 0
A59: CÀ CHUA BI 300GR VR (KG) | D59: =B59*C59 -> 0
A60: CÀ CHUA BI CAM SỮA (KG) VR | D60: =B60*C60 -> 0
A61: CÀ CHUA BI COOP | D61: =B61*C61 -> 0
A62: CÀ CHUA BI-NA | D62: =B62*C62 -> 0
A63: CÀ CHUA CHERRY MIX 300G | D63: =B63*C63 -> 0
A64: CÀ CHUA L1 | B64: 20 | C64: 25000 | D64: =B64*C64 -> 500000
A65: CÀ CHUA MỘC CHÂU | D65: =B65*C65 -> 0
A66: CÀ CHUA NGỌT | D66: =B66*C66 -> 0
A67: CÀ CHUA NGỌT 300GR (KG) | D67: =B67*C67 -> 0
A68: CÀ CHUA NGỌT XÁ | D68: =B68*C68 -> 0
A69: CÀ CHUA ROSEBERRY 300G | D69: =B69*C69 -> 0
A70: CÀ CHUA SÔCOLA 250GR (HỘP) VR | D70: =B70*C70 -> 0
A71: CÀ CHUA SÔCOLA 250GR (KG) -NA | D71: =B71*C71 -> 0
A72: CÀ CHUA SÔCOLA 250GR (KG) VR | D72: =B72*C72 -> 0
A73: CÀ CHUA SÔCOLA 250GR(KG) KQ | D73: =B73*C73 -> 0
A74: CÀ CHUA SÔCOLA 300GR (HỘP) VR | D74: =B74*C74 -> 0
A75: CÀ CHUA SOCOLA XÁ | D75: =B75*C75 -> 0
A76: CÀ CHUA SÔCOLA(HỘP) KQ | D76: =B76*C76 -> 0
... A80: CÀ CHUA Ý CHÙM | D80: =B80*C80 -> 0
A81: CÀ CHUA Ý(VỈ) KG | B81: 60 | C81: 23000 | D81: =B81*C81 -> 1380000
A82: CÀ CHUA Ý(VỈ) KG KQ | D82: =B82*C82 -> 0
A83: CÀ RỐT BABY | D83: =B83*C83 -> 0
A84: CÀ RỐT BABY (KG) KQ | D84: =B84*C84 -> 0
A85: CÀ RỐT BABY 200GR | D85: =B85*C85 -> 0
A86: CÀ RỐT DL | D86: =B86*C86 -> 0
A87: CÀ RỐT DL L1 | D87: =B87*C87 -> 0
A88: CÀ RỐT DL TÚI LƯỚI 500GR VR | D88: =B88*C88 -> 0
A89: CÀ RỐT TRUNG | D89: =B89*C89 -> 0
A90: CÀ RỐT TÚI LƯỚI 800G KQ | D90: =B90*C90 -> 0
A91: CÀ TÍM | D91: =B91*C91 -> 0
A92: CÀ TÍM CẶP 400G | D92: =B92*C92 -> 0
A93: CÀ TÍM SỌC PHA LÊ 300G | D93: =B93*C93 -> 0
... A103: CẢI MÈO MỘC CHÂU | D103: =B103*C103 -> 0
A104: CẢI THẢO DL | B104: 30 | C104: 7500 | D104: =B104*C104 -> 225000
A105: CẢI THẢO DL(BẮP) | D105: =B105*C105 -> 0
A106: CẢI THẢO HỎA TIỄN | D106: =B106*C106 -> 0
A107: CẢI THẢO HỎA TIỄN 250GR | D107: =B107*C107 -> 0
A108: CẢI THẢO KIM CHI | D108: =B108*C108 -> 0
A109: CẢI THẢO MỘC CHÂU | D109: =B109*C109 -> 0
A110: CẢI THẢO VR | D110: =B110*C110 -> 0
A111: CẦN TÂY (KG) | B111: 10 | C111: 23000 | D111: =B111*C111 -> 230000
A112: CẦN TÂY THUỶ CANH | D112: =B112*C112 -> 0
A113: CẦN TÂY(CÂY) | D113: =B113*C113 -> 0
A114: CHANH DÂY | D114: =B114*C114 -> 0
A115: CHANH DÂY NGỌT L2 | D115: =B115*C115 -> 0
A116: CHANH DÂY NGỌT VỈ 300GR | D116: =B116*C116 -> 0
A117: CHANH KHÔNG HẠT | D117: =B117*C117 -> 0
...

Sheet 10.6
A1: hàng tồn cuối ngày 10/6 vr
A2: TÊN SẢN PHẨM | B2: TỒN TRƯỚC | C2: GIÁ NHẬP | D2: THÀNH TIỀN
A3: BẮP CẢI TÍM | B3: 10 | C3: 11000 | D3: =B3*C3 -> 110000
A4: BẮP CẢI TÍM (BẮP) | D4: =B4*C4 -> 0
A5: BẮP CẢI TÍM SUSHI | D5: =B5*C5 -> 0
A6: BẮP CẢI TRẮNG | D6: =B6*C6 -> 0
A7: BẮP CẢI TRẮNG (BẮP) | D7: =B7*C7 -> 0
A8: BẮP CẢI TRẮNG MỘC CHÂU | D8: =B8*C8 -> 0
A9: BẮP CẢI TRẮNG SÓI BIỂN | D9: =B9*C9 -> 0
A10: BẮP CẢI TRẮNG SUSHI | D10: =B10*C10 -> 0
A11: BẮP MỸ CẶP | D11: =B11*C11 -> 0
A12: BẦU | D12: =B12*C12 -> 0
A13: BÍ ĐAO XANH | D13: =B13*C13 -> 0
A14: BÍ ĐAO XANH 400G | D14: =B14*C14 -> 0
A15: BÍ ĐỎ HỒ LÔ | D15: =B15*C15 -> 0
... A18: BÍ ĐỎ NON TRÁI VR | D18: =B18*C18 -> 0
A19: BÍ ĐỎ NON( KG) VR | B19: 8 | C19: 14000 | D19: =B19*C19 -> 112000
A20: BÍ ĐỎ TRÒN | B20: 300 | C20: 17000 | D20: =B20*C20 -> 5100000
A21: BÍ MINI VÀNG 300GR | D21: =B21*C21 -> 0
A22: BÍ MINI VÀNG KG | D22: =B22*C22 -> 0
A23: BÍ NGÒI VÀNG | D23: =B23*C23 -> 0
A24: BÍ NGÒI VÀNG (TRÁI) | D24: =B24*C24 -> 0
A25: BÍ NGÒI XANH | B25: =35+30+90+50+60 -> 265 | C25: 12000 | D25: =B25*C25 -> 3180000
A26: BÍ NGÒI XANH(TRÁI) | D26: =B26*C26 -> 0
A27: BÍ NHẬT | D27: =B27*C27 -> 0
A28: BƠ 034 | B28: =18+250+120+60 -> 448 | C28: 13480 | D28: =B28*C28 -> 6039040
A29: BƠ BOOTH | D29: =B29*C29 -> 0
A30: BO HOA CHUONG | D30: =B30*C30 -> 0
A31: BO HOA CUC TANA | D31: =B31*C31 -> 0
A32: BO HOA DONG TIEN HN | D32: =B32*C32 -> 0
A33: BO HOA LOA KEN | D33: =B33*C33 -> 0
A34: BO HOA PHANG | D34: =B34*C34 -> 0
A35: BO HOA SEN QUAN AM | D35: =B35*C35 -> 0
A36: BO HOA SEN SUPER | D36: =B36*C36 -> 0
A37: BƠ SÁP | B37: =105+65+80+10 -> 260 | C37: 11463 | D37: =B37*C37 -> 2980380
A38: BÓ XÔI | D38: =B38*C38 -> 0
A39: BÓ XÔI 300G VR | D39: =B39*C39 -> 0
A40: BÓ XÔI-HN KQ | D40: =B40*C40 -> 0
A41: BÓ XÔI-NA | D41: =B41*C41 -> 0
A42: BÔNG ATISO | D42: =B42*C42 -> 0
A43: BÔNG BÍ | D43: =B43*C43 -> 0
A44: BÔNG BÍ TÚI 300GR | D44: =B44*C44 -> 0
A45: BÔNG CẢI TRẮNG | D45: =B45*C45 -> 0
A46: BÔNG CẢI TRẮNG (CÂY) | D46: =B46*C46 -> 0
A47: BÔNG CẢI XANH 10P | B47: 47 | C47: 23000 | D47: =B47*C47 -> 1081000
A48: BÔNG CẢI XANH AEON | D48: =B48*C48 -> 0
A49: BÔNG CẢI XANH AEON (CÂY) | D49: =B49*C49 -> 0
A50: BÔNG CẢI XANH BABY (KG) | D50: =B50*C50 -> 0
A51: BÔNG CẢI XANH BABY 200G | D51: =B51*C51 -> 0
A52: BÔNG CẢI XANH BIGC | D52: =B52*C52 -> 0
A53: BÔNG CẢI XANH CITI | D53: =B53*C53 -> 0
A54: CÀ CHUA | D54: =B54*C54 -> 0
A55: CÀ CHUA BI | D55: =B55*C55 -> 0
A56: CÀ CHUA BI (HỘP) 300GR KQ | D56: =B56*C56 -> 0
A57: CÀ CHUA BI (HỘP) 300GR VR | B57: 10 | C57: 16500 | D57: =B57*C57 -> 165000
A58: CÀ CHUA BI 300GR KQ (KG) | D58: =B58*C58 -> 0
A59: CÀ CHUA BI 300GR VR (KG) | D59: =B59*C59 -> 0
A60: CÀ CHUA BI CAM SỮA (KG) VR | D60: =B60*C60 -> 0
A61: CÀ CHUA BI COOP | D61: =B61*C61 -> 0
A62: CÀ CHUA BI-NA | D62: =B62*C62 -> 0
A63: CÀ CHUA CHERRY MIX 300G | D63: =B63*C63 -> 0
A64: CÀ CHUA L1 | B64: 15 | C64: 24000 | D64: =B64*C64 -> 360000
A65: CÀ CHUA MỘC CHÂU | D65: =B65*C65 -> 0
A66: CÀ CHUA NGỌT | D66: =B66*C66 -> 0
A67: CÀ CHUA NGỌT 300GR (KG) | D67: =B67*C67 -> 0
A68: CÀ CHUA NGỌT XÁ | D68: =B68*C68 -> 0
A69: CÀ CHUA ROSEBERRY 300G | D69: =B69*C69 -> 0
A70: CÀ CHUA SÔCOLA 250GR (HỘP) VR | D70: =B70*C70 -> 0
A71: CÀ CHUA SÔCOLA 250GR (KG) -NA | D71: =B71*C71 -> 0
A72: CÀ CHUA SÔCOLA 250GR (KG) VR | D72: =B72*C72 -> 0
A73: CÀ CHUA SÔCOLA 250GR(KG) KQ | D73: =B73*C73 -> 0
A74: CÀ CHUA SÔCOLA 300GR (HỘP) VR | D74: =B74*C74 -> 0
A75: CÀ CHUA SOCOLA XÁ | D75: =B75*C75 -> 0
A76: CÀ CHUA SÔCOLA(HỘP) KQ | D76: =B76*C76 -> 0
A77: CÀ CHUA VỈ 400GR | B77: 30 | C77: 10400 | D77: =B77*C77 -> 312000
A78: CÀ CHUA Ý | D78: =B78*C78 -> 0
A79: CÀ CHUA Ý 500G | D79: =B79*C79 -> 0
A80: CÀ CHUA Ý CHÙM | D80: =B80*C80 -> 0
A81: CÀ CHUA Ý(VỈ) KG | B81: 6 | C81: 23000 | D81: =B81*C81 -> 138000
A82: CÀ CHUA Ý(VỈ) KG KQ | D82: =B82*C82 -> 0
A83: CÀ RỐT BABY | D83: =B83*C83 -> 0
A84: CÀ RỐT BABY (KG) KQ | D84: =B84*C84 -> 0
A85: CÀ RỐT BABY 200GR | D85: =B85*C85 -> 0
A86: CÀ RỐT DL | D86: =B86*C86 -> 0
A87: CÀ RỐT DL L1 | D87: =B87*C87 -> 0
A88: CÀ RỐT DL TÚI LƯỚI 500GR VR | D88: =B88*C88 -> 0
A89: CÀ RỐT TRUNG | D89: =B89*C89 -> 0
A90: CÀ RỐT TÚI LƯỚI 800G KQ | D90: =B90*C90 -> 0
A91: CÀ TÍM | B91: 25 | C91: 6000 | D91: =B91*C91 -> 150000
A92: CÀ TÍM CẶP 400G | D92: =B92*C92 -> 0
A93: CÀ TÍM SỌC PHA LÊ 300G | D93: =B93*C93 -> 0
A94: CÀ TÍM SỌC PHA LÊ HỘP 500GR VR | D94: =B94*C94 -> 0
A95: CÀ TÍM SỌC PHA LÊ TÍM (KG) VR | D95: =B95*C95 -> 0
A96: CÀ Ý VỈ 650GR | D96: =B96*C96 -> 0
A97: CẢI CẦU VỒNG | D97: =B97*C97 -> 0
A98: CẢI CẦU VỒNG 300GR | D98: =B98*C98 -> 0
A99: CẢI CÚC 300GR | D99: =B99*C99 -> 0
A100: CẢI KALE | D100: =B100*C100 -> 0
A101: CẢI KALE 150GR | D101: =B101*C101 -> 0
A102: CẢI KALE 300GR | D102: =B102*C102 -> 0
...

Sheet 11.6
A1: hàng tồn cuối ngày 11/6 vr
A2: TÊN SẢN PHẨM | B2: TỒN TRƯỚC | C2: GIÁ NHẬP | D2: THÀNH TIỀN
A3: BẮP CẢI TÍM | B3: 12 | C3: 11000 | D3: =B3*C3 -> 132000
A4: BẮP CẢI TÍM (BẮP) | D4: =B4*C4 -> 0
A5: BẮP CẢI TÍM SUSHI | D5: =B5*C5 -> 0
A6: BẮP CẢI TRẮNG | D6: =B6*C6 -> 0
A7: BẮP CẢI TRẮNG (BẮP) | D7: =B7*C7 -> 0
A8: BẮP CẢI TRẮNG MỘC CHÂU | D8: =B8*C8 -> 0
A9: BẮP CẢI TRẮNG SÓI BIỂN | D9: =B9*C9 -> 0
A10: BẮP CẢI TRẮNG SUSHI | D10: =B10*C10 -> 0
A11: BẮP MỸ CẶP | D11: =B11*C11 -> 0
A12: BẦU | D12: =B12*C12 -> 0
A13: BÍ ĐAO XANH | D13: =B13*C13 -> 0
A14: BÍ ĐAO XANH 400G | D14: =B14*C14 -> 0
A15: BÍ ĐỎ HỒ LÔ | D15: =B15*C15 -> 0
... A17: BÍ ĐỎ NON (KG)KQ | D17: =B17*C17 -> 0
A18: BÍ ĐỎ NON TRÁI VR | B18: =52+37+50+20+46+53+50 -> 308 | C18: 4000 | D18: =B18*C18 -> 1232000
A19: BÍ ĐỎ NON( KG) VR | B19: 16 | C19: 14000 | D19: =B19*C19 -> 224000
A20: BÍ ĐỎ TRÒN | D20: =B20*C20 -> 0
A21: BÍ MINI VÀNG 300GR | D21: =B21*C21 -> 0
A22: BÍ MINI VÀNG KG | D22: =B22*C22 -> 0
A23: BÍ NGÒI VÀNG | D23: =B23*C23 -> 0
A24: BÍ NGÒI VÀNG (TRÁI) | D24: =B24*C24 -> 0
A25: BÍ NGÒI XANH | B25: 50 | C25: 8000 | D25: =B25*C25 -> 400000
A26: BÍ NGÒI XANH(TRÁI) | D26: =B26*C26 -> 0
A27: BÍ NHẬT | D27: =B27*C27 -> 0
A28: BƠ 034 | B28: =18+15 -> 33 | C28: 13000 | D28: =B28*C28 -> 429000
A29: BƠ BOOTH | D29: =B29*C29 -> 0
A30: BO HOA CHUONG | D30: =B30*C30 -> 0
A31: BO HOA CUC TANA | D31: =B31*C31 -> 0
A32: BO HOA DONG TIEN HN | D32: =B32*C32 -> 0
A33: BO HOA LOA KEN | D33: =B33*C33 -> 0
A34: BO HOA PHANG | D34: =B34*C34 -> 0
A35: BO HOA SEN QUAN AM | D35: =B35*C35 -> 0
A36: BO HOA SEN SUPER | D36: =B36*C36 -> 0
A37: BƠ SÁP | B37: =35+62+27+65+12 -> 201 | C37: 11500 | D37: =B37*C37 -> 2311500
A38: BÓ XÔI | D38: =B38*C38 -> 0
A39: BÓ XÔI 300G VR | D39: =B39*C39 -> 0
A40: BÓ XÔI-HN KQ | D40: =B40*C40 -> 0
A41: BÓ XÔI-NA | D41: =B41*C41 -> 0
A42: BÔNG ATISO | D42: =B42*C42 -> 0
A43: BÔNG BÍ | D43: =B43*C43 -> 0
A44: BÔNG BÍ TÚI 300GR | D44: =B44*C44 -> 0
A45: BÔNG CẢI TRẮNG | D45: =B45*C45 -> 0
A46: BÔNG CẢI TRẮNG (CÂY) | D46: =B46*C46 -> 0
A47: BÔNG CẢI XANH 10P | B47: 16 | C47: 23000 | D47: =B47*C47 -> 368000
A48: BÔNG CẢI XANH AEON | D48: =B48*C48 -> 0
A49: BÔNG CẢI XANH AEON (CÂY) | D49: =B49*C49 -> 0
A50: BÔNG CẢI XANH BABY (KG) | D50: =B50*C50 -> 0
A51: BÔNG CẢI XANH BABY 200G | D51: =B51*C51 -> 0
A52: BÔNG CẢI XANH BIGC | D52: =B52*C52 -> 0
A53: BÔNG CẢI XANH CITI | D53: =B53*C53 -> 0
A54: CÀ CHUA | D54: =B54*C54 -> 0
A55: CÀ CHUA BI | B55: 7 | C55: 16500 | D55: =B55*C55 -> 115500
A56: CÀ CHUA BI (HỘP) 300GR KQ | D56: =B56*C56 -> 0
A57: CÀ CHUA BI (HỘP) 300GR VR | D57: =B57*C57 -> 0
A58: CÀ CHUA BI 300GR KQ (KG) | D58: =B58*C58 -> 0
A59: CÀ CHUA BI 300GR VR (KG) | D59: =B59*C59 -> 0
A60: CÀ CHUA BI CAM SỮA (KG) VR | D60: =B60*C60 -> 0
A61: CÀ CHUA BI COOP | D61: =B61*C61 -> 0
A62: CÀ CHUA BI-NA | D62: =B62*C62 -> 0
A63: CÀ CHUA CHERRY MIX 300G | D63: =B63*C63 -> 0
A64: CÀ CHUA L1 | B64: 90 | C64: 17000 | D64: =B64*C64 -> 1530000
A65: CÀ CHUA MỘC CHÂU | D65: =B65*C65 -> 0
A66: CÀ CHUA NGỌT | D66: =B66*C66 -> 0
A67: CÀ CHUA NGỌT 300GR (KG) | D67: =B67*C67 -> 0
A68: CÀ CHUA NGỌT XÁ | D68: =B68*C68 -> 0
A69: CÀ CHUA ROSEBERRY 300G | D69: =B69*C69 -> 0
A70: CÀ CHUA SÔCOLA 250GR (HỘP) VR | D70: =B70*C70 -> 0
A71: CÀ CHUA SÔCOLA 250GR (KG) -NA | D71: =B71*C71 -> 0
A72: CÀ CHUA SÔCOLA 250GR (KG) VR | D72: =B72*C72 -> 0
A73: CÀ CHUA SÔCOLA 250GR(KG) KQ | D73: =B73*C73 -> 0
A74: CÀ CHUA SÔCOLA 300GR (HỘP) VR | D74: =B74*C74 -> 0
A75: CÀ CHUA SOCOLA XÁ | D75: =B75*C75 -> 0
A76: CÀ CHUA SÔCOLA(HỘP) KQ | D76: =B76*C76 -> 0
... A79: CÀ CHUA Ý 500G | D79: =B79*C79 -> 0
A80: CÀ CHUA Ý CHÙM | B80: 40 | C80: 32000 | D80: =B80*C80 -> 1280000
A81: CÀ CHUA Ý(VỈ) KG | D81: =B81*C81 -> 0
A82: CÀ CHUA Ý(VỈ) KG KQ | D82: =B82*C82 -> 0
A83: CÀ RỐT BABY | D83: =B83*C83 -> 0
A84: CÀ RỐT BABY (KG) KQ | D84: =B84*C84 -> 0
A85: CÀ RỐT BABY 200GR | D85: =B85*C85 -> 0
A86: CÀ RỐT DL | D86: =B86*C86 -> 0
A87: CÀ RỐT DL L1 | B87: =36+15 -> 51 | C87: 12000 | D87: =B87*C87 -> 612000
A88: CÀ RỐT DL TÚI LƯỚI 500GR VR | D88: =B88*C88 -> 0
A89: CÀ RỐT TRUNG | D89: =B89*C89 -> 0
A90: CÀ RỐT TÚI LƯỚI 800G KQ | D90: =B90*C90 -> 0
A91: CÀ TÍM | D91: =B91*C91 -> 0
A92: CÀ TÍM CẶP 400G | D92: =B92*C92 -> 0
A93: CÀ TÍM SỌC PHA LÊ 300G | D93: =B93*C93 -> 0
A94: CÀ TÍM SỌC PHA LÊ HỘP 500GR VR | D94: =B94*C94 -> 0
A95: CÀ TÍM SỌC PHA LÊ TÍM (KG) VR | D95: =B95*C95 -> 0
A96: CÀ Ý VỈ 650GR | B96: 10 | C96: 32000 | D96: =B96*C96 -> 320000
A97: CẢI CẦU VỒNG | D97: =B97*C97 -> 0
A98: CẢI CẦU VỒNG 300GR | D98: =B98*C98 -> 0
A99: CẢI CÚC 300GR | D99: =B99*C99 -> 0
A100: CẢI KALE | D100: =B100*C100 -> 0
A101: CẢI KALE 150GR | D101: =B101*C101 -> 0
A102: CẢI KALE 300GR | D102: =B102*C102 -> 0
A103: CẢI MÈO MỘC CHÂU | D103: =B103*C103 -> 0
...

Sheet 12.6
A1: hàng tồn cuối ngày 12/6 vr
A2: TÊN SẢN PHẨM | B2: TỒN TRƯỚC | C2: GIÁ NHẬP | D2: THÀNH TIỀN
A3: BẮP CẢI TÍM | B3: 20 | C3: 11000 | D3: =B3*C3 -> 220000
A4: BẮP CẢI TÍM (BẮP) | D4: =B4*C4 -> 0
A5: BẮP CẢI TÍM SUSHI | D5: =B5*C5 -> 0
A6: BẮP CẢI TRẮNG | D6: =B6*C6 -> 0
A7: BẮP CẢI TRẮNG (BẮP) | D7: =B7*C7 -> 0
A8: BẮP CẢI TRẮNG MỘC CHÂU | D8: =B8*C8 -> 0
A9: BẮP CẢI TRẮNG SÓI BIỂN | D9: =B9*C9 -> 0
A10: BẮP CẢI TRẮNG SUSHI | D10: =B10*C10 -> 0
A11: BẮP MỸ CẶP | D11: =B11*C11 -> 0
A12: BẦU | D12: =B12*C12 -> 0
A13: BÍ ĐAO XANH | D13: =B13*C13 -> 0
A14: BÍ ĐAO XANH 400G | D14: =B14*C14 -> 0
A15: BÍ ĐỎ HỒ LÔ | D15: =B15*C15 -> 0
... A17: BÍ ĐỎ NON (KG)KQ | D17: =B17*C17 -> 0
A18: BÍ ĐỎ NON TRÁI VR | B18: =14+26+30+85+50 -> 205 | C18: 3500 | D18: =B18*C18 -> 717500
A19: BÍ ĐỎ NON( KG) VR | D19: =B19*C19 -> 0
A20: BÍ ĐỎ TRÒN | D20: =B20*C20 -> 0
A21: BÍ MINI VÀNG 300GR | D21: =B21*C21 -> 0
A22: BÍ MINI VÀNG KG | D22: =B22*C22 -> 0
A23: BÍ NGÒI VÀNG | D23: =B23*C23 -> 0
A24: BÍ NGÒI VÀNG (TRÁI) | D24: =B24*C24 -> 0
A25: BÍ NGÒI XANH | D25: =B25*C25 -> 0
A26: BÍ NGÒI XANH(TRÁI) | D26: =B26*C26 -> 0
A27: BÍ NHẬT | D27: =B27*C27 -> 0
A28: BƠ 034 | B28: 160 | C28: 13000 | D28: =B28*C28 -> 2080000
A29: BƠ BOOTH | D29: =B29*C29 -> 0
A30: BO HOA CHUONG | D30: =B30*C30 -> 0
A31: BO HOA CUC TANA | D31: =B31*C31 -> 0
A32: BO HOA DONG TIEN HN | D32: =B32*C32 -> 0
A33: BO HOA LOA KEN | D33: =B33*C33 -> 0
A34: BO HOA PHANG | D34: =B34*C34 -> 0
A35: BO HOA SEN QUAN AM | D35: =B35*C35 -> 0
A36: BO HOA SEN SUPER | D36: =B36*C36 -> 0
A37: BƠ SÁP | B37: 63 | C37: 11500 | D37: =B37*C37 -> 724500
A38: BÓ XÔI | D38: =B38*C38 -> 0
A39: BÓ XÔI 300G VR | D39: =B39*C39 -> 0
A40: BÓ XÔI-HN KQ | D40: =B40*C40 -> 0
A41: BÓ XÔI-NA | D41: =B41*C41 -> 0
A42: BÔNG ATISO | D42: =B42*C42 -> 0
A43: BÔNG BÍ | D43: =B43*C43 -> 0
A44: BÔNG BÍ TÚI 300GR | D44: =B44*C44 -> 0
A45: BÔNG CẢI TRẮNG | D45: =B45*C45 -> 0
A46: BÔNG CẢI TRẮNG (CÂY) | D46: =B46*C46 -> 0
A47: BÔNG CẢI XANH 10P | D47: =B47*C47 -> 0
A48: BÔNG CẢI XANH AEON | D48: =B48*C48 -> 0
A49: BÔNG CẢI XANH AEON (CÂY) | D49: =B49*C49 -> 0
... A54: CÀ CHUA | D54: =B54*C54 -> 0
A55: CÀ CHUA BI | B55: 3 | C55: 27500 | D55: =B55*C55 -> 82500
A56: CÀ CHUA BI (HỘP) 300GR KQ | D56: =B56*C56 -> 0
A57: CÀ CHUA BI (HỘP) 300GR VR | B57: =76+8 -> 84 | C57: 16500 | D57: =B57*C57 -> 1386000
A58: CÀ CHUA BI 300GR KQ (KG) | D58: =B58*C58 -> 0
A59: CÀ CHUA BI 300GR VR (KG) | D59: =B59*C59 -> 0
A60: CÀ CHUA BI CAM SỮA (KG) VR | D60: =B60*C60 -> 0
A61: CÀ CHUA BI COOP | D61: =B61*C61 -> 0
A62: CÀ CHUA BI-NA | D62: =B62*C62 -> 0
A63: CÀ CHUA CHERRY MIX 300G | D63: =B63*C63 -> 0
A64: CÀ CHUA L1 | B64: 140 | C64: 16000 | D64: =B64*C64 -> 2240000
A65: CÀ CHUA MỘC CHÂU | D65: =B65*C65 -> 0
A66: CÀ CHUA NGỌT | D66: =B66*C66 -> 0
A67: CÀ CHUA NGỌT 300GR (KG) | D67: =B67*C67 -> 0
A68: CÀ CHUA NGỌT XÁ | D68: =B68*C68 -> 0
A69: CÀ CHUA ROSEBERRY 300G | D69: =B69*C69 -> 0
A70: CÀ CHUA SÔCOLA 250GR (HỘP) VR | D70: =B70*C70 -> 0
A71: CÀ CHUA SÔCOLA 250GR (KG) -NA | D71: =B71*C71 -> 0
A72: CÀ CHUA SÔCOLA 250GR (KG) VR | D72: =B72*C72 -> 0
A73: CÀ CHUA SÔCOLA 250GR(KG) KQ | D73: =B73*C73 -> 0
A74: CÀ CHUA SÔCOLA 300GR (HỘP) VR | D74: =B74*C74 -> 0
A75: CÀ CHUA SOCOLA XÁ | D75: =B75*C75 -> 0
A76: CÀ CHUA SÔCOLA(HỘP) KQ | D76: =B76*C76 -> 0
... A79: CÀ CHUA Ý 500G | D79: =B79*C79 -> 0
A80: CÀ CHUA Ý CHÙM | B80: 80 | C80: 30000 | D80: =B80*C80 -> 2400000
A81: CÀ CHUA Ý(VỈ) KG | D81: =B81*C81 -> 0
A82: CÀ CHUA Ý(VỈ) KG KQ | D82: =B82*C82 -> 0
A83: CÀ RỐT BABY | D83: =B83*C83 -> 0
A84: CÀ RỐT BABY (KG) KQ | D84: =B84*C84 -> 0
A85: CÀ RỐT BABY 200GR | D85: =B85*C85 -> 0
A86: CÀ RỐT DL | D86: =B86*C86 -> 0
A87: CÀ RỐT DL L1 | D87: =B87*C87 -> 0
A88: CÀ RỐT DL TÚI LƯỚI 500GR VR | D88: =B88*C88 -> 0
A89: CÀ RỐT TRUNG | D89: =B89*C89 -> 0
A90: CÀ RỐT TÚI LƯỚI 800G KQ | D90: =B90*C90 -> 0
A91: CÀ TÍM | D91: =B91*C91 -> 0
A92: CÀ TÍM CẶP 400G | D92: =B92*C92 -> 0
... A110: CẢI THẢO VR | D110: =B110*C110 -> 0
A111: CẦN TÂY (KG) | B111: 20 | C111: 23000 | D111: =B111*C111 -> 460000
A112: CẦN TÂY THUỶ CANH | D112: =B112*C112 -> 0
A113: CẦN TÂY(CÂY) | D113: =B113*C113 -> 0
A114: CHANH DÂY | D114: =B114*C114 -> 0
A115: CHANH DÂY NGỌT L2 | D115: =B115*C115 -> 0
A116: CHANH DÂY NGỌT VỈ 300GR | D116: =B116*C116 -> 0
A117: CHANH KHÔNG HẠT | D117: =B117*C117 -> 0
A118: CHANH VÀNG (KG) | D118: =B118*C118 -> 0
A119: CHANH VÀNG TRÁI 180UP | D119: =B119*C119 -> 0
A120: CHẬU CÂY CẢI CẦU VỒNG | D120: =B120*C120 -> 0
A121: CHẬU CÂY CẢI KALE | D121: =B121*C121 -> 0
A122: CHẬU CÂY CẦN TÂY | D122: =B122*C122 -> 0
A123: CHUỐI LABA | D123: =B123*C123 -> 0
... A131: CỦ CẢI MUỐI (VỈ) 250G KQ | D131: =B131*C131 -> 0
...

Sheet 13.6
A1: 45425 | C1: Stock
A2: TÊN SẢN PHẨM KQ | B2: ĐVT | C2: TỒN TRƯỚC | D2: GIÁ NHẬP | E2: THÀNH TIỀN
A4: BẮP CẢI TÍM | B4: Kg
A5: BẮP CẢI TÍM (BẮP) | B5: BẮP
A6: BẮP CẢI TÍM SUSHI | B6: Kg
A7: BẮP CẢI TRẮNG | B7: Kg | C7: 160 | D7: 5000 | E7: =+D7*C7 -> 800000
A8: BẮP CẢI TRẮNG (BẮP) | B8: BẮP
A9: BẮP CẢI TRẮNG MỘC CHÂU | B9: Kg
A10: BẮP CẢI TRẮNG SÓI BIỂN | B10: Kg
A11: BẮP CẢI TRẮNG SUSHI | B11: Kg
A12: BẮP MỸ | B12: Kg
A13: BẦU | B13: Kg
A14: BÍ ĐAO XANH | B14: Kg | C14: 18 | D14: 7000 | E14: =+D14*C14 -> 126000
A15: BÍ ĐAO XANH 400G | B15: TRÁI
A16: BÍ ĐỎ HỒ LÔ | B16: Kg
A17: BÍ ĐỎ MINI | B17: Kg
A18: BÍ ĐỎ NON (KG)KQ | B18: Kg
A19: BÍ ĐỎ NON TRÁI VR | B19: TRÁI
A20: BÍ ĐỎ NON( KG) VR | B20: Kg
A21: BÍ ĐỎ TRÒN | B21: Kg | C21: 1100 | D21: 17000 | E21: =+D21*C21 -> 18700000
A22: BÍ MINI VÀNG 300GR | B22: TRÁI
A23: BÍ MINI VÀNG KG | B23: Kg
A24: BÍ NGÒI VÀNG | B24: Kg
A25: BÍ NGÒI VÀNG (TRÁI) | B25: TRÁI
A26: BÍ NGÒI XANH | B26: Kg
A27: BÍ NGÒI XANH(TRÁI) | B27: TRÁI
A28: BÍ NHẬT | B28: Kg
A29: BƠ 034 | B29: Kg
A30: BƠ BOOTH | B30: Kg
A31: BƠ SÁP | B31: Kg
A32: BÓ XÔI | B32: Kg
A33: BÓ XÔI 300G VR | B33: TÚI
... A47: BÔNG CẢI XANH CITI | B47: Kg
A48: CÀ CHUA | B48: Kg | C48: 480 | D48: 17000 | E48: =+D48*C48 -> 8160000
A49: CÀ CHUA BI | B49: Kg
A50: CÀ CHUA BI (HỘP) 300GR KQ | B50: HỘP
A51: CÀ CHUA BI (HỘP) 300GR VR | B51: HỘP
A52: CÀ CHUA BI 300GR KQ (KG) | B52: Kg
A53: CÀ CHUA BI 300GR VR (KG) | B53: Kg
A54: CÀ CHUA BI CAM SỮA (KG) VR | B54: Kg
A55: CÀ CHUA BI COOP | B55: Kg
A56: CÀ CHUA BI-NA | B56: Kg
A57: CÀ CHUA CHERRY MIX 300G | B57: HỘP
A58: CÀ CHUA L1 | B58: TÚI
A59: CÀ CHUA MỘC CHÂU | B59: Kg
A60: CÀ CHUA NGỌT | B60: Kg
... A72: CÀ CHUA VR | B72: Kg
A73: CÀ CHUA Ý | B73: Kg | C73: 180 | D73: 29000 | E73: =+D73*C73 -> 5220000
A74: CÀ CHUA Ý 500G | B74: VỈ
A75: CÀ CHUA Ý CHÙM | B75: KG
A76: CÀ CHUA Ý(VỈ) KG | B76: Kg
A77: CÀ CHUA Ý(VỈ) KG KQ | B77: Kg
A78: CÀ RỐT BABY | B78: Kg
A79: CÀ RỐT BABY (KG) KQ | B79: Kg
A80: CÀ RỐT BABY 200GR | B80: VỈ
A81: CÀ RỐT DL | B81: Kg
A82: CÀ RỐT DL L1 | B82: Kg
A83: CÀ RỐT DL TÚI LƯỚI 500GR VR | B83: TÚI
A84: CÀ RỐT TRUNG | B84: Kg
A85: CÀ RỐT TÚI LƯỚI 800G KQ | B85: TÚI
A86: CÀ TÍM | B86: Kg | C86: 32 | D86: 7000 | E86: =+D86*C86 -> 224000
A87: CÀ TÍM CẶP 400G | B87: CẶP
A88: CÀ TÍM SỌC PHA LÊ 300G | B88: HỘP
A89: CÀ TÍM SỌC PHA LÊ HỘP 500GR VR | B89: HỘP
A90: CÀ TÍM SỌC PHA LÊ TÍM (KG) VR | B90: Kg
A91: CÀ Ý VỈ 650GR | B91: VỈ
A92: CẢI CANH | B92: Kg
A93: CẢI CẦU VỒNG | B93: Kg
A94: CẢI CẦU VỒNG 300GR | B94: TÚI
A95: CẢI CHÍP | B95: Kg
A96: CẢI CÚC 500GR | B96: TÚI
A97: CẢI KALE | B97: Kg
A98: CẢI KALE 300GR | B98: TÚI
... A119: CHẬU CÂY CẦN TÂY | B119: CHẬU
A120: CHUỐI LABA | B120: Kg | C120: 5 | D120: 10000 | E120: =+D120*C120 -> 50000
A121: CỦ CẢI ĐỎ 300GR (KG) VR | B121: Kg
A122: CỦ CẢI ĐỎ HỘP 300GR | B122: HỘP
A123: CỦ CẢI ĐỎ(HỘP) | B123: HỘP
A124: CỦ CẢI ĐỎ(KG) KQ | B124: Kg
A125: CỦ CẢI ĐỎ(KG) VR | B125: Kg
A126: CỦ CẢI HÀN QUỐC | B126: Kg
A127: CỦ CẢI MUỐI (VỈ) 250G KQ | B127: VỈ
A128: CỦ CẢI MUỐI(KG) | B128: Kg
A129: CỦ CẢI TRẮNG | B129: Kg
A130: CỦ CẢI TRẮNG CẶP 400GR | B130: CẶP
A131: CỦ DỀN | B131: Kg | C131: 154 | D131: 5500 | E131: =+D131*C131 -> 847000
A132: CỦ DỀN 600G | B132: TÚI
A133: CỦ HÀNH ĐỎ | B133: Kg
A134: CỦ HÀNH ĐỎ 500GR | B134: TÚI
A135: CỦ NGHỆ | B135: Kg
A136: CỦ SẮN | B136: Kg
A137: ĐẬU BO | B137: Kg
A138: ĐẬU BO 250GR | B138: VỈ
A139: ĐẬU COVE MỘC CHÂU
A140: ĐẬU CÚC | B140: Kg
A141: ĐẬU CÚC 250GR | B141: VỈ
A142: ĐẬU ĐỎ | B142: Kg
A143: ĐẬU ĐỎ 250GR | B143: VỈ
A144: ĐẬU HÀ LAN | B144: Kg
A145: ĐẬU HÀ LAN-FUJI | B145: Kg
...

Sheet 14.6
A1: NGÀY 16/06/2024 | C1: Stock
A2: TÊN SẢN PHẨM KQ | B2: ĐVT | C2: TỒN TRƯỚC | D2: GIÁ NHẬP | E2: THÀNH TIỀN
A4: BẮP CẢI TÍM | B4: Kg
A5: BẮP CẢI TÍM (BẮP) | B5: BẮP
A6: BẮP CẢI TÍM SUSHI | B6: Kg
A7: BẮP CẢI TRẮNG | B7: Kg | C7: 148 | D7: 5000 | E7: =+D7*C7 -> 740000
A8: BẮP CẢI TRẮNG (BẮP) | B8: BẮP
A9: BẮP CẢI TRẮNG MỘC CHÂU | B9: Kg
A10: BẮP CẢI TRẮNG SÓI BIỂN | B10: Kg
A11: BẮP CẢI TRẮNG SUSHI | B11: Kg
A12: BẮP MỸ | B12: Kg
A13: BẦU | B13: Kg
A14: BÍ ĐAO XANH | B14: Kg | C14: 30 | D14: 7000 | E14: =+D14*C14 -> 210000
A15: BÍ ĐAO XANH 400G | B15: TRÁI
A16: BÍ ĐỎ HỒ LÔ | B16: Kg
A17: BÍ ĐỎ MINI | B17: Kg
A18: BÍ ĐỎ NON (KG)KQ | B18: Kg
A19: BÍ ĐỎ NON TRÁI VR | B19: TRÁI
A20: BÍ ĐỎ NON( KG) VR | B20: Kg
A21: BÍ ĐỎ TRÒN | B21: Kg | C21: 1065 | D21: 17000 | E21: =+D21*C21 -> 18105000
A22: BÍ MINI VÀNG 300GR | B22: TRÁI
A23: BÍ MINI VÀNG KG | B23: Kg
A24: BÍ NGÒI VÀNG | B24: Kg | C24: 2 | D24: 10000 | E24: =+D24*C24 -> 20000
A25: BÍ NGÒI VÀNG (TRÁI) | B25: TRÁI
A26: BÍ NGÒI XANH | B26: Kg
A27: BÍ NGÒI XANH(TRÁI) | B27: TRÁI
A28: BÍ NHẬT | B28: Kg
A29: BƠ 034 | B29: Kg
A30: BƠ BOOTH | B30: Kg
A31: BƠ SÁP | B31: Kg
A32: BÓ XÔI | B32: Kg
A33: BÓ XÔI 300G VR | B33: TÚI
A34: BÓ XÔI-HN KQ | B34: Kg
A35: BÓ XÔI-NA | B35: Kg
A36: BÔNG ATISO | B36: Kg
... A47: BÔNG CẢI XANH CITI | B47: Kg
A48: CÀ CHUA | B48: Kg | C48: 316 | D48: 18000 | E48: =+D48*C48 -> 5688000
A49: CÀ CHUA BI | B49: Kg
A50: CÀ CHUA BI (HỘP) 300GR KQ | B50: HỘP
A51: CÀ CHUA BI (HỘP) 300GR VR | B51: HỘP
A52: CÀ CHUA BI 300GR KQ (KG) | B52: Kg
A53: CÀ CHUA BI 300GR VR (KG) | B53: Kg
A54: CÀ CHUA BI CAM SỮA (KG) VR | B54: Kg
A55: CÀ CHUA BI COOP | B55: Kg
A56: CÀ CHUA BI-NA | B56: Kg
A57: CÀ CHUA CHERRY MIX 300G | B57: HỘP
A58: CÀ CHUA L1 | B58: TÚI
A59: CÀ CHUA MỘC CHÂU | B59: Kg
A60: CÀ CHUA NGỌT | B60: Kg
... A72: CÀ CHUA VR | B72: Kg
A73: CÀ CHUA Ý | B73: Kg | C73: 10 | D73: 28000 | E73: =+D73*C73 -> 280000
A74: CÀ CHUA Ý 500G | B74: VỈ
A75: CÀ CHUA Ý CHÙM | B75: KG
A76: CÀ CHUA Ý(VỈ) KG | B76: Kg
A77: CÀ CHUA Ý(VỈ) KG KQ | B77: Kg
A78: CÀ RỐT BABY | B78: Kg
A79: CÀ RỐT BABY (KG) KQ | B79: Kg
A80: CÀ RỐT BABY 200GR | B80: VỈ
A81: CÀ RỐT DL | B81: Kg
A82: CÀ RỐT DL L1 | B82: Kg
A83: CÀ RỐT DL TÚI LƯỚI 500GR VR | B83: TÚI
A84: CÀ RỐT TRUNG | B84: Kg
A85: CÀ RỐT TÚI LƯỚI 800G KQ | B85: TÚI
A86: CÀ TÍM | B86: Kg | C86: 60 | D86: 7000 | E86: =+D86*C86 -> 420000
A87: CÀ TÍM CẶP 400G | B87: CẶP
A88: CÀ TÍM SỌC PHA LÊ 300G | B88: HỘP
A89: CÀ TÍM SỌC PHA LÊ HỘP 500GR VR | B89: HỘP
A90: CÀ TÍM SỌC PHA LÊ TÍM (KG) VR | B90: Kg
A91: CÀ Ý VỈ 650GR | B91: VỈ
A92: CẢI CANH | B92: Kg
A93: CẢI CẦU VỒNG | B93: Kg
A94: CẢI CẦU VỒNG 300GR | B94: TÚI
A95: CẢI CHÍP | B95: Kg
A96: CẢI CÚC 500GR | B96: TÚI
A97: CẢI KALE | B97: Kg
A98: CẢI KALE 300GR | B98: TÚI
... A119: CHẬU CÂY CẦN TÂY | B119: CHẬU
A120: CHUỐI LABA | B120: Kg | C120: 16 | D120: 10000 | E120: =+D120*C120 -> 160000
A121: CỦ CẢI ĐỎ 300GR (KG) VR | B121: Kg
A122: CỦ CẢI ĐỎ HỘP 300GR | B122: HỘP
A123: CỦ CẢI ĐỎ(HỘP) | B123: HỘP
A124: CỦ CẢI ĐỎ(KG) KQ | B124: Kg
A125: CỦ CẢI ĐỎ(KG) VR | B125: Kg
A126: CỦ CẢI HÀN QUỐC | B126: Kg
A127: CỦ CẢI MUỐI (VỈ) 250G KQ | B127: VỈ
A128: CỦ CẢI MUỐI(KG) | B128: Kg
A129: CỦ CẢI TRẮNG | B129: Kg
A130: CỦ CẢI TRẮNG CẶP 400GR | B130: CẶP
A131: CỦ DỀN | B131: Kg | C131: 145 | D131: 5500 | E131: =+D131*C131 -> 797500
A132: CỦ DỀN 600G | B132: TÚI
A133: CỦ HÀNH ĐỎ | B133: Kg
A134: CỦ HÀNH ĐỎ 500GR | B134: TÚI
A135: CỦ NGHỆ | B135: Kg
A136: CỦ SẮN | B136: Kg
A137: ĐẬU BO | B137: Kg
A138: ĐẬU BO 250GR | B138: VỈ
A139: ĐẬU COVE MỘC CHÂU
A140: ĐẬU CÚC | B140: Kg
A141: ĐẬU CÚC 250GR | B141: VỈ
A142: ĐẬU ĐỎ | B142: Kg
...

Sheet 15.6
A1: hàng tồn cuối ngày 15/6 vr
A2: TÊN SẢN PHẨM | B2: TỒN TRƯỚC | C2: GIÁ NHẬP | D2: THÀNH TIỀN
A3: BẮP CẢI TÍM | B3: 10 | C3: 10000 | D3: =B3*C3 -> 100000
A4: BẮP CẢI TÍM (BẮP) | D4: =B4*C4 -> 0
A5: BẮP CẢI TÍM SUSHI | D5: =B5*C5 -> 0
A6: BẮP CẢI TRẮNG | D6: =B6*C6 -> 0
A7: BẮP CẢI TRẮNG (BẮP) | D7: =B7*C7 -> 0
A8: BẮP CẢI TRẮNG MỘC CHÂU | D8: =B8*C8 -> 0
A9: BẮP CẢI TRẮNG SÓI BIỂN | D9: =B9*C9 -> 0
A10: BẮP CẢI TRẮNG SUSHI | D10: =B10*C10 -> 0
A11: BẮP MỸ CẶP | D11: =B11*C11 -> 0
A12: BẦU | D12: =B12*C12 -> 0
A13: BÍ ĐAO XANH | D13: =B13*C13 -> 0
A14: BÍ ĐAO XANH 400G | D14: =B14*C14 -> 0
A15: BÍ ĐỎ HỒ LÔ | D15: =B15*C15 -> 0
... A17: BÍ ĐỎ NON (KG)KQ | D17: =B17*C17 -> 0
A18: BÍ ĐỎ NON TRÁI VR | B18: 23 | C18: 4000 | D18: =B18*C18 -> 92000
A19: BÍ ĐỎ NON( KG) VR | B19: 8 | C19: 12000 | D19: =B19*C19 -> 96000
A20: BÍ ĐỎ TRÒN | B20: 100 | C20: 18000 | D20: =B20*C20 -> 1800000
A21: BÍ MINI VÀNG 300GR | D21: =B21*C21 -> 0
A22: BÍ MINI VÀNG KG | D22: =B22*C22 -> 0
A23: BÍ NGÒI VÀNG | D23: =B23*C23 -> 0
A24: BÍ NGÒI VÀNG (TRÁI) | D24: =B24*C24 -> 0
A25: BÍ NGÒI XANH | B25: 114 | C25: 8000 | D25: =B25*C25 -> 912000
A26: BÍ NGÒI XANH(TRÁI) | D26: =B26*C26 -> 0
A27: BÍ NHẬT | D27: =B27*C27 -> 0
A28: BO HOA CUC TANA | D28: =B28*C28 -> 0
A29: BO HOA CHUONG | D29: =B29*C29 -> 0
A30: BO HOA DONG TIEN HN | D30: =B30*C30 -> 0
A31: BO HOA LOA KEN | D31: =B31*C31 -> 0
A32: BO HOA PHANG | D32: =B32*C32 -> 0
A33: BO HOA SEN QUAN AM | D33: =B33*C33 -> 0
A34: BO HOA SEN SUPER | D34: =B34*C34 -> 0
A35: BÓ XÔI | D35: =B35*C35 -> 0
A36: BÓ XÔI 300G VR | B36: 11 | C36: 12000 | D36: =B36*C36 -> 132000
A37: BÓ XÔI-HN KQ | D37: =B37*C37 -> 0
A38: BÓ XÔI-NA | D38: =B38*C38 -> 0
A39: BÔNG ATISO | D39: =B39*C39 -> 0
A40: BÔNG BÍ | D40: =B40*C40 -> 0
A41: BÔNG BÍ TÚI 300GR | D41: =B41*C41 -> 0
A42: BÔNG CẢI TRẮNG | D42: =B42*C42 -> 0
A43: BÔNG CẢI TRẮNG (CÂY) | D43: =B43*C43 -> 0
A44: BÔNG CẢI XANH 10P | D44: =B44*C44 -> 0
A45: BÔNG CẢI XANH AEON | D45: =B45*C45 -> 0
A46: BÔNG CẢI XANH AEON (CÂY) | D46: =B46*C46 -> 0
A47: BÔNG CẢI XANH BABY (KG) | D47: =B47*C47 -> 0
A48: BÔNG CẢI XANH BABY 200G | D48: =B48*C48 -> 0
... A50: BÔNG CẢI XANH CITI | D50: =B50*C50 -> 0
A51: BƠ 034 | B51: =18+12 -> 30 | C51: 12500 | D51: =B51*C51 -> 375000
A52: BƠ BOOTH | D52: =B52*C52 -> 0
A53: BƠ SÁP | B53: =105+70+7-30 -> 152 | C53: 11500 | D53: =B53*C53 -> 1748000
A54: CÀ CHUA | D54: =B54*C54 -> 0
A55: CÀ CHUA BI | D55: =B55*C55 -> 0
A56: CÀ CHUA BI (HỘP) 300GR KQ | D56: =B56*C56 -> 0
A57: CÀ CHUA BI (HỘP) 300GR VR | B57: 170 | C57: 16500 | D57: =B57*C57 -> 2805000
A58: CÀ CHUA BI 300GR KQ (KG) | D58: =B58*C58 -> 0
A59: CÀ CHUA BI 300GR VR (KG) | D59: =B59*C59 -> 0
A60: CÀ CHUA BI CAM SỮA (KG) VR | D60: =B60*C60 -> 0
A61: CÀ CHUA BI COOP | D61: =B61*C61 -> 0
A62: CÀ CHUA BI-NA | D62: =B62*C62 -> 0
A63: CÀ CHUA CHERRY MIX 300G | D63: =B63*C63 -> 0
A64: CÀ CHUA L1 | B64: 110 | C64: 20000 | D64: =B64*C64 -> 2200000
A65: CÀ CHUA MỘC CHÂU | D65: =B65*C65 -> 0
A66: CÀ CHUA NGỌT | D66: =B66*C66 -> 0
A67: CÀ CHUA NGỌT 300GR (KG) | D67: =B67*C67 -> 0
A68: CÀ CHUA NGỌT XÁ | D68: =B68*C68 -> 0
A69: CÀ CHUA ROSEBERRY 300G | D69: =B69*C69 -> 0
A70: CÀ CHUA SOCOLA XÁ | D70: =B70*C70 -> 0
A71: CÀ CHUA SÔCOLA 250GR (HỘP) VR | D71: =B71*C71 -> 0
A72: CÀ CHUA SÔCOLA 250GR (KG) -NA | D72: =B72*C72 -> 0
A73: CÀ CHUA SÔCOLA 250GR (KG) VR | D73: =B73*C73 -> 0
A74: CÀ CHUA SÔCOLA 250GR(KG) KQ | D74: =B74*C74 -> 0
A75: CÀ CHUA SÔCOLA 300GR (HỘP) VR | D75: =B75*C75 -> 0
A76: CÀ CHUA SÔCOLA(HỘP) KQ | D76: =B76*C76 -> 0
... A80: CÀ CHUA Ý CHÙM | D80: =B80*C80 -> 0
A81: CÀ CHUA Ý(VỈ) KG | B81: 36 | C81: 23000 | D81: =B81*C81 -> 828000
A82: CÀ CHUA Ý(VỈ) KG KQ | D82: =B82*C82 -> 0
A83: CÀ RỐT BABY | D83: =B83*C83 -> 0
A84: CÀ RỐT BABY (KG) KQ | D84: =B84*C84 -> 0
A85: CÀ RỐT BABY 200GR | D85: =B85*C85 -> 0
A86: CÀ RỐT DL | D86: =B86*C86 -> 0
A87: CÀ RỐT DL L1 | B87: =18+17+45 -> 80 | C87: 15000 | D87: =B87*C87 -> 1200000
A88: CÀ RỐT DL TÚI LƯỚI 500GR VR | D88: =B88*C88 -> 0
A89: CÀ RỐT TÚI LƯỚI 800G KQ | D89: =B89*C89 -> 0
A90: CÀ RỐT TRUNG | D90: =B90*C90 -> 0
A91: CÀ TÍM | D91: =B91*C91 -> 0
A92: CÀ TÍM CẶP 400G | D92: =B92*C92 -> 0
A93: CÀ TÍM SỌC PHA LÊ 300G | D93: =B93*C93 -> 0
A94: CÀ TÍM SỌC PHA LÊ HỘP 500GR VR | D94: =B94*C94 -> 0
A95: CÀ TÍM SỌC PHA LÊ TÍM (KG) VR | D95: =B95*C95 -> 0
A96: CÀ Ý VỈ 650GR | D96: =B96*C96 -> 0
A97: CẢI CẦU VỒNG | D97: =B97*C97 -> 0
A98: CẢI CẦU VỒNG 300GR | D98: =B98*C98 -> 0
A99: CẢI CÚC 300GR | D99: =B99*C99 -> 0
... A103: CẢI MÈO MỘC CHÂU | D103: =B103*C103 -> 0
A104: CẢI THẢO DL | B104: 160 | C104: 7500 | D104: =B104*C104 -> 1200000
A105: CẢI THẢO DL(BẮP) | D105: =B105*C105 -> 0
A106: CẢI THẢO HỎA TIỄN | B106: 3 | C106: 15000 | D106: =B106*C106 -> 45000
A107: CẢI THẢO HỎA TIỄN 250GR | D107: =B107*C107 -> 0
A108: CẢI THẢO KIM CHI | D108: =B108*C108 -> 0
...

Sheet 16.6
A1: hàng tồn cuối ngày 16/6 vr
A2: TÊN SẢN PHẨM | B2: TỒN TRƯỚC | C2: GIÁ NHẬP | D2: THÀNH TIỀN
A3: BẮP CẢI TÍM | B3: 15 | C3: 10000 | D3: =B3*C3 -> 150000
A4: BẮP CẢI TÍM (BẮP) | D4: =B4*C4 -> 0
A5: BẮP CẢI TÍM SUSHI | D5: =B5*C5 -> 0
A6: BẮP CẢI TRẮNG | D6: =B6*C6 -> 0
A7: BẮP CẢI TRẮNG (BẮP) | D7: =B7*C7 -> 0
A8: BẮP CẢI TRẮNG MỘC CHÂU | D8: =B8*C8 -> 0
A9: BẮP CẢI TRẮNG SÓI BIỂN | D9: =B9*C9 -> 0
A10: BẮP CẢI TRẮNG SUSHI | D10: =B10*C10 -> 0
A11: BẮP MỸ CẶP | D11: =B11*C11 -> 0
A12: BẦU | D12: =B12*C12 -> 0
A13: BÍ ĐAO XANH | D13: =B13*C13 -> 0
A14: BÍ ĐAO XANH 400G | D14: =B14*C14 -> 0
A15: BÍ ĐỎ HỒ LÔ | B15: 19 | C15: 19000 | D15: =B15*C15 -> 361000
A16: BÍ ĐỎ MINI | D16: =B16*C16 -> 0
A17: BÍ ĐỎ NON (KG)KQ | D17: =B17*C17 -> 0
A18: BÍ ĐỎ NON TRÁI VR | D18: =B18*C18 -> 0
A19: BÍ ĐỎ NON( KG) VR | D19: =B19*C19 -> 0
A20: BÍ ĐỎ TRÒN | B20: 100 | C20: 18000 | D20: =B20*C20 -> 1800000
A21: BÍ MINI VÀNG 300GR | D21: =B21*C21 -> 0
A22: BÍ MINI VÀNG KG | D22: =B22*C22 -> 0
A23: BÍ NGÒI VÀNG | D23: =B23*C23 -> 0
A24: BÍ NGÒI VÀNG (TRÁI) | D24: =B24*C24 -> 0
A25: BÍ NGÒI XANH | B25: 52 | C25: 8000 | D25: =B25*C25 -> 416000
A26: BÍ NGÒI XANH(TRÁI) | D26: =B26*C26 -> 0
A27: BÍ NHẬT | D27: =B27*C27 -> 0
A28: BƠ 034 | B28: =35+15 -> 50 | C28: 12500 | D28: =B28*C28 -> 625000
A29: BƠ BOOTH | B29: 15 | C29: 20000 | D29: =B29*C29 -> 300000
A30: BO HOA CHUONG | D30: =B30*C30 -> 0
A31: BO HOA CUC TANA | D31: =B31*C31 -> 0
A32: BO HOA DONG TIEN HN | D32: =B32*C32 -> 0
A33: BO HOA LOA KEN | D33: =B33*C33 -> 0
A34: BO HOA PHANG | D34: =B34*C34 -> 0
A35: BO HOA SEN QUAN AM | D35: =B35*C35 -> 0
A36: BO HOA SEN SUPER | D36: =B36*C36 -> 0
A37: BƠ SÁP | B37: =74+22-40+38 -> 94 | C37: 11500 | D37: =B37*C37 -> 1081000
A38: BÓ XÔI | D38: =B38*C38 -> 0
A39: BÓ XÔI 300G VR | B39: 12 | C39: 12000 | D39: =B39*C39 -> 144000
A40: BÓ XÔI-HN KQ | D40: =B40*C40 -> 0
A41: BÓ XÔI-NA | D41: =B41*C41 -> 0
A42: BÔNG ATISO | D42: =B42*C42 -> 0
A43: BÔNG BÍ | D43: =B43*C43 -> 0
A44: BÔNG BÍ TÚI 300GR | D44: =B44*C44 -> 0
A45: BÔNG CẢI TRẮNG | D45: =B45*C45 -> 0
A46: BÔNG CẢI TRẮNG (CÂY) | D46: =B46*C46 -> 0
A47: BÔNG CẢI XANH 10P | D47: =B47*C47 -> 0
A48: BÔNG CẢI XANH AEON | D48: =B48*C48 -> 0
A49: BÔNG CẢI XANH AEON (CÂY) | D49: =B49*C49 -> 0
A50: BÔNG CẢI XANH BABY (KG) | D50: =B50*C50 -> 0
A51: BÔNG CẢI XANH BABY 200G | D51: =B51*C51 -> 0
... A63: CÀ CHUA CHERRY MIX 300G | D63: =B63*C63 -> 0
A64: CÀ CHUA L1 | B64: 70 | C64: 21000 | D64: =B64*C64 -> 1470000
A65: CÀ CHUA MỘC CHÂU | D65: =B65*C65 -> 0
A66: CÀ CHUA NGỌT | D66: =B66*C66 -> 0
A67: CÀ CHUA NGỌT 300GR (KG) | D67: =B67*C67 -> 0
A68: CÀ CHUA NGỌT XÁ | D68: =B68*C68 -> 0
A69: CÀ CHUA ROSEBERRY 300G | D69: =B69*C69 -> 0
A70: CÀ CHUA SÔCOLA 250GR (HỘP) VR | B70: 27 | C70: 12000 | D70: =B70*C70 -> 324000
A71: CÀ CHUA SÔCOLA 250GR (KG) -NA | D71: =B71*C71 -> 0
A72: CÀ CHUA SÔCOLA 250GR (KG) VR | D72: =B72*C72 -> 0
A73: CÀ CHUA SÔCOLA 250GR(KG) KQ | D73: =B73*C73 -> 0
A74: CÀ CHUA SÔCOLA 300GR (HỘP) VR | D74: =B74*C74 -> 0
A75: CÀ CHUA SOCOLA XÁ | D75: =B75*C75 -> 0
A76: CÀ CHUA SÔCOLA(HỘP) KQ | D76: =B76*C76 -> 0
A77: CÀ CHUA VỈ 400GR | D77: =B77*C77 -> 0
A78: CÀ CHUA Ý | D78: =B78*C78 -> 0
A79: CÀ CHUA Ý 500G | D79: =B79*C79 -> 0
A80: CÀ CHUA Ý CHÙM | B80: 120 | C80: 30000 | D80: =B80*C80 -> 3600000
A81: CÀ CHUA Ý(VỈ) KG | B81: 21 | C81: 23000 | D81: =B81*C81 -> 483000
A82: CÀ CHUA Ý(VỈ) KG KQ | D82: =B82*C82 -> 0
A83: CÀ RỐT BABY | D83: =B83*C83 -> 0
A84: CÀ RỐT BABY (KG) KQ | D84: =B84*C84 -> 0
A85: CÀ RỐT BABY 200GR | D85: =B85*C85 -> 0
A86: CÀ RỐT DL | D86: =B86*C86 -> 0
A87: CÀ RỐT DL L1 | B87: 43 | C87: 15000 | D87: =B87*C87 -> 645000
A88: CÀ RỐT DL TÚI LƯỚI 500GR VR | D88: =B88*C88 -> 0
A89: CÀ RỐT TRUNG | D89: =B89*C89 -> 0
A90: CÀ RỐT TÚI LƯỚI 800G KQ | D90: =B90*C90 -> 0
A91: CÀ TÍM | D91: =B91*C91 -> 0
A92: CÀ TÍM CẶP 400G | B92: 7 | C92: 4000 | D92: =B92*C92 -> 28000
A93: CÀ TÍM SỌC PHA LÊ 300G | D93: =B93*C93 -> 0
A94: CÀ TÍM SỌC PHA LÊ HỘP 500GR VR | D94: =B94*C94 -> 0
A95: CÀ TÍM SỌC PHA LÊ TÍM (KG) VR | D95: =B95*C95 -> 0
A96: CÀ Ý VỈ 650GR | D96: =B96*C96 -> 0
A97: CẢI CẦU VỒNG | D97: =B97*C97 -> 0
A98: CẢI CẦU VỒNG 300GR | D98: =B98*C98 -> 0
A99: CẢI CÚC 300GR | D99: =B99*C99 -> 0
A100: CẢI KALE | D100: =B100*C100 -> 0
A101: CẢI KALE 150GR | D101: =B101*C101 -> 0
A102: CẢI KALE 300GR | D102: =B102*C102 -> 0
A103: CẢI MÈO MỘC CHÂU | D103: =B103*C103 -> 0
A104: CẢI THẢO DL | B104: 150 | C104: 7500 | D104: =B104*C104 -> 1125000
A105: CẢI THẢO DL(BẮP) | D105: =B105*C105 -> 0
A106: CẢI THẢO HỎA TIỄN | D106: =B106*C106 -> 0
A107: CẢI THẢO HỎA TIỄN 250GR | D107: =B107*C107 -> 0
A108: CẢI THẢO KIM CHI | D108: =B108*C108 -> 0
A109: CẢI THẢO MỘC CHÂU | D109: =B109*C109 -> 0
A110: CẢI THẢO VR | D110: =B110*C110 -> 0
A111: CẦN TÂY (KG) | B111: 15 | C111: 22000 | D111: =B111*C111 -> 330000
...

Sheet 17.6
A1: hàng tồn cuối ngày 17/6 vr
A2: TÊN SẢN PHẨM | B2: TỒN TRƯỚC | C2: GIÁ NHẬP | D2: THÀNH TIỀN
A3: CÀ CHUA SÔCOLA 250GR (HỘP) VR | B3: 62 | C3: 12000 | D3: =B3*C3 -> 744000
A4: CÀ CHUA SÔCOLA 300GR (HỘP) VR | D4: =B4*C4 -> 0
A5: CÀ RỐT BABY 200GR | D5: =B5*C5 -> 0
A6: CẢI KALE | D6: =B6*C6 -> 0
A7: CẢI KALE 300GR | D7: =B7*C7 -> 0
A8: CHANH VÀNG TRÁI 180UP | D8: =B8*C8 -> 0
A9: CẦN TÂY (KG) | B9: 30 | C9: 22000 | D9: =B9*C9 -> 660000
A10: CẦN TÂY(CÂY) | D10: =B10*C10 -> 0
A11: ỚT CHUÔNG 3 MÀU(KG)VR | D11: =B11*C11 -> 0
A12: ỚT CHUÔNG ĐỎ | B12: 7 | C12: 26000 | D12: =B12*C12 -> 182000
A13: ỚT CHUÔNG ĐỎ(TRÁI) | D13: =B13*C13 -> 0
A14: ỚT CHUÔNG VÀNG | B14: 30 | C14: 38000 | D14: =B14*C14 -> 1140000
A15: ỚT CHUÔNG VÀNG L1 | B15: 5 | C15: 30000 | D15: =B15*C15 -> 150000
A16: ỚT CHUÔNG VÀNG(TRÁI) | D16: =B16*C16 -> 0
A17: ỚT CHUÔNG XANH | B17: 65 | C17: 18000 | D17: =B17*C17 -> 1170000
A18: ỚT CHUÔNG XANH L1 | B18: 5 | C18: 10000 | D18: =B18*C18 -> 50000
A19: ỚT CHUÔNG XANH(TRÁI) | D19: =B19*C19 -> 0
A20: CỦ DỀN | D20: =B20*C20 -> 0
A21: CỦ DỀN 600G | D21: =B21*C21 -> 0
A22: XÀ LÁCH MỸ | D22: =B22*C22 -> 0
A23: KHOAI TÂY VÀNG ĐL | B23: 250 | C23: 16000 | D23: =B23*C23 -> 4000000
A24: KHOAI TÂY VÀNG LỚN TÚI LƯỚI 500G | B24: 230 | C24: 11000 | D24: =B24*C24 -> 2530000
A25: CẢI THẢO DL | D25: =B25*C25 -> 0
A26: BÍ ĐAO XANH | D26: =B26*C26 -> 0
A27: DƯA LEO | D27: =B27*C27 -> 0
A28: DƯA LEO GIỐNG NHẬT 600GR | D28: =B28*C28 -> 0
A29: DƯA LEO GIỐNG NHẬT KG | D29: =B29*C29 -> 0
A30: BƠ 034 | B30: 30 | C30: 12500 | D30: =B30*C30 -> 375000
A31: BƠ SÁP | B31: 70 | C31: 11500 | D31: =B31*C31 -> 805000
A32: KHOAI LANG MẬT (KG) 2-3 CỦ | B32: 400 | C32: 20000 | D32: =B32*C32 -> 8000000
A33: KHOAI LANG MẬT (KG) 4-6 CỦ | B33: 350 | C33: 19000 | D33: =B33*C33 -> 6650000
A34: KHOAI LANG MẬT 500G VR | D34: =B34*C34 -> 0
A35: PARO | D35: =B35*C35 -> 0
A36: PARO (CÂY) | D36: =B36*C36 -> 0
A37: BẮP CẢI TÍM | B37: 10 | C37: 10000 | D37: =B37*C37 -> 100000
A38: CÀ CHUA CHERRY MIX 300G | D38: =B38*C38 -> 0
A39: TÍA TÔ 50G | D39: =B39*C39 -> 0
A40: XÀ LÁCH LOLO XANH | D40: =B40*C40 -> 0
A41: CÀ RỐT DL L1 | B41: 30 | C41: 15000 | D41: =B41*C41 -> 450000
A42: CÀ RỐT DL TÚI LƯỚI 500GR VR | D42: =B42*C42 -> 0
A43: CÀ RỐT TRUNG | D43: =B43*C43 -> 0
A44: GỪNG | D44: =B44*C44 -> 0
A45: NGÒ RÍ | D45: =B45*C45 -> 0
A46: NGÒ RÍ TÚI 50GR | D46: =B46*C46 -> 0
A47: ỚT HIỂM | D47: =B47*C47 -> 0
A48: CHUỐI LABA | D48: =B48*C48 -> 0
A49: BÔNG CẢI TRẮNG | D49: =B49*C49 -> 0
A50: SET ỚT CHUÔNG BABY 250G | D50: =B50*C50 -> 0
A51: ĐẬU ĐỎ | D51: =B51*C51 -> 0
A52: CÀ CHUA | D52: =B52*C52 -> 0
A53: CÀ CHUA L1 | B53: 580 | C53: 21000 | D53: =B53*C53 -> 12180000
A54: CÀ CHUA VỈ 400GR | D54: =B54*C54 -> 0
A55: ỚT SỪNG VÀNG | D55: =B55*C55 -> 0
A56: BÍ ĐỎ TRÒN | B56: 200 | C56: 18000 | D56: =B56*C56 -> 3600000
A57: BÔNG ATISO | D57: =B57*C57 -> 0
A58: BÔNG CẢI XANH BABY (KG) | D58: =B58*C58 -> 0
A59: BÔNG CẢI XANH BABY 200G | D59: =B59*C59 -> 0
A60: CỦ CẢI ĐỎ 300GR (KG) VR | D60: =B60*C60 -> 0
A61: CỦ CẢI ĐỎ HỘP 300GR | B61: 15 | C61: 15000 | D61: =B61*C61 -> 225000
A62: LÁ É 300G | D62: =B62*C62 -> 0
A63: LÁ GIANG | D63: =B63*C63 -> 0
A64: LÁ MÈ | D64: =B64*C64 -> 0
A65: LÁ MÈ TÚI 50G | D65: =B65*C65 -> 0
A66: LÁ MÈ TÚI 50G SB | D66: =B66*C66 -> 0
A67: ROCKET 200G | D67: =B67*C67 -> 0
A68: SÚ TRÁI TIM | B68: 50 | C68: 10000 | D68: =B68*C68 -> 500000
A69: KHOAI LANG NHẬT | D69: =B69*C69 -> 0
A70: CÀ CHUA BI | D70: =B70*C70 -> 0
A71: CÀ CHUA BI (HỘP) 300GR VR | D71: =B71*C71 -> 0
A72: ĐÀO VN | D72: =B72*C72 -> 0
A73: ĐẬU QUE TRẮNG (KG) VR | D73: =B73*C73 -> 0
A74: ĐẬU QUE TRẮNG (TÚI) VR 300gr | D74: =B74*C74 -> 0
A75: CÀ CHUA Ý | D75: =B75*C75 -> 0
A76: CÀ CHUA Ý 500G | D76: =B76*C76 -> 0
A77: CÀ CHUA Ý CHÙM | B77: 20 | C77: 30000 | D77: =B77*C77 -> 600000
A78: CÀ CHUA Ý(VỈ) KG | B78: 49 | C78: 23000 | D78: =B78*C78 -> 1127000
A79: CÀ Ý VỈ 650GR | D79: =B79*C79 -> 0
A80: XÀ LÁCH ROMEN (KG) | D80: =B80*C80 -> 0
A81: CÀ TÍM SỌC PHA LÊ HỘP 500GR VR | D81: =B81*C81 -> 0
A82: HÀNH TÂY DL L1 | B82: 150 | C82: 7700 | D82: =B82*C82 -> 1155000
A83: HÀNH TÂY DL L1 TÚI LƯỚI 300GR | B83: 360 | C83: 2100 | D83: =B83*C83 -> 756000
A84: KHOAI TÂY BI | B84: 16 | C84: 10000 | D84: =B84*C84 -> 160000
A85: KHOAI TÂY BI 500G VR | D85: =B85*C85 -> 0
A86: CÀ TÍM | D86: =B86*C86 -> 0
A87: CÀ TÍM CẶP 400G | D87: =B87*C87 -> 0
A88: BẮP CẢI TRẮNG | D88: =B88*C88 -> 0
A89: DƯA LEO BABY VR | D89: =B89*C89 -> 0
A90: DƯA LEO BABY VR(KG) | D90: =B90*C90 -> 0
A91: MÂM XÔI ĐEN | D91: =B91*C91 -> 0
A92: BÍ ĐỎ HỒ LÔ | D92: =B92*C92 -> 0
A93: CẢI CÚC 300GR | D93: =B93*C93 -> 0
A94: CHANH KHÔNG HẠT | D94: =B94*C94 -> 0
A95: CỦ HÀNH ĐỎ | D95: =B95*C95 -> 0
A96: KHOAI MỠ | D96: =B96*C96 -> 0
... A101: BÓ XÔI 300G VR | D101: =B101*C101 -> 0
A102: ỚT CHUÔNG BABY | B102: 4 | C102: 37000 | D102: =B102*C102 -> 148000
A103: ỚT NGỌT PALERMO TÚI 300GR | B103: 31 | C103: 12500 | D103: =B103*C103 -> 387500
A104: SẤU TƯƠI 300G | B104: 4 | C104: 3000 | D104: =B104*C104 -> 12000
...

Sheet 18.6
A1: hàng tồn cuối ngày 18/6 vr
A2: TÊN SẢN PHẨM | B2: TỒN TRƯỚC | C2: GIÁ NHẬP | D2: THÀNH TIỀN
A3: BẮP CẢI TÍM | B3: 24 | C3: 10000 | D3: =B3*C3 -> 240000
A4: BẮP CẢI TÍM (BẮP) | D4: =B4*C4 -> 0
A5: BẮP CẢI TÍM SUSHI | D5: =B5*C5 -> 0
A6: BẮP CẢI TRẮNG | D6: =B6*C6 -> 0
A7: BẮP CẢI TRẮNG (BẮP) | D7: =B7*C7 -> 0
A8: BẮP CẢI TRẮNG MỘC CHÂU | D8: =B8*C8 -> 0
A9: BẮP CẢI TRẮNG SÓI BIỂN | D9: =B9*C9 -> 0
A10: BẮP CẢI TRẮNG SUSHI | D10: =B10*C10 -> 0
A11: BẮP MỸ CẶP | D11: =B11*C11 -> 0
A12: BẦU | B12: 1 | C12: 10000 | D12: =B12*C12 -> 10000
A13: BÍ ĐAO XANH | D13: =B13*C13 -> 0
A14: BÍ ĐAO XANH 400G | D14: =B14*C14 -> 0
A15: BÍ ĐỎ HỒ LÔ | B15: 20 | C15: 19000 | D15: =B15*C15 -> 380000
A16: BÍ ĐỎ MINI | D16: =B16*C16 -> 0
A17: BÍ ĐỎ NON (KG)KQ | D17: =B17*C17 -> 0
A18: BÍ ĐỎ NON TRÁI VR | D18: =B18*C18 -> 0
A19: BÍ ĐỎ NON( KG) VR | D19: =B19*C19 -> 0
A20: BÍ ĐỎ TRÒN | B20: 270 | C20: 18000 | D20: =B20*C20 -> 4860000
A21: BÍ MINI VÀNG 300GR | D21: =B21*C21 -> 0
A22: BÍ MINI VÀNG KG | D22: =B22*C22 -> 0
A23: BÍ NGÒI VÀNG | D23: =B23*C23 -> 0
A24: BÍ NGÒI VÀNG (TRÁI) | D24: =B24*C24 -> 0
A25: BÍ NGÒI XANH | B25: =10+30+18+30+30 -> 118 | C25: 11000 | D25: =B25*C25 -> 1298000
A26: BÍ NGÒI XANH(TRÁI) | D26: =B26*C26 -> 0
A27: BÍ NHẬT | D27: =B27*C27 -> 0
A28: BƠ 034 | B28: 68 | C28: 12500 | D28: =B28*C28 -> 850000
A29: BƠ 034 COOP | D29: =B29*C29 -> 0
A30: BƠ BOOTH | B30: 8 | C30: 20000 | D30: =B30*C30 -> 160000
A31: BO HOA CHUONG | D31: =B31*C31 -> 0
A32: BO HOA CUC TANA | D32: =B32*C32 -> 0
A33: BO HOA DONG TIEN HN | D33: =B33*C33 -> 0
A34: BO HOA LOA KEN | D34: =B34*C34 -> 0
A35: BO HOA PHANG | D35: =B35*C35 -> 0
A36: BO HOA SEN QUAN AM | D36: =B36*C36 -> 0
A37: BO HOA SEN SUPER | D37: =B37*C37 -> 0
A38: BƠ SÁP | B38: =17+17+22+110 -> 166 | C38: 11500 | D38: =B38*C38 -> 1909000
A39: BÓ XÔI | D39: =B39*C39 -> 0
A40: BÓ XÔI 300G VR | B40: 4 | C40: 13000 | D40: =B40*C40 -> 52000
A41: BÓ XÔI-NA | D41: =B41*C41 -> 0
A42: BÔNG ATISO | D42: =B42*C42 -> 0
A43: BÔNG BÍ | D43: =B43*C43 -> 0
A44: BÔNG BÍ TÚI 300GR | D44: =B44*C44 -> 0
A45: BÔNG CẢI TRẮNG | D45: =B45*C45 -> 0
A46: BÔNG CẢI TRẮNG (CÂY) | D46: =B46*C46 -> 0
A47: BÔNG CẢI XANH 10P | B47: 34 | C47: 24000 | D47: =B47*C47 -> 816000
A48: BÔNG CẢI XANH AEON | D48: =B48*C48 -> 0
A49: BÔNG CẢI XANH AEON (CÂY) | D49: =B49*C49 -> 0
A50: BÔNG CẢI XANH BABY (KG) | D50: =B50*C50 -> 0
A51: BÔNG CẢI XANH BABY 200G | D51: =B51*C51 -> 0
A52: BÔNG CẢI XANH BIGC | D52: =B52*C52 -> 0
A53: BÔNG CẢI XANH CITI | D53: =B53*C53 -> 0
A54: CÀ CHUA | D54: =B54*C54 -> 0
A55: CÀ CHUA BI | D55: =B55*C55 -> 0
A56: CÀ CHUA BI (HỘP) 300GR KQ | D56: =B56*C56 -> 0
A57: CÀ CHUA BI (HỘP) 300GR VR | D57: =B57*C57 -> 0
A58: CÀ CHUA BI 300GR KQ (KG) | D58: =B58*C58 -> 0
A59: CÀ CHUA BI 300GR VR (KG) | D59: =B59*C59 -> 0
... A63: CÀ CHUA CHERRY MIX 300G | D63: =B63*C63 -> 0
A64: CÀ CHUA L1 | B64: =20+125+70 -> 215 | C64: 21000 | D64: =B64*C64 -> 4515000
A65: CÀ CHUA MỘC CHÂU | D65: =B65*C65 -> 0
A66: CÀ CHUA NGỌT | D66: =B66*C66 -> 0
A67: CÀ CHUA NGỌT 300GR (KG) | D67: =B67*C67 -> 0
A68: CÀ CHUA NGỌT XÁ | D68: =B68*C68 -> 0
A69: CÀ CHUA ROSEBERRY 300G | D69: =B69*C69 -> 0
A70: CÀ CHUA SÔCOLA 250GR (HỘP) VR | B70: =44+68+30+26+45 -> 213 | C70: 12000 | D70: =B70*C70 -> 2556000
A71: CÀ CHUA SÔCOLA 250GR (KG) -NA | D71: =B71*C71 -> 0
A72: CÀ CHUA SÔCOLA 250GR (KG) VR | D72: =B72*C72 -> 0
A73: CÀ CHUA SÔCOLA 250GR(KG) KQ | D73: =B73*C73 -> 0
A74: CÀ CHUA SÔCOLA 300GR (HỘP) VR | D74: =B74*C74 -> 0
A75: CÀ CHUA SOCOLA XÁ | D75: =B75*C75 -> 0
A76: CÀ CHUA SÔCOLA(HỘP) KQ | D76: =B76*C76 -> 0
A77: CÀ CHUA VỈ 400GR | D77: =B77*C77 -> 0
A78: CÀ CHUA Ý | D78: =B78*C78 -> 0
A79: CÀ CHUA Ý 500G | D79: =B79*C79 -> 0
A80: CÀ CHUA Ý CHÙM | B80: 15 | C80: 29000 | D80: =B80*C80 -> 435000
A81: CÀ CHUA Ý(VỈ) KG | D81: =B81*C81 -> 0
A82: CÀ CHUA Ý(VỈ) KG KQ | D82: =B82*C82 -> 0
A83: CÀ RỐT BABY | D83: =B83*C83 -> 0
A84: CÀ RỐT BABY (KG) KQ | D84: =B84*C84 -> 0
A85: CÀ RỐT BABY 200GR | D85: =B85*C85 -> 0
A86: CÀ RỐT DL | D86: =B86*C86 -> 0
A87: CÀ RỐT DL L1 | B87: 20 | C87: 15000 | D87: =B87*C87 -> 300000
A88: CÀ RỐT DL TÚI LƯỚI 500GR VR | D88: =B88*C88 -> 0
A89: CÀ RỐT TRUNG | D89: =B89*C89 -> 0
A90: CÀ RỐT TÚI LƯỚI 800G KQ | D90: =B90*C90 -> 0
A91: CÀ TÍM | D91: =B91*C91 -> 0
A92: CÀ TÍM CẶP 400G | D92: =B92*C92 -> 0
A93: CÀ TÍM SỌC PHA LÊ 300G | D93: =B93*C93 -> 0
A94: CÀ TÍM SỌC PHA LÊ HỘP 500GR VR | D94: =B94*C94 -> 0
A95: CÀ TÍM SỌC PHA LÊ TÍM (KG) VR | D95: =B95*C95 -> 0
A96: CÀ Ý VỈ 650GR | D96: =B96*C96 -> 0
A97: CẢI CẦU VỒNG | D97: =B97*C97 -> 0
A98: CẢI CẦU VỒNG 300GR | D98: =B98*C98 -> 0
A99: CẢI CÚC 300GR | D99: =B99*C99 -> 0
... A131: CỦ CẢI MUỐI (VỈ) 250G KQ | D131: =B131*C131 -> 0
A132: CỦ CẢI MUỐI(KG) | B132: 5 | C132: 16000 | D132: =B132*C132 -> 80000
A133: CỦ CẢI TRẮNG | D133: =B133*C133 -> 0
A134: CỦ CẢI TRẮNG CẶP 400GR | D134: =B134*C134 -> 0
...

Sheet 19.6
A1: hàng tồn cuối ngày 19/6 vr
A2: TÊN SẢN PHẨM | B2: TỒN TRƯỚC | C2: GIÁ NHẬP | D2: THÀNH TIỀN
A3: BẮP CẢI TÍM | B3: 4 | C3: 10000 | D3: =B3*C3 -> 40000
A4: BẮP CẢI TÍM (BẮP) | D4: =B4*C4 -> 0
A5: BẮP CẢI TÍM SUSHI | D5: =B5*C5 -> 0
A6: BẮP CẢI TRẮNG | D6: =B6*C6 -> 0
A7: BẮP CẢI TRẮNG (BẮP) | D7: =B7*C7 -> 0
A8: BẮP CẢI TRẮNG MỘC CHÂU | D8: =B8*C8 -> 0
A9: BẮP CẢI TRẮNG SÓI BIỂN | D9: =B9*C9 -> 0
A10: BẮP CẢI TRẮNG SUSHI | D10: =B10*C10 -> 0
A11: BẮP MỸ CẶP | D11: =B11*C11 -> 0
A12: BẦU | D12: =B12*C12 -> 0
A13: BÍ ĐAO XANH | D13: =B13*C13 -> 0
A14: BÍ ĐAO XANH 400G | D14: =B14*C14 -> 0
A15: BÍ ĐỎ HỒ LÔ | B15: 8 | C15: 19000 | D15: =B15*C15 -> 152000
A16: BÍ ĐỎ MINI | D16: =B16*C16 -> 0
A17: BÍ ĐỎ NON (KG)KQ | D17: =B17*C17 -> 0
A18: BÍ ĐỎ NON TRÁI VR | D18: =B18*C18 -> 0
A19: BÍ ĐỎ NON( KG) VR | D19: =B19*C19 -> 0
A20: BÍ ĐỎ TRÒN | B20: 160 | C20: 18000 | D20: =B20*C20 -> 2880000
A21: BÍ MINI VÀNG 300GR | D21: =B21*C21 -> 0
A22: BÍ MINI VÀNG KG | D22: =B22*C22 -> 0
A23: BÍ NGÒI VÀNG | D23: =B23*C23 -> 0
A24: BÍ NGÒI VÀNG (TRÁI) | D24: =B24*C24 -> 0
A25: BÍ NGÒI XANH | B25: =25+12 -> 37 | C25: 11000 | D25: =B25*C25 -> 407000
A26: BÍ NGÒI XANH(TRÁI) | D26: =B26*C26 -> 0
A27: BÍ NHẬT | D27: =B27*C27 -> 0
A28: BƠ 034 | B28: =3+20 -> 23 | C28: 12500 | D28: =B28*C28 -> 287500
A29: BƠ 034 COOP | B29: 12 | C29: 11000 | D29: =B29*C29 -> 132000
A30: BƠ BOOTH | B30: 30 | C30: 20000 | D30: =B30*C30 -> 600000
A31: BO HOA CHUONG | D31: =B31*C31 -> 0
A32: BO HOA CUC TANA | D32: =B32*C32 -> 0
A33: BO HOA DONG TIEN HN | D33: =B33*C33 -> 0
A34: BO HOA LOA KEN | D34: =B34*C34 -> 0
A35: BO HOA PHANG | D35: =B35*C35 -> 0
A36: BO HOA SEN QUAN AM | D36: =B36*C36 -> 0
A37: BO HOA SEN SUPER | D37: =B37*C37 -> 0
A38: BƠ SÁP | B38: 20 | C38: 11500 | D38: =B38*C38 -> 230000
A39: BÓ XÔI | D39: =B39*C39 -> 0
A40: BÓ XÔI 300G VR | D40: =B40*C40 -> 0
A41: BÓ XÔI-NA | D41: =B41*C41 -> 0
A42: BÔNG ATISO | D42: =B42*C42 -> 0
A43: BÔNG BÍ | D43: =B43*C43 -> 0
A44: BÔNG BÍ TÚI 300GR | D44: =B44*C44 -> 0
A45: BÔNG CẢI TRẮNG | B45: 13 | C45: 13000 | D45: =B45*C45 -> 169000
A46: BÔNG CẢI TRẮNG (CÂY) | D46: =B46*C46 -> 0
A47: BÔNG CẢI XANH 10P | D47: =B47*C47 -> 0
A48: BÔNG CẢI XANH AEON | D48: =B48*C48 -> 0
A49: BÔNG CẢI XANH AEON (CÂY) | D49: =B49*C49 -> 0
A50: BÔNG CẢI XANH BABY (KG) | D50: =B50*C50 -> 0
A51: BÔNG CẢI XANH BABY 200G | D51: =B51*C51 -> 0
A52: BÔNG CẢI XANH BIGC | D52: =B52*C52 -> 0
A53: BÔNG CẢI XANH CITI | D53: =B53*C53 -> 0
A54: CÀ CHUA | D54: =B54*C54 -> 0
A55: CÀ CHUA BI | D55: =B55*C55 -> 0
A56: CÀ CHUA BI (HỘP) 300GR KQ | D56: =B56*C56 -> 0
A57: CÀ CHUA BI (HỘP) 300GR VR | D57: =B57*C57 -> 0
... A63: CÀ CHUA CHERRY MIX 300G | D63: =B63*C63 -> 0
A64: CÀ CHUA L1 | B64: =20+140 -> 160 | C64: 21000 | D64: =B64*C64 -> 3360000
A65: CÀ CHUA MỘC CHÂU | D65: =B65*C65 -> 0
A66: CÀ CHUA NGỌT | D66: =B66*C66 -> 0
A67: CÀ CHUA NGỌT 300GR (KG) | D67: =B67*C67 -> 0
A68: CÀ CHUA NGỌT XÁ | D68: =B68*C68 -> 0
A69: CÀ CHUA ROSEBERRY 300G | D69: =B69*C69 -> 0
A70: CÀ CHUA SÔCOLA 250GR (HỘP) VR | B70: 15 | C70: 12000 | D70: =B70*C70 -> 180000
A71: CÀ CHUA SÔCOLA 250GR (KG) -NA | D71: =B71*C71 -> 0
A72: CÀ CHUA SÔCOLA 250GR (KG) VR | D72: =B72*C72 -> 0
A73: CÀ CHUA SÔCOLA 250GR(KG) KQ | D73: =B73*C73 -> 0
A74: CÀ CHUA SÔCOLA 300GR (HỘP) VR | D74: =B74*C74 -> 0
A75: CÀ CHUA SOCOLA XÁ | D75: =B75*C75 -> 0
A76: CÀ CHUA SÔCOLA(HỘP) KQ | D76: =B76*C76 -> 0
A77: CÀ CHUA VỈ 400GR | D77: =B77*C77 -> 0
A78: CÀ CHUA Ý | D78: =B78*C78 -> 0
A79: CÀ CHUA Ý 500G | D79: =B79*C79 -> 0
A80: CÀ CHUA Ý CHÙM | B80: 20 | C80: 29000 | D80: =B80*C80 -> 580000
A81: CÀ CHUA Ý(VỈ) KG | D81: =B81*C81 -> 0
A82: CÀ CHUA Ý(VỈ) KG KQ | D82: =B82*C82 -> 0
A83: CÀ RỐT BABY | D83: =B83*C83 -> 0
A84: CÀ RỐT BABY (KG) KQ | D84: =B84*C84 -> 0
A85: CÀ RỐT BABY 200GR | D85: =B85*C85 -> 0
A86: CÀ RỐT DL | D86: =B86*C86 -> 0
A87: CÀ RỐT DL L1 | B87: =50+5 -> 55 | C87: 15000 | D87: =B87*C87 -> 825000
A88: CÀ RỐT DL TÚI LƯỚI 500GR VR | D88: =B88*C88 -> 0
A89: CÀ RỐT TRUNG | D89: =B89*C89 -> 0
A90: CÀ RỐT TÚI LƯỚI 800G KQ | D90: =B90*C90 -> 0
A91: CÀ TÍM | B91: 15 | C91: 6000 | D91: =B91*C91 -> 90000
A92: CÀ TÍM CẶP 400G | D92: =B92*C92 -> 0
A93: CÀ TÍM SỌC PHA LÊ 300G | D93: =B93*C93 -> 0
A94: CÀ TÍM SỌC PHA LÊ HỘP 500GR VR | D94: =B94*C94 -> 0
A95: CÀ TÍM SỌC PHA LÊ TÍM (KG) VR | D95: =B95*C95 -> 0
A96: CÀ Ý VỈ 650GR | B96: 56 | C96: 30000 | D96: =B96*C96 -> 1680000
A97: CẢI CẦU VỒNG | D97: =B97*C97 -> 0
A98: CẢI CẦU VỒNG 300GR | D98: =B98*C98 -> 0
A99: CẢI CÚC 300GR | D99: =B99*C99 -> 0
A100: CẢI KALE | D100: =B100*C100 -> 0
A101: CẢI KALE 150GR | D101: =B101*C101 -> 0
A102: CẢI KALE 300GR | D102: =B102*C102 -> 0
A103: CẢI MÈO MỘC CHÂU | D103: =B103*C103 -> 0
A104: CẢI THẢO DL | B104: 8 | C104: 7000 | D104: =B104*C104 -> 56000
A105: CẢI THẢO DL(BẮP) | D105: =B105*C105 -> 0
...

Sheet 20.6
A1: hàng tồn cuối ngày 20/6 vr | B1: Stock | D1: Safety stock
A2: TÊN SẢN PHẨM | B2: TỒN TRƯỚC | C2: GIÁ NHẬP | D2: THÀNH TIỀN
A3: CÀ CHUA SÔCOLA 250GR (HỘP) VR | B3: 39 | C3: 10000 | D3: =B3*C3 -> 390000
A4: CÀ CHUA SÔCOLA 250GR (KG) VR | D4: =B4*C4 -> 0
A5: CÀ CHUA SÔCOLA 300GR (HỘP) VR | D5: =B5*C5 -> 0
A6: CÀ RỐT BABY | D6: =B6*C6 -> 0
A7: CÀ RỐT BABY 200GR | D7: =B7*C7 -> 0
A8: CẢI CẦU VỒNG | D8: =B8*C8 -> 0
A9: CẢI CẦU VỒNG 300GR | D9: =B9*C9 -> 0
A10: CẢI KALE 300GR | D10: =B10*C10 -> 0
A11: CHANH VÀNG TRÁI 180UP | D11: =B11*C11 -> 0
A12: CẦN TÂY (KG) | B12: 18 | C12: 21000 | D12: =B12*C12 -> 378000
A13: CẦN TÂY(CÂY) | D13: =B13*C13 -> 0
A14: ỚT CHUÔNG ĐỎ | B14: 75 | C14: 24000 | D14: =B14*C14 -> 1800000
A15: ỚT CHUÔNG ĐỎ(TRÁI) | D15: =B15*C15 -> 0
A16: ỚT CHUÔNG 3 MÀU 350G | B16: 45 | C16: 11000 | D16: =B16*C16 -> 495000
A17: ỚT CHUÔNG VÀNG | B17: 44 | C17: 36000 | D17: =B17*C17 -> 1584000
A18: ỚT CHUÔNG VÀNG(TRÁI) | D18: =B18*C18 -> 0
A19: ỚT CHUÔNG XANH | B19: 105 | C19: 20000 | D19: =B19*C19 -> 2100000
A20: ỚT CHUÔNG XANH(TRÁI) | D20: =B20*C20 -> 0
A21: CỦ DỀN | D21: =B21*C21 -> 0
A22: CỦ DỀN 600G | D22: =B22*C22 -> 0
A23: XÀ LÁCH MỸ | D23: =B23*C23 -> 0
A24: KHOAI TÂY HỒNG | D24: =B24*C24 -> 0
A25: KHOAI TÂY VÀNG ĐL | B25: 245 | C25: 16000 | D25: =B25*C25 -> 3920000
A26: KHOAI TÂY VÀNG LỚN TÚI LƯỚI 500G | D26: =B26*C26 -> 0
A27: KHOAI TÂY VÀNG TRUNG TÚI LƯỚI 500G | B27: 30 | C27: 11000 | D27: =B27*C27 -> 330000
A28: CẢI THẢO DL | D28: =B28*C28 -> 0
A29: BẦU | D29: =B29*C29 -> 0
A30: BÍ ĐAO XANH | D30: =B30*C30 -> 0
A31: DƯA LEO | D31: =B31*C31 -> 0
A32: DƯA LEO GIỐNG NHẬT 600GR | D32: =B32*C32 -> 0
A33: DƯA LEO GIỐNG NHẬT KG | D33: =B33*C33 -> 0
A34: BƠ 034 | B34: 5 | C34: 12500 | D34: =B34*C34 -> 62500
A35: BƠ SÁP | B35: 98 | C35: 11000 | D35: =B35*C35 -> 1078000
A36: KHOAI LANG MẬT (KG) 2-3 CỦ | B36: 210 | C36: 20000 | D36: =B36*C36 -> 4200000
A37: KHOAI LANG MẬT (KG) 4-6 CỦ | B37: 600 | C37: 19000 | D37: =B37*C37 -> 11400000
A38: KHOAI LANG MẬT 500G VR | D38: =B38*C38 -> 0
A39: PARO | B39: 25 | C39: 16000 | D39: =B39*C39 -> 400000
A40: PARO (CÂY) | D40: =B40*C40 -> 0
A41: BẮP CẢI TÍM | B41: 14 | C41: 10000 | D41: =B41*C41 -> 140000
A42: CÀ CHUA CHERRY MIX 300G | D42: =B42*C42 -> 0
A43: TÍA TÔ 50G | D43: =B43*C43 -> 0
A44: XÀ LÁCH LOLO XANH | B44: 12 | C44: 35000 | D44: =B44*C44 -> 420000
A45: XÀ LÁCH ROMEN THUỶ CANH (KG) VR | D45: =B45*C45 -> 0
A46: CÀ RỐT DL L1 | B46: 5 | C46: 17000 | D46: =B46*C46 -> 85000
A47: CÀ RỐT DL TÚI LƯỚI 500GR VR | D47: =B47*C47 -> 0
A48: GỪNG | B48: 2 | C48: 42000 | D48: =B48*C48 -> 84000
A49: NGÒ RÍ TÚI 50GR | D49: =B49*C49 -> 0
A50: ỚT HIỂM | D50: =B50*C50 -> 0
A51: THÌ LÀ | D51: =B51*C51 -> 0
A52: CHUỐI LABA | D52: =B52*C52 -> 0
A53: BÔNG CẢI TRẮNG | D53: =B53*C53 -> 0
A54: SET ỚT CHUÔNG BABY 250G | D54: =B54*C54 -> 0
A55: ĐẬU BO | D55: =B55*C55 -> 0
A56: ĐẬU CÚC | B56: 1 | C56: 70000 | D56: =B56*C56 -> 70000
A57: ĐẬU ĐỎ | D57: =B57*C57 -> 0
A58: ĐẬU NGỰ | D58: =B58*C58 -> 0
A59: ĐẬU TRẮNG | D59: =B59*C59 -> 0
A60: CÀ CHUA | D60: =B60*C60 -> 0
A61: CÀ CHUA L1 | B61: 106 | C61: 10000 | D61: =B61*C61 -> 1060000
A62: CÀ CHUA VỈ 400GR | D62: =B62*C62 -> 0
A63: BÍ ĐỎ TRÒN | B63: 170 | C63: 18000 | D63: =B63*C63 -> 3060000
A64: BÔNG ATISO | D64: =B64*C64 -> 0
A65: BÔNG CẢI XANH BABY (KG) | D65: =B65*C65 -> 0
A66: BÔNG CẢI XANH BABY 200G | D66: =B66*C66 -> 0
A67: CỦ CẢI ĐỎ 300GR (KG) VR | D67: =B67*C67 -> 0
A68: CỦ CẢI ĐỎ HỘP 300GR | D68: =B68*C68 -> 0
A69: ĐẬU HÀ LAN | D69: =B69*C69 -> 0
A70: LÁ É 300G | D70: =B70*C70 -> 0
A71: LÁ GIANG | D71: =B71*C71 -> 0
A72: LÁ MÈ | D72: =B72*C72 -> 0
A73: LÁ MÈ TÚI 50G | D73: =B73*C73 -> 0
A74: ROCKET | D74: =B74*C74 -> 0
A75: ROCKET 200G | D75: =B75*C75 -> 0
... A80: CÀ CHUA BI (HỘP) 300GR VR | D80: =B80*C80 -> 0
A81: CÀ CHUA BI COOP | B81: 10 | C81: 24000 | D81: =B81*C81 -> 240000
A82: ĐẬU QUE TRẮNG (KG) VR | D82: =B82*C82 -> 0
A83: ĐẬU QUE TRẮNG (TÚI) VR 300gr | D83: =B83*C83 -> 0
A84: CÀ CHUA Ý | D84: =B84*C84 -> 0
A85: CÀ CHUA Ý 500G | D85: =B85*C85 -> 0
A86: CÀ CHUA Ý CHÙM | B86: 60 | C86: 29000 | D86: =B86*C86 -> 1740000
A87: CÀ CHUA Ý(VỈ) KG | B87: 66 | C87: 23000 | D87: =B87*C87 -> 1518000
A88: CÀ Ý VỈ 650GR | D88: =B88*C88 -> 0
A89: XÀ LÁCH CAROL | D89: =B89*C89 -> 0
A90: XÀ LÁCH ROMEN (KG) | D90: =B90*C90 -> 0
A91: CÀ TÍM SỌC PHA LÊ HỘP 500GR VR | D91: =B91*C91 -> 0
A92: HÀNH TÂY DL L1 | B92: 200 | C92: 7700 | D92: =B92*C92 -> 1540000
A93: HÀNH TÂY DL L1 TÚI LƯỚI 300GR | B93: 50 | C93: 2100 | D93: =B93*C93 -> 105000
A94: HANH TAY TIM | B94: 10 | C94: 20000 | D94: =B94*C94 -> 200000
A95: KHOAI TÂY BI | D95: =B95*C95 -> 0
A96: KHOAI TÂY BI 500G VR | D96: =B96*C96 -> 0
A97: CẢI THẢO HỎA TIỄN | D97: =B97*C97 -> 0
A98: CÀ TÍM | B98: 34 | C98: 6000 | D98: =B98*C98 -> 204000
A99: CÀ TÍM CẶP 400G | D99: =B99*C99 -> 0
A100: BẮP CẢI TRẮNG | D100: =B100*C100 -> 0
A101: DƯA LEO BABY VR | D101: =B101*C101 -> 0
A102: DƯA LEO BABY VR(KG) | D102: =B102*C102 -> 0
A103: DƯA LEO BABY VR(KG)-NA | D103: =B103*C103 -> 0
A104: MÂM XÔI ĐEN | D104: =B104*C104 -> 0
...

Sheet 21.6
A1: hàng tồn cuối ngày 21/6 vr
A2: TÊN SẢN PHẨM | B2: TỒN TRƯỚC | C2: GIÁ NHẬP | D2: THÀNH TIỀN
A3: BẮP CẢI TÍM | D3: =B3*C3 -> 0
A4: BẮP CẢI TÍM (BẮP) | D4: =B4*C4 -> 0
A5: BẮP CẢI TÍM SUSHI | D5: =B5*C5 -> 0
A6: BẮP CẢI TRẮNG | D6: =B6*C6 -> 0
A7: BẮP CẢI TRẮNG (BẮP) | D7: =B7*C7 -> 0
A8: BẮP CẢI TRẮNG MỘC CHÂU | D8: =B8*C8 -> 0
A9: BẮP CẢI TRẮNG SÓI BIỂN | D9: =B9*C9 -> 0
A10: BẮP CẢI TRẮNG SUSHI | D10: =B10*C10 -> 0
A11: BẮP MỸ CẶP | D11: =B11*C11 -> 0
A12: BẦU | D12: =B12*C12 -> 0
A13: BÍ ĐAO XANH | D13: =B13*C13 -> 0
A14: BÍ ĐAO XANH 400G | D14: =B14*C14 -> 0
A15: BÍ ĐỎ HỒ LÔ | B15: =5+33+55 -> 93 | C15: 19000 | D15: =B15*C15 -> 1767000
A16: BÍ ĐỎ MINI | D16: =B16*C16 -> 0
A17: BÍ ĐỎ NON (KG)KQ | D17: =B17*C17 -> 0
A18: BÍ ĐỎ NON TRÁI VR | B18: =50+120+15 -> 185 | C18: 4000 | D18: =B18*C18 -> 740000
A19: BÍ ĐỎ NON( KG) VR | D19: =B19*C19 -> 0
A20: BÍ ĐỎ TRÒN | B20: 160 | C20: 18000 | D20: =B20*C20 -> 2880000
A21: BÍ MINI VÀNG 300GR | D21: =B21*C21 -> 0
A22: BÍ MINI VÀNG KG | D22: =B22*C22 -> 0
A23: BÍ NGÒI VÀNG | D23: =B23*C23 -> 0
A24: BÍ NGÒI VÀNG (TRÁI) | D24: =B24*C24 -> 0
A25: BÍ NGÒI XANH | B25: =18+30+23 -> 71 | C25: 11000 | D25: =B25*C25 -> 781000
A26: BÍ NGÒI XANH(TRÁI) | D26: =B26*C26 -> 0
A27: BÍ NHẬT | D27: =B27*C27 -> 0
A28: BƠ 034 | B28: =35+6+18 -> 59 | C28: 12500 | D28: =B28*C28 -> 737500
A29: BƠ 034 COOP | D29: =B29*C29 -> 0
A30: BƠ BOOTH | B30: 8 | C30: 20000 | D30: =B30*C30 -> 160000
A31: BO HOA CHUONG | D31: =B31*C31 -> 0
A32: BO HOA CUC TANA | D32: =B32*C32 -> 0
A33: BO HOA DONG TIEN HN | D33: =B33*C33 -> 0
A34: BO HOA LOA KEN | D34: =B34*C34 -> 0
A35: BO HOA PHANG | D35: =B35*C35 -> 0
A36: BO HOA SEN QUAN AM | D36: =B36*C36 -> 0
A37: BO HOA SEN SUPER | D37: =B37*C37 -> 0
A38: BƠ SÁP | B38: =5+15+3 -> 23 | C38: 11500 | D38: =B38*C38 -> 264500
A39: BÓ XÔI | D39: =B39*C39 -> 0
A40: BÓ XÔI 300G VR | D40: =B40*C40 -> 0
A41: BÓ XÔI-NA | D41: =B41*C41 -> 0
A42: BÔNG ATISO | D42: =B42*C42 -> 0
A43: BÔNG BÍ | D43: =B43*C43 -> 0
A44: BÔNG BÍ TÚI 300GR | B44: 1.2 | C44: 50000 | D44: =B44*C44 -> 60000
A45: BÔNG CẢI TRẮNG | D45: =B45*C45 -> 0
A46: BÔNG CẢI TRẮNG (CÂY) | D46: =B46*C46 -> 0
A47: BÔNG CẢI XANH 10P | D47: =B47*C47 -> 0
A48: BÔNG CẢI XANH AEON | D48: =B48*C48 -> 0
A49: BÔNG CẢI XANH AEON (CÂY) | D49: =B49*C49 -> 0
A50: BÔNG CẢI XANH BABY (KG) | D50: =B50*C50 -> 0
A51: BÔNG CẢI XANH BABY 200G | D51: =B51*C51 -> 0
A52: BÔNG CẢI XANH BIGC | D52: =B52*C52 -> 0
A53: BÔNG CẢI XANH CITI | D53: =B53*C53 -> 0
A54: CÀ CHUA | D54: =B54*C54 -> 0
A55: CÀ CHUA BI | D55: =B55*C55 -> 0
A56: CÀ CHUA BI (HỘP) 300GR KQ | D56: =B56*C56 -> 0
... A69: CÀ CHUA ROSEBERRY 300G | D69: =B69*C69 -> 0
A70: CÀ CHUA SÔCOLA 250GR (HỘP) VR | B70: 20 | C70: 10000 | D70: =B70*C70 -> 200000
A71: CÀ CHUA SÔCOLA 250GR (KG) -NA | D71: =B71*C71 -> 0
A72: CÀ CHUA SÔCOLA 250GR (KG) VR | D72: =B72*C72 -> 0
A73: CÀ CHUA SÔCOLA 250GR(KG) KQ | D73: =B73*C73 -> 0
A74: CÀ CHUA SÔCOLA 300GR (HỘP) VR | D74: =B74*C74 -> 0
A75: CÀ CHUA SOCOLA XÁ | D75: =B75*C75 -> 0
A76: CÀ CHUA SÔCOLA(HỘP) KQ | D76: =B76*C76 -> 0
A77: CÀ CHUA VỈ 400GR | D77: =B77*C77 -> 0
A78: CÀ CHUA Ý | D78: =B78*C78 -> 0
A79: CÀ CHUA Ý 500G | D79: =B79*C79 -> 0
A80: CÀ CHUA Ý CHÙM | D80: =B80*C80 -> 0
A81: CÀ CHUA Ý(VỈ) KG | B81: =8+24 -> 32 | C81: 21000 | D81: =B81*C81 -> 672000
A82: CÀ CHUA Ý(VỈ) KG KQ | D82: =B82*C82 -> 0
A83: CÀ RỐT BABY | D83: =B83*C83 -> 0
A84: CÀ RỐT BABY (KG) KQ | D84: =B84*C84 -> 0
A85: CÀ RỐT BABY 200GR | D85: =B85*C85 -> 0
A86: CÀ RỐT DL | D86: =B86*C86 -> 0
A87: CÀ RỐT DL L1 | B87: 14 | C87: 17000 | D87: =B87*C87 -> 238000
A88: CÀ RỐT DL TÚI LƯỚI 500GR VR | D88: =B88*C88 -> 0
A89: CÀ RỐT TRUNG | D89: =B89*C89 -> 0
A90: CÀ RỐT TÚI LƯỚI 800G KQ | D90: =B90*C90 -> 0
A91: CÀ TÍM | B91: =42+12 -> 54 | C91: 6000 | D91: =B91*C91 -> 324000
A92: CÀ TÍM CẶP 400G | D92: =B92*C92 -> 0
A93: CÀ TÍM SỌC PHA LÊ 300G | D93: =B93*C93 -> 0
A94: CÀ TÍM SỌC PHA LÊ HỘP 500GR VR | D94: =B94*C94 -> 0
A95: CÀ TÍM SỌC PHA LÊ TÍM (KG) VR | D95: =B95*C95 -> 0
A96: CÀ Ý VỈ 650GR | D96: =B96*C96 -> 0
A97: CẢI CẦU VỒNG | D97: =B97*C97 -> 0
A98: CẢI CẦU VỒNG 300GR | D98: =B98*C98 -> 0
A99: CẢI CÚC 300GR | D99: =B99*C99 -> 0
A100: CẢI KALE | D100: =B100*C100 -> 0
A101: CẢI KALE 150GR | D101: =B101*C101 -> 0
A102: CẢI KALE 300GR | D102: =B102*C102 -> 0
A103: CẢI MÈO MỘC CHÂU | D103: =B103*C103 -> 0
... A110: CẢI THẢO VR | D110: =B110*C110 -> 0
A111: CẦN TÂY (KG) | B111: 4 | C111: 22000 | D111: =B111*C111 -> 88000
A112: CẦN TÂY THUỶ CANH | D112: =B112*C112 -> 0
A113: CẦN TÂY(CÂY) | D113: =B113*C113 -> 0
A114: CHANH DÂY | D114: =B114*C114 -> 0
A115: CHANH DÂY NGỌT L2 | D115: =B115*C115 -> 0
A116: CHANH DÂY NGỌT VỈ 300GR | D116: =B116*C116 -> 0
A117: CHANH KHÔNG HẠT | D117: =B117*C117 -> 0
A118: CHANH VÀNG (KG) | D118: =B118*C118 -> 0
...

Sheet 22.6
A1: hàng tồn cuối ngày 22/6 vr
A2: TÊN SẢN PHẨM | B2: TỒN TRƯỚC | C2: GIÁ NHẬP | D2: THÀNH TIỀN
A3: BẮP CẢI TÍM | B3: 10 | C3: 10000 | D3: =B3*C3 -> 100000
A4: BẮP CẢI TÍM (BẮP) | D4: =B4*C4 -> 0
A5: BẮP CẢI TÍM SUSHI | D5: =B5*C5 -> 0
A6: BẮP CẢI TRẮNG | D6: =B6*C6 -> 0
A7: BẮP CẢI TRẮNG (BẮP) | D7: =B7*C7 -> 0
A8: BẮP CẢI TRẮNG MỘC CHÂU | D8: =B8*C8 -> 0
A9: BẮP CẢI TRẮNG SÓI BIỂN | D9: =B9*C9 -> 0
A10: BẮP CẢI TRẮNG SUSHI | D10: =B10*C10 -> 0
A11: BẮP MỸ CẶP | D11: =B11*C11 -> 0
A12: BẦU | D12: =B12*C12 -> 0
A13: BÍ ĐAO XANH | D13: =B13*C13 -> 0
A14: BÍ ĐAO XANH 400G | D14: =B14*C14 -> 0
A15: BÍ ĐỎ HỒ LÔ | D15: =B15*C15 -> 0
... A19: BÍ ĐỎ NON( KG) VR | D19: =B19*C19 -> 0
A20: BÍ ĐỎ TRÒN | B20: 175 | C20: 14500 | D20: =B20*C20 -> 2537500
A21: BÍ MINI VÀNG 300GR | D21: =B21*C21 -> 0
A22: BÍ MINI VÀNG KG | D22: =B22*C22 -> 0
A23: BÍ NGÒI VÀNG | B23: 1.5 | C23: 12000 | D23: =B23*C23 -> 18000
A24: BÍ NGÒI VÀNG (TRÁI) | D24: =B24*C24 -> 0
A25: BÍ NGÒI XANH | B25: =13+28+37+38+16+5+10 -> 147 | C25: 11000 | D25: =B25*C25 -> 1617000
A26: BÍ NGÒI XANH(TRÁI) | D26: =B26*C26 -> 0
A27: BÍ NHẬT | D27: =B27*C27 -> 0
A28: BƠ 034 | B28: 90 | C28: 12500 | D28: =B28*C28 -> 1125000
A29: BƠ 034 COOP | D29: =B29*C29 -> 0
A30: BƠ BOOTH | B30: 8 | C30: 20000 | D30: =B30*C30 -> 160000
A31: BO HOA CHUONG | D31: =B31*C31 -> 0
A32: BO HOA CUC TANA | D32: =B32*C32 -> 0
A33: BO HOA DONG TIEN HN | D33: =B33*C33 -> 0
A34: BO HOA LOA KEN | D34: =B34*C34 -> 0
A35: BO HOA PHANG | D35: =B35*C35 -> 0
A36: BO HOA SEN QUAN AM | D36: =B36*C36 -> 0
A37: BO HOA SEN SUPER | D37: =B37*C37 -> 0
A38: BƠ SÁP | D38: =B38*C38 -> 0
A39: BÓ XÔI | D39: =B39*C39 -> 0
A40: BÓ XÔI 300G VR | D40: =B40*C40 -> 0
A41: BÓ XÔI-NA | D41: =B41*C41 -> 0
A42: BÔNG ATISO | D42: =B42*C42 -> 0
... A54: CÀ CHUA | D54: =B54*C54 -> 0
A55: CÀ CHUA BI | B55: 6 | C55: 24000 | D55: =B55*C55 -> 144000
A56: CÀ CHUA BI (HỘP) 300GR KQ | D56: =B56*C56 -> 0
A57: CÀ CHUA BI (HỘP) 300GR VR | B57: 40 | C57: 14400 | D57: =B57*C57 -> 576000
A58: CÀ CHUA BI 300GR KQ (KG) | D58: =B58*C58 -> 0
A59: CÀ CHUA BI 300GR VR (KG) | D59: =B59*C59 -> 0
A60: CÀ CHUA BI CAM SỮA (KG) VR | D60: =B60*C60 -> 0
A61: CÀ CHUA BI COOP | D61: =B61*C61 -> 0
A62: CÀ CHUA BI-NA | D62: =B62*C62 -> 0
A63: CÀ CHUA CHERRY MIX 300G | D63: =B63*C63 -> 0
A64: CÀ CHUA L1 | B64: 160 | C64: 12000 | D64: =B64*C64 -> 1920000
A65: CÀ CHUA MỘC CHÂU | D65: =B65*C65 -> 0
A66: CÀ CHUA NGỌT | D66: =B66*C66 -> 0
A67: CÀ CHUA NGỌT 300GR (KG) | D67: =B67*C67 -> 0
A68: CÀ CHUA NGỌT XÁ | D68: =B68*C68 -> 0
A69: CÀ CHUA ROSEBERRY 300G | D69: =B69*C69 -> 0
A70: CÀ CHUA SÔCOLA 250GR (HỘP) VR | B70: 92 | C70: 10000 | D70: =B70*C70 -> 920000
A71: CÀ CHUA SÔCOLA 250GR (KG) -NA | D71: =B71*C71 -> 0
A72: CÀ CHUA SÔCOLA 250GR (KG) VR | D72: =B72*C72 -> 0
A73: CÀ CHUA SÔCOLA 250GR(KG) KQ | D73: =B73*C73 -> 0
A74: CÀ CHUA SÔCOLA 300GR (HỘP) VR | D74: =B74*C74 -> 0
A75: CÀ CHUA SOCOLA XÁ | D75: =B75*C75 -> 0
A76: CÀ CHUA SÔCOLA(HỘP) KQ | D76: =B76*C76 -> 0
A77: CÀ CHUA VỈ 400GR | D77: =B77*C77 -> 0
A78: CÀ CHUA Ý | D78: =B78*C78 -> 0
A79: CÀ CHUA Ý 500G | D79: =B79*C79 -> 0
A80: CÀ CHUA Ý CHÙM | D80: =B80*C80 -> 0
A81: CÀ CHUA Ý(VỈ) KG | B81: =6+12+22 -> 40 | C81: 21000 | D81: =B81*C81 -> 840000
A82: CÀ CHUA Ý(VỈ) KG KQ | D82: =B82*C82 -> 0
A83: CÀ RỐT BABY | D83: =B83*C83 -> 0
A84: CÀ RỐT BABY (KG) KQ | D84: =B84*C84 -> 0
A85: CÀ RỐT BABY 200GR | D85: =B85*C85 -> 0
A86: CÀ RỐT DL | D86: =B86*C86 -> 0
A87: CÀ RỐT DL L1 | D87: =B87*C87 -> 0
A88: CÀ RỐT DL TÚI LƯỚI 500GR VR | D88: =B88*C88 -> 0
A89: CÀ RỐT TRUNG | D89: =B89*C89 -> 0
A90: CÀ RỐT TÚI LƯỚI 800G KQ | D90: =B90*C90 -> 0
A91: CÀ TÍM | D91: =B91*C91 -> 0
A92: CÀ TÍM CẶP 400G | D92: =B92*C92 -> 0
A93: CÀ TÍM SỌC PHA LÊ 300G | D93: =B93*C93 -> 0
... A103: CẢI MÈO MỘC CHÂU | D103: =B103*C103 -> 0
A104: CẢI THẢO DL | B104: 50 | C104: 7500 | D104: =B104*C104 -> 375000
A105: CẢI THẢO DL(BẮP) | D105: =B105*C105 -> 0
A106: CẢI THẢO HỎA TIỄN | D106: =B106*C106 -> 0
A107: CẢI THẢO HỎA TIỄN 250GR | D107: =B107*C107 -> 0
A108: CẢI THẢO KIM CHI | D108: =B108*C108 -> 0
A109: CẢI THẢO MỘC CHÂU | D109: =B109*C109 -> 0
A110: CẢI THẢO VR | D110: =B110*C110 -> 0
A111: CẦN TÂY (KG) | B111: 15 | C111: 22000 | D111: =B111*C111 -> 330000
A112: CẦN TÂY THUỶ CANH | D112: =B112*C112 -> 0
A113: CẦN TÂY(CÂY) | D113: =B113*C113 -> 0
A114: CHANH DÂY | D114: =B114*C114 -> 0
A115: CHANH DÂY NGỌT L2 | D115: =B115*C115 -> 0
A116: CHANH DÂY NGỌT VỈ 300GR | D116: =B116*C116 -> 0
A117: CHANH KHÔNG HẠT | D117: =B117*C117 -> 0
A118: CHANH VÀNG (KG) | D118: =B118*C118 -> 0
A119: CHANH VÀNG TRÁI 180UP | D119: =B119*C119 -> 0
A120: CHẬU CÂY CẢI CẦU VỒNG | D120: =B120*C120 -> 0
A121: CHẬU CÂY CẢI KALE | D121: =B121*C121 -> 0
A122: CHẬU CÂY CẦN TÂY | D122: =B122*C122 -> 0
A123: CHUỐI LABA | D123: =B123*C123 -> 0
...

Sheet 23.6
A1: hàng tồn cuối ngày 23/6 vr
A2: TÊN SẢN PHẨM | B2: TỒN TRƯỚC | C2: GIÁ NHẬP | D2: THÀNH TIỀN
A3: CÀ CHUA SÔCOLA 250GR (HỘP) VR | D3: =B3*C3 -> 0
A4: CÀ CHUA SÔCOLA 250GR (KG) -NA | D4: =B4*C4 -> 0
A5: CÀ CHUA SÔCOLA 250GR (KG) VR | D5: =B5*C5 -> 0
A6: CÀ CHUA SÔCOLA 250GR(KG) KQ | D6: =B6*C6 -> 0
A7: CÀ CHUA SÔCOLA 300GR (HỘP) VR | D7: =B7*C7 -> 0
A8: CÀ CHUA SOCOLA XÁ | D8: =B8*C8 -> 0
A9: CÀ CHUA SÔCOLA(HỘP) KQ | D9: =B9*C9 -> 0
A10: CÀ RỐT BABY | D10: =B10*C10 -> 0
A11: CÀ RỐT BABY (KG) KQ | D11: =B11*C11 -> 0
A12: CÀ RỐT BABY 200GR | D12: =B12*C12 -> 0
A13: CẢI CẦU VỒNG | D13: =B13*C13 -> 0
A14: CẢI CẦU VỒNG 300GR | D14: =B14*C14 -> 0
... A19: CHANH VÀNG TRÁI 180UP | D19: =B19*C19 -> 0
A20: CẦN TÂY (KG) | B20: 42 | C20: 21000 | D20: =B20*C20 -> 882000
A21: CẦN TÂY THUỶ CANH | D21: =B21*C21 -> 0
A22: CẦN TÂY(CÂY) | D22: =B22*C22 -> 0
A23: ỚT CHUÔNG 3 MÀU(KG)VR | D23: =B23*C23 -> 0
A24: ỚT CHUÔNG ĐỎ | B24: =30+60+50+20 -> 160 | C24: 32000 | D24: =B24*C24 -> 5120000
A25: ỚT CHUÔNG ĐỎ L1 | D25: =B25*C25 -> 0
A26: ỚT CHUÔNG ĐỎ(TRÁI) | D26: =B26*C26 -> 0
A27: ỚT CHUÔNG 3 MÀU 350G | D27: =B27*C27 -> 0
A28: ỚT CHUÔNG 3 MÀU KQ(KG) | D28: =B28*C28 -> 0
A29: ỚT CHUÔNG VÀNG | B29: =50+10+8+60+6+20 -> 154 | C29: 38000 | D29: =B29*C29 -> 5852000
A30: ỚT CHUÔNG VÀNG L1 | D30: =B30*C30 -> 0
A31: ỚT CHUÔNG VÀNG(TRÁI) | D31: =B31*C31 -> 0
A32: ỚT CHUÔNG VÀNG+ XANH (VỈ) | D32: =B32*C32 -> 0
A33: ỚT CHUÔNG XANH | B33: =60+5 -> 65 | C33: 20000 | D33: =B33*C33 -> 1300000
A34: ỚT CHUÔNG XANH L1 | D34: =B34*C34 -> 0
A35: ỚT CHUÔNG XANH(TRÁI) | D35: =B35*C35 -> 0
A36: KHOAI TÂY HỒNG | D36: =B36*C36 -> 0
A37: KHOAI TÂY HỒNG TÚI LƯỚI 500G | D37: =B37*C37 -> 0
A38: KHOAI TÂY VÀNG | D38: =B38*C38 -> 0
A39: KHOAI TÂY VÀNG ĐL | B39: 200 | C39: 16000 | D39: =B39*C39 -> 3200000
A40: KHOAI TÂY VÀNG LỚN TÚI LƯỚI 500G | D40: =B40*C40 -> 0
A41: KHOAI TÂY VÀNG TRUNG TÚI LƯỚI 500G | D41: =B41*C41 -> 0
A42: CẢI THẢO DL | D42: =B42*C42 -> 0
A43: CẢI THẢO DL(BẮP) | D43: =B43*C43 -> 0
A44: CẢI THẢO KIM CHI | D44: =B44*C44 -> 0
A45: CẢI THẢO VR | D45: =B45*C45 -> 0
A46: GỪNG 250GR | D46: =B46*C46 -> 0
A47: CỦ DỀN | D47: =B47*C47 -> 0
A48: CỦ DỀN 600G | D48: =B48*C48 -> 0
A49: HỒNG GIÒN | D49: =B49*C49 -> 0
A50: XÀ LÁCH MỸ | D50: =B50*C50 -> 0
A51: BẦU | D51: =B51*C51 -> 0
... A53: BÍ ĐAO XANH 400G | D53: =B53*C53 -> 0
A54: DƯA LEO | B54: 2 | C54: 8000 | D54: =B54*C54 -> 16000
A55: DƯA LEO 400G | D55: =B55*C55 -> 0
A56: KHỔ QUA | D56: =B56*C56 -> 0
A57: KHỔ QUA 400GR | D57: =B57*C57 -> 0
A58: MƯỚP HƯƠNG | D58: =B58*C58 -> 0
A59: MƯỚP HƯƠNG 300G | D59: =B59*C59 -> 0
A60: BƠ 034 | B60: 40 | C60: 12500 | D60: =B60*C60 -> 500000
A61: BƠ 034 COOP | D61: =B61*C61 -> 0
A62: BƠ BOOTH | B62: 8 | C62: 20000 | D62: =B62*C62 -> 160000
A63: BƠ SÁP | D63: =B63*C63 -> 0
A64: KHOAI LANG MẬT (KG) 2-3 CỦ | B64: =50+65+1500 -> 1615 | C64: 18000 | D64: =B64*C64 -> 29070000
A65: KHOAI LANG MẬT (KG) 4-6 CỦ | B65: =80+180+25 -> 285 | C65: 19000 | D65: =B65*C65 -> 5415000
A66: KHOAI LANG MẬT 500G VR | D66: =B66*C66 -> 0
A67: PARO | B67: 10 | C67: 16000 | D67: =B67*C67 -> 160000
A68: PARO (CÂY) | D68: =B68*C68 -> 0
A69: BÍ MINI VÀNG 300GR | D69: =B69*C69 -> 0
A70: BÍ MINI VÀNG KG | D70: =B70*C70 -> 0
A71: DƯA LEO GIỐNG NHẬT 600GR | D71: =B71*C71 -> 0
A72: DƯA LEO GIỐNG NHẬT KG | B72: 20 | C72: 16000 | D72: =B72*C72 -> 320000
A73: BẮP CẢI TÍM | D73: =B73*C73 -> 0
A74: BẮP CẢI TÍM (BẮP) | D74: =B74*C74 -> 0
A75: BẮP CẢI TÍM SUSHI | D75: =B75*C75 -> 0
A76: CÀ CHUA CHERRY MIX 300G | D76: =B76*C76 -> 0
A77: TÍA TÔ 50G | D77: =B77*C77 -> 0
A78: XÀ LÁCH LOLO XANH | B78: 21 | C78: 28000 | D78: =B78*C78 -> 588000
A79: XÀ LÁCH LOLO XANH SUSHI | D79: =B79*C79 -> 0
A80: XÀ LÁCH LOLO XANH TÚI 300GR | D80: =B80*C80 -> 0
A81: XÀ LÁCH ROMEN THUỶ CANH (KG) VR | D81: =B81*C81 -> 0
A82: CÀ RỐT DL | D82: =B82*C82 -> 0
A83: CÀ RỐT DL L1 | D83: =B83*C83 -> 0
A84: CÀ RỐT DL TÚI LƯỚI 500GR VR | D84: =B84*C84 -> 0
A85: CÀ RỐT TRUNG | D85: =B85*C85 -> 0
A86: CÀ RỐT TÚI LƯỚI 800G KQ | D86: =B86*C86 -> 0
A87: GỪNG | D87: =B87*C87 -> 0
A88: MỒNG TƠI | D88: =B88*C88 -> 0
A89: NGÒ RÍ | D89: =B89*C89 -> 0
A90: NGÒ RÍ TÚI 50GR | D90: =B90*C90 -> 0
... A116: CÀ CHUA | D116: =B116*C116 -> 0
A117: CÀ CHUA L1 | B117: =30+40+60 -> 130 | C117: 12000 | D117: =B117*C117 -> 1560000
A118: CÀ CHUA VỈ 400GR | D118: =B118*C118 -> 0
A119: ỚT SỪNG VÀNG | D119: =B119*C119 -> 0
A120: BÍ ĐỎ TRÒN | B120: 70 | C120: 14500 | D120: =B120*C120 -> 1015000
A121: BÔNG ATISO | D121: =B121*C121 -> 0
A122: BÔNG CẢI XANH BABY (KG) | D122: =B122*C122 -> 0
A123: BÔNG CẢI XANH BABY 200G | D123: =B123*C123 -> 0
A124: CỦ CẢI ĐỎ 300GR (KG) VR | D124: =B124*C124 -> 0
A125: CỦ CẢI ĐỎ HỘP 300GR | D125: =B125*C125 -> 0
A126: CỦ CẢI ĐỎ(HỘP) | D126: =B126*C126 -> 0
A127: CỦ CẢI ĐỎ(KG) KQ | D127: =B127*C127 -> 0
A128: CỦ CẢI ĐỎ(KG) VR | D128: =B128*C128 -> 0
A129: CỦ CẢI HÀN QUỐC | D129: =B129*C129 -> 0
A130: ĐẬU HÀ LAN | D130: =B130*C130 -> 0
...

Sheet 24.6
A1: NGÀY 26/06/2024
A2: TÊN SẢN PHẨM | B2: TỒN TRƯỚC | C2: GIÁ NHẬP | D2: THÀNH TIỀN
A3: BẮP CẢI TÍM | B3: 10 | C3: 12000 | D3: =B3*C3 -> 120000
A4: BẮP CẢI TÍM (BẮP) | D4: =B4*C4 -> 0
A5: BẮP CẢI TÍM SUSHI | D5: =B5*C5 -> 0
A6: BẮP CẢI TRẮNG | D6: =B6*C6 -> 0
A7: BẮP CẢI TRẮNG (BẮP) | D7: =B7*C7 -> 0
A8: BẮP CẢI TRẮNG MỘC CHÂU | D8: =B8*C8 -> 0
A9: BẮP CẢI TRẮNG SÓI BIỂN | D9: =B9*C9 -> 0
A10: BẮP CẢI TRẮNG SUSHI | D10: =B10*C10 -> 0
A11: BẮP MỸ CẶP | D11: =B11*C11 -> 0
A12: BẦU | D12: =B12*C12 -> 0
A13: BÍ ĐAO XANH | D13: =B13*C13 -> 0
A14: BÍ ĐAO XANH 400G | D14: =B14*C14 -> 0
A15: BÍ ĐỎ HỒ LÔ | B15: 15 | C15: 18000 | D15: =B15*C15 -> 270000
A16: BÍ ĐỎ MINI | D16: =B16*C16 -> 0
A17: BÍ ĐỎ NON (KG)KQ | D17: =B17*C17 -> 0
A18: BÍ ĐỎ NON TRÁI VR | B18: =57+27+10 -> 94 | C18: 4000 | D18: =B18*C18 -> 376000
A19: BÍ ĐỎ NON( KG) VR | D19: =B19*C19 -> 0
A20: BÍ ĐỎ TRÒN | B20: 140 | C20: 14500 | D20: =B20*C20 -> 2030000
A21: BÍ MINI VÀNG 300GR | D21: =B21*C21 -> 0
A22: BÍ MINI VÀNG KG | D22: =B22*C22 -> 0
A23: BÍ NGÒI VÀNG | D23: =B23*C23 -> 0
A24: BÍ NGÒI VÀNG (TRÁI) | D24: =B24*C24 -> 0
A25: BÍ NGÒI XANH | B25: =13+25+15+23+45+38 -> 159 | C25: 11500 | D25: =B25*C25 -> 1828500
A26: BÍ NGÒI XANH(TRÁI) | D26: =B26*C26 -> 0
A27: BÍ NHẬT | D27: =B27*C27 -> 0
A28: BƠ 034 | B28: =15+15 -> 30 | C28: 12500 | D28: =B28*C28 -> 375000
A29: BƠ 034 COOP | D29: =B29*C29 -> 0
A30: BƠ BOOTH | D30: =B30*C30 -> 0
A31: BO HOA CHUONG | D31: =B31*C31 -> 0
A32: BO HOA CUC TANA | D32: =B32*C32 -> 0
A33: BO HOA DONG TIEN HN | D33: =B33*C33 -> 0
A34: BO HOA LOA KEN | D34: =B34*C34 -> 0
A35: BO HOA PHANG | D35: =B35*C35 -> 0
A36: BO HOA SEN QUAN AM | D36: =B36*C36 -> 0
A37: BO HOA SEN SUPER | D37: =B37*C37 -> 0
A38: BƠ SÁP | B38: 110 | C38: 11000 | D38: =B38*C38 -> 1210000
A39: BÓ XÔI | D39: =B39*C39 -> 0
A40: BÓ XÔI 300G VR | D40: =B40*C40 -> 0
A41: BÓ XÔI-NA | D41: =B41*C41 -> 0
A42: BÔNG ATISO | D42: =B42*C42 -> 0
A43: BÔNG BÍ | D43: =B43*C43 -> 0
A44: BÔNG BÍ TÚI 300GR | D44: =B44*C44 -> 0
A45: BÔNG CẢI TRẮNG | D45: =B45*C45 -> 0
A46: BÔNG CẢI TRẮNG (CÂY) | D46: =B46*C46 -> 0
A47: BÔNG CẢI XANH 10P | B47: 20 | C47: 27000 | D47: =B47*C47 -> 540000
A48: BÔNG CẢI XANH AEON | D48: =B48*C48 -> 0
A49: BÔNG CẢI XANH AEON (CÂY) | D49: =B49*C49 -> 0
A50: BÔNG CẢI XANH BABY (KG) | D50: =B50*C50 -> 0
A51: BÔNG CẢI XANH BABY 200G | D51: =B51*C51 -> 0
A52: BÔNG CẢI XANH BIGC | D52: =B52*C52 -> 0
A53: BÔNG CẢI XANH CITI | D53: =B53*C53 -> 0
A54: CÀ CHUA | D54: =B54*C54 -> 0
A55: CÀ CHUA BI | D55: =B55*C55 -> 0
A56: CÀ CHUA BI (HỘP) 300GR KQ | D56: =B56*C56 -> 0
A57: CÀ CHUA BI (HỘP) 300GR VR | B57: 30 | C57: 14400 | D57: =B57*C57 -> 432000
A58: CÀ CHUA BI 300GR KQ (KG) | D58: =B58*C58 -> 0
A59: CÀ CHUA BI 300GR VR (KG) | D59: =B59*C59 -> 0
A60: CÀ CHUA BI CAM SỮA (KG) VR | D60: =B60*C60 -> 0
A61: CÀ CHUA BI COOP | D61: =B61*C61 -> 0
A62: CÀ CHUA BI-NA | D62: =B62*C62 -> 0
A63: CÀ CHUA CHERRY MIX 300G | D63: =B63*C63 -> 0
A64: CÀ CHUA L1 | B64: =280+50 -> 330 | C64: 18000 | D64: =B64*C64 -> 5940000
A65: CÀ CHUA MỘC CHÂU | D65: =B65*C65 -> 0
A66: CÀ CHUA NGỌT | D66: =B66*C66 -> 0
A67: CÀ CHUA NGỌT 300GR (KG) | D67: =B67*C67 -> 0
A68: CÀ CHUA NGỌT XÁ | D68: =B68*C68 -> 0
A69: CÀ CHUA ROSEBERRY 300G | D69: =B69*C69 -> 0
A70: CÀ CHUA SÔCOLA 250GR (HỘP) VR | D70: =B70*C70 -> 0
A71: CÀ CHUA SÔCOLA 250GR (KG) -NA | D71: =B71*C71 -> 0
A72: CÀ CHUA SÔCOLA 250GR (KG) VR | D72: =B72*C72 -> 0
A73: CÀ CHUA SÔCOLA 250GR(KG) KQ | D73: =B73*C73 -> 0
A74: CÀ CHUA SÔCOLA 300GR (HỘP) VR | D74: =B74*C74 -> 0
A75: CÀ CHUA SOCOLA XÁ | D75: =B75*C75 -> 0
A76: CÀ CHUA SÔCOLA(HỘP) KQ | D76: =B76*C76 -> 0
... A79: CÀ CHUA Ý 500G | D79: =B79*C79 -> 0
A80: CÀ CHUA Ý CHÙM | B80: 20 | C80: 28000 | D80: =B80*C80 -> 560000
A81: CÀ CHUA Ý(VỈ) KG | D81: =B81*C81 -> 0
A82: CÀ CHUA Ý(VỈ) KG KQ | D82: =B82*C82 -> 0
A83: CÀ RỐT BABY | D83: =B83*C83 -> 0
A84: CÀ RỐT BABY (KG) KQ | D84: =B84*C84 -> 0
A85: CÀ RỐT BABY 200GR | D85: =B85*C85 -> 0
A86: CÀ RỐT DL | D86: =B86*C86 -> 0
A87: CÀ RỐT DL L1 | D87: =B87*C87 -> 0
A88: CÀ RỐT DL TÚI LƯỚI 500GR VR | D88: =B88*C88 -> 0
A89: CÀ RỐT TRUNG | D89: =B89*C89 -> 0
A90: CÀ RỐT TÚI LƯỚI 800G KQ | D90: =B90*C90 -> 0
A91: CÀ TÍM | B91: =10+48 -> 58 | C91: 9000 | D91: =B91*C91 -> 522000
A92: CÀ TÍM CẶP 400G | D92: =B92*C92 -> 0
A93: CÀ TÍM SỌC PHA LÊ 300G | D93: =B93*C93 -> 0
A94: CÀ TÍM SỌC PHA LÊ HỘP 500GR VR | D94: =B94*C94 -> 0
A95: CÀ TÍM SỌC PHA LÊ TÍM (KG) VR | D95: =B95*C95 -> 0
A96: CÀ Ý VỈ 650GR | D96: =B96*C96 -> 0
A97: CẢI CẦU VỒNG | D97: =B97*C97 -> 0
A98: CẢI CẦU VỒNG 300GR | D98: =B98*C98 -> 0
A99: CẢI CÚC 300GR | D99: =B99*C99 -> 0
A100: CẢI KALE | D100: =B100*C100 -> 0
A101: CẢI KALE 150GR | D101: =B101*C101 -> 0
A102: CẢI KALE 300GR | D102: =B102*C102 -> 0
...

Sheet 25.6
A1: hàng tồn cuối ngày 25/6 vr
A2: TÊN SẢN PHẨM | B2: TỒN TRƯỚC | C2: GIÁ NHẬP | D2: THÀNH TIỀN
A3: BẮP CẢI TÍM | D3: =B3*C3 -> 0
A4: BẮP CẢI TÍM (BẮP) | D4: =B4*C4 -> 0
A5: BẮP CẢI TÍM SUSHI | D5: =B5*C5 -> 0
A6: BẮP CẢI TRẮNG | D6: =B6*C6 -> 0
A7: BẮP CẢI TRẮNG (BẮP) | D7: =B7*C7 -> 0
A8: BẮP CẢI TRẮNG MỘC CHÂU | D8: =B8*C8 -> 0
A9: BẮP CẢI TRẮNG SÓI BIỂN | D9: =B9*C9 -> 0
A10: BẮP CẢI TRẮNG SUSHI | D10: =B10*C10 -> 0
A11: BẮP MỸ CẶP | D11: =B11*C11 -> 0
A12: BẦU | D12: =B12*C12 -> 0
A13: BÍ ĐAO XANH | D13: =B13*C13 -> 0
A14: BÍ ĐAO XANH 400G | D14: =B14*C14 -> 0
A15: BÍ ĐỎ HỒ LÔ | B15: 18 | C15: 18000 | D15: =B15*C15 -> 324000
A16: BÍ ĐỎ MINI | D16: =B16*C16 -> 0
A17: BÍ ĐỎ NON (KG)KQ | D17: =B17*C17 -> 0
A18: BÍ ĐỎ NON TRÁI VR | B18: =13+15 -> 28 | C18: 4000 | D18: =B18*C18 -> 112000
A19: BÍ ĐỎ NON( KG) VR | D19: =B19*C19 -> 0
A20: BÍ ĐỎ TRÒN | B20: 150 | C20: 13000 | D20: =B20*C20 -> 1950000
A21: BÍ MINI VÀNG 300GR | D21: =B21*C21 -> 0
A22: BÍ MINI VÀNG KG | D22: =B22*C22 -> 0
A23: BÍ NGÒI VÀNG | D23: =B23*C23 -> 0
A24: BÍ NGÒI VÀNG (TRÁI) | D24: =B24*C24 -> 0
A25: BÍ NGÒI XANH | B25: =65+12+40+45 -> 162 | C25: 11000 | D25: =B25*C25 -> 1782000
A26: BÍ NGÒI XANH(TRÁI) | D26: =B26*C26 -> 0
A27: BÍ NHẬT | D27: =B27*C27 -> 0
A28: BƠ 034 | B28: =32+32 -> 64 | C28: 12500 | D28: =B28*C28 -> 800000
A29: BƠ 034 COOP | D29: =B29*C29 -> 0
A30: BƠ BOOTH | D30: =B30*C30 -> 0
A31: BO HOA CHUONG | D31: =B31*C31 -> 0
A32: BO HOA CUC TANA | D32: =B32*C32 -> 0
A33: BO HOA DONG TIEN HN | D33: =B33*C33 -> 0
A34: BO HOA LOA KEN | D34: =B34*C34 -> 0
A35: BO HOA PHANG | D35: =B35*C35 -> 0
A36: BO HOA SEN QUAN AM | D36: =B36*C36 -> 0
A37: BO HOA SEN SUPER | D37: =B37*C37 -> 0
A38: BƠ SÁP | B38: 9 | C38: 11000 | D38: =B38*C38 -> 99000
A39: BÓ XÔI | D39: =B39*C39 -> 0
A40: BÓ XÔI 300G VR | D40: =B40*C40 -> 0
A41: BÓ XÔI-NA | D41: =B41*C41 -> 0
A42: BÔNG ATISO | D42: =B42*C42 -> 0
A43: BÔNG BÍ | D43: =B43*C43 -> 0
A44: BÔNG BÍ TÚI 300GR | D44: =B44*C44 -> 0
A45: BÔNG CẢI TRẮNG | D45: =B45*C45 -> 0
A46: BÔNG CẢI TRẮNG (CÂY) | D46: =B46*C46 -> 0
A47: BÔNG CẢI XANH 10P | D47: =B47*C47 -> 0
A48: BÔNG CẢI XANH AEON | D48: =B48*C48 -> 0
A49: BÔNG CẢI XANH AEON (CÂY) | D49: =B49*C49 -> 0
A50: BÔNG CẢI XANH BABY (KG) | D50: =B50*C50 -> 0
... A56: CÀ CHUA BI (HỘP) 300GR KQ | D56: =B56*C56 -> 0
A57: CÀ CHUA BI (HỘP) 300GR VR | B57: 2 | C57: 14400 | D57: =B57*C57 -> 28800
A58: CÀ CHUA BI 300GR KQ (KG) | D58: =B58*C58 -> 0
A59: CÀ CHUA BI 300GR VR (KG) | D59: =B59*C59 -> 0
A60: CÀ CHUA BI CAM SỮA (KG) VR | D60: =B60*C60 -> 0
A61: CÀ CHUA BI COOP | D61: =B61*C61 -> 0
A62: CÀ CHUA BI-NA | D62: =B62*C62 -> 0
A63: CÀ CHUA CHERRY MIX 300G | D63: =B63*C63 -> 0
A64: CÀ CHUA L1 | B64: 9 | C64: 18000 | D64: =B64*C64 -> 162000
A65: CÀ CHUA MỘC CHÂU | D65: =B65*C65 -> 0
A66: CÀ CHUA NGỌT | D66: =B66*C66 -> 0
A67: CÀ CHUA NGỌT 300GR (KG) | D67: =B67*C67 -> 0
A68: CÀ CHUA NGỌT XÁ | D68: =B68*C68 -> 0
A69: CÀ CHUA ROSEBERRY 300G | D69: =B69*C69 -> 0
A70: CÀ CHUA SÔCOLA 250GR (HỘP) VR | B70: 7 | C70: 10000 | D70: =B70*C70 -> 70000
A71: CÀ CHUA SÔCOLA 250GR (KG) -NA | D71: =B71*C71 -> 0
A72: CÀ CHUA SÔCOLA 250GR (KG) VR | D72: =B72*C72 -> 0
A73: CÀ CHUA SÔCOLA 250GR(KG) KQ | D73: =B73*C73 -> 0
A74: CÀ CHUA SÔCOLA 300GR (HỘP) VR | D74: =B74*C74 -> 0
A75: CÀ CHUA SOCOLA XÁ | D75: =B75*C75 -> 0
A76: CÀ CHUA SÔCOLA(HỘP) KQ | D76: =B76*C76 -> 0
A77: CÀ CHUA VỈ 400GR | D77: =B77*C77 -> 0
A78: CÀ CHUA Ý | D78: =B78*C78 -> 0
A79: CÀ CHUA Ý 500G | D79: =B79*C79 -> 0
A80: CÀ CHUA Ý CHÙM | B80: 140 | C80: 28000 | D80: =B80*C80 -> 3920000
A81: CÀ CHUA Ý(VỈ) KG | B81: 38 | C81: 21000 | D81: =B81*C81 -> 798000
A82: CÀ CHUA Ý(VỈ) KG KQ | D82: =B82*C82 -> 0
A83: CÀ RỐT BABY | D83: =B83*C83 -> 0
A84: CÀ RỐT BABY (KG) KQ | D84: =B84*C84 -> 0
A85: CÀ RỐT BABY 200GR | D85: =B85*C85 -> 0
A86: CÀ RỐT DL | D86: =B86*C86 -> 0
A87: CÀ RỐT DL L1 | D87: =B87*C87 -> 0
A88: CÀ RỐT DL TÚI LƯỚI 500GR VR | D88: =B88*C88 -> 0
A89: CÀ RỐT TRUNG | D89: =B89*C89 -> 0
A90: CÀ RỐT TÚI LƯỚI 800G KQ | D90: =B90*C90 -> 0
A91: CÀ TÍM | D91: =B91*C91 -> 0
A92: CÀ TÍM CẶP 400G | D92: =B92*C92 -> 0
A93: CÀ TÍM SỌC PHA LÊ 300G | D93: =B93*C93 -> 0
... A110: CẢI THẢO VR | D110: =B110*C110 -> 0
A111: CẦN TÂY (KG) | B111: 105 | C111: 21000 | D111: =B111*C111 -> 2205000
A112: CẦN TÂY THUỶ CANH | D112: =B112*C112 -> 0
A113: CẦN TÂY(CÂY) | D113: =B113*C113 -> 0
A114: CHANH DÂY | D114: =B114*C114 -> 0
A115: CHANH DÂY NGỌT L2 | D115: =B115*C115 -> 0
A116: CHANH DÂY NGỌT VỈ 300GR | D116: =B116*C116 -> 0
A117: CHANH KHÔNG HẠT | D117: =B117*C117 -> 0
A118: CHANH VÀNG (KG) | D118: =B118*C118 -> 0
A119: CHANH VÀNG TRÁI 180UP | D119: =B119*C119 -> 0
A120: CHẬU CÂY CẢI CẦU VỒNG | D120: =B120*C120 -> 0
A121: CHẬU CÂY CẢI KALE | D121: =B121*C121 -> 0
...

Sheet 26.6
A1: hàng tồn cuối ngày 26/6 vr
A2: TÊN SẢN PHẨM | B2: TỒN TRƯỚC | C2: GIÁ NHẬP | D2: THÀNH TIỀN
A3: BẮP CẢI TÍM | B3: 10 | C3: 13000 | D3: =B3*C3 -> 130000
A4: BẮP CẢI TÍM (BẮP) | D4: =B4*C4 -> 0
A5: BẮP CẢI TÍM SUSHI | D5: =B5*C5 -> 0
A6: BẮP CẢI TRẮNG | D6: =B6*C6 -> 0
A7: BẮP CẢI TRẮNG (BẮP) | D7: =B7*C7 -> 0
A8: BẮP CẢI TRẮNG MỘC CHÂU | D8: =B8*C8 -> 0
A9: BẮP CẢI TRẮNG SÓI BIỂN | D9: =B9*C9 -> 0
A10: BẮP CẢI TRẮNG SUSHI | D10: =B10*C10 -> 0
A11: BẮP MỸ CẶP | D11: =B11*C11 -> 0
A12: BẦU | D12: =B12*C12 -> 0
A13: BÍ ĐAO XANH | D13: =B13*C13 -> 0
A14: BÍ ĐAO XANH 400G | D14: =B14*C14 -> 0
A15: BÍ ĐỎ HỒ LÔ | D15: =B15*C15 -> 0
... A17: BÍ ĐỎ NON (KG)KQ | D17: =B17*C17 -> 0
A18: BÍ ĐỎ NON TRÁI VR | B18: =21+148 -> 169 | C18: 4000 | D18: =B18*C18 -> 676000
A19: BÍ ĐỎ NON( KG) VR | D19: =B19*C19 -> 0
A20: BÍ ĐỎ TRÒN | B20: 120 | C20: 13000 | D20: =B20*C20 -> 1560000
A21: BÍ MINI VÀNG 300GR | D21: =B21*C21 -> 0
A22: BÍ MINI VÀNG KG | D22: =B22*C22 -> 0
A23: BÍ NGÒI VÀNG | B23: 3 | C23: 14000 | D23: =B23*C23 -> 42000
A24: BÍ NGÒI VÀNG (TRÁI) | D24: =B24*C24 -> 0
A25: BÍ NGÒI XANH | B25: =125+8 -> 133 | C25: 12000 | D25: =B25*C25 -> 1596000
A26: BÍ NGÒI XANH(TRÁI) | D26: =B26*C26 -> 0
A27: BÍ NHẬT | D27: =B27*C27 -> 0
A28: BƠ 034 | B28: 9 | C28: 12500 | D28: =B28*C28 -> 112500
A29: BƠ 034 COOP | D29: =B29*C29 -> 0
A30: BƠ BOOTH | D30: =B30*C30 -> 0
A31: BO HOA CHUONG | D31: =B31*C31 -> 0
A32: BO HOA CUC TANA | D32: =B32*C32 -> 0
A33: BO HOA DONG TIEN HN | D33: =B33*C33 -> 0
A34: BO HOA LOA KEN | D34: =B34*C34 -> 0
A35: BO HOA PHANG | D35: =B35*C35 -> 0
A36: BO HOA SEN QUAN AM | D36: =B36*C36 -> 0
A37: BO HOA SEN SUPER | D37: =B37*C37 -> 0
A38: BƠ SÁP | B38: =116+8+15 -> 139 | C38: 11000 | D38: =B38*C38 -> 1529000
A39: BÓ XÔI | D39: =B39*C39 -> 0
A40: BÓ XÔI 300G VR | D40: =B40*C40 -> 0
A41: BÓ XÔI-NA | D41: =B41*C41 -> 0
A42: BÔNG ATISO | D42: =B42*C42 -> 0
A43: BÔNG BÍ | D43: =B43*C43 -> 0
A44: BÔNG BÍ TÚI 300GR | D44: =B44*C44 -> 0
A45: BÔNG CẢI TRẮNG | B45: 8 | C45: 13000 | D45: =B45*C45 -> 104000
A46: BÔNG CẢI TRẮNG (CÂY) | D46: =B46*C46 -> 0
A47: BÔNG CẢI XANH 10P | D47: =B47*C47 -> 0
A48: BÔNG CẢI XANH AEON | D48: =B48*C48 -> 0
A49: BÔNG CẢI XANH AEON (CÂY) | D49: =B49*C49 -> 0
A50: BÔNG CẢI XANH BABY (KG) | D50: =B50*C50 -> 0
A51: BÔNG CẢI XANH BABY 200G | D51: =B51*C51 -> 0
A52: BÔNG CẢI XANH BIGC | D52: =B52*C52 -> 0
A53: BÔNG CẢI XANH CITI | D53: =B53*C53 -> 0
A54: CÀ CHUA | D54: =B54*C54 -> 0
A55: CÀ CHUA BI | D55: =B55*C55 -> 0
A56: CÀ CHUA BI (HỘP) 300GR KQ | D56: =B56*C56 -> 0
A57: CÀ CHUA BI (HỘP) 300GR VR | B57: 35 | C57: 9000 | D57: =B57*C57 -> 315000
A58: CÀ CHUA BI 300GR KQ (KG) | D58: =B58*C58 -> 0
A59: CÀ CHUA BI 300GR VR (KG) | D59: =B59*C59 -> 0
A60: CÀ CHUA BI CAM SỮA (KG) VR | D60: =B60*C60 -> 0
A61: CÀ CHUA BI COOP | D61: =B61*C61 -> 0
A62: CÀ CHUA BI-NA | D62: =B62*C62 -> 0
A63: CÀ CHUA CHERRY MIX 300G | B63: 12 | C63: 17000 | D63: =B63*C63 -> 204000
A64: CÀ CHUA L1 | B64: =60+70+80 -> 210 | C64: 16000 | D64: =B64*C64 -> 3360000
A65: CÀ CHUA MỘC CHÂU | D65: =B65*C65 -> 0
A66: CÀ CHUA NGỌT | D66: =B66*C66 -> 0
A67: CÀ CHUA NGỌT 300GR (KG) | D67: =B67*C67 -> 0
A68: CÀ CHUA NGỌT XÁ | D68: =B68*C68 -> 0
A69: CÀ CHUA ROSEBERRY 300G | D69: =B69*C69 -> 0
A70: CÀ CHUA SÔCOLA 250GR (HỘP) VR | B70: 24 | C70: 10000 | D70: =B70*C70 -> 240000
A71: CÀ CHUA SÔCOLA 250GR (KG) -NA | D71: =B71*C71 -> 0
A72: CÀ CHUA SÔCOLA 250GR (KG) VR | D72: =B72*C72 -> 0
A73: CÀ CHUA SÔCOLA 250GR(KG) KQ | D73: =B73*C73 -> 0
A74: CÀ CHUA SÔCOLA 300GR (HỘP) VR | D74: =B74*C74 -> 0
A75: CÀ CHUA SOCOLA XÁ | D75: =B75*C75 -> 0
A76: CÀ CHUA SÔCOLA(HỘP) KQ | D76: =B76*C76 -> 0
A77: CÀ CHUA VỈ 400GR | D77: =B77*C77 -> 0
A78: CÀ CHUA Ý | D78: =B78*C78 -> 0
A79: CÀ CHUA Ý 500G | D79: =B79*C79 -> 0
A80: CÀ CHUA Ý CHÙM | D80: =B80*C80 -> 0
A81: CÀ CHUA Ý(VỈ) KG | D81: =B81*C81 -> 0
A82: CÀ CHUA Ý(VỈ) KG KQ | D82: =B82*C82 -> 0
... A103: CẢI MÈO MỘC CHÂU | D103: =B103*C103 -> 0
A104: CẢI THẢO DL | B104: 30 | C104: 7500 | D104: =B104*C104 -> 225000
A105: CẢI THẢO DL(BẮP) | D105: =B105*C105 -> 0
A106: CẢI THẢO HỎA TIỄN | D106: =B106*C106 -> 0
A107: CẢI THẢO HỎA TIỄN 250GR | D107: =B107*C107 -> 0
A108: CẢI THẢO KIM CHI | D108: =B108*C108 -> 0
A109: CẢI THẢO MỘC CHÂU | D109: =B109*C109 -> 0
A110: CẢI THẢO VR | D110: =B110*C110 -> 0
A111: CẦN TÂY (KG) | D111: =B111*C111 -> 0
A112: CẦN TÂY THUỶ CANH | D112: =B112*C112 -> 0
A113: CẦN TÂY(CÂY) | D113: =B113*C113 -> 0
A114: CHANH DÂY | D114: =B114*C114 -> 0
A115: CHANH DÂY NGỌT L2 | D115: =B115*C115 -> 0
A116: CHANH DÂY NGỌT VỈ 300GR | D116: =B116*C116 -> 0
... A146: ĐẬU CÚC 250GR | D146: =B146*C146 -> 0
A147: ĐẬU ĐỎ | B147: 0.5 | C147: 80000 | D147: =B147*C147 -> 40000
A148: ĐẬU ĐỎ 250GR | D148: =B148*C148 -> 0
A149: ĐẬU HÀ LAN | D149: =B149*C149 -> 0
A150: ĐẬU HÀ LAN-FUJI | D150: =B150*C150 -> 0
...

Sheet 27.6
A1: hàng tồn cuối ngày 27/6 vr
A2: TÊN SẢN PHẨM | B2: TỒN TRƯỚC | C2: GIÁ NHẬP | D2: THÀNH TIỀN
A3: CÀ CHUA SÔCOLA 250GR (HỘP) VR | D3: =B3*C3 -> 0
A4: CÀ CHUA SÔCOLA 250GR (KG) -NA | D4: =B4*C4 -> 0
A5: CÀ CHUA SÔCOLA 250GR (KG) VR | D5: =B5*C5 -> 0
A6: CÀ CHUA SÔCOLA 250GR(KG) KQ | D6: =B6*C6 -> 0
A7: CÀ CHUA SÔCOLA 300GR (HỘP) VR | D7: =B7*C7 -> 0
A8: CÀ CHUA SOCOLA XÁ | D8: =B8*C8 -> 0
A9: CÀ CHUA SÔCOLA(HỘP) KQ | D9: =B9*C9 -> 0
A10: CÀ RỐT BABY | D10: =B10*C10 -> 0
A11: CÀ RỐT BABY (KG) KQ | D11: =B11*C11 -> 0
A12: CÀ RỐT BABY 200GR | D12: =B12*C12 -> 0
A13: CẢI CẦU VỒNG | D13: =B13*C13 -> 0
A14: CẢI CẦU VỒNG 300GR | D14: =B14*C14 -> 0
... A23: ỚT CHUÔNG 3 MÀU(KG)VR | D23: =B23*C23 -> 0
A24: ỚT CHUÔNG ĐỎ | B24: =20+40+25+20 -> 105 | C24: 26000 | D24: =B24*C24 -> 2730000
A25: ỚT CHUÔNG ĐỎ L1 | D25: =B25*C25 -> 0
A26: ỚT CHUÔNG ĐỎ(TRÁI) | D26: =B26*C26 -> 0
A27: ỚT CHUÔNG 3 MÀU 350G | D27: =B27*C27 -> 0
A28: ỚT CHUÔNG 3 MÀU KQ(KG) | D28: =B28*C28 -> 0
A29: ỚT CHUÔNG VÀNG | B29: =120+5+40+38+20 -> 223 | C29: 36000 | D29: =B29*C29 -> 8028000
A30: ỚT CHUÔNG VÀNG L1 | D30: =B30*C30 -> 0
A31: ỚT CHUÔNG VÀNG(TRÁI) | D31: =B31*C31 -> 0
A32: ỚT CHUÔNG VÀNG+ XANH (VỈ) | D32: =B32*C32 -> 0
A33: ỚT CHUÔNG XANH | B33: 26 | C33: 22000 | D33: =B33*C33 -> 572000
A34: ỚT CHUÔNG XANH L1 | D34: =B34*C34 -> 0
A35: ỚT CHUÔNG XANH(TRÁI) | D35: =B35*C35 -> 0
A36: CỦ DỀN | D36: =B36*C36 -> 0
A37: CỦ DỀN 600G | D37: =B37*C37 -> 0
A38: GỪNG 250GR | D38: =B38*C38 -> 0
A39: HỒNG GIÒN | D39: =B39*C39 -> 0
A40: XÀ LÁCH MỸ | D40: =B40*C40 -> 0
A41: KHOAI TÂY HỒNG | D41: =B41*C41 -> 0
A42: KHOAI TÂY HỒNG TÚI LƯỚI 500G | D42: =B42*C42 -> 0
A43: KHOAI TÂY VÀNG | D43: =B43*C43 -> 0
A44: KHOAI TÂY VÀNG ĐL | D44: =B44*C44 -> 0
A45: KHOAI TÂY VÀNG LỚN TÚI LƯỚI 500G | D45: =B45*C45 -> 0
A46: KHOAI TÂY VÀNG TRUNG TÚI LƯỚI 500G | B46: 180 | C46: 16000 | D46: =B46*C46 -> 2880000
A47: CẢI THẢO DL | D47: =B47*C47 -> 0
A48: CẢI THẢO DL(BẮP) | D48: =B48*C48 -> 0
A49: CẢI THẢO KIM CHI | D49: =B49*C49 -> 0
A50: CẢI THẢO VR | D50: =B50*C50 -> 0
A51: BẦU | D51: =B51*C51 -> 0
A52: BÍ ĐAO XANH | D52: =B52*C52 -> 0
A53: BÍ ĐAO XANH 400G | D53: =B53*C53 -> 0
A54: DƯA LEO | D54: =B54*C54 -> 0
A55: DƯA LEO 400G | D55: =B55*C55 -> 0
A56: KHỔ QUA | D56: =B56*C56 -> 0
A57: KHỔ QUA 400GR | D57: =B57*C57 -> 0
A58: MƯỚP HƯƠNG | D58: =B58*C58 -> 0
... A61: BÍ MINI VÀNG KG | D61: =B61*C61 -> 0
A62: DƯA LEO GIỐNG NHẬT 600GR | B62: 13 | C62: 18000 | D62: =B62*C62 -> 234000
A63: DƯA LEO GIỐNG NHẬT KG | D63: =B63*C63 -> 0
A64: BƠ 034 | B64: 20 | C64: 12500 | D64: =B64*C64 -> 250000
A65: BƠ BOOTH | D65: =B65*C65 -> 0
A66: BƠ SÁP | B66: =15+33+35 -> 83 | C66: 11000 | D66: =B66*C66 -> 913000
A67: BƠ 034 COOP | D67: =B67*C67 -> 0
A68: KHOAI LANG MẬT (KG) 2-3 CỦ | B68: =50+340+100 -> 490 | C68: 18000 | D68: =B68*C68 -> 8820000
A69: KHOAI LANG MẬT (KG) 4-6 CỦ | B69: 320 | C69: 19000 | D69: =B69*C69 -> 6080000
A70: KHOAI LANG MẬT 500G VR | D70: =B70*C70 -> 0
A71: PARO | B71: 3 | C71: 16000 | D71: =B71*C71 -> 48000
A72: PARO (CÂY) | D72: =B72*C72 -> 0
A73: BẮP CẢI TÍM | D73: =B73*C73 -> 0
A74: BẮP CẢI TÍM (BẮP) | D74: =B74*C74 -> 0
A75: BẮP CẢI TÍM SUSHI | D75: =B75*C75 -> 0
A76: CÀ CHUA CHERRY MIX 300G | D76: =B76*C76 -> 0
A77: TÍA TÔ 50G | D77: =B77*C77 -> 0
A78: XÀ LÁCH LOLO XANH | B78: 5 | C78: 28000 | D78: =B78*C78 -> 140000
A79: XÀ LÁCH LOLO XANH SUSHI | D79: =B79*C79 -> 0
A80: XÀ LÁCH LOLO XANH TÚI 300GR | D80: =B80*C80 -> 0
A81: XÀ LÁCH ROMEN THUỶ CANH (KG) VR | D81: =B81*C81 -> 0
A82: CÀ RỐT DL | D82: =B82*C82 -> 0
A83: CÀ RỐT DL L1 | D83: =B83*C83 -> 0
A84: CÀ RỐT DL TÚI LƯỚI 500GR VR | D84: =B84*C84 -> 0
A85: CÀ RỐT TRUNG | D85: =B85*C85 -> 0
A86: CÀ RỐT TÚI LƯỚI 800G KQ | D86: =B86*C86 -> 0
A87: GỪNG | D87: =B87*C87 -> 0
A88: MỒNG TƠI | D88: =B88*C88 -> 0
A89: NGÒ RÍ | D89: =B89*C89 -> 0
A90: NGÒ RÍ TÚI 50GR | D90: =B90*C90 -> 0
... A115: CÀ CHUA | D115: =B115*C115 -> 0
A116: CÀ CHUA L1 | B116: =70+80+80+20 -> 250 | C116: 16000 | D116: =B116*C116 -> 4000000
A117: CÀ CHUA VỈ 400GR | D117: =B117*C117 -> 0
A118: BÍ ĐỎ MINI | D118: =B118*C118 -> 0
A119: ỚT SỪNG VÀNG | D119: =B119*C119 -> 0
A120: BÍ ĐỎ TRÒN | B120: 200 | C120: 13000 | D120: =B120*C120 -> 2600000
A121: BÔNG ATISO | D121: =B121*C121 -> 0
A122: BÔNG CẢI XANH BABY (KG) | D122: =B122*C122 -> 0
A123: BÔNG CẢI XANH BABY 200G | D123: =B123*C123 -> 0
A124: CỦ CẢI ĐỎ 300GR (KG) VR | D124: =B124*C124 -> 0
A125: CỦ CẢI ĐỎ HỘP 300GR | D125: =B125*C125 -> 0
A126: CỦ CẢI ĐỎ(HỘP) | D126: =B126*C126 -> 0
A127: CỦ CẢI ĐỎ(KG) KQ | D127: =B127*C127 -> 0
A128: CỦ CẢI ĐỎ(KG) VR | D128: =B128*C128 -> 0
A129: CỦ CẢI HÀN QUỐC | D129: =B129*C129 -> 0
A130: ĐẬU HÀ LAN | D130: =B130*C130 -> 0
A131: LÁ É | D131: =B131*C131 -> 0
A132: LÁ É 300G | D132: =B132*C132 -> 0
... A142: ROCKET 200G | D142: =B142*C142 -> 0
A143: SÚ TRÁI TIM | B143: =45+40+10 -> 95 | C143: 13000 | D143: =B143*C143 -> 1235000
...

Sheet 28.6
A1: hàng tồn cuối ngày 28/6 vr
A2: TÊN SẢN PHẨM | B2: TỒN TRƯỚC | C2: GIÁ NHẬP | D2: THÀNH TIỀN
A3: BẮP CẢI TÍM | D3: =B3*C3 -> 0
A4: BẮP CẢI TÍM (BẮP) | D4: =B4*C4 -> 0
A5: BẮP CẢI TÍM SUSHI | D5: =B5*C5 -> 0
A6: BẮP CẢI TRẮNG | D6: =B6*C6 -> 0
A7: BẮP CẢI TRẮNG (BẮP) | D7: =B7*C7 -> 0
A8: BẮP CẢI TRẮNG MỘC CHÂU | D8: =B8*C8 -> 0
A9: BẮP CẢI TRẮNG SÓI BIỂN | D9: =B9*C9 -> 0
A10: BẮP CẢI TRẮNG SUSHI | D10: =B10*C10 -> 0
A11: BẮP MỸ CẶP | D11: =B11*C11 -> 0
A12: BẦU | D12: =B12*C12 -> 0
A13: BÍ ĐAO XANH | D13: =B13*C13 -> 0
A14: BÍ ĐAO XANH 400G | D14: =B14*C14 -> 0
A15: BÍ ĐỎ HỒ LÔ | B15: =15+17 -> 32 | C15: 18000 | D15: =B15*C15 -> 576000
A16: BÍ ĐỎ MINI | D16: =B16*C16 -> 0
A17: BÍ ĐỎ NON (KG)KQ | D17: =B17*C17 -> 0
A18: BÍ ĐỎ NON TRÁI VR | B18: =16+28+50+22 -> 116 | C18: 4000 | D18: =B18*C18 -> 464000
A19: BÍ ĐỎ NON( KG) VR | D19: =B19*C19 -> 0
A20: BÍ ĐỎ TRÒN | B20: 160 | C20: 13000 | D20: =B20*C20 -> 2080000
A21: BÍ MINI VÀNG 300GR | D21: =B21*C21 -> 0
A22: BÍ MINI VÀNG KG | D22: =B22*C22 -> 0
A23: BÍ NGÒI VÀNG | D23: =B23*C23 -> 0
A24: BÍ NGÒI VÀNG (TRÁI) | D24: =B24*C24 -> 0
A25: BÍ NGÒI XANH | B25: =22+55+60+35+30 -> 202 | C25: 12500 | D25: =B25*C25 -> 2525000
A26: BÍ NGÒI XANH(TRÁI) | D26: =B26*C26 -> 0
A27: BÍ NHẬT | D27: =B27*C27 -> 0
A28: BƠ 034 | D28: =B28*C28 -> 0
A29: BƠ 034 COOP | B29: 40 | C29: 12500 | D29: =B29*C29 -> 500000
A30: BƠ BOOTH | D30: =B30*C30 -> 0
A31: BO HOA CHUONG | D31: =B31*C31 -> 0
A32: BO HOA CUC TANA | D32: =B32*C32 -> 0
A33: BO HOA DONG TIEN HN | D33: =B33*C33 -> 0
A34: BO HOA LOA KEN | D34: =B34*C34 -> 0
A35: BO HOA PHANG | D35: =B35*C35 -> 0
A36: BO HOA SEN QUAN AM | D36: =B36*C36 -> 0
A37: BO HOA SEN SUPER | D37: =B37*C37 -> 0
A38: BƠ SÁP | B38: 22 | C38: 11000 | D38: =B38*C38 -> 242000
A39: BÓ XÔI | D39: =B39*C39 -> 0
A40: BÓ XÔI 300G VR | D40: =B40*C40 -> 0
A41: BÓ XÔI-NA | D41: =B41*C41 -> 0
A42: BÔNG ATISO | D42: =B42*C42 -> 0
A43: BÔNG BÍ | D43: =B43*C43 -> 0
A44: BÔNG BÍ TÚI 300GR | D44: =B44*C44 -> 0
A45: BÔNG CẢI TRẮNG | D45: =B45*C45 -> 0
A46: BÔNG CẢI TRẮNG (CÂY) | D46: =B46*C46 -> 0
A47: BÔNG CẢI XANH 10P | D47: =B47*C47 -> 0
A48: BÔNG CẢI XANH AEON | D48: =B48*C48 -> 0
A49: BÔNG CẢI XANH AEON (CÂY) | D49: =B49*C49 -> 0
A50: BÔNG CẢI XANH BABY (KG) | D50: =B50*C50 -> 0
... A56: CÀ CHUA BI (HỘP) 300GR KQ | D56: =B56*C56 -> 0
A57: CÀ CHUA BI (HỘP) 300GR VR | B57: 7 | C57: 9000 | D57: =B57*C57 -> 63000
A58: CÀ CHUA BI 300GR KQ (KG) | D58: =B58*C58 -> 0
A59: CÀ CHUA BI 300GR VR (KG) | D59: =B59*C59 -> 0
A60: CÀ CHUA BI CAM SỮA (KG) VR | D60: =B60*C60 -> 0
A61: CÀ CHUA BI COOP | B61: 7 | C61: 15000 | D61: =B61*C61 -> 105000
A62: CÀ CHUA BI-NA | D62: =B62*C62 -> 0
A63: CÀ CHUA CHERRY MIX 300G | B63: 7 | C63: 20000 | D63: =B63*C63 -> 140000
A64: CÀ CHUA L1 | D64: =B64*C64 -> 0
A65: CÀ CHUA MỘC CHÂU | D65: =B65*C65 -> 0
A66: CÀ CHUA NGỌT | D66: =B66*C66 -> 0
A67: CÀ CHUA NGỌT 300GR (KG) | D67: =B67*C67 -> 0
A68: CÀ CHUA NGỌT XÁ | D68: =B68*C68 -> 0
A69: CÀ CHUA ROSEBERRY 300G | D69: =B69*C69 -> 0
A70: CÀ CHUA SÔCOLA 250GR (HỘP) VR | D70: =B70*C70 -> 0
A71: CÀ CHUA SÔCOLA 250GR (KG) -NA | D71: =B71*C71 -> 0
A72: CÀ CHUA SÔCOLA 250GR (KG) VR | D72: =B72*C72 -> 0
A73: CÀ CHUA SÔCOLA 250GR(KG) KQ | D73: =B73*C73 -> 0
A74: CÀ CHUA SÔCOLA 300GR (HỘP) VR | D74: =B74*C74 -> 0
A75: CÀ CHUA SOCOLA XÁ | D75: =B75*C75 -> 0
... A80: CÀ CHUA Ý CHÙM | D80: =B80*C80 -> 0
A81: CÀ CHUA Ý(VỈ) KG | B81: =25+34-15 -> 44 | C81: 21000 | D81: =B81*C81 -> 924000
A82: CÀ CHUA Ý(VỈ) KG KQ | D82: =B82*C82 -> 0
A83: CÀ RỐT BABY | D83: =B83*C83 -> 0
A84: CÀ RỐT BABY (KG) KQ | D84: =B84*C84 -> 0
A85: CÀ RỐT BABY 200GR | D85: =B85*C85 -> 0
A86: CÀ RỐT DL | D86: =B86*C86 -> 0
A87: CÀ RỐT DL L1 | D87: =B87*C87 -> 0
A88: CÀ RỐT DL TÚI LƯỚI 500GR VR | D88: =B88*C88 -> 0
A89: CÀ RỐT TRUNG | D89: =B89*C89 -> 0
A90: CÀ RỐT TÚI LƯỚI 800G KQ | D90: =B90*C90 -> 0
A91: CÀ TÍM | B91: =15+10 -> 25 | C91: 9000 | D91: =B91*C91 -> 225000
A92: CÀ TÍM CẶP 400G | D92: =B92*C92 -> 0
A93: CÀ TÍM SỌC PHA LÊ 300G | D93: =B93*C93 -> 0
A94: CÀ TÍM SỌC PHA LÊ HỘP 500GR VR | D94: =B94*C94 -> 0
A95: CÀ TÍM SỌC PHA LÊ TÍM (KG) VR | D95: =B95*C95 -> 0
A96: CÀ Ý VỈ 650GR | D96: =B96*C96 -> 0
A97: CẢI CẦU VỒNG | D97: =B97*C97 -> 0
A98: CẢI CẦU VỒNG 300GR | D98: =B98*C98 -> 0
A99: CẢI CÚC 300GR | D99: =B99*C99 -> 0
A100: CẢI KALE | D100: =B100*C100 -> 0
A101: CẢI KALE 150GR | D101: =B101*C101 -> 0
A102: CẢI KALE 300GR | D102: =B102*C102 -> 0
A103: CẢI MÈO MỘC CHÂU | D103: =B103*C103 -> 0
... A137: CỦ DỀN 600G | D137: =B137*C137 -> 0
A138: CỦ HÀNH ĐỎ | B138: 1 | C138: 42000 | D138: =B138*C138 -> 42000
A139: CỦ HÀNH ĐỎ 500GR | D139: =B139*C139 -> 0
A140: CỦ NGHỆ | D140: =B140*C140 -> 0
A141: ĐÀO VN | D141: =B141*C141 -> 0
A142: ĐẬU BO | D142: =B142*C142 -> 0
...

Sheet 29.6
A1: hàng tồn cuối ngày 29/6 vr
A2: TÊN SẢN PHẨM | B2: TỒN TRƯỚC | C2: GIÁ NHẬP | D2: Tồn kho an toàn tại ĐL
A4: BẮP CẢI TÍM | D4: =B4*C4 -> 0
A5: BẮP CẢI TÍM (BẮP) | D5: =B5*C5 -> 0
A6: BẮP CẢI TÍM SUSHI | D6: =B6*C6 -> 0
A7: BẮP CẢI TRẮNG | D7: =B7*C7 -> 0
A8: BẮP CẢI TRẮNG (BẮP) | D8: =B8*C8 -> 0
A9: BẮP CẢI TRẮNG MỘC CHÂU | D9: =B9*C9 -> 0
A10: BẮP CẢI TRẮNG SÓI BIỂN | D10: =B10*C10 -> 0
A11: BẮP CẢI TRẮNG SUSHI | D11: =B11*C11 -> 0
A12: BẮP MỸ CẶP | D12: =B12*C12 -> 0
A13: BẦU | D13: =B13*C13 -> 0
A14: BÍ ĐAO XANH | D14: =B14*C14 -> 0
A15: BÍ ĐAO XANH 400G | D15: =B15*C15 -> 0
A16: BÍ ĐỎ HỒ LÔ | B16: 15 | C16: 18000 | D16: =B16*C16 -> 270000
A17: BÍ ĐỎ MINI | D17: =B17*C17 -> 0
A18: BÍ ĐỎ NON (KG)KQ | D18: =B18*C18 -> 0
A19: BÍ ĐỎ NON TRÁI VR | D19: =B19*C19 -> 0
A20: BÍ ĐỎ NON( KG) VR | D20: =B20*C20 -> 0
A21: BÍ ĐỎ TRÒN | B21: 100 | C21: 13000 | D21: =B21*C21 -> 1300000
A22: BÍ MINI VÀNG 300GR | D22: =B22*C22 -> 0
A23: BÍ MINI VÀNG KG | D23: =B23*C23 -> 0
A24: BÍ NGÒI VÀNG | D24: =B24*C24 -> 0
A25: BÍ NGÒI VÀNG (TRÁI) | D25: =B25*C25 -> 0
A26: BÍ NGÒI XANH | B26: 200 | C26: 13000 | D26: =B26*C26 -> 2600000
A27: BÍ NGÒI XANH(TRÁI) | D27: =B27*C27 -> 0
A28: BÍ NHẬT | D28: =B28*C28 -> 0
A29: BƠ 034 | D29: =B29*C29 -> 0
A30: BƠ 034 COOP | D30: =B30*C30 -> 0
A31: BƠ BOOTH | D31: =B31*C31 -> 0
A32: BO HOA CHUONG | D32: =B32*C32 -> 0
A33: BO HOA CUC TANA | D33: =B33*C33 -> 0
A34: BO HOA DONG TIEN HN | D34: =B34*C34 -> 0
A35: BO HOA LOA KEN | D35: =B35*C35 -> 0
A36: BO HOA PHANG | D36: =B36*C36 -> 0
A37: BO HOA SEN QUAN AM | D37: =B37*C37 -> 0
A38: BO HOA SEN SUPER | D38: =B38*C38 -> 0
A39: BƠ SÁP | B39: 20 | C39: 11000 | D39: =B39*C39 -> 220000
A40: BÓ XÔI | D40: =B40*C40 -> 0
A41: BÓ XÔI 300G VR | D41: =B41*C41 -> 0
A42: BÓ XÔI-NA | D42: =B42*C42 -> 0
A43: BÔNG ATISO | D43: =B43*C43 -> 0
A44: BÔNG BÍ | D44: =B44*C44 -> 0
A45: BÔNG BÍ TÚI 300GR | D45: =B45*C45 -> 0
A46: BÔNG CẢI TRẮNG | D46: =B46*C46 -> 0
A47: BÔNG CẢI TRẮNG (CÂY) | D47: =B47*C47 -> 0
A48: BÔNG CẢI XANH 10P | D48: =B48*C48 -> 0
A49: BÔNG CẢI XANH AEON | D49: =B49*C49 -> 0
A50: BÔNG CẢI XANH AEON (CÂY) | D50: =B50*C50 -> 0
A51: BÔNG CẢI XANH BABY (KG) | D51: =B51*C51 -> 0
... A57: CÀ CHUA BI (HỘP) 300GR KQ | D57: =B57*C57 -> 0
A58: CÀ CHUA BI (HỘP) 300GR VR | B58: 45 | C58: 9000 | D58: =B58*C58 -> 405000
A59: CÀ CHUA BI 300GR KQ (KG) | D59: =B59*C59 -> 0
A60: CÀ CHUA BI 300GR VR (KG) | D60: =B60*C60 -> 0
A61: CÀ CHUA BI CAM SỮA (KG) VR | D61: =B61*C61 -> 0
A62: CÀ CHUA BI COOP | D62: =B62*C62 -> 0
A63: CÀ CHUA BI-NA | D63: =B63*C63 -> 0
A64: CÀ CHUA CHERRY MIX 300G | B64: 7 | C64: 18000 | D64: =B64*C64 -> 126000
A65: CÀ CHUA L1 | B65: =100+80+30 -> 210 | C65: 18000 | D65: =B65*C65 -> 3780000
A66: CÀ CHUA MỘC CHÂU | D66: =B66*C66 -> 0
A67: CÀ CHUA NGỌT | D67: =B67*C67 -> 0
A68: CÀ CHUA NGỌT 300GR (KG) | D68: =B68*C68 -> 0
A69: CÀ CHUA NGỌT XÁ | D69: =B69*C69 -> 0
A70: CÀ CHUA ROSEBERRY 300G | D70: =B70*C70 -> 0
A71: CÀ CHUA SÔCOLA 250GR (HỘP) VR | B71: 19 | C71: 10000 | D71: =B71*C71 -> 190000
A72: CÀ CHUA SÔCOLA 250GR (KG) -NA | D72: =B72*C72 -> 0
A73: CÀ CHUA SÔCOLA 250GR (KG) VR | D73: =B73*C73 -> 0
A74: CÀ CHUA SÔCOLA 250GR(KG) KQ | D74: =B74*C74 -> 0
A75: CÀ CHUA SÔCOLA 300GR (HỘP) VR | D75: =B75*C75 -> 0
A76: CÀ CHUA SOCOLA XÁ | D76: =B76*C76 -> 0
A77: CÀ CHUA SÔCOLA(HỘP) KQ | D77: =B77*C77 -> 0
A78: CÀ CHUA VỈ 400GR | D78: =B78*C78 -> 0
A79: CÀ CHUA Ý | D79: =B79*C79 -> 0
A80: CÀ CHUA Ý 500G | D80: =B80*C80 -> 0
A81: CÀ CHUA Ý CHÙM | D81: =B81*C81 -> 0
A82: CÀ CHUA Ý(VỈ) KG | D82: =B82*C82 -> 0
A83: CÀ CHUA Ý(VỈ) KG KQ | D83: =B83*C83 -> 0
... A104: CẢI MÈO MỘC CHÂU | D104: =B104*C104 -> 0
A105: CẢI THẢO DL | B105: =25+95+120 -> 240 | C105: 7500 | D105: =B105*C105 -> 1800000
A106: CẢI THẢO DL(BẮP) | D106: =B106*C106 -> 0
A107: CẢI THẢO HỎA TIỄN | D107: =B107*C107 -> 0
A108: CẢI THẢO HỎA TIỄN 250GR | D108: =B108*C108 -> 0
A109: CẢI THẢO KIM CHI | D109: =B109*C109 -> 0
A110: CẢI THẢO MỘC CHÂU | D110: =B110*C110 -> 0
A111: CẢI THẢO VR | D111: =B111*C111 -> 0
A112: CẦN TÂY (KG) | B112: 20 | C112: 21000 | D112: =B112*C112 -> 420000
A113: CẦN TÂY THUỶ CANH | D113: =B113*C113 -> 0
A114: CẦN TÂY(CÂY) | D114: =B114*C114 -> 0
A115: CHANH DÂY | D115: =B115*C115 -> 0
A116: CHANH DÂY NGỌT L2 | D116: =B116*C116 -> 0
A117: CHANH DÂY NGỌT VỈ 300GR | D117: =B117*C117 -> 0
A118: CHANH KHÔNG HẠT | D118: =B118*C118 -> 0
A119: CHANH VÀNG (KG) | D119: =B119*C119 -> 0
A120: CHANH VÀNG TRÁI 180UP | D120: =B120*C120 -> 0
A121: CHẬU CÂY CẢI CẦU VỒNG | D121: =B121*C121 -> 0
A122: CHẬU CÂY CẢI KALE | D122: =B122*C122 -> 0
A123: CHẬU CÂY CẦN TÂY | D123: =B123*C123 -> 0
A124: CHUỐI LABA | D124: =B124*C124 -> 0
... A184: HÀNH TÂY DL BABY | D184: =B184*C184 -> 0
A185: HÀNH TÂY DL L1 | B185: 50 | C185: 6000 | D185: =B185*C185 -> 300000
...

Sheet 30.6
A1: 45473
A2: TÊN SẢN PHẨM VR | B2: ĐVT | C2: TỒN TRƯỚC | D2: GIÁ NHẬP | E2: THÀNH TIỀN
A4: BẮP CẢI TÍM | B4: Kg | C4: 22 | D4: 16000 | E4: =+D4*C4 -> 352000
A5: BẮP CẢI TÍM (BẮP) | B5: BẮP
A6: BẮP CẢI TÍM SUSHI | B6: Kg
A7: BẮP CẢI TRẮNG | B7: Kg
A8: BẮP CẢI TRẮNG (BẮP) | B8: BẮP
A9: BẮP CẢI TRẮNG MỘC CHÂU | B9: Kg
A10: BẮP CẢI TRẮNG SÓI BIỂN | B10: Kg
A11: BẮP CẢI TRẮNG SUSHI | B11: Kg
A12: BẮP MỸ CẶP | B12: CẶP
A13: BẦU | B13: Kg
A14: BÍ ĐAO XANH | B14: Kg
A15: BÍ ĐAO XANH 400G | B15: TRÁI
A16: BÍ ĐỎ HỒ LÔ | B16: Kg | C16: 3 | D16: 18000 | E16: =+D16*C16 -> 54000
A17: BÍ ĐỎ MINI | B17: Kg
A18: BÍ ĐỎ NON (KG)KQ | B18: Kg
A19: BÍ ĐỎ NON TRÁI VR | B19: TRÁI | C19: 74 | D19: 4000 | E19: =+D19*C19 -> 296000
A20: BÍ ĐỎ NON( KG) VR | B20: Kg
A21: BÍ ĐỎ TRÒN | B21: Kg | C21: 100 | D21: 13000 | E21: =+D21*C21 -> 1300000
A22: BÍ MINI VÀNG 300GR | B22: TRÁI
A23: BÍ MINI VÀNG KG | B23: Kg
A24: BÍ NGÒI VÀNG | B24: Kg
A25: BÍ NGÒI VÀNG (TRÁI) | B25: TRÁI
A26: BÍ NGÒI XANH | B26: Kg | C26: 122 | D26: 13000 | E26: =+D26*C26 -> 1586000
A27: BÍ NGÒI XANH(TRÁI) | B27: TRÁI
A28: BÍ NHẬT | B28: Kg
A29: BƠ 034 | B29: Kg | C29: 39 | D29: 12500 | E29: =+D29*C29 -> 487500
A30: BƠ 034 COOP | B30: Kg
A31: BƠ BOOTH | B31: Kg
A32: BO HOA CHUONG | B32: BÓ
A33: BO HOA CUC TANA | B33: BÓ
A34: BO HOA DONG TIEN HN | B34: BÓ
A35: BO HOA LOA KEN | B35: BÓ
A36: BO HOA PHANG | B36: BÓ
A37: BO HOA SEN QUAN AM | B37: BÓ
A38: BO HOA SEN SUPER | B38: BÓ
A39: BƠ SÁP | B39: Kg | C39: 47 | D39: 11000 | E39: =+D39*C39 -> 517000
A40: BÓ XÔI | B40: Kg
A41: BÓ XÔI 300G VR | B41: TÚI
A42: BÓ XÔI-NA | B42: Kg
A43: BÔNG ATISO | B43: Kg
A44: BÔNG BÍ | B44: Kg
A45: BÔNG BÍ TÚI 300GR | B45: VỈ
A46: BÔNG CẢI TRẮNG | B46: Kg
A47: BÔNG CẢI TRẮNG (CÂY) | B47: CÂY
A48: BÔNG CẢI XANH 10P | B48: Kg
A49: BÔNG CẢI XANH AEON | B49: Kg
A50: BÔNG CẢI XANH AEON (CÂY) | B50: CÂY
A51: BÔNG CẢI XANH BABY (KG) | B51: Kg
... A61: CÀ CHUA BI CAM SỮA (KG) VR | B61: Kg
A62: CÀ CHUA BI COOP | B62: Kg | C62: 10 | D62: 28000 | E62: =+D62*C62 -> 280000
A63: CÀ CHUA BI-NA | B63: Kg
A64: CÀ CHUA CHERRY MIX 300G | B64: HỘP
A65: CÀ CHUA L1 | B65: TÚI | C65: 100 | D65: 18000 | E65: =+D65*C65 -> 1800000
A66: CÀ CHUA MỘC CHÂU | B66: Kg
A67: CÀ CHUA NGỌT | B67: Kg
A68: CÀ CHUA NGỌT 300GR (KG) | B68: Kg
A69: CÀ CHUA NGỌT XÁ | B69: Kg
A70: CÀ CHUA ROSEBERRY 300G | B70: Kg
A71: CÀ CHUA SÔCOLA 250GR (HỘP) VR | B71: HỘP
A72: CÀ CHUA SÔCOLA 250GR (KG) -NA | B72: Kg
A73: CÀ CHUA SÔCOLA 250GR (KG) VR | B73: Kg
A74: CÀ CHUA SÔCOLA 250GR(KG) KQ | B74: Kg
A75: CÀ CHUA SÔCOLA 300GR (HỘP) VR | B75: HỘP
A76: CÀ CHUA SOCOLA XÁ | B76: Kg
A77: CÀ CHUA SÔCOLA(HỘP) KQ | B77: HỘP
A78: CÀ CHUA VỈ 400GR | B78: VỈ
A79: CÀ CHUA Ý | B79: Kg | C79: 45 | D79: 27000 | E79: =+D79*C79 -> 1215000
A80: CÀ CHUA Ý 500G | B80: VỈ
A81: CÀ CHUA Ý CHÙM | B81: KG
A82: CÀ CHUA Ý(VỈ) KG | B82: Kg | C82: 3.5 | D82: 23000 | E82: =+D82*C82 -> 80500
A83: CÀ CHUA Ý(VỈ) KG KQ | B83: Kg
A84: CÀ RỐT BABY | B84: Kg
A85: CÀ RỐT BABY (KG) KQ | B85: Kg
A86: CÀ RỐT BABY 200GR | B86: VỈ
A87: CÀ RỐT DL | B87: Kg
A88: CÀ RỐT DL L1 | B88: Kg
A89: CÀ RỐT DL TÚI LƯỚI 500GR VR | B89: TÚI
A90: CÀ RỐT TRUNG | B90: Kg
A91: CÀ RỐT TÚI LƯỚI 800G KQ | B91: TÚI
A92: CÀ TÍM | B92: Kg
A93: CÀ TÍM CẶP 400G | B93: CẶP
A94: CÀ TÍM SỌC PHA LÊ 300G | B94: HỘP
... A104: CẢI MÈO MỘC CHÂU | B104: Kg
A105: CẢI THẢO DL | B105: Kg | C105: 350 | D105: 7500 | E105: =+D105*C105 -> 2625000
A106: CẢI THẢO DL(BẮP) | B106: BẮP
A107: CẢI THẢO HỎA TIỄN | B107: Kg
A108: CẢI THẢO HỎA TIỄN 250GR | B108: BẮP
A109: CẢI THẢO KIM CHI | B109: Kg
A110: CẢI THẢO MỘC CHÂU | B110: BÓ
A111: CẢI THẢO VR | B111: Kg
A112: CẦN TÂY (KG) | B112: Kg | C112: 30 | D112: 19000 | E112: =+D112*C112 -> 570000
A113: CẦN TÂY THUỶ CANH | B113: Kg
A114: CẦN TÂY(CÂY) | B114: CÂY
A115: CHANH DÂY | B115: Kg
A116: CHANH DÂY NGỌT L2 | B116: Kg
A117: CHANH DÂY NGỌT VỈ 300GR | B117: VỈ
A118: CHANH KHÔNG HẠT | B118: Kg
A119: CHANH VÀNG (KG) | B119: Kg
...
