Workbook

Sheet 1.2
A1: hàng tồn cuối ngày 1/2
A2: TÊN HÀNG | B2: TỒN TRƯỚC | C2: GIÁ NHẬP | D2: THÀNH TIỀN
A3: CÀ CHUA SÔCOLA 250GR (HỘP) VR | D3: =B3*C3 -> 0
A4: CÀ CHUA SÔCOLA 250GR (KG) -NA | D4: =B4*C4 -> 0
A5: BẮP CẢI TÍM | B5: =18+18+5 -> 41 | C5: 17000 | D5: =B5*C5 -> 697000
A6: CÀ CHUA SÔCOLA 250GR(KG) KQ | D6: =B6*C6 -> 0
A7: CÀ CHUA SÔCOLA 300GR (HỘP) VR | D7: =B7*C7 -> 0
A8: CÀ CHUA SOCOLA XÁ | D8: =B8*C8 -> 0
A9: CÀ CHUA SÔCOLA(HỘP) KQ | D9: =B9*C9 -> 0
A10: CÀ RỐT BABY | D10: =B10*C10 -> 0
A11: CÀ RỐT BABY (KG) KQ | D11: =B11*C11 -> 0
A12: BẮP CẢI TRẮNG | B12: 90 | C12: 6500 | D12: =B12*C12 -> 585000
A13: CẢI CẦU VỒNG | D13: =B13*C13 -> 0
A14: BẦU | D14: =B14*C14 -> 0
A15: CẢI KALE | D15: =B15*C15 -> 0
A16: BÍ ĐAO XANH | B16: 4 | C16: 18000 | D16: =B16*C16 -> 72000
A17: CHANH VÀNG (KG) | D17: =B17*C17 -> 0
A18: CHANH VÀNG TRÁI 180UP | D18: =B18*C18 -> 0
A19: BÍ ĐỎ HỒ LÔ | B19: 12 | C19: 10000 | D19: =B19*C19 -> 120000
A20: CẦN TÂY THUỶ CANH | D20: =B20*C20 -> 0
A21: CẦN TÂY(CÂY) | D21: =B21*C21 -> 0
A22: ỚT CHUÔNG 3 MÀU(KG)VR | D22: =B22*C22 -> 0
A23: BÍ ĐỎ NON( KG) VR | D23: =B23*C23 -> 0
A24: ỚT CHUÔNG ĐỎ L1 | D24: =B24*C24 -> 0
A25: ỚT CHUÔNG ĐỎ(TRÁI) | D25: =B25*C25 -> 0
A26: ỚT CHUÔNG 3 MÀU 350G | B26: =15+55 -> 70 | C26: 15000 | D26: =B26*C26 -> 1050000
A27: ỚT CHUÔNG 3 MÀU KQ(KG) | D27: =B27*C27 -> 0
A28: BÍ ĐỎ TRÒN | B28: =650+60+30+690 -> 1430 | C28: 6000 | D28: =B28*C28 -> 8580000
A29: ỚT CHUÔNG VÀNG L1 | D29: =B29*C29 -> 0
A30: ỚT CHUÔNG VÀNG(TRÁI) | D30: =B30*C30 -> 0
A31: ỚT CHUÔNG VÀNG+ XANH (VỈ) | D31: =B31*C31 -> 0
A32: BÍ NGÒI XANH | B32: =15+20+50 -> 85 | C32: 10000 | D32: =B32*C32 -> 850000
A33: ỚT CHUÔNG XANH L1 | D33: =B33*C33 -> 0
A34: ỚT CHUÔNG XANH(TRÁI) | D34: =B34*C34 -> 0
A35: BƠ BOOTH | D35: =B35*C35 -> 0
A36: CỦ DỀN 600G | D36: =B36*C36 -> 0
A37: GỪNG 250GR | D37: =B37*C37 -> 0
A38: BÓ XÔI | D38: =B38*C38 -> 0
A39: XÀ LÁCH MỸ | B39: 15 | C39: 10000 | D39: =B39*C39 -> 150000
A40: KHOAI TÂY HỒNG | B40: 6 | C40: 19000 | D40: =B40*C40 -> 114000
A41: KHOAI TÂY HỒNG TÚI LƯỚI 500G | D41: =B41*C41 -> 0
A42: KHOAI TÂY VÀNG | D42: =B42*C42 -> 0
A43: BÔNG CẢI TRẮNG | B43: 7 | C43: 11000 | D43: =B43*C43 -> 77000
A44: KHOAI TÂY VÀNG LỚN TÚI LƯỚI 500G | D44: =B44*C44 -> 0
A45: KHOAI TÂY VÀNG RỬA | D45: =B45*C45 -> 0
A46: KHOAI TÂY VÀNG TRUNG TÚI LƯỚI 500G | D46: =B46*C46 -> 0
A47: BÔNG CẢI XANH 10P | D47: =B47*C47 -> 0
A48: CẢI THẢO DL(BẮP) | D48: =B48*C48 -> 0
A49: CẢI THẢO KIM CHI | D49: =B49*C49 -> 0
A50: CẢI THẢO VR | D50: =B50*C50 -> 0
A51: BÔNG CẢI XANH BABY 200G | D51: =B51*C51 -> 0
A52: CÀ CHUA | B52: =840+80 -> 920 | C52: 14000 | D52: =B52*C52 -> 12880000
A53: BÍ ĐAO XANH 400G | D53: =B53*C53 -> 0
A54: DƯA LEO | D54: =B54*C54 -> 0
A55: DƯA LEO 400G | D55: =B55*C55 -> 0
A56: KHỔ QUA | D56: =B56*C56 -> 0
A57: KHỔ QUA 400GR | D57: =B57*C57 -> 0
A58: MƯỚP HƯƠNG | D58: =B58*C58 -> 0
A59: MƯỚP HƯƠNG 300G | D59: =B59*C59 -> 0
A60: BÍ MINI VÀNG 300GR | D60: =B60*C60 -> 0
A61: BÍ MINI VÀNG KG | D61: =B61*C61 -> 0
A62: DƯA LEO GIỐNG NHẬT 600GR | D62: =B62*C62 -> 0
A63: CÀ CHUA BI COOP | B63: 3 | C63: 7000 | D63: =B63*C63 -> 21000
A64: BƠ 034 | D64: =B64*C64 -> 0
A65: CÀ CHUA CHERRY MIX 300G | D65: =B65*C65 -> 0
A66: BƠ SÁP | D66: =B66*C66 -> 0
A67: KHOAI LANG MẬT (KG) 2-3 CỦ | B67: =100+150+600 -> 850 | C67: 27000 | D67: =B67*C67 -> 22950000
A68: CÀ CHUA SÔCOLA 250GR (KG) VR | D68: =B68*C68 -> 0
A69: KHOAI LANG MẬT 500G KQ | D69: =B69*C69 -> 0
A70: KHOAI LANG MẬT 500G VR | D70: =B70*C70 -> 0
A71: CÀ CHUA Ý | B71: 140 | C71: 12000 | D71: =B71*C71 -> 1680000
A72: PARO (CÂY) | D72: =B72*C72 -> 0
A73: CÀ CHUA Ý(VỈ) KG | B73: 10 | C73: 10000 | D73: =B73*C73 -> 100000
A74: BẮP CẢI TÍM (BẮP) | D74: =B74*C74 -> 0
A75: BẮP CẢI TÍM SUSHI | D75: =B75*C75 -> 0
A76: CÀ RỐT BABY 200GR | D76: =B76*C76 -> 0
A77: TÍA TÔ 50G | D77: =B77*C77 -> 0
A78: CÀ RỐT DL L1 | B78: 90 | C78: 10000 | D78: =B78*C78 -> 900000
A79: XÀ LÁCH LOLO XANH SUSHI | D79: =B79*C79 -> 0
A80: XÀ LÁCH LOLO XANH TÚI 300GR | D80: =B80*C80 -> 0
A81: CÀ TÍM | D81: =B81*C81 -> 0
A82: CÀ RỐT DL | D82: =B82*C82 -> 0
A83: CẢI CẦU VỒNG 300GR | D83: =B83*C83 -> 0
A84: CÀ RỐT DL TÚI LƯỚI 500GR VR | D84: =B84*C84 -> 0
A85: CÀ RỐT TRUNG | D85: =B85*C85 -> 0
A86: CÀ RỐT TÚI LƯỚI 800G KQ | D86: =B86*C86 -> 0
A87: CẢI KALE 300GR | B87: 3 | C87: 3000 | D87: =B87*C87 -> 9000
A88: MỒNG TƠI | D88: =B88*C88 -> 0
A89: NGÒ RÍ | D89: =B89*C89 -> 0
A90: NGÒ RÍ TÚI 50GR | D90: =B90*C90 -> 0
A91: ỚT HIỂM | B91: 0.9 | C91: 39000 | D91: =B91*C91 -> 35100
A92: ỚT HIỂM 100G | D92: =B92*C92 -> 0
A93: THÌ LÀ | D93: =B93*C93 -> 0
A94: THÌ LÀ TÚI 80GR | D94: =B94*C94 -> 0
A95: CẢI THẢO DL | D95: =B95*C95 -> 0
A96: BÔNG BÍ TÚI 300GR | D96: =B96*C96 -> 0
A97: CẢI THẢO HỎA TIỄN | D97: =B97*C97 -> 0
A98: BÔNG CẢI TRẮNG (CÂY) | D98: =B98*C98 -> 0
A99: SET RAU KÈM ỚT | D99: =B99*C99 -> 0
A100: SET RAU KHÔNG KÈM ỚT | D100: =B100*C100 -> 0
...

Sheet 2.2
A1: hàng tồn cuối ngày 2/2
A2: TÊN SẢN PHẨM | B2: TỒN TRƯỚC | C2: GIÁ NHẬP | D2: THÀNH TIỀN
A3: CÀ CHUA SÔCOLA 250GR (HỘP) VR | D3: =B3*C3 -> 0
A4: CÀ CHUA SÔCOLA 250GR (KG) -NA | D4: =B4*C4 -> 0
A5: CÀ CHUA SÔCOLA 250GR (KG) VR | D5: =B5*C5 -> 0
A6: CÀ CHUA SÔCOLA 250GR(KG) KQ | D6: =B6*C6 -> 0
A7: CÀ CHUA SÔCOLA 300GR (HỘP) VR | D7: =B7*C7 -> 0
A8: CÀ CHUA SOCOLA XÁ | D8: =B8*C8 -> 0
A9: CÀ CHUA SÔCOLA(HỘP) KQ | D9: =B9*C9 -> 0
A10: CÀ RỐT BABY | D10: =B10*C10 -> 0
A11: CÀ RỐT BABY (KG) KQ | D11: =B11*C11 -> 0
A12: CÀ RỐT BABY 200GR | D12: =B12*C12 -> 0
A13: CẢI CẦU VỒNG | D13: =B13*C13 -> 0
A14: CẢI CẦU VỒNG 300GR | D14: =B14*C14 -> 0
A15: CẢI KALE | D15: =B15*C15 -> 0
A16: BẮP CẢI TÍM | B16: 7 | C16: 17000 | D16: =B16*C16 -> 119000
A17: CHANH VÀNG (KG) | D17: =B17*C17 -> 0
A18: CHANH VÀNG TRÁI 180UP | D18: =B18*C18 -> 0
A19: CẦN TÂY (KG) | D19: =B19*C19 -> 0
A20: CẦN TÂY THUỶ CANH | D20: =B20*C20 -> 0
A21: CẦN TÂY(CÂY) | D21: =B21*C21 -> 0
A22: ỚT CHUÔNG 3 MÀU(KG)VR | D22: =B22*C22 -> 0
A23: BẮP CẢI TRẮNG | B23: 36 | C23: 6500 | D23: =B23*C23 -> 234000
A24: ỚT CHUÔNG ĐỎ L1 | D24: =B24*C24 -> 0
A25: ỚT CHUÔNG ĐỎ(TRÁI) | D25: =B25*C25 -> 0
A26: BÍ ĐAO XANH | B26: 5 | C26: 18000 | D26: =B26*C26 -> 90000
A27: ỚT CHUÔNG 3 MÀU KQ(KG) | D27: =B27*C27 -> 0
A28: BÍ ĐỎ HỒ LÔ | B28: 9 | C28: 10000 | D28: =B28*C28 -> 90000
A29: ỚT CHUÔNG VÀNG L1 | D29: =B29*C29 -> 0
A30: ỚT CHUÔNG VÀNG(TRÁI) | D30: =B30*C30 -> 0
A31: ỚT CHUÔNG VÀNG+ XANH (VỈ) | D31: =B31*C31 -> 0
A32: BÍ ĐỎ NON TRÁI VR | B32: =20+17 -> 37 | C32: 4000 | D32: =B32*C32 -> 148000
A33: ỚT CHUÔNG XANH L1 | D33: =B33*C33 -> 0
A34: ỚT CHUÔNG XANH(TRÁI) | D34: =B34*C34 -> 0
A35: BÍ ĐỎ TRÒN | B35: =2220+1260 -> 3480 | C35: 6000 | D35: =B35*C35 -> 20880000
A36: CỦ DỀN 600G | D36: =B36*C36 -> 0
A37: GỪNG 250GR | D37: =B37*C37 -> 0
A38: HỒNG GIÒN | D38: =B38*C38 -> 0
A39: XÀ LÁCH MỸ | D39: =B39*C39 -> 0
A40: BÍ NGÒI VÀNG | B40: 1 | C40: 28000 | D40: =B40*C40 -> 28000
A41: KHOAI TÂY HỒNG TÚI LƯỚI 500G | D41: =B41*C41 -> 0
A42: KHOAI TÂY VÀNG | D42: =B42*C42 -> 0
A43: BÍ NGÒI XANH | B43: =6+60+50+115 -> 231 | C43: 10000 | D43: =B43*C43 -> 2310000
A44: KHOAI TÂY VÀNG LỚN TÚI LƯỚI 500G | D44: =B44*C44 -> 0
A45: KHOAI TÂY VÀNG RỬA | D45: =B45*C45 -> 0
A46: KHOAI TÂY VÀNG TRUNG TÚI LƯỚI 500G | D46: =B46*C46 -> 0
A47: BÔNG CẢI TRẮNG | B47: 6 | C47: 11000 | D47: =B47*C47 -> 66000
A48: CẢI THẢO DL(BẮP) | D48: =B48*C48 -> 0
A49: CẢI THẢO KIM CHI | D49: =B49*C49 -> 0
A50: CẢI THẢO VR | D50: =B50*C50 -> 0
A51: BẦU | D51: =B51*C51 -> 0
A52: BÔNG CẢI XANH BABY 200G | B52: 2 | C52: 5600 | D52: =B52*C52 -> 11200
A53: BÍ ĐAO XANH 400G | D53: =B53*C53 -> 0
A54: DƯA LEO | D54: =B54*C54 -> 0
A55: DƯA LEO 400G | D55: =B55*C55 -> 0
A56: KHỔ QUA | D56: =B56*C56 -> 0
A57: KHỔ QUA 400GR | D57: =B57*C57 -> 0
A58: MƯỚP HƯƠNG | D58: =B58*C58 -> 0
A59: MƯỚP HƯƠNG 300G | D59: =B59*C59 -> 0
A60: BÍ MINI VÀNG 300GR | D60: =B60*C60 -> 0
A61: BÍ MINI VÀNG KG | D61: =B61*C61 -> 0
A62: DƯA LEO GIỐNG NHẬT 600GR | D62: =B62*C62 -> 0
A63: DƯA LEO GIỐNG NHẬT KG | D63: =B63*C63 -> 0
A64: BƠ 034 | D64: =B64*C64 -> 0
... A66: BƠ SÁP | D66: =B66*C66 -> 0
A67: CÀ CHUA | B67: =220+150+120 -> 490 | C67: 14000 | D67: =B67*C67 -> 6860000
A68: CÀ CHUA L1 | B68: 100 | C68: 9000 | D68: =B68*C68 -> 900000
A69: KHOAI LANG MẬT 500G KQ | D69: =B69*C69 -> 0
A70: KHOAI LANG MẬT 500G VR | D70: =B70*C70 -> 0
A71: CÀ CHUA Ý | B71: 210 | C71: 12000 | D71: =B71*C71 -> 2520000
A72: PARO (CÂY) | D72: =B72*C72 -> 0
A73: CÀ CHUA Ý(VỈ) KG | B73: 10 | C73: 11000 | D73: =B73*C73 -> 110000
A74: BẮP CẢI TÍM (BẮP) | D74: =B74*C74 -> 0
A75: BẮP CẢI TÍM SUSHI | D75: =B75*C75 -> 0
A76: CÀ CHUA CHERRY MIX 300G | D76: =B76*C76 -> 0
A77: TÍA TÔ 50G | D77: =B77*C77 -> 0
A78: XÀ LÁCH LOLO XANH | D78: =B78*C78 -> 0
A79: XÀ LÁCH LOLO XANH SUSHI | D79: =B79*C79 -> 0
A80: XÀ LÁCH LOLO XANH TÚI 300GR | D80: =B80*C80 -> 0
A81: XÀ LÁCH ROMEN THUỶ CANH (KG) VR | D81: =B81*C81 -> 0
A82: CÀ RỐT DL | D82: =B82*C82 -> 0
A83: CÀ RỐT DL L1 | B83: =27+43 -> 70 | C83: 10000 | D83: =B83*C83 -> 700000
A84: CÀ RỐT DL TÚI LƯỚI 500GR VR | D84: =B84*C84 -> 0
A85: CÀ RỐT TRUNG | D85: =B85*C85 -> 0
A86: CÀ RỐT TÚI LƯỚI 800G KQ | D86: =B86*C86 -> 0
A87: GỪNG | D87: =B87*C87 -> 0
A88: MỒNG TƠI | D88: =B88*C88 -> 0
A89: NGÒ RÍ | D89: =B89*C89 -> 0
A90: NGÒ RÍ TÚI 50GR | D90: =B90*C90 -> 0
A91: CÀ TÍM | B91: 10 | C91: 9000 | D91: =B91*C91 -> 90000
A92: ỚT HIỂM 100G | D92: =B92*C92 -> 0
A93: THÌ LÀ | D93: =B93*C93 -> 0
A94: THÌ LÀ TÚI 80GR | D94: =B94*C94 -> 0
A95: CÀ Ý VỈ 650GR | B95: 12 | C95: 15000 | D95: =B95*C95 -> 180000
A96: BÔNG BÍ TÚI 300GR | D96: =B96*C96 -> 0
A97: CẢI KALE 300GR | B97: 3 | C97: 3000 | D97: =B97*C97 -> 9000
A98: BÔNG CẢI TRẮNG (CÂY) | D98: =B98*C98 -> 0
A99: SET RAU KÈM ỚT | D99: =B99*C99 -> 0
A100: SET RAU KHÔNG KÈM ỚT | D100: =B100*C100 -> 0
A101: ĐẬU BO | D101: =B101*C101 -> 0
...

Sheet 3.2
A2: TÊN SẢN PHẨM | B2: ĐVT | C2: TỒN TRƯỚC | D2: GIÁ NHẬP | E2: THÀNH TIỀN | F2: TEM KQ KHO | G2: LÁ KQ KHO | H2: DATE | I2: KG/ KHAY
A4: BẮP CẢI TÍM | B4: Kg | H4: 0 | I4: 10
A5: BẮP CẢI TÍM (BẮP) | B5: BẮP | H5: 0 | I5: 10
A6: BẮP CẢI TÍM SUSHI | B6: Kg | H6: 0 | I6: 10
A7: BẮP CẢI TRẮNG | B7: Kg | C7: 100 | D7: =_xlfn.IFNA(VLOOKUP(A7,'2.2'!A16:C308,3,),) -> 6500 | E7: =+D7*C7 -> 650000 | H7: 0 | I7: 12
A8: BẮP CẢI TRẮNG (BẮP) | B8: BẮP | D8: =_xlfn.IFNA(VLOOKUP(A8,'2.2'!A17:C309,3,),) -> 0 | H8: 0 | I8: 12
A9: BẮP CẢI TRẮNG MỘC CHÂU | B9: Kg | D9: =_xlfn.IFNA(VLOOKUP(A9,'2.2'!A18:C310,3,),) -> 0 | H9: 0 | I9: 20
A10: BẮP CẢI TRẮNG SUSHI | B10: Kg | D10: =_xlfn.IFNA(VLOOKUP(A10,'2.2'!A19:C311,3,),) -> 0 | H10: 0 | I10: 12
A11: BẮP MỸ | B11: Kg | D11: =_xlfn.IFNA(VLOOKUP(A11,'2.2'!A20:C312,3,),) -> 0 | H11: 0 | I11: 20
A12: BẦU | B12: Kg | D12: =_xlfn.IFNA(VLOOKUP(A12,'2.2'!A21:C313,3,),) -> 0 | H12: 0 | I12: 20
A13: BÍ ĐAO XANH | B13: Kg | C13: 5 | D13: =_xlfn.IFNA(VLOOKUP(A13,'2.2'!A22:C314,3,),) -> 18000 | E13: =+D13*C13 -> 90000 | H13: 0 | I13: 20
A14: BÍ ĐAO XANH 400G | B14: TRÁI | D14: =_xlfn.IFNA(VLOOKUP(A14,'2.2'!A23:C315,3,),) -> 0 | H14: 0 | I14: 15
A15: BÍ ĐỎ HỒ LÔ | B15: Kg | C15: 36 | D15: =_xlfn.IFNA(VLOOKUP(A15,'2.2'!A24:C316,3,),) -> 10000 | E15: =+D15*C15 -> 360000 | H15: 0 | I15: 15
A16: BÍ ĐỎ MINI | B16: Kg | D16: =_xlfn.IFNA(VLOOKUP(A16,'2.2'!A25:C317,3,),) -> 0 | H16: 0
A17: BÍ ĐỎ NON (KG)KQ | B17: Kg | D17: =_xlfn.IFNA(VLOOKUP(A17,'2.2'!A26:C318,3,),) -> 0 | H17: 0 | I17: 20
A18: BÍ ĐỎ NON TRÁI VR | B18: TRÁI | C18: 13 | D18: =_xlfn.IFNA(VLOOKUP(A18,'2.2'!A27:C319,3,),) -> 4000 | E18: =+D18*C18 -> 52000 | H18: 170 | I18: 20
A19: BÍ ĐỎ NON( KG) VR | B19: Kg | D19: =_xlfn.IFNA(VLOOKUP(A19,'2.2'!A28:C320,3,),) -> 0 | H19: 0 | I19: 20
A20: BÍ ĐỎ TRÒN | B20: Kg | C20: 2640 | D20: =_xlfn.IFNA(VLOOKUP(A20,'2.2'!A29:C321,3,),) -> 6000 | E20: =+D20*C20 -> 15840000 | H20: 0 | I20: 15
A21: BÍ MINI VÀNG 300GR | B21: TRÁI | D21: =_xlfn.IFNA(VLOOKUP(A21,'2.2'!A30:C322,3,),) -> 0 | H21: 0 | I21: 5
A22: BÍ MINI VÀNG KG | B22: Kg | D22: =_xlfn.IFNA(VLOOKUP(A22,'2.2'!A31:C323,3,),) -> 0 | H22: 0 | I22: 5
A23: BÍ NGÒI VÀNG | B23: Kg | D23: =_xlfn.IFNA(VLOOKUP(A23,'2.2'!A32:C324,3,),) -> 28000 | H23: 0 | I23: 20
A24: BÍ NGÒI VÀNG (TRÁI) | B24: TRÁI | D24: =_xlfn.IFNA(VLOOKUP(A24,'2.2'!A33:C325,3,),) -> 0 | H24: 0 | I24: 20
A25: BÍ NGÒI XANH | B25: Kg | C25: 125 | D25: =_xlfn.IFNA(VLOOKUP(A25,'2.2'!A34:C326,3,),) -> 10000 | E25: =+D25*C25 -> 1250000 | H25: 0 | I25: 20
A26: BÍ NGÒI XANH(TRÁI) | B26: TRÁI | D26: =_xlfn.IFNA(VLOOKUP(A26,'2.2'!A35:C327,3,),) -> 0 | H26: 253 | I26: 40
A27: BÍ NHẬT | B27: Kg | D27: =_xlfn.IFNA(VLOOKUP(A27,'2.2'!A36:C328,3,),) -> 0 | H27: 0 | I27: 15
A28: BƠ 034 | B28: Kg | D28: =_xlfn.IFNA(VLOOKUP(A28,'2.2'!A37:C329,3,),) -> 0 | H28: 0 | I28: 20
A29: BƠ BOOTH | B29: Kg | D29: =_xlfn.IFNA(VLOOKUP(A29,'2.2'!A38:C330,3,),) -> 0 | H29: 0 | I29: 20
A30: BƠ SÁP | B30: Kg | D30: =_xlfn.IFNA(VLOOKUP(A30,'2.2'!A39:C331,3,),) -> 0 | H30: 0 | I30: 20
A31: BÓ XÔI | B31: Kg | D31: =_xlfn.IFNA(VLOOKUP(A31,'2.2'!A40:C332,3,),) -> 0 | I31: 5
A32: BÓ XÔI 300G VR | B32: TÚI | D32: =_xlfn.IFNA(VLOOKUP(A32,'2.2'!A41:C333,3,),) -> 0 | H32: 190 | I32: 20
A33: BÓ XÔI-HN KQ | B33: Kg | D33: =_xlfn.IFNA(VLOOKUP(A33,'2.2'!A42:C334,3,),) -> 0 | I33: 5
A34: BÓ XÔI-NA | B34: Kg | D34: =_xlfn.IFNA(VLOOKUP(A34,'2.2'!A43:C335,3,),) -> 0 | I34: 5
A35: BÔNG ATISO | B35: Kg | D35: =_xlfn.IFNA(VLOOKUP(A35,'2.2'!A44:C336,3,),) -> 0 | H35: 0 | I35: 10
A36: BÔNG BÍ | B36: Kg | D36: =_xlfn.IFNA(VLOOKUP(A36,'2.2'!A45:C337,3,),) -> 0 | H36: 0
A37: BÔNG BÍ TÚI 300GR | B37: VỈ | C37: 2 | D37: =35000*0.3 -> 10500 | E37: =+D37*C37 -> 21000 | H37: 0
A38: BÔNG CẢI TRẮNG | B38: Kg | C38: 2 | D38: =_xlfn.IFNA(VLOOKUP(A38,'2.2'!A47:C339,3,),) -> 11000 | E38: =+D38*C38 -> 22000 | F38: 84 | I38: 8
A39: BÔNG CẢI TRẮNG (CÂY) | B39: CÂY | D39: =_xlfn.IFNA(VLOOKUP(A39,'2.2'!A48:C340,3,),) -> 0 | H39: 0 | I39: 10
A40: BÔNG CẢI XANH 10P | B40: Kg | D40: =_xlfn.IFNA(VLOOKUP(A40,'2.2'!A49:C341,3,),) -> 0 | H40: 0
A41: BÔNG CẢI XANH AEON | B41: Kg | D41: =_xlfn.IFNA(VLOOKUP(A41,'2.2'!A50:C342,3,),) -> 0 | I41: 8
A42: BÔNG CẢI XANH AEON (CÂY) | B42: CÂY | D42: =_xlfn.IFNA(VLOOKUP(A42,'2.2'!A51:C343,3,),) -> 0 | H42: 133 | I42: 15
A43: BÔNG CẢI XANH BABY (KG) | B43: Kg | D43: =_xlfn.IFNA(VLOOKUP(A43,'2.2'!A52:C344,3,),) -> 0 | H43: 0 | I43: 20
A44: BÔNG CẢI XANH BABY 200G | B44: VỈ | D44: =_xlfn.IFNA(VLOOKUP(A44,'2.2'!A53:C345,3,),) -> 0 | H44: 0 | I44: 10
A45: BÔNG CẢI XANH BIGC | B45: Kg | C45: 33 | D45: 14000 | E45: =+D45*C45 -> 462000 | F45: 879 | I45: 8
A46: BÔNG CẢI XANH CITI | B46: Kg | D46: =_xlfn.IFNA(VLOOKUP(A46,'2.2'!A55:C347,3,),) -> 0 | I46: 8
A47: CÀ CHUA | B47: Kg | C47: 460 | D47: =_xlfn.IFNA(VLOOKUP(A47,'2.2'!A56:C348,3,),) -> 14000 | E47: =+D47*C47 -> 6440000 | H47: 0 | I47: 20
A48: CÀ CHUA BI | B48: Kg | D48: =_xlfn.IFNA(VLOOKUP(A48,'2.2'!A57:C349,3,),) -> 0 | H48: 4 | I48: 15
A49: CÀ CHUA BI (HỘP) 300GR KQ | B49: HỘP | D49: =_xlfn.IFNA(VLOOKUP(A49,'2.2'!A58:C350,3,),) -> 0 | H49: 0
A50: CÀ CHUA BI (HỘP) 300GR VR | B50: HỘP | C50: 15 | D50: 4200 | E50: =+D50*C50 -> 63000 | H50: 0
A51: CÀ CHUA BI 300GR KQ (KG) | B51: Kg | D51: =_xlfn.IFNA(VLOOKUP(A51,'2.2'!A60:C352,3,),) -> 0 | H51: 0 | I51: 10
A52: CÀ CHUA BI 300GR VR (KG) | B52: Kg | D52: =_xlfn.IFNA(VLOOKUP(A52,'2.2'!A61:C353,3,),) -> 0 | H52: 0 | I52: 40
A53: CÀ CHUA BI CAM SỮA (KG) VR | B53: Kg | D53: =_xlfn.IFNA(VLOOKUP(A53,'2.2'!A62:C354,3,),) -> 0 | H53: 0 | I53: 12
A54: CÀ CHUA BI COOP | B54: Kg | D54: =_xlfn.IFNA(VLOOKUP(A54,'2.2'!A63:C355,3,),) -> 0 | H54: 22 | I54: 15
A55: CÀ CHUA BI-NA | B55: Kg | D55: =_xlfn.IFNA(VLOOKUP(A55,'2.2'!A64:C356,3,),) -> 0 | H55: 0 | I55: 30
A56: CÀ CHUA CHERRY MIX 300G | B56: HỘP | D56: =_xlfn.IFNA(VLOOKUP(A56,'2.2'!A65:C357,3,),) -> 0 | H56: 0 | I56: 10
A57: CÀ CHUA L1 | B57: TÚI | C57: 80 | D57: =_xlfn.IFNA(VLOOKUP(A57,'2.2'!A66:C358,3,),) -> 9000 | E57: =+D57*C57 -> 720000 | H57: 105 | I57: 17
A58: CÀ CHUA MỘC CHÂU | B58: Kg | D58: =_xlfn.IFNA(VLOOKUP(A58,'2.2'!A67:C359,3,),) -> 0 | H58: 0 | I58: 15
A59: CÀ CHUA NGỌT | B59: Kg | D59: =_xlfn.IFNA(VLOOKUP(A59,'2.2'!A68:C360,3,),) -> 0 | H59: 0 | I59: 10
A60: CÀ CHUA NGỌT 300GR (KG) | B60: Kg | D60: =_xlfn.IFNA(VLOOKUP(A60,'2.2'!A69:C361,3,),) -> 0 | H60: 0
A61: CÀ CHUA NGỌT XÁ | B61: Kg | D61: =_xlfn.IFNA(VLOOKUP(A61,'2.2'!A70:C362,3,),) -> 0 | H61: 0 | I61: 15
A62: CÀ CHUA ROSEBERRY 300G | B62: Kg | D62: =_xlfn.IFNA(VLOOKUP(A62,'2.2'!A71:C363,3,),) -> 0 | H62: 0 | I62: 5
A63: CÀ CHUA SÔCOLA 250GR (HỘP) VR | B63: HỘP | D63: =_xlfn.IFNA(VLOOKUP(A63,'2.2'!A72:C364,3,),) -> 0 | H63: 350 | I63: 30
A64: CÀ CHUA SÔCOLA 250GR (KG) -NA | B64: Kg | D64: =_xlfn.IFNA(VLOOKUP(A64,'2.2'!A73:C365,3,),) -> 0 | H64: 0 | I64: 15
A65: CÀ CHUA SÔCOLA 250GR (KG) VR | B65: Kg | D65: =_xlfn.IFNA(VLOOKUP(A65,'2.2'!A74:C366,3,),) -> 0 | H65: 0 | I65: 8
A66: CÀ CHUA SÔCOLA 250GR(KG) KQ | B66: Kg | D66: =_xlfn.IFNA(VLOOKUP(A66,'2.2'!A75:C367,3,),) -> 0 | H66: 0 | I66: 30
A67: CÀ CHUA SÔCOLA 300GR (HỘP) VR | B67: HỘP | D67: =_xlfn.IFNA(VLOOKUP(A67,'2.2'!A76:C368,3,),) -> 0 | H67: 0 | I67: 12
A68: CÀ CHUA SOCOLA XÁ | B68: Kg | D68: =_xlfn.IFNA(VLOOKUP(A68,'2.2'!A77:C369,3,),) -> 0 | H68: 0 | I68: 12
A69: CÀ CHUA SÔCOLA(HỘP) KQ | B69: HỘP | D69: =_xlfn.IFNA(VLOOKUP(A69,'2.2'!A78:C370,3,),) -> 0 | H69: 0 | I69: 10
A70: CÀ CHUA VỈ 400GR | B70: VỈ | D70: =_xlfn.IFNA(VLOOKUP(A70,'2.2'!A79:C371,3,),) -> 0 | H70: 0 | I70: 20
A71: CÀ CHUA VR | B71: Kg | D71: =_xlfn.IFNA(VLOOKUP(A71,'2.2'!A80:C372,3,),) -> 0 | H71: 0 | I71: 20
A72: CÀ CHUA Ý | B72: Kg | C72: 280 | D72: 12000 | E72: =+D72*C72 -> 3360000 | H72: 0 | I72: 20
A73: CÀ CHUA Ý 500G | B73: VỈ | C73: 30 | D73: 6000 | E73: =+D73*C73 -> 180000 | H73: 0
A74: CÀ CHUA Ý CHÙM | B74: KG | C74: 10 | D74: 13000 | E74: =+D74*C74 -> 130000 | H74: 0 | I74: 20
A75: CÀ CHUA Ý(VỈ) KG | B75: Kg | D75: =_xlfn.IFNA(VLOOKUP(A75,'2.2'!A84:C376,3,),) -> 0 | H75: 20 | I75: 20
A76: CÀ CHUA Ý(VỈ) KG KQ | B76: Kg | D76: =_xlfn.IFNA(VLOOKUP(A76,'2.2'!A85:C377,3,),) -> 0 | H76: 0 | I76: 20
A77: CÀ RỐT BABY | B77: Kg | D77: =_xlfn.IFNA(VLOOKUP(A77,'2.2'!A86:C378,3,),) -> 0 | H77: 0 | I77: 20
A78: CÀ RỐT BABY (KG) KQ | B78: Kg | D78: =_xlfn.IFNA(VLOOKUP(A78,'2.2'!A87:C379,3,),) -> 0 | H78: 0 | I78: 20
A79: CÀ RỐT BABY 200GR | B79: VỈ | D79: =_xlfn.IFNA(VLOOKUP(A79,'2.2'!A88:C380,3,),) -> 0 | H79: 0 | I79: 20
A80: CÀ RỐT DL | B80: Kg | D80: =_xlfn.IFNA(VLOOKUP(A80,'2.2'!A89:C381,3,),) -> 0 | H80: 0 | I80: 18
A81: CÀ RỐT DL L1 | B81: Kg | C81: 6 | D81: 10000 | E81: =+D81*C81 -> 60000 | H81: 0 | I81: 20
A82: CÀ RỐT DL TÚI LƯỚI 500GR VR | B82: TÚI | D82: =_xlfn.IFNA(VLOOKUP(A82,'2.2'!A91:C383,3,),) -> 0 | H82: 324 | I82: 40
A83: CÀ RỐT TRUNG | B83: Kg | D83: =_xlfn.IFNA(VLOOKUP(A83,'2.2'!A92:C384,3,),) -> 0 | H83: 0 | I83: 20
A84: CÀ RỐT TÚI LƯỚI 800G KQ | B84: TÚI | D84: =_xlfn.IFNA(VLOOKUP(A84,'2.2'!A93:C385,3,),) -> 0 | G84: 0 | H84: 0 | I84: 18
A85: CÀ TÍM | B85: Kg | D85: =_xlfn.IFNA(VLOOKUP(A85,'2.2'!A94:C386,3,),) -> 0 | H85: 0 | I85: 12
A86: CÀ TÍM CẶP 400G | B86: CẶP | D86: =_xlfn.IFNA(VLOOKUP(A86,'2.2'!A95:C387,3,),) -> 0 | H86: 46 | I86: 15
A87: CÀ TÍM SỌC PHA LÊ 300G | B87: HỘP | D87: =_xlfn.IFNA(VLOOKUP(A87,'2.2'!A96:C388,3,),) -> 0 | H87: 0 | I87: 20
A88: CÀ TÍM SỌC PHA LÊ HỘP 500GR VR | B88: HỘP | D88: =_xlfn.IFNA(VLOOKUP(A88,'2.2'!A97:C389,3,),) -> 0 | H88: 0 | I88: 20
A89: CÀ TÍM SỌC PHA LÊ TÍM (KG) VR | B89: Kg | D89: =_xlfn.IFNA(VLOOKUP(A89,'2.2'!A98:C390,3,),) -> 0 | H89: 0 | I89: 10
A90: CÀ Ý VỈ 650GR | B90: VỈ | D90: =_xlfn.IFNA(VLOOKUP(A90,'2.2'!A99:C391,3,),) -> 0 | H90: 120
A91: CẢI CANH | B91: Kg | D91: =_xlfn.IFNA(VLOOKUP(A91,'2.2'!A100:C392,3,),) -> 0 | H91: 0 | I91: 12
A92: CẢI CẦU VỒNG | B92: Kg | D92: =_xlfn.IFNA(VLOOKUP(A92,'2.2'!A101:C393,3,),) -> 0 | H92: 0 | I92: 10
A93: CẢI CẦU VỒNG 300GR | B93: TÚI | C93: 3 | D93: =18000*0.3 -> 5400 | E93: =+D93*C93 -> 16200 | H93: 0 | I93: 20
A94: CẢI CHÍP | B94: Kg | D94: =_xlfn.IFNA(VLOOKUP(A94,'2.2'!A103:C395,3,),) -> 0 | H94: 0 | I94: 20
A95: CẢI CÚC 500GR | B95: TÚI | D95: =_xlfn.IFNA(VLOOKUP(A95,'2.2'!A104:C396,3,),) -> 0 | H95: 0
A96: CẢI KALE | B96: Kg | D96: =_xlfn.IFNA(VLOOKUP(A96,'2.2'!A105:C397,3,),) -> 0 | H96: 0 | I96: 15
A97: CẢI KALE 300GR | B97: TÚI | C97: 11 | D97: =9000*0.3 -> 2700 | E97: =+D97*C97 -> 29700 | H97: 0 | I97: 5
A98: CẢI MÈO MỘC CHÂU | B98: Kg | D98: =_xlfn.IFNA(VLOOKUP(A98,'2.2'!A107:C399,3,),) -> 0 | H98: 0 | I98: 20
A99: CẢI NGỌT | B99: Kg | D99: =_xlfn.IFNA(VLOOKUP(A99,'2.2'!A108:C400,3,),) -> 0 | H99: 0 | I99: 20
A100: CẢI THẢO DL | B100: Kg | C100: 16 | D100: =_xlfn.IFNA(VLOOKUP(A100,'2.2'!A109:C401,3,),) -> 5000 | E100: =+D100*C100 -> 80000 | H100: 0 | I100: 10
A101: CẢI THẢO DL(BẮP) | B101: BẮP | D101: =_xlfn.IFNA(VLOOKUP(A101,'2.2'!A110:C402,3,),) -> 0 | H101: 0 | I101: 10
A102: CẢI THẢO HỎA TIỄN | B102: Kg | D102: =_xlfn.IFNA(VLOOKUP(A102,'2.2'!A111:C403,3,),) -> 0 | H102: 0 | I102: 10
...

Sheet 4.2
A1: hàng tồn cuối ngày 4/2
A2: TÊN SẢN PHẨM | B2: TỒN TRƯỚC | C2: GIÁ NHẬP | D2: THÀNH TIỀN
A3: CÀ CHUA SÔCOLA 250GR (HỘP) VR | D3: =B3*C3 -> 0
A4: CÀ CHUA SÔCOLA 250GR (KG) -NA | D4: =B4*C4 -> 0
A5: CÀ CHUA SÔCOLA 250GR (KG) VR | D5: =B5*C5 -> 0
A6: CÀ CHUA SÔCOLA 250GR(KG) KQ | D6: =B6*C6 -> 0
A7: CÀ CHUA SÔCOLA 300GR (HỘP) VR | D7: =B7*C7 -> 0
A8: CÀ CHUA SOCOLA XÁ | D8: =B8*C8 -> 0
A9: CÀ CHUA SÔCOLA(HỘP) KQ | D9: =B9*C9 -> 0
A10: CÀ RỐT BABY | D10: =B10*C10 -> 0
A11: CÀ RỐT BABY (KG) KQ | D11: =B11*C11 -> 0
A12: CÀ RỐT BABY 200GR | B12: 5 | C12: 6000 | D12: =B12*C12 -> 30000
A13: CẢI CẦU VỒNG | D13: =B13*C13 -> 0
A14: CẢI CẦU VỒNG 300GR | B14: 3 | C14: 6000 | D14: =B14*C14 -> 18000
A15: CẢI KALE | D15: =B15*C15 -> 0
A16: CẢI KALE 300GR | B16: 10 | C16: 3000 | D16: =B16*C16 -> 30000
A17: CHANH VÀNG (KG) | B17: 15 | C17: 50000 | D17: =B17*C17 -> 750000
A18: CHANH VÀNG TRÁI 180UP | D18: =B18*C18 -> 0
A19: CẦN TÂY (KG) | B19: 42 | C19: 9000 | D19: =B19*C19 -> 378000
A20: CẦN TÂY THUỶ CANH | D20: =B20*C20 -> 0
A21: CẦN TÂY(CÂY) | D21: =B21*C21 -> 0
A22: ỚT CHUÔNG 3 MÀU(KG)VR | D22: =B22*C22 -> 0
A23: ỚT CHUÔNG ĐỎ | B23: =80+50+20+45+16 -> 211 | C23: 40000 | D23: =B23*C23 -> 8440000
A24: ỚT CHUÔNG ĐỎ L1 | B24: 20 | C24: 32000 | D24: =B24*C24 -> 640000
A25: ỚT CHUÔNG ĐỎ(TRÁI) | D25: =B25*C25 -> 0
A26: ỚT CHUÔNG 3 MÀU 350G | B26: 4 | C26: 16000 | D26: =B26*C26 -> 64000
A27: ỚT CHUÔNG 3 MÀU KQ(KG) | D27: =B27*C27 -> 0
A28: ỚT CHUÔNG VÀNG | B28: 60 | C28: 40000 | D28: =B28*C28 -> 2400000
A29: ỚT CHUÔNG VÀNG L1 | B29: 10 | C29: 32000 | D29: =B29*C29 -> 320000
A30: ỚT CHUÔNG VÀNG(TRÁI) | D30: =B30*C30 -> 0
A31: ỚT CHUÔNG VÀNG+ XANH (VỈ) | D31: =B31*C31 -> 0
A32: ỚT CHUÔNG XANH | B32: =5+6+16 -> 27 | C32: 30000 | D32: =B32*C32 -> 810000
A33: ỚT CHUÔNG XANH L1 | B33: 10 | C33: 23000 | D33: =B33*C33 -> 230000
A34: ỚT CHUÔNG XANH(TRÁI) | D34: =B34*C34 -> 0
A35: CỦ DỀN | B35: =12+70 -> 82 | C35: 10000 | D35: =B35*C35 -> 820000
A36: CỦ DỀN 600G | D36: =B36*C36 -> 0
A37: GỪNG 250GR | D37: =B37*C37 -> 0
A38: HỒNG GIÒN | D38: =B38*C38 -> 0
A39: XÀ LÁCH MỸ | D39: =B39*C39 -> 0
A40: KHOAI TÂY HỒNG | B40: 6 | C40: 19000 | D40: =B40*C40 -> 114000
A41: KHOAI TÂY HỒNG TÚI LƯỚI 500G | D41: =B41*C41 -> 0
A42: KHOAI TÂY VÀNG | D42: =B42*C42 -> 0
A43: KHOAI TÂY VÀNG ĐL | B43: =30+60 -> 90 | C43: 14500 | D43: =B43*C43 -> 1305000
A44: KHOAI TÂY VÀNG LỚN TÚI LƯỚI 500G | D44: =B44*C44 -> 0
A45: KHOAI TÂY VÀNG RỬA | D45: =B45*C45 -> 0
A46: KHOAI TÂY VÀNG TRUNG TÚI LƯỚI 500G | D46: =B46*C46 -> 0
A47: CẢI THẢO DL | B47: 40 | C47: 5000 | D47: =B47*C47 -> 200000
A48: CẢI THẢO DL(BẮP) | D48: =B48*C48 -> 0
A49: CẢI THẢO KIM CHI | D49: =B49*C49 -> 0
A50: CẢI THẢO VR | D50: =B50*C50 -> 0
A51: BẦU | D51: =B51*C51 -> 0
A52: BÍ ĐAO XANH | B52: =16+27 -> 43 | C52: 18000 | D52: =B52*C52 -> 774000
A53: BÍ ĐAO XANH 400G | D53: =B53*C53 -> 0
A54: DƯA LEO | D54: =B54*C54 -> 0
A55: DƯA LEO 400G | D55: =B55*C55 -> 0
A56: KHỔ QUA | D56: =B56*C56 -> 0
A57: KHỔ QUA 400GR | D57: =B57*C57 -> 0
A58: MƯỚP HƯƠNG | D58: =B58*C58 -> 0
A59: MƯỚP HƯƠNG 300G | D59: =B59*C59 -> 0
A60: BÍ MINI VÀNG 300GR | D60: =B60*C60 -> 0
A61: BÍ MINI VÀNG KG | D61: =B61*C61 -> 0
A62: DƯA LEO GIỐNG NHẬT 600GR | D62: =B62*C62 -> 0
A63: DƯA LEO GIỐNG NHẬT KG | D63: =B63*C63 -> 0
A64: BƠ 034 | D64: =B64*C64 -> 0
... A66: BƠ SÁP | D66: =B66*C66 -> 0
A67: KHOAI LANG MẬT (KG) 2-3 CỦ | B67: 240 | C67: 27000 | D67: =B67*C67 -> 6480000
A68: KHOAI LANG MẬT (KG) 4-6 CỦ | B68: 280 | C68: 26000 | D68: =B68*C68 -> 7280000
A69: KHOAI LANG MẬT 500G KQ | D69: =B69*C69 -> 0
A70: KHOAI LANG MẬT 500G VR | D70: =B70*C70 -> 0
A71: PARO | B71: =40+25 -> 65 | C71: 10000 | D71: =B71*C71 -> 650000
A72: PARO (CÂY) | D72: =B72*C72 -> 0
A73: BẮP CẢI TÍM | B73: 30 | C73: 17000 | D73: =B73*C73 -> 510000
A74: BẮP CẢI TÍM (BẮP) | D74: =B74*C74 -> 0
A75: BẮP CẢI TÍM SUSHI | D75: =B75*C75 -> 0
A76: CÀ CHUA CHERRY MIX 300G | D76: =B76*C76 -> 0
A77: TÍA TÔ 50G | D77: =B77*C77 -> 0
A78: XÀ LÁCH LOLO XANH | D78: =B78*C78 -> 0
A79: XÀ LÁCH LOLO XANH SUSHI | D79: =B79*C79 -> 0
A80: XÀ LÁCH LOLO XANH TÚI 300GR | D80: =B80*C80 -> 0
A81: XÀ LÁCH ROMEN THUỶ CANH (KG) VR | D81: =B81*C81 -> 0
A82: CÀ RỐT DL | D82: =B82*C82 -> 0
A83: CÀ RỐT DL L1 | D83: =B83*C83 -> 0
A84: CÀ RỐT DL TÚI LƯỚI 500GR VR | D84: =B84*C84 -> 0
A85: CÀ RỐT TRUNG | D85: =B85*C85 -> 0
A86: CÀ RỐT TÚI LƯỚI 800G KQ | D86: =B86*C86 -> 0
A87: GỪNG | B87: 2 | C87: 30000 | D87: =B87*C87 -> 60000
A88: MỒNG TƠI | D88: =B88*C88 -> 0
A89: NGÒ RÍ | D89: =B89*C89 -> 0
A90: NGÒ RÍ TÚI 50GR | D90: =B90*C90 -> 0
A91: ỚT HIỂM | D91: =B91*C91 -> 0
A92: ỚT HIỂM 100G | D92: =B92*C92 -> 0
A93: THÌ LÀ | D93: =B93*C93 -> 0
A94: THÌ LÀ TÚI 80GR | D94: =B94*C94 -> 0
A95: CHUỐI LABA | B95: 22 | C95: 10000 | D95: =B95*C95 -> 220000
A96: BÔNG BÍ TÚI 300GR | D96: =B96*C96 -> 0
A97: BÔNG CẢI TRẮNG | D97: =B97*C97 -> 0
A98: BÔNG CẢI TRẮNG (CÂY) | D98: =B98*C98 -> 0
A99: SET RAU KÈM ỚT | D99: =B99*C99 -> 0
A100: SET RAU KHÔNG KÈM ỚT | D100: =B100*C100 -> 0
A101: ĐẬU BO | D101: =B101*C101 -> 0
...

Sheet 5.2
A1: hàng tồn cuối ngày 5/2
A2: TÊN SẢN PHẨM | B2: TỒN TRƯỚC | C2: GIÁ NHẬP | D2: THÀNH TIỀN
A3: CÀ CHUA SÔCOLA 250GR (HỘP) VR | B3: 4 | C3: 5000 | D3: =B3*C3 -> 20000
A4: CÀ CHUA SÔCOLA 250GR (KG) -NA | D4: =B4*C4 -> 0
A5: CÀ CHUA SÔCOLA 250GR (KG) VR | D5: =B5*C5 -> 0
A6: CÀ CHUA SÔCOLA 250GR(KG) KQ | D6: =B6*C6 -> 0
A7: CÀ CHUA SÔCOLA 300GR (HỘP) VR | D7: =B7*C7 -> 0
A8: CÀ CHUA SOCOLA XÁ | D8: =B8*C8 -> 0
A9: CÀ CHUA SÔCOLA(HỘP) KQ | D9: =B9*C9 -> 0
A10: CÀ RỐT BABY | D10: =B10*C10 -> 0
A11: CÀ RỐT BABY (KG) KQ | D11: =B11*C11 -> 0
A12: CÀ RỐT BABY 200GR | D12: =B12*C12 -> 0
A13: CẢI CẦU VỒNG | D13: =B13*C13 -> 0
A14: CẢI CẦU VỒNG 300GR | D14: =B14*C14 -> 0
A15: CẢI KALE | D15: =B15*C15 -> 0
A16: CẢI KALE 300GR | B16: =10+3 -> 13 | C16: 3000 | D16: =B16*C16 -> 39000
A17: CHANH VÀNG (KG) | D17: =B17*C17 -> 0
A18: CHANH VÀNG TRÁI 180UP | D18: =B18*C18 -> 0
A19: CẦN TÂY (KG) | B19: 36 | C19: 9000 | D19: =B19*C19 -> 324000
A20: CẦN TÂY THUỶ CANH | D20: =B20*C20 -> 0
A21: CẦN TÂY(CÂY) | D21: =B21*C21 -> 0
A22: ỚT CHUÔNG 3 MÀU(KG)VR | D22: =B22*C22 -> 0
A23: ỚT CHUÔNG ĐỎ | B23: =12+20+140 -> 172 | C23: 40000 | D23: =B23*C23 -> 6880000
A24: ỚT CHUÔNG ĐỎ L1 | B24: 10 | C24: 34000 | D24: =B24*C24 -> 340000
A25: ỚT CHUÔNG ĐỎ(TRÁI) | D25: =B25*C25 -> 0
A26: ỚT CHUÔNG 3 MÀU 350G | B26: =25+15 -> 40 | C26: 13000 | D26: =B26*C26 -> 520000
A27: ỚT CHUÔNG 3 MÀU KQ(KG) | D27: =B27*C27 -> 0
A28: ỚT CHUÔNG VÀNG | B28: =10+40+50 -> 100 | C28: 40000 | D28: =B28*C28 -> 4000000
A29: ỚT CHUÔNG VÀNG L1 | B29: 20 | C29: 34000 | D29: =B29*C29 -> 680000
A30: ỚT CHUÔNG VÀNG(TRÁI) | D30: =B30*C30 -> 0
A31: ỚT CHUÔNG VÀNG+ XANH (VỈ) | D31: =B31*C31 -> 0
A32: ỚT CHUÔNG XANH | B32: =6+15+125 -> 146 | C32: 30000 | D32: =B32*C32 -> 4380000
A33: ỚT CHUÔNG XANH L1 | B33: 20 | C33: 23000 | D33: =B33*C33 -> 460000
A34: ỚT CHUÔNG XANH(TRÁI) | D34: =B34*C34 -> 0
A35: CỦ DỀN | B35: =55+20+50 -> 125 | C35: 10000 | D35: =B35*C35 -> 1250000
A36: CỦ DỀN 600G | D36: =B36*C36 -> 0
A37: GỪNG 250GR | D37: =B37*C37 -> 0
A38: HỒNG GIÒN | D38: =B38*C38 -> 0
A39: XÀ LÁCH MỸ | D39: =B39*C39 -> 0
A40: KHOAI TÂY HỒNG | D40: =B40*C40 -> 0
A41: KHOAI TÂY HỒNG TÚI LƯỚI 500G | D41: =B41*C41 -> 0
A42: KHOAI TÂY VÀNG | D42: =B42*C42 -> 0
A43: KHOAI TÂY VÀNG ĐL | B43: =15+85+55 -> 155 | C43: 14500 | D43: =B43*C43 -> 2247500
A44: KHOAI TÂY VÀNG LỚN TÚI LƯỚI 500G | D44: =B44*C44 -> 0
A45: KHOAI TÂY VÀNG RỬA | D45: =B45*C45 -> 0
A46: KHOAI TÂY VÀNG TRUNG TÚI LƯỚI 500G | D46: =B46*C46 -> 0
A47: CẢI THẢO DL | D47: =B47*C47 -> 0
A48: CẢI THẢO DL(BẮP) | D48: =B48*C48 -> 0
A49: CẢI THẢO KIM CHI | D49: =B49*C49 -> 0
A50: CẢI THẢO VR | D50: =B50*C50 -> 0
A51: BẦU | D51: =B51*C51 -> 0
A52: BÍ ĐAO XANH | B52: 4 | C52: 18000 | D52: =B52*C52 -> 72000
A53: BÍ ĐAO XANH 400G | D53: =B53*C53 -> 0
A54: DƯA LEO | B54: 18 | C54: 13000 | D54: =B54*C54 -> 234000
A55: DƯA LEO 400G | B55: 18 | C55: 10000 | D55: =B55*C55 -> 180000
A56: KHỔ QUA | D56: =B56*C56 -> 0
A57: KHỔ QUA 400GR | D57: =B57*C57 -> 0
A58: MƯỚP HƯƠNG | D58: =B58*C58 -> 0
A59: MƯỚP HƯƠNG 300G | D59: =B59*C59 -> 0
A60: BÍ MINI VÀNG 300GR | D60: =B60*C60 -> 0
A61: BÍ MINI VÀNG KG | D61: =B61*C61 -> 0
A62: DƯA LEO GIỐNG NHẬT 600GR | D62: =B62*C62 -> 0
A63: DƯA LEO GIỐNG NHẬT KG | D63: =B63*C63 -> 0
A64: BƠ 034 | D64: =B64*C64 -> 0
A65: BƠ BOOTH | D65: =B65*C65 -> 0
A66: BƠ SÁP | D66: =B66*C66 -> 0
A67: KHOAI LANG MẬT (KG) 2-3 CỦ | B67: =160+200 -> 360 | C67: 27000 | D67: =B67*C67 -> 9720000
A68: KHOAI LANG MẬT (KG) 4-6 CỦ | B68: =120+40 -> 160 | C68: 26000 | D68: =B68*C68 -> 4160000
A69: KHOAI LANG MẬT 500G KQ | D69: =B69*C69 -> 0
A70: KHOAI LANG MẬT 500G VR | D70: =B70*C70 -> 0
A71: PARO | B71: =17+10 -> 27 | C71: 10000 | D71: =B71*C71 -> 270000
A72: PARO (CÂY) | D72: =B72*C72 -> 0
A73: BẮP CẢI TÍM | B73: 3 | C73: 17000 | D73: =B73*C73 -> 51000
A74: BẮP CẢI TÍM (BẮP) | D74: =B74*C74 -> 0
A75: BẮP CẢI TÍM SUSHI | D75: =B75*C75 -> 0
A76: CÀ CHUA CHERRY MIX 300G | D76: =B76*C76 -> 0
A77: TÍA TÔ 50G | D77: =B77*C77 -> 0
A78: XÀ LÁCH LOLO XANH | D78: =B78*C78 -> 0
A79: XÀ LÁCH LOLO XANH SUSHI | D79: =B79*C79 -> 0
A80: XÀ LÁCH LOLO XANH TÚI 300GR | D80: =B80*C80 -> 0
A81: XÀ LÁCH ROMEN THUỶ CANH (KG) VR | D81: =B81*C81 -> 0
A82: CÀ RỐT DL | D82: =B82*C82 -> 0
A83: CÀ RỐT DL L1 | D83: =B83*C83 -> 0
A84: CÀ RỐT DL TÚI LƯỚI 500GR VR | D84: =B84*C84 -> 0
A85: CÀ RỐT TRUNG | D85: =B85*C85 -> 0
... A94: THÌ LÀ TÚI 80GR | D94: =B94*C94 -> 0
A95: CHUỐI LABA | B95: =8+7 -> 15 | C95: 9500 | D95: =B95*C95 -> 142500
A96: BÔNG BÍ TÚI 300GR | D96: =B96*C96 -> 0
A97: BÔNG CẢI TRẮNG | B97: 6 | C97: 11000 | D97: =B97*C97 -> 66000
A98: BÔNG CẢI TRẮNG (CÂY) | D98: =B98*C98 -> 0
A99: SET RAU KÈM ỚT | D99: =B99*C99 -> 0
A100: SET RAU KHÔNG KÈM ỚT | D100: =B100*C100 -> 0
A101: ĐẬU BO | D101: =B101*C101 -> 0
A102: ĐẬU BO 250GR | D102: =B102*C102 -> 0
A103: ĐẬU CÚC | D103: =B103*C103 -> 0
A104: ĐẬU CÚC 250GR | D104: =B104*C104 -> 0
A105: ĐẬU ĐỎ | D105: =B105*C105 -> 0
A106: ĐẬU ĐỎ 250GR | D106: =B106*C106 -> 0
A107: ĐẬU HÀ LAN-FUJI | D107: =B107*C107 -> 0
A108: ĐẬU NGỰ | D108: =B108*C108 -> 0
...

Sheet 6.2
A1: hàng tồn cuối ngày 6/2
A2: TÊN SẢN PHẨM | B2: TỒN TRƯỚC | C2: GIÁ NHẬP | D2: THÀNH TIỀN
A3: CÀ CHUA SÔCOLA 250GR (HỘP) VR | D3: =B3*C3 -> 0
A4: CÀ CHUA SÔCOLA 250GR (KG) -NA | D4: =B4*C4 -> 0
A5: CÀ CHUA SÔCOLA 250GR (KG) VR | D5: =B5*C5 -> 0
A6: CÀ CHUA SÔCOLA 250GR(KG) KQ | D6: =B6*C6 -> 0
A7: CÀ CHUA SÔCOLA 300GR (HỘP) VR | D7: =B7*C7 -> 0
A8: CÀ CHUA SOCOLA XÁ | D8: =B8*C8 -> 0
A9: CÀ CHUA SÔCOLA(HỘP) KQ | D9: =B9*C9 -> 0
A10: CÀ RỐT BABY | D10: =B10*C10 -> 0
A11: CÀ RỐT BABY (KG) KQ | D11: =B11*C11 -> 0
A12: CÀ RỐT BABY 200GR | D12: =B12*C12 -> 0
A13: CẢI CẦU VỒNG | D13: =B13*C13 -> 0
A14: CẢI CẦU VỒNG 300GR | D14: =B14*C14 -> 0
... A18: CHANH VÀNG TRÁI 180UP | D18: =B18*C18 -> 0
A19: CẦN TÂY (KG) | B19: 57 | C19: 9000 | D19: =B19*C19 -> 513000
A20: CẦN TÂY THUỶ CANH | D20: =B20*C20 -> 0
A21: CẦN TÂY(CÂY) | D21: =B21*C21 -> 0
A22: ỚT CHUÔNG 3 MÀU(KG)VR | D22: =B22*C22 -> 0
A23: ỚT CHUÔNG ĐỎ | B23: =35+30+10+130+35+30+10+15+200+80+80 -> 655 | C23: 42000 | D23: =B23*C23 -> 27510000
A24: ỚT CHUÔNG ĐỎ L1 | D24: =B24*C24 -> 0
A25: ỚT CHUÔNG ĐỎ(TRÁI) | D25: =B25*C25 -> 0
A26: ỚT CHUÔNG 3 MÀU 350G | B26: 34 | C26: 15000 | D26: =B26*C26 -> 510000
A27: ỚT CHUÔNG 3 MÀU KQ(KG) | D27: =B27*C27 -> 0
A28: ỚT CHUÔNG VÀNG | B28: =30+20+40+8+40+10+15 -> 163 | C28: 40000 | D28: =B28*C28 -> 6520000
A29: ỚT CHUÔNG VÀNG L1 | D29: =B29*C29 -> 0
A30: ỚT CHUÔNG VÀNG(TRÁI) | D30: =B30*C30 -> 0
A31: ỚT CHUÔNG VÀNG+ XANH (VỈ) | D31: =B31*C31 -> 0
A32: ỚT CHUÔNG XANH | B32: =310+90 -> 400 | C32: 30000 | D32: =B32*C32 -> 12000000
A33: ỚT CHUÔNG XANH L1 | D33: =B33*C33 -> 0
A34: ỚT CHUÔNG XANH(TRÁI) | D34: =B34*C34 -> 0
A35: CỦ DỀN | B35: =78+10+20+20 -> 128 | C35: 10000 | D35: =B35*C35 -> 1280000
A36: CỦ DỀN 600G | D36: =B36*C36 -> 0
A37: GỪNG 250GR | D37: =B37*C37 -> 0
A38: HỒNG GIÒN | D38: =B38*C38 -> 0
A39: XÀ LÁCH MỸ | D39: =B39*C39 -> 0
A40: KHOAI TÂY HỒNG | B40: 20 | C40: 19000 | D40: =B40*C40 -> 380000
A41: KHOAI TÂY HỒNG TÚI LƯỚI 500G | D41: =B41*C41 -> 0
A42: KHOAI TÂY VÀNG | D42: =B42*C42 -> 0
A43: KHOAI TÂY VÀNG ĐL | D43: =B43*C43 -> 0
A44: KHOAI TÂY VÀNG LỚN TÚI LƯỚI 500G | D44: =B44*C44 -> 0
A45: KHOAI TÂY VÀNG RỬA | D45: =B45*C45 -> 0
A46: KHOAI TÂY VÀNG TRUNG TÚI LƯỚI 500G | D46: =B46*C46 -> 0
A47: CẢI THẢO DL | D47: =B47*C47 -> 0
A48: CẢI THẢO DL(BẮP) | D48: =B48*C48 -> 0
A49: CẢI THẢO KIM CHI | D49: =B49*C49 -> 0
A50: CẢI THẢO VR | D50: =B50*C50 -> 0
A51: BẦU | D51: =B51*C51 -> 0
A52: BÍ ĐAO XANH | B52: =6+45+18+12+40 -> 121 | C52: 18000 | D52: =B52*C52 -> 2178000
A53: BÍ ĐAO XANH 400G | D53: =B53*C53 -> 0
A54: DƯA LEO | B54: 38 | C54: 13000 | D54: =B54*C54 -> 494000
A55: DƯA LEO 400G | B55: 17 | C55: 10000 | D55: =B55*C55 -> 170000
A56: KHỔ QUA | D56: =B56*C56 -> 0
A57: KHỔ QUA 400GR | D57: =B57*C57 -> 0
A58: MƯỚP HƯƠNG | D58: =B58*C58 -> 0
A59: MƯỚP HƯƠNG 300G | D59: =B59*C59 -> 0
A60: BÍ MINI VÀNG 300GR | D60: =B60*C60 -> 0
A61: BÍ MINI VÀNG KG | D61: =B61*C61 -> 0
A62: DƯA LEO GIỐNG NHẬT 600GR | D62: =B62*C62 -> 0
A63: DƯA LEO GIỐNG NHẬT KG | D63: =B63*C63 -> 0
A64: BƠ 034 | D64: =B64*C64 -> 0
A65: BƠ BOOTH | D65: =B65*C65 -> 0
A66: BƠ SÁP | D66: =B66*C66 -> 0
A67: KHOAI LANG MẬT (KG) 2-3 CỦ | B67: =180+200+100 -> 480 | C67: 27000 | D67: =B67*C67 -> 12960000
A68: KHOAI LANG MẬT (KG) 4-6 CỦ | B68: =120+300+100 -> 520 | C68: 26000 | D68: =B68*C68 -> 13520000
A69: KHOAI LANG MẬT 500G KQ | D69: =B69*C69 -> 0
A70: KHOAI LANG MẬT 500G VR | D70: =B70*C70 -> 0
A71: PARO | B71: 27 | C71: 10000 | D71: =B71*C71 -> 270000
A72: PARO (CÂY) | D72: =B72*C72 -> 0
A73: BẮP CẢI TÍM | B73: 30 | C73: 17000 | D73: =B73*C73 -> 510000
A74: BẮP CẢI TÍM (BẮP) | D74: =B74*C74 -> 0
A75: BẮP CẢI TÍM SUSHI | D75: =B75*C75 -> 0
A76: CÀ CHUA CHERRY MIX 300G | D76: =B76*C76 -> 0
A77: TÍA TÔ 50G | D77: =B77*C77 -> 0
A78: XÀ LÁCH LOLO XANH | D78: =B78*C78 -> 0
A79: XÀ LÁCH LOLO XANH SUSHI | D79: =B79*C79 -> 0
A80: XÀ LÁCH LOLO XANH TÚI 300GR | D80: =B80*C80 -> 0
A81: XÀ LÁCH ROMEN THUỶ CANH (KG) VR | D81: =B81*C81 -> 0
A82: CÀ RỐT DL | D82: =B82*C82 -> 0
A83: CÀ RỐT DL L1 | B83: 60 | C83: 10500 | D83: =B83*C83 -> 630000
A84: CÀ RỐT DL TÚI LƯỚI 500GR VR | D84: =B84*C84 -> 0
A85: CÀ RỐT TRUNG | D85: =B85*C85 -> 0
A86: CÀ RỐT TÚI LƯỚI 800G KQ | D86: =B86*C86 -> 0
A87: GỪNG | D87: =B87*C87 -> 0
A88: MỒNG TƠI | D88: =B88*C88 -> 0
A89: NGÒ RÍ | D89: =B89*C89 -> 0
A90: NGÒ RÍ TÚI 50GR | D90: =B90*C90 -> 0
A91: ỚT HIỂM | D91: =B91*C91 -> 0
A92: ỚT HIỂM 100G | D92: =B92*C92 -> 0
A93: THÌ LÀ | D93: =B93*C93 -> 0
A94: THÌ LÀ TÚI 80GR | D94: =B94*C94 -> 0
A95: CHUỐI LABA | B95: 15 | C95: 9500 | D95: =B95*C95 -> 142500
A96: BÔNG BÍ TÚI 300GR | D96: =B96*C96 -> 0
A97: BÔNG CẢI TRẮNG | B97: 35 | C97: 11000 | D97: =B97*C97 -> 385000
A98: BÔNG CẢI TRẮNG (CÂY) | D98: =B98*C98 -> 0
A99: SET RAU KÈM ỚT | D99: =B99*C99 -> 0
A100: SET RAU KHÔNG KÈM ỚT | D100: =B100*C100 -> 0
A101: ĐẬU BO | D101: =B101*C101 -> 0
A102: ĐẬU BO 250GR | D102: =B102*C102 -> 0
A103: ĐẬU CÚC | D103: =B103*C103 -> 0
...

Sheet 7.2
A1: hàng tồn cuối ngày 7/2
A2: TÊN SẢN PHẨM | B2: TỒN TRƯỚC | C2: GIÁ NHẬP | D2: THÀNH TIỀN
A3: CÀ CHUA SÔCOLA 250GR (HỘP) VR | B3: 0 | D3: =B3*C3 -> 0
A4: CÀ CHUA SÔCOLA 250GR (KG) -NA | D4: =B4*C4 -> 0
A5: CÀ CHUA SÔCOLA 250GR (KG) VR | D5: =B5*C5 -> 0
A6: CÀ CHUA SÔCOLA 250GR(KG) KQ | D6: =B6*C6 -> 0
A7: CÀ CHUA SÔCOLA 300GR (HỘP) VR | D7: =B7*C7 -> 0
A8: CÀ CHUA SOCOLA XÁ | D8: =B8*C8 -> 0
A9: CÀ CHUA SÔCOLA(HỘP) KQ | D9: =B9*C9 -> 0
A10: CÀ RỐT BABY | D10: =B10*C10 -> 0
A11: CÀ RỐT BABY (KG) KQ | D11: =B11*C11 -> 0
A12: CÀ RỐT BABY 200GR | D12: =B12*C12 -> 0
A13: CẢI CẦU VỒNG | D13: =B13*C13 -> 0
A14: CẢI CẦU VỒNG 300GR | D14: =B14*C14 -> 0
A15: CẢI KALE | D15: =B15*C15 -> 0
... A18: CHANH VÀNG TRÁI 180UP | D18: =B18*C18 -> 0
A19: CẦN TÂY (KG) | B19: 105 | C19: 9000 | D19: =B19*C19 -> 945000
A20: CẦN TÂY THUỶ CANH | D20: =B20*C20 -> 0
A21: CẦN TÂY(CÂY) | B21: 0 | D21: =B21*C21 -> 0
A22: ỚT CHUÔNG 3 MÀU(KG)VR | D22: =B22*C22 -> 0
A23: ỚT CHUÔNG ĐỎ | B23: =60+65+85+150 -> 360 | C23: 40000 | D23: =B23*C23 -> 14400000
A24: ỚT CHUÔNG ĐỎ L1 | B24: 32 | C24: 24000 | D24: =B24*C24 -> 768000
A25: ỚT CHUÔNG ĐỎ(TRÁI) | B25: 0 | D25: =B25*C25 -> 0
A26: ỚT CHUÔNG 3 MÀU 350G | B26: 45 | C26: 15000 | D26: =B26*C26 -> 675000
A27: ỚT CHUÔNG 3 MÀU KQ(KG) | D27: =B27*C27 -> 0
A28: ỚT CHUÔNG VÀNG | B28: =45+40+55+65+45+60 -> 310 | C28: 40000 | D28: =B28*C28 -> 12400000
A29: ỚT CHUÔNG VÀNG L1 | B29: 31 | C29: 24000 | D29: =B29*C29 -> 744000
A30: ỚT CHUÔNG VÀNG(TRÁI) | D30: =B30*C30 -> 0
A31: ỚT CHUÔNG VÀNG+ XANH (VỈ) | D31: =B31*C31 -> 0
A32: ỚT CHUÔNG XANH | B32: =20+20+100+120+30 -> 290 | C32: 30000 | D32: =B32*C32 -> 8700000
A33: ỚT CHUÔNG XANH L1 | D33: =B33*C33 -> 0
A34: ỚT CHUÔNG XANH(TRÁI) | D34: =B34*C34 -> 0
A35: CỦ DỀN | B35: 123 | C35: 10000 | D35: =B35*C35 -> 1230000
A36: CỦ DỀN 600G | D36: =B36*C36 -> 0
A37: GỪNG 250GR | D37: =B37*C37 -> 0
A38: HỒNG GIÒN | D38: =B38*C38 -> 0
A39: XÀ LÁCH MỸ | D39: =B39*C39 -> 0
A40: KHOAI TÂY HỒNG | D40: =B40*C40 -> 0
A41: KHOAI TÂY HỒNG TÚI LƯỚI 500G | D41: =B41*C41 -> 0
A42: KHOAI TÂY VÀNG | D42: =B42*C42 -> 0
A43: KHOAI TÂY VÀNG ĐL | D43: =B43*C43 -> 0
A44: KHOAI TÂY VÀNG LỚN TÚI LƯỚI 500G | D44: =B44*C44 -> 0
A45: KHOAI TÂY VÀNG RỬA | D45: =B45*C45 -> 0
A46: KHOAI TÂY VÀNG TRUNG TÚI LƯỚI 500G | B46: =200/0.5 -> 400 | C46: 6000 | D46: =B46*C46 -> 2400000
A47: CẢI THẢO DL | D47: =B47*C47 -> 0
A48: CẢI THẢO DL(BẮP) | D48: =B48*C48 -> 0
A49: CẢI THẢO KIM CHI | D49: =B49*C49 -> 0
A50: CẢI THẢO VR | D50: =B50*C50 -> 0
A51: BẦU | D51: =B51*C51 -> 0
A52: BÍ ĐAO XANH | B52: 65 | C52: 18000 | D52: =B52*C52 -> 1170000
A53: BÍ ĐAO XANH 400G | D53: =B53*C53 -> 0
A54: DƯA LEO | B54: 47 | C54: 13000 | D54: =B54*C54 -> 611000
A55: DƯA LEO 400G | B55: 17 | C55: 12000 | D55: =B55*C55 -> 204000
A56: KHỔ QUA | D56: =B56*C56 -> 0
A57: KHỔ QUA 400GR | D57: =B57*C57 -> 0
A58: MƯỚP HƯƠNG | D58: =B58*C58 -> 0
A59: MƯỚP HƯƠNG 300G | D59: =B59*C59 -> 0
A60: BÍ MINI VÀNG 300GR | D60: =B60*C60 -> 0
A61: BÍ MINI VÀNG KG | D61: =B61*C61 -> 0
A62: DƯA LEO GIỐNG NHẬT 600GR | D62: =B62*C62 -> 0
A63: DƯA LEO GIỐNG NHẬT KG | B63: 20 | C63: 15000 | D63: =B63*C63 -> 300000
A64: BƠ 034 | D64: =B64*C64 -> 0
A65: BƠ BOOTH | D65: =B65*C65 -> 0
A66: BƠ SÁP | D66: =B66*C66 -> 0
A67: KHOAI LANG MẬT (KG) 2-3 CỦ | B67: 160 | C67: 27000 | D67: =B67*C67 -> 4320000
A68: KHOAI LANG MẬT (KG) 4-6 CỦ | B68: 900 | C68: 26000 | D68: =B68*C68 -> 23400000
A69: KHOAI LANG MẬT 500G KQ | D69: =B69*C69 -> 0
A70: KHOAI LANG MẬT 500G VR | D70: =B70*C70 -> 0
A71: PARO | B71: 20 | C71: 10000 | D71: =B71*C71 -> 200000
A72: PARO (CÂY) | D72: =B72*C72 -> 0
A73: BẮP CẢI TÍM | B73: 80 | C73: 17000 | D73: =B73*C73 -> 1360000
A74: BẮP CẢI TÍM (BẮP) | D74: =B74*C74 -> 0
A75: BẮP CẢI TÍM SUSHI | D75: =B75*C75 -> 0
A76: CÀ CHUA CHERRY MIX 300G | D76: =B76*C76 -> 0
A77: TÍA TÔ 50G | D77: =B77*C77 -> 0
A78: XÀ LÁCH LOLO XANH | D78: =B78*C78 -> 0
A79: XÀ LÁCH LOLO XANH SUSHI | D79: =B79*C79 -> 0
A80: XÀ LÁCH LOLO XANH TÚI 300GR | D80: =B80*C80 -> 0
A81: XÀ LÁCH ROMEN THUỶ CANH (KG) VR | D81: =B81*C81 -> 0
A82: CÀ RỐT DL | D82: =B82*C82 -> 0
A83: CÀ RỐT DL L1 | B83: 330 | C83: 10800 | D83: =B83*C83 -> 3564000
A84: CÀ RỐT DL TÚI LƯỚI 500GR VR | D84: =B84*C84 -> 0
A85: CÀ RỐT TRUNG | D85: =B85*C85 -> 0
A86: CÀ RỐT TÚI LƯỚI 800G KQ | D86: =B86*C86 -> 0
A87: GỪNG | D87: =B87*C87 -> 0
A88: MỒNG TƠI | D88: =B88*C88 -> 0
A89: NGÒ RÍ | D89: =B89*C89 -> 0
A90: NGÒ RÍ TÚI 50GR | D90: =B90*C90 -> 0
A91: ỚT HIỂM | D91: =B91*C91 -> 0
A92: ỚT HIỂM 100G | D92: =B92*C92 -> 0
A93: THÌ LÀ | D93: =B93*C93 -> 0
A94: THÌ LÀ TÚI 80GR | D94: =B94*C94 -> 0
A95: CHUỐI LABA | B95: 40 | C95: 9500 | D95: =B95*C95 -> 380000
A96: BÔNG BÍ TÚI 300GR | D96: =B96*C96 -> 0
A97: BÔNG CẢI TRẮNG | D97: =B97*C97 -> 0
A98: BÔNG CẢI TRẮNG (CÂY) | D98: =B98*C98 -> 0
A99: SET RAU KÈM ỚT | D99: =B99*C99 -> 0
A100: SET RAU KHÔNG KÈM ỚT | D100: =B100*C100 -> 0
A101: ĐẬU BO | D101: =B101*C101 -> 0
A102: ĐẬU BO 250GR | D102: =B102*C102 -> 0
...

Sheet 9.2
A1: hàng tồn cuối ngày 9/2
A2: TÊN SẢN PHẨM | B2: TỒN TRƯỚC | C2: GIÁ NHẬP | D2: THÀNH TIỀN
A3: CÀ CHUA SÔCOLA 250GR (HỘP) VR | D3: =B3*C3 -> 0
A4: CÀ CHUA SÔCOLA 250GR (KG) VR | D4: =B4*C4 -> 0
A5: BẮP CẢI TÍM SUSHI | D5: =B5*C5 -> 0
A6: CÀ CHUA SÔCOLA 300GR (HỘP) VR | D6: =B6*C6 -> 0
A7: CẢI KALE 300GR | D7: =B7*C7 -> 0
A8: BẮP CẢI TRẮNG MỘC CHÂU | D8: =B8*C8 -> 0
A9: BẮP CẢI TRẮNG SUSHI | D9: =B9*C9 -> 0
A10: BẮP MỸ | D10: =B10*C10 -> 0
A11: BẦU | D11: =B11*C11 -> 0
A12: CHANH VÀNG TRÁI 180UP | D12: =B12*C12 -> 0
A13: CẦN TÂY (KG) | D13: =B13*C13 -> 0
A14: BÍ ĐỎ HỒ LÔ | B14: 13 | C14: 10000 | D14: =B14*C14 -> 130000
A15: BÍ ĐỎ MINI | D15: =B15*C15 -> 0
A16: BÍ ĐỎ NON (KG)KQ | D16: =B16*C16 -> 0
A17: CẦN TÂY(CÂY) | D17: =B17*C17 -> 0
A18: BÍ ĐỎ NON( KG) VR | D18: =B18*C18 -> 0
A19: ỚT CHUÔNG ĐỎ | B19: =240+65 -> 305 | C19: 35000 | D19: =B19*C19 -> 10675000
A20: ỚT CHUÔNG ĐỎ(TRÁI) | D20: =B20*C20 -> 0
A21: BÍ MINI VÀNG KG | B21: 9 | C21: 70000 | D21: =B21*C21 -> 630000
A22: BÍ NGÒI VÀNG | D22: =B22*C22 -> 0
A23: BÍ NGÒI VÀNG (TRÁI) | D23: =B23*C23 -> 0
A24: ỚT CHUÔNG 3 MÀU 350G | D24: =B24*C24 -> 0
A25: ỚT CHUÔNG VÀNG | B25: =20+60+55+60 -> 195 | C25: 40000 | D25: =B25*C25 -> 7800000
A26: BÍ NHẬT | D26: =B26*C26 -> 0
A27: BƠ 034 | D27: =B27*C27 -> 0
A28: BƠ BOOTH | D28: =B28*C28 -> 0
A29: BƠ SÁP | D29: =B29*C29 -> 0
A30: ỚT CHUÔNG VÀNG(TRÁI) | D30: =B30*C30 -> 0
A31: ỚT CHUÔNG XANH | B31: =180+10+60 -> 250 | C31: 28000 | D31: =B31*C31 -> 7000000
A32: BÓ XÔI-HN KQ | D32: =B32*C32 -> 0
A33: BÓ XÔI-NA | D33: =B33*C33 -> 0
A34: BÔNG ATISO | D34: =B34*C34 -> 0
A35: BÔNG BÍ | D35: =B35*C35 -> 0
A36: BÔNG BÍ TÚI 300GR | D36: =B36*C36 -> 0
A37: ỚT CHUÔNG XANH(TRÁI) | D37: =B37*C37 -> 0
A38: CỦ DỀN | B38: =10+40+20+85 -> 155 | C38: 12000 | D38: =B38*C38 -> 1860000
A39: BÔNG CẢI XANH 10P | D39: =B39*C39 -> 0
A40: CỦ DỀN 600G | D40: =B40*C40 -> 0
A41: XÀ LÁCH MỸ | D41: =B41*C41 -> 0
A42: BÔNG CẢI XANH BABY (KG) | D42: =B42*C42 -> 0
A43: KHOAI TÂY VÀNG ĐL | B43: 735 | C43: 15000 | D43: =B43*C43 -> 11025000
A44: KHOAI TÂY VÀNG LỚN TÚI LƯỚI 500G | D44: =B44*C44 -> 0
A45: BÔNG CẢI XANH CITI | D45: =B45*C45 -> 0
A46: KHOAI TÂY VÀNG TRUNG TÚI LƯỚI 500G | D46: =B46*C46 -> 0
A47: CẢI THẢO DL | D47: =B47*C47 -> 0
A48: CÀ CHUA BI (HỘP) 300GR KQ | D48: =B48*C48 -> 0
A49: CẢI THẢO DL(BẮP) | D49: =B49*C49 -> 0
A50: CÀ CHUA BI 300GR KQ (KG) | D50: =B50*C50 -> 0
A51: CÀ CHUA BI 300GR VR (KG) | D51: =B51*C51 -> 0
A52: CÀ CHUA BI CAM SỮA (KG) VR | D52: =B52*C52 -> 0
A53: BÍ ĐAO XANH | B53: 170 | C53: 8000 | D53: =B53*C53 -> 1360000
A54: CÀ CHUA BI-NA | D54: =B54*C54 -> 0
A55: CÀ CHUA CHERRY MIX 300G | D55: =B55*C55 -> 0
A56: BÍ ĐAO XANH 400G | D56: =B56*C56 -> 0
A57: CÀ CHUA MỘC CHÂU | D57: =B57*C57 -> 0
A58: CÀ CHUA NGỌT | D58: =B58*C58 -> 0
A59: CÀ CHUA NGỌT 300GR (KG) | D59: =B59*C59 -> 0
A60: CÀ CHUA NGỌT XÁ | D60: =B60*C60 -> 0
A61: CÀ CHUA ROSEBERRY 300G | D61: =B61*C61 -> 0
A62: DƯA LEO | B62: 17 | C62: 13000 | D62: =B62*C62 -> 221000
A63: CÀ CHUA SÔCOLA 250GR (KG) -NA | D63: =B63*C63 -> 0
A64: DƯA LEO 400G | B64: 152 | C64: 12000 | D64: =B64*C64 -> 1824000
A65: CÀ CHUA SÔCOLA 250GR(KG) KQ | D65: =B65*C65 -> 0
A66: KHỔ QUA 400GR | B66: =15+85 -> 100 | C66: 15000 | D66: =B66*C66 -> 1500000
A67: CÀ CHUA SOCOLA XÁ | D67: =B67*C67 -> 0
A68: CÀ CHUA SÔCOLA(HỘP) KQ | D68: =B68*C68 -> 0
A69: BÍ MINI VÀNG 300GR | D69: =B69*C69 -> 0
A70: CÀ CHUA VR | D70: =B70*C70 -> 0
A71: KHOAI LANG MẬT (KG) 2-3 CỦ | B71: =300+300+260 -> 860 | C71: 26000 | D71: =B71*C71 -> 22360000
A72: KHOAI LANG MẬT (KG) 4-6 CỦ | B72: 400 | C72: 26000 | D72: =B72*C72 -> 10400000
A73: KHOAI LANG MẬT 500G VR | D73: =B73*C73 -> 0
A74: CÀ CHUA Ý(VỈ) KG | D74: =B74*C74 -> 0
A75: CÀ CHUA Ý(VỈ) KG KQ | D75: =B75*C75 -> 0
A76: CÀ RỐT BABY | D76: =B76*C76 -> 0
A77: CÀ RỐT BABY (KG) KQ | D77: =B77*C77 -> 0
A78: CÀ RỐT BABY 200GR | D78: =B78*C78 -> 0
A79: CÀ RỐT DL | D79: =B79*C79 -> 0
A80: PARO | B80: =17+5 -> 22 | C80: 10000 | D80: =B80*C80 -> 220000
A81: PARO (CÂY) | D81: =B81*C81 -> 0
A82: CÀ RỐT TRUNG | D82: =B82*C82 -> 0
A83: CÀ RỐT TÚI LƯỚI 800G KQ | D83: =B83*C83 -> 0
A84: BẮP CẢI TÍM | B84: =40+20 -> 60 | C84: 17000 | D84: =B84*C84 -> 1020000
A85: BẮP CẢI TÍM (BẮP) | D85: =B85*C85 -> 0
A86: CÀ TÍM SỌC PHA LÊ 300G | D86: =B86*C86 -> 0
A87: CÀ TÍM SỌC PHA LÊ HỘP 500GR VR | D87: =B87*C87 -> 0
A88: CÀ TÍM SỌC PHA LÊ TÍM (KG) VR | D88: =B88*C88 -> 0
A89: XÀ LÁCH LOLO XANH | D89: =B89*C89 -> 0
A90: CẢI CANH | D90: =B90*C90 -> 0
A91: CẢI CẦU VỒNG | D91: =B91*C91 -> 0
A92: CẢI CẦU VỒNG 300GR | D92: =B92*C92 -> 0
A93: CẢI CHÍP | D93: =B93*C93 -> 0
A94: CẢI CÚC 500GR | D94: =B94*C94 -> 0
A95: CẢI KALE | D95: =B95*C95 -> 0
A96: XÀ LÁCH LOLO XANH SUSHI | D96: =B96*C96 -> 0
... A98: CẢI NGỌT | D98: =B98*C98 -> 0
A99: CÀ RỐT DL L1 | B99: =360+840+110 -> 1310 | C99: 10800 | D99: =B99*C99 -> 14148000
A100: CÀ RỐT DL TÚI LƯỚI 500GR VR | D100: =B100*C100 -> 0
A101: NGÒ RÍ TÚI 50GR | D101: =B101*C101 -> 0
...

Sheet 10.2
A1: hàng tồn cuối ngày 10/2
A2: TÊN SẢN PHẨM | B2: TỒN TRƯỚC | C2: GIÁ NHẬP | D2: THÀNH TIỀN
A4: CÀ CHUA SÔCOLA 250GR (HỘP) VR | D4: =B4*C4 -> 0
A5: CÀ CHUA SÔCOLA 250GR (KG) -NA | D5: =B5*C5 -> 0
A6: CÀ CHUA SÔCOLA 250GR (KG) VR | D6: =B6*C6 -> 0
A7: CÀ CHUA SÔCOLA 250GR(KG) KQ | D7: =B7*C7 -> 0
A8: CÀ CHUA SÔCOLA 300GR (HỘP) VR | D8: =B8*C8 -> 0
A9: CÀ CHUA SOCOLA XÁ | D9: =B9*C9 -> 0
A10: CÀ CHUA SÔCOLA(HỘP) KQ | D10: =B10*C10 -> 0
A11: CÀ RỐT BABY | D11: =B11*C11 -> 0
A12: CÀ RỐT BABY (KG) KQ | D12: =B12*C12 -> 0
A13: CÀ RỐT BABY 200GR | D13: =B13*C13 -> 0
A14: CẢI CẦU VỒNG | D14: =B14*C14 -> 0
A15: CẢI CẦU VỒNG 300GR | D15: =B15*C15 -> 0
... A19: CHANH VÀNG TRÁI 180UP | D19: =B19*C19 -> 0
A20: CẦN TÂY (KG) | B20: =44+35+10+20 -> 109 | C20: 9000 | D20: =B20*C20 -> 981000
A21: CẦN TÂY THUỶ CANH | D21: =B21*C21 -> 0
A22: CẦN TÂY(CÂY) | D22: =B22*C22 -> 0
A23: ỚT CHUÔNG 3 MÀU(KG)VR | D23: =B23*C23 -> 0
A24: ỚT CHUÔNG ĐỎ | B24: =150+40+65+20 -> 275 | C24: 35000 | D24: =B24*C24 -> 9625000
A25: ỚT CHUÔNG ĐỎ L1 | B25: 32 | C25: 30000 | D25: =B25*C25 -> 960000
A26: ỚT CHUÔNG ĐỎ(TRÁI) | D26: =B26*C26 -> 0
A27: ỚT CHUÔNG 3 MÀU 350G | D27: =B27*C27 -> 0
A28: ỚT CHUÔNG 3 MÀU KQ(KG) | D28: =B28*C28 -> 0
A29: ỚT CHUÔNG VÀNG | B29: =40+55 -> 95 | C29: 40000 | D29: =B29*C29 -> 3800000
A30: ỚT CHUÔNG VÀNG L1 | B30: 31 | C30: 35000 | D30: =B30*C30 -> 1085000
A31: ỚT CHUÔNG VÀNG(TRÁI) | D31: =B31*C31 -> 0
A32: ỚT CHUÔNG VÀNG+ XANH (VỈ) | D32: =B32*C32 -> 0
A33: ỚT CHUÔNG XANH | B33: =30+60+30+10 -> 130 | C33: 30000 | D33: =B33*C33 -> 3900000
A34: ỚT CHUÔNG XANH L1 | D34: =B34*C34 -> 0
A35: ỚT CHUÔNG XANH(TRÁI) | D35: =B35*C35 -> 0
A36: CỦ DỀN | B36: =50+30+30+40+35 -> 185 | C36: 12000 | D36: =B36*C36 -> 2220000
A37: CỦ DỀN 600G | D37: =B37*C37 -> 0
A38: GỪNG 250GR | D38: =B38*C38 -> 0
A39: HỒNG GIÒN | D39: =B39*C39 -> 0
A40: XÀ LÁCH MỸ | D40: =B40*C40 -> 0
A41: KHOAI TÂY HỒNG | B41: =20+20 -> 40 | C41: 19000 | D41: =B41*C41 -> 760000
A42: KHOAI TÂY HỒNG TÚI LƯỚI 500G | D42: =B42*C42 -> 0
A43: KHOAI TÂY VÀNG | D43: =B43*C43 -> 0
A44: KHOAI TÂY VÀNG ĐL | B44: =120+50+50+30 -> 250 | C44: 15000 | D44: =B44*C44 -> 3750000
A45: KHOAI TÂY VÀNG LỚN TÚI LƯỚI 500G | D45: =B45*C45 -> 0
A46: KHOAI TÂY VÀNG RỬA | D46: =B46*C46 -> 0
A47: KHOAI TÂY VÀNG TRUNG TÚI LƯỚI 500G | D47: =B47*C47 -> 0
A48: CẢI THẢO DL | D48: =B48*C48 -> 0
A49: CẢI THẢO DL(BẮP) | D49: =B49*C49 -> 0
A50: CẢI THẢO KIM CHI | D50: =B50*C50 -> 0
A51: CẢI THẢO VR | D51: =B51*C51 -> 0
A52: BẦU | D52: =B52*C52 -> 0
A53: BÍ ĐAO XANH | B53: 180 | C53: 8000 | D53: =B53*C53 -> 1440000
A54: BÍ ĐAO XANH 400G | D54: =B54*C54 -> 0
A55: DƯA LEO | B55: 40 | C55: 13000 | D55: =B55*C55 -> 520000
A56: DƯA LEO 400G | B56: 40 | C56: 12000 | D56: =B56*C56 -> 480000
A57: KHỔ QUA | D57: =B57*C57 -> 0
A58: KHỔ QUA 400GR | D58: =B58*C58 -> 0
A59: MƯỚP HƯƠNG | D59: =B59*C59 -> 0
A60: MƯỚP HƯƠNG 300G | D60: =B60*C60 -> 0
A61: BÍ MINI VÀNG 300GR | B61: 19 | C61: 24000 | D61: =B61*C61 -> 456000
A62: BÍ MINI VÀNG KG | D62: =B62*C62 -> 0
A63: DƯA LEO GIỐNG NHẬT 600GR | D63: =B63*C63 -> 0
A64: DƯA LEO GIỐNG NHẬT KG | D64: =B64*C64 -> 0
A65: BƠ 034 | D65: =B65*C65 -> 0
A66: BƠ BOOTH | D66: =B66*C66 -> 0
A67: BƠ SÁP | D67: =B67*C67 -> 0
A68: KHOAI LANG MẬT (KG) 2-3 CỦ | B68: =125+200+580+240+120 -> 1265 | C68: 26000 | D68: =B68*C68 -> 32890000
A69: KHOAI LANG MẬT (KG) 4-6 CỦ | D69: =B69*C69 -> 0
A70: KHOAI LANG MẬT 500G KQ | D70: =B70*C70 -> 0
A71: KHOAI LANG MẬT 500G VR | D71: =B71*C71 -> 0
A72: PARO | B72: 20 | C72: 10000 | D72: =B72*C72 -> 200000
A73: PARO (CÂY) | D73: =B73*C73 -> 0
A74: BẮP CẢI TÍM | B74: 30 | C74: 17000 | D74: =B74*C74 -> 510000
A75: BẮP CẢI TÍM (BẮP) | D75: =B75*C75 -> 0
A76: BẮP CẢI TÍM SUSHI | D76: =B76*C76 -> 0
A77: CÀ CHUA CHERRY MIX 300G | D77: =B77*C77 -> 0
A78: TÍA TÔ 50G | D78: =B78*C78 -> 0
A79: XÀ LÁCH LOLO XANH | D79: =B79*C79 -> 0
A80: XÀ LÁCH LOLO XANH SUSHI | D80: =B80*C80 -> 0
A81: XÀ LÁCH LOLO XANH TÚI 300GR | D81: =B81*C81 -> 0
A82: XÀ LÁCH ROMEN THUỶ CANH (KG) VR | D82: =B82*C82 -> 0
A83: CÀ RỐT DL | D83: =B83*C83 -> 0
A84: CÀ RỐT DL L1 | B84: =200+140 -> 340 | C84: 10800 | D84: =B84*C84 -> 3672000
A85: CÀ RỐT DL TÚI LƯỚI 500GR VR | D85: =B85*C85 -> 0
A86: CÀ RỐT TRUNG | D86: =B86*C86 -> 0
A87: CÀ RỐT TÚI LƯỚI 800G KQ | D87: =B87*C87 -> 0
A88: GỪNG | B88: 10 | C88: 28000 | D88: =B88*C88 -> 280000
A89: MỒNG TƠI | D89: =B89*C89 -> 0
A90: NGÒ RÍ | D90: =B90*C90 -> 0
A91: NGÒ RÍ TÚI 50GR | D91: =B91*C91 -> 0
A92: ỚT HIỂM | D92: =B92*C92 -> 0
A93: ỚT HIỂM 100G | D93: =B93*C93 -> 0
A94: THÌ LÀ | D94: =B94*C94 -> 0
A95: THÌ LÀ TÚI 80GR | D95: =B95*C95 -> 0
A96: CHUỐI LABA | B96: 330 | C96: 9500 | D96: =B96*C96 -> 3135000
A97: BÔNG BÍ TÚI 300GR | D97: =B97*C97 -> 0
A98: BÔNG CẢI TRẮNG | B98: 44 | C98: 11000 | D98: =B98*C98 -> 484000
A99: BÔNG CẢI TRẮNG (CÂY) | D99: =B99*C99 -> 0
A100: SET RAU KÈM ỚT | D100: =B100*C100 -> 0
A101: SET RAU KHÔNG KÈM ỚT | D101: =B101*C101 -> 0
A102: ĐẬU BO | D102: =B102*C102 -> 0
A103: ĐẬU BO 250GR | D103: =B103*C103 -> 0
A104: ĐẬU CÚC | D104: =B104*C104 -> 0
...

Sheet 11.2
A1: hàng tồn cuối ngày 11/2
A2: TÊN SẢN PHẨM | B2: TỒN TRƯỚC | C2: GIÁ NHẬP | D2: THÀNH TIỀN
A3: BẮP CẢI TÍM | B3: 20 | C3: 17000 | D3: =B3*C3 -> 340000
A4: BẮP CẢI TÍM (BẮP) | D4: =B4*C4 -> 0
A5: BẮP CẢI TÍM SUSHI | D5: =B5*C5 -> 0
A6: BẮP CẢI TRẮNG | B6: 240 | C6: 6500 | D6: =B6*C6 -> 1560000
A7: BẮP CẢI TRẮNG (BẮP) | D7: =B7*C7 -> 0
A8: BẮP CẢI TRẮNG MỘC CHÂU | D8: =B8*C8 -> 0
A9: BẮP CẢI TRẮNG SUSHI | D9: =B9*C9 -> 0
A10: BẮP MỸ | D10: =B10*C10 -> 0
A11: BẦU | D11: =B11*C11 -> 0
A12: BÍ ĐAO XANH | B12: 140 | C12: 8000 | D12: =B12*C12 -> 1120000
A13: BÍ ĐAO XANH 400G | D13: =B13*C13 -> 0
A14: BÍ ĐỎ HỒ LÔ | B14: 13 | C14: 10000 | D14: =B14*C14 -> 130000
A15: BÍ ĐỎ MINI | D15: =B15*C15 -> 0
A16: BÍ ĐỎ NON (KG)KQ | D16: =B16*C16 -> 0
A17: BÍ ĐỎ NON TRÁI VR | B17: 40 | C17: 4000 | D17: =B17*C17 -> 160000
A18: BÍ ĐỎ NON( KG) VR | D18: =B18*C18 -> 0
A19: BÍ ĐỎ TRÒN | B19: 1250 | C19: 6000 | D19: =B19*C19 -> 7500000
A20: BÍ MINI VÀNG 300GR | D20: =B20*C20 -> 0
A21: BÍ MINI VÀNG KG | D21: =B21*C21 -> 0
A22: BÍ NGÒI VÀNG | D22: =B22*C22 -> 0
A23: BÍ NGÒI VÀNG (TRÁI) | D23: =B23*C23 -> 0
A24: BÍ NGÒI XANH | B24: 60 | C24: 10000 | D24: =B24*C24 -> 600000
A25: BÍ NGÒI XANH(TRÁI) | D25: =B25*C25 -> 0
A26: BÍ NHẬT | D26: =B26*C26 -> 0
A27: BƠ 034 | D27: =B27*C27 -> 0
A28: BƠ BOOTH | D28: =B28*C28 -> 0
A29: BƠ SÁP | D29: =B29*C29 -> 0
A30: BÓ XÔI | D30: =B30*C30 -> 0
A31: BÓ XÔI 300G VR | B31: 12 | C31: 4800 | D31: =B31*C31 -> 57600
A32: BÓ XÔI-HN KQ | D32: =B32*C32 -> 0
A33: BÓ XÔI-NA | D33: =B33*C33 -> 0
A34: BÔNG ATISO | D34: =B34*C34 -> 0
A35: BÔNG BÍ | D35: =B35*C35 -> 0
A36: BÔNG BÍ TÚI 300GR | D36: =B36*C36 -> 0
A37: BÔNG CẢI TRẮNG | D37: =B37*C37 -> 0
A38: BÔNG CẢI TRẮNG (CÂY) | D38: =B38*C38 -> 0
A39: BÔNG CẢI XANH 10P | D39: =B39*C39 -> 0
A40: BÔNG CẢI XANH AEON | B40: 25 | C40: 23000 | D40: =B40*C40 -> 575000
A41: BÔNG CẢI XANH AEON (CÂY) | D41: =B41*C41 -> 0
A42: BÔNG CẢI XANH BABY (KG) | D42: =B42*C42 -> 0
A43: BÔNG CẢI XANH BABY 200G | D43: =B43*C43 -> 0
A44: BÔNG CẢI XANH BIGC | B44: =27+15 -> 42 | C44: 14000 | D44: =B44*C44 -> 588000
A45: BÔNG CẢI XANH CITI | D45: =B45*C45 -> 0
A46: CÀ CHUA | B46: =1260+80 -> 1340 | C46: 14000 | D46: =B46*C46 -> 18760000
A47: CÀ CHUA BI | D47: =B47*C47 -> 0
A48: CÀ CHUA BI (HỘP) 300GR KQ | D48: =B48*C48 -> 0
A49: CÀ CHUA BI (HỘP) 300GR VR | D49: =B49*C49 -> 0
A50: CÀ CHUA BI 300GR KQ (KG) | D50: =B50*C50 -> 0
A51: CÀ CHUA BI 300GR VR (KG) | D51: =B51*C51 -> 0
A52: CÀ CHUA BI CAM SỮA (KG) VR | D52: =B52*C52 -> 0
A53: CÀ CHUA BI COOP | D53: =B53*C53 -> 0
A54: CÀ CHUA BI-NA | D54: =B54*C54 -> 0
A55: CÀ CHUA CHERRY MIX 300G | D55: =B55*C55 -> 0
A56: CÀ CHUA L1 | B56: 100 | C56: 9000 | D56: =B56*C56 -> 900000
A57: CÀ CHUA MỘC CHÂU | D57: =B57*C57 -> 0
A58: CÀ CHUA NGỌT | D58: =B58*C58 -> 0
A59: CÀ CHUA NGỌT 300GR (KG) | D59: =B59*C59 -> 0
A60: CÀ CHUA NGỌT XÁ | D60: =B60*C60 -> 0
A61: CÀ CHUA ROSEBERRY 300G | D61: =B61*C61 -> 0
A62: CÀ CHUA SÔCOLA 250GR (HỘP) VR | D62: =B62*C62 -> 0
A63: CÀ CHUA SÔCOLA 250GR (KG) -NA | D63: =B63*C63 -> 0
A64: CÀ CHUA SÔCOLA 250GR (KG) VR | D64: =B64*C64 -> 0
A65: CÀ CHUA SÔCOLA 250GR(KG) KQ | D65: =B65*C65 -> 0
A66: CÀ CHUA SÔCOLA 300GR (HỘP) VR | D66: =B66*C66 -> 0
A67: CÀ CHUA SOCOLA XÁ | D67: =B67*C67 -> 0
A68: CÀ CHUA SÔCOLA(HỘP) KQ | D68: =B68*C68 -> 0
... A70: CÀ CHUA VR | D70: =B70*C70 -> 0
A71: CÀ CHUA Ý | B71: =140+30+50+20 -> 240 | C71: 14000 | D71: =B71*C71 -> 3360000
A72: CÀ CHUA Ý 500G | B72: 29 | C72: 12000 | D72: =B72*C72 -> 348000
A73: CÀ CHUA Ý CHÙM | B73: =180+20 -> 200 | C73: 16000 | D73: =B73*C73 -> 3200000
A74: CÀ CHUA Ý(VỈ) KG | D74: =B74*C74 -> 0
A75: CÀ CHUA Ý(VỈ) KG KQ | D75: =B75*C75 -> 0
A76: CÀ RỐT BABY | D76: =B76*C76 -> 0
A77: CÀ RỐT BABY (KG) KQ | D77: =B77*C77 -> 0
A78: CÀ RỐT BABY 200GR | D78: =B78*C78 -> 0
A79: CÀ RỐT DL | D79: =B79*C79 -> 0
A80: CÀ RỐT DL L1 | B80: =180+30 -> 210 | C80: 10800 | D80: =B80*C80 -> 2268000
A81: CÀ RỐT DL TÚI LƯỚI 500GR VR | D81: =B81*C81 -> 0
A82: CÀ RỐT TRUNG | D82: =B82*C82 -> 0
A83: CÀ RỐT TÚI LƯỚI 800G KQ | D83: =B83*C83 -> 0
A84: CÀ TÍM | B84: 14 | C84: 9000 | D84: =B84*C84 -> 126000
A85: CÀ TÍM CẶP 400G | D85: =B85*C85 -> 0
A86: CÀ TÍM SỌC PHA LÊ 300G | D86: =B86*C86 -> 0
A87: CÀ TÍM SỌC PHA LÊ HỘP 500GR VR | D87: =B87*C87 -> 0
A88: CÀ TÍM SỌC PHA LÊ TÍM (KG) VR | D88: =B88*C88 -> 0
A89: CÀ Ý VỈ 650GR | D89: =B89*C89 -> 0
A90: CẢI CANH | D90: =B90*C90 -> 0
A91: CẢI CẦU VỒNG | D91: =B91*C91 -> 0
A92: CẢI CẦU VỒNG 300GR | D92: =B92*C92 -> 0
A93: CẢI CHÍP | D93: =B93*C93 -> 0
A94: CẢI CÚC 500GR | D94: =B94*C94 -> 0
A95: CẢI KALE | D95: =B95*C95 -> 0
A96: CẢI KALE 300GR | D96: =B96*C96 -> 0
... A98: CẢI NGỌT | D98: =B98*C98 -> 0
A99: CẢI THẢO DL | B99: 30 | C99: 5500 | D99: =B99*C99 -> 165000
A100: CẢI THẢO DL(BẮP) | D100: =B100*C100 -> 0
A101: CẢI THẢO HỎA TIỄN | D101: =B101*C101 -> 0
A102: CẢI THẢO HỎA TIỄN 250GR | D102: =B102*C102 -> 0
...

Sheet 12.2
A1: hàng tồn cuối ngày 12/2
A2: TÊN SẢN PHẨM | B2: TỒN TRƯỚC | C2: GIÁ NHẬP | D2: THÀNH TIỀN
A3: BẮP CẢI TÍM | B3: 20 | C3: 17000 | D3: =B3*C3 -> 340000
A4: BẮP CẢI TÍM (BẮP) | D4: =B4*C4 -> 0
A5: BẮP CẢI TÍM SUSHI | D5: =B5*C5 -> 0
A6: BẮP CẢI TRẮNG | B6: 135 | C6: 6500 | D6: =B6*C6 -> 877500
A7: BẮP CẢI TRẮNG (BẮP) | D7: =B7*C7 -> 0
A8: BẮP CẢI TRẮNG MỘC CHÂU | D8: =B8*C8 -> 0
A9: BẮP CẢI TRẮNG SUSHI | D9: =B9*C9 -> 0
A10: BẮP MỸ | D10: =B10*C10 -> 0
A11: BẦU | D11: =B11*C11 -> 0
A12: BÍ ĐAO XANH | B12: 120 | C12: 8000 | D12: =B12*C12 -> 960000
A13: BÍ ĐAO XANH 400G | D13: =B13*C13 -> 0
A14: BÍ ĐỎ HỒ LÔ | D14: =B14*C14 -> 0
A15: BÍ ĐỎ MINI | D15: =B15*C15 -> 0
A16: BÍ ĐỎ NON (KG)KQ | D16: =B16*C16 -> 0
A17: BÍ ĐỎ NON TRÁI VR | B17: 32 | C17: 4000 | D17: =B17*C17 -> 128000
A18: BÍ ĐỎ NON( KG) VR | B18: =40+10 -> 50 | C18: 12000 | D18: =B18*C18 -> 600000
A19: BÍ ĐỎ TRÒN | B19: 1030 | C19: 6000 | D19: =B19*C19 -> 6180000
A20: BÍ MINI VÀNG 300GR | D20: =B20*C20 -> 0
A21: BÍ MINI VÀNG KG | D21: =B21*C21 -> 0
A22: BÍ NGÒI VÀNG | D22: =B22*C22 -> 0
A23: BÍ NGÒI VÀNG (TRÁI) | D23: =B23*C23 -> 0
A24: BÍ NGÒI XANH | B24: =50+30 -> 80 | C24: 10000 | D24: =B24*C24 -> 800000
A25: BÍ NGÒI XANH(TRÁI) | D25: =B25*C25 -> 0
A26: BÍ NHẬT | D26: =B26*C26 -> 0
A27: BƠ 034 | D27: =B27*C27 -> 0
A28: BƠ BOOTH | D28: =B28*C28 -> 0
A29: BƠ SÁP | D29: =B29*C29 -> 0
A30: BÓ XÔI | D30: =B30*C30 -> 0
A31: BÓ XÔI 300G VR | D31: =B31*C31 -> 0
A32: BÓ XÔI-HN KQ | D32: =B32*C32 -> 0
A33: BÓ XÔI-NA | D33: =B33*C33 -> 0
A34: BÔNG ATISO | D34: =B34*C34 -> 0
A35: BÔNG BÍ | D35: =B35*C35 -> 0
A36: BÔNG BÍ TÚI 300GR | D36: =B36*C36 -> 0
... A43: BÔNG CẢI XANH BABY 200G | D43: =B43*C43 -> 0
A44: BÔNG CẢI XANH BIGC | B44: 22 | C44: 14000 | D44: =B44*C44 -> 308000
A45: BÔNG CẢI XANH CITI | D45: =B45*C45 -> 0
A46: CÀ CHUA | B46: =1040+460+50+160 -> 1710 | C46: 14000 | D46: =B46*C46 -> 23940000
A47: CÀ CHUA BI | D47: =B47*C47 -> 0
A48: CÀ CHUA BI (HỘP) 300GR KQ | D48: =B48*C48 -> 0
A49: CÀ CHUA BI (HỘP) 300GR VR | B49: 2 | C49: 13000 | D49: =B49*C49 -> 26000
A50: CÀ CHUA BI 300GR KQ (KG) | D50: =B50*C50 -> 0
A51: CÀ CHUA BI 300GR VR (KG) | D51: =B51*C51 -> 0
A52: CÀ CHUA BI CAM SỮA (KG) VR | D52: =B52*C52 -> 0
A53: CÀ CHUA BI COOP | D53: =B53*C53 -> 0
A54: CÀ CHUA BI-NA | D54: =B54*C54 -> 0
A55: CÀ CHUA CHERRY MIX 300G | D55: =B55*C55 -> 0
A56: CÀ CHUA L1 | D56: =B56*C56 -> 0
A57: CÀ CHUA MỘC CHÂU | D57: =B57*C57 -> 0
A58: CÀ CHUA NGỌT | D58: =B58*C58 -> 0
A59: CÀ CHUA NGỌT 300GR (KG) | D59: =B59*C59 -> 0
A60: CÀ CHUA NGỌT XÁ | D60: =B60*C60 -> 0
A61: CÀ CHUA ROSEBERRY 300G | D61: =B61*C61 -> 0
... A68: CÀ CHUA SÔCOLA(HỘP) KQ | D68: =B68*C68 -> 0
A69: CÀ CHUA VỈ 400GR | B69: 30 | C69: 6000 | D69: =B69*C69 -> 180000
A70: CÀ CHUA VR | D70: =B70*C70 -> 0
A71: CÀ CHUA Ý | B71: =170+80+20 -> 270 | C71: 14000 | D71: =B71*C71 -> 3780000
A72: CÀ CHUA Ý 500G | D72: =B72*C72 -> 0
A73: CÀ CHUA Ý CHÙM | B73: 60 | C73: 16000 | D73: =B73*C73 -> 960000
A74: CÀ CHUA Ý(VỈ) KG | B74: =20+6 -> 26 | C74: 12000 | D74: =B74*C74 -> 312000
A75: CÀ CHUA Ý(VỈ) KG KQ | D75: =B75*C75 -> 0
A76: CÀ RỐT BABY | D76: =B76*C76 -> 0
A77: CÀ RỐT BABY (KG) KQ | D77: =B77*C77 -> 0
A78: CÀ RỐT BABY 200GR | D78: =B78*C78 -> 0
A79: CÀ RỐT DL | D79: =B79*C79 -> 0
A80: CÀ RỐT DL L1 | B80: =110+180+17 -> 307 | C80: 10800 | D80: =B80*C80 -> 3315600
A81: CÀ RỐT DL TÚI LƯỚI 500GR VR | D81: =B81*C81 -> 0
A82: CÀ RỐT TRUNG | D82: =B82*C82 -> 0
A83: CÀ RỐT TÚI LƯỚI 800G KQ | D83: =B83*C83 -> 0
A84: CÀ TÍM | B84: 26 | C84: 9000 | D84: =B84*C84 -> 234000
A85: CÀ TÍM CẶP 400G | D85: =B85*C85 -> 0
A86: CÀ TÍM SỌC PHA LÊ 300G | D86: =B86*C86 -> 0
A87: CÀ TÍM SỌC PHA LÊ HỘP 500GR VR | D87: =B87*C87 -> 0
A88: CÀ TÍM SỌC PHA LÊ TÍM (KG) VR | D88: =B88*C88 -> 0
A89: CÀ Ý VỈ 650GR | D89: =B89*C89 -> 0
A90: CẢI CANH | D90: =B90*C90 -> 0
A91: CẢI CẦU VỒNG | D91: =B91*C91 -> 0
A92: CẢI CẦU VỒNG 300GR | D92: =B92*C92 -> 0
A93: CẢI CHÍP | D93: =B93*C93 -> 0
A94: CẢI CÚC 500GR | D94: =B94*C94 -> 0
A95: CẢI KALE | D95: =B95*C95 -> 0
A96: CẢI KALE 300GR | D96: =B96*C96 -> 0
... A98: CẢI NGỌT | D98: =B98*C98 -> 0
A99: CẢI THẢO DL | B99: 170 | C99: 5500 | D99: =B99*C99 -> 935000
A100: CẢI THẢO DL(BẮP) | D100: =B100*C100 -> 0
A101: CẢI THẢO HỎA TIỄN | D101: =B101*C101 -> 0
A102: CẢI THẢO HỎA TIỄN 250GR | D102: =B102*C102 -> 0
A103: CẢI THẢO KIM CHI | D103: =B103*C103 -> 0
A104: CẢI THẢO MỘC CHÂU | D104: =B104*C104 -> 0
A105: CẢI THẢO VR | D105: =B105*C105 -> 0
A106: CẦN TÂY (KG) | B106: 5 | C106: 9000 | D106: =B106*C106 -> 45000
A107: CẦN TÂY THUỶ CANH | D107: =B107*C107 -> 0
A108: CẦN TÂY(CÂY) | D108: =B108*C108 -> 0
A109: CHANH DÂY | D109: =B109*C109 -> 0
A110: CHANH DÂY NGỌT L2 | D110: =B110*C110 -> 0
A111: CHANH DÂY NGỌT VỈ 300GR | D111: =B111*C111 -> 0
A112: CHANH KHÔNG HẠT | D112: =B112*C112 -> 0
A113: CHANH VÀNG (KG) | D113: =B113*C113 -> 0
...

Sheet 13.2
A1: hàng tồn cuối ngày 13/2
A2: TÊN SẢN PHẨM | B2: TỒN TRƯỚC | C2: GIÁ NHẬP | D2: THÀNH TIỀN
A3: BẮP CẢI TÍM | B3: 5 | C3: 17000 | D3: =B3*C3 -> 85000
A4: BẮP CẢI TÍM (BẮP) | D4: =B4*C4 -> 0
A5: BẮP CẢI TÍM SUSHI | D5: =B5*C5 -> 0
A6: BẮP CẢI TRẮNG | B6: 144 | C6: 6500 | D6: =B6*C6 -> 936000
A7: BẮP CẢI TRẮNG (BẮP) | D7: =B7*C7 -> 0
A8: BẮP CẢI TRẮNG MỘC CHÂU | D8: =B8*C8 -> 0
A9: BẮP CẢI TRẮNG SUSHI | D9: =B9*C9 -> 0
A10: BẮP MỸ | D10: =B10*C10 -> 0
A11: BẦU | D11: =B11*C11 -> 0
A12: BÍ ĐAO XANH | B12: 120 | C12: 8000 | D12: =B12*C12 -> 960000
A13: BÍ ĐAO XANH 400G | D13: =B13*C13 -> 0
A14: BÍ ĐỎ HỒ LÔ | B14: 16 | C14: 10000 | D14: =B14*C14 -> 160000
A15: BÍ ĐỎ MINI | D15: =B15*C15 -> 0
A16: BÍ ĐỎ NON (KG)KQ | D16: =B16*C16 -> 0
A17: BÍ ĐỎ NON TRÁI VR | D17: =B17*C17 -> 0
A18: BÍ ĐỎ NON( KG) VR | D18: =B18*C18 -> 0
A19: BÍ ĐỎ TRÒN | B19: =1200+2300 -> 3500 | C19: 6500 | D19: =B19*C19 -> 22750000
A20: BÍ MINI VÀNG 300GR | D20: =B20*C20 -> 0
A21: BÍ MINI VÀNG KG | D21: =B21*C21 -> 0
A22: BÍ NGÒI VÀNG | D22: =B22*C22 -> 0
A23: BÍ NGÒI VÀNG (TRÁI) | D23: =B23*C23 -> 0
A24: BÍ NGÒI XANH | B24: =60+20+82 -> 162 | C24: 10000 | D24: =B24*C24 -> 1620000
A25: BÍ NGÒI XANH(TRÁI) | D25: =B25*C25 -> 0
A26: BÍ NHẬT | D26: =B26*C26 -> 0
A27: BƠ 034 | D27: =B27*C27 -> 0
A28: BƠ BOOTH | D28: =B28*C28 -> 0
A29: BƠ SÁP | D29: =B29*C29 -> 0
A30: BÓ XÔI | B30: =4+10+1+4 -> 19 | C30: 16000 | D30: =B30*C30 -> 304000
A31: BÓ XÔI 300G VR | D31: =B31*C31 -> 0
A32: BÓ XÔI-HN KQ | D32: =B32*C32 -> 0
A33: BÓ XÔI-NA | D33: =B33*C33 -> 0
A34: BÔNG ATISO | D34: =B34*C34 -> 0
A35: BÔNG BÍ | D35: =B35*C35 -> 0
A36: BÔNG BÍ TÚI 300GR | D36: =B36*C36 -> 0
A37: BÔNG CẢI TRẮNG | D37: =B37*C37 -> 0
A38: BÔNG CẢI TRẮNG (CÂY) | D38: =B38*C38 -> 0
A39: BÔNG CẢI XANH 10P | D39: =B39*C39 -> 0
A40: BÔNG CẢI XANH AEON | B40: 24 | C40: 23000 | D40: =B40*C40 -> 552000
A41: BÔNG CẢI XANH AEON (CÂY) | D41: =B41*C41 -> 0
A42: BÔNG CẢI XANH BABY (KG) | D42: =B42*C42 -> 0
A43: BÔNG CẢI XANH BABY 200G | D43: =B43*C43 -> 0
A44: BÔNG CẢI XANH BIGC | B44: 18 | C44: 14000 | D44: =B44*C44 -> 252000
A45: BÔNG CẢI XANH CITI | D45: =B45*C45 -> 0
A46: CÀ CHUA | B46: =280+360+470+400 -> 1510 | C46: 14000 | D46: =B46*C46 -> 21140000
A47: CÀ CHUA BI | B47: 5 | C47: 13000 | D47: =B47*C47 -> 65000
A48: CÀ CHUA BI (HỘP) 300GR KQ | D48: =B48*C48 -> 0
A49: CÀ CHUA BI (HỘP) 300GR VR | D49: =B49*C49 -> 0
A50: CÀ CHUA BI 300GR KQ (KG) | D50: =B50*C50 -> 0
A51: CÀ CHUA BI 300GR VR (KG) | D51: =B51*C51 -> 0
A52: CÀ CHUA BI CAM SỮA (KG) VR | D52: =B52*C52 -> 0
A53: CÀ CHUA BI COOP | D53: =B53*C53 -> 0
A54: CÀ CHUA BI-NA | D54: =B54*C54 -> 0
A55: CÀ CHUA CHERRY MIX 300G | D55: =B55*C55 -> 0
A56: CÀ CHUA L1 | D56: =B56*C56 -> 0
A57: CÀ CHUA MỘC CHÂU | D57: =B57*C57 -> 0
A58: CÀ CHUA NGỌT | D58: =B58*C58 -> 0
A59: CÀ CHUA NGỌT 300GR (KG) | D59: =B59*C59 -> 0
... A61: CÀ CHUA ROSEBERRY 300G | D61: =B61*C61 -> 0
A62: CÀ CHUA SÔCOLA 250GR (HỘP) VR | B62: 49 | C62: 5000 | D62: =B62*C62 -> 245000
A63: CÀ CHUA SÔCOLA 250GR (KG) -NA | D63: =B63*C63 -> 0
A64: CÀ CHUA SÔCOLA 250GR (KG) VR | D64: =B64*C64 -> 0
A65: CÀ CHUA SÔCOLA 250GR(KG) KQ | D65: =B65*C65 -> 0
A66: CÀ CHUA SÔCOLA 300GR (HỘP) VR | D66: =B66*C66 -> 0
A67: CÀ CHUA SOCOLA XÁ | D67: =B67*C67 -> 0
A68: CÀ CHUA SÔCOLA(HỘP) KQ | D68: =B68*C68 -> 0
A69: CÀ CHUA VỈ 400GR | D69: =B69*C69 -> 0
A70: CÀ CHUA VR | D70: =B70*C70 -> 0
A71: CÀ CHUA Ý | B71: =60+140+20 -> 220 | C71: 14000 | D71: =B71*C71 -> 3080000
A72: CÀ CHUA Ý 500G | D72: =B72*C72 -> 0
A73: CÀ CHUA Ý CHÙM | B73: 60 | C73: 16000 | D73: =B73*C73 -> 960000
A74: CÀ CHUA Ý(VỈ) KG | D74: =B74*C74 -> 0
A75: CÀ CHUA Ý(VỈ) KG KQ | D75: =B75*C75 -> 0
A76: CÀ RỐT BABY | D76: =B76*C76 -> 0
A77: CÀ RỐT BABY (KG) KQ | D77: =B77*C77 -> 0
A78: CÀ RỐT BABY 200GR | D78: =B78*C78 -> 0
A79: CÀ RỐT DL | D79: =B79*C79 -> 0
A80: CÀ RỐT DL L1 | B80: 80 | C80: 10800 | D80: =B80*C80 -> 864000
A81: CÀ RỐT DL TÚI LƯỚI 500GR VR | D81: =B81*C81 -> 0
A82: CÀ RỐT TRUNG | D82: =B82*C82 -> 0
A83: CÀ RỐT TÚI LƯỚI 800G KQ | D83: =B83*C83 -> 0
A84: CÀ TÍM | B84: 70 | C84: 9000 | D84: =B84*C84 -> 630000
A85: CÀ TÍM CẶP 400G | D85: =B85*C85 -> 0
A86: CÀ TÍM SỌC PHA LÊ 300G | D86: =B86*C86 -> 0
A87: CÀ TÍM SỌC PHA LÊ HỘP 500GR VR | D87: =B87*C87 -> 0
A88: CÀ TÍM SỌC PHA LÊ TÍM (KG) VR | D88: =B88*C88 -> 0
A89: CÀ Ý VỈ 650GR | B89: =30+10 -> 40 | C89: 16000 | D89: =B89*C89 -> 640000
A90: CẢI CANH | D90: =B90*C90 -> 0
A91: CẢI CẦU VỒNG | D91: =B91*C91 -> 0
A92: CẢI CẦU VỒNG 300GR | D92: =B92*C92 -> 0
A93: CẢI CHÍP | D93: =B93*C93 -> 0
A94: CẢI CÚC 500GR | D94: =B94*C94 -> 0
A95: CẢI KALE | D95: =B95*C95 -> 0
A96: CẢI KALE 300GR | D96: =B96*C96 -> 0
A97: CẢI MÈO MỘC CHÂU | D97: =B97*C97 -> 0
A98: CẢI NGỌT | D98: =B98*C98 -> 0
A99: CẢI THẢO DL | B99: 100 | C99: 5500 | D99: =B99*C99 -> 550000
A100: CẢI THẢO DL(BẮP) | D100: =B100*C100 -> 0
A101: CẢI THẢO HỎA TIỄN | D101: =B101*C101 -> 0
...

Sheet 14.2
A1: hàng tồn cuối ngày 14/2
A2: TÊN SẢN PHẨM | B2: TỒN TRƯỚC | C2: GIÁ NHẬP | D2: THÀNH TIỀN
A3: BẮP CẢI TÍM | D3: =B3*C3 -> 0
A4: BẮP CẢI TÍM (BẮP) | D4: =B4*C4 -> 0
A5: BẮP CẢI TÍM SUSHI | D5: =B5*C5 -> 0
A6: BẮP CẢI TRẮNG | B6: =72+200+12 -> 284 | C6: 6500 | D6: =B6*C6 -> 1846000
A7: BẮP CẢI TRẮNG (BẮP) | D7: =B7*C7 -> 0
A8: BẮP CẢI TRẮNG MỘC CHÂU | D8: =B8*C8 -> 0
A9: BẮP CẢI TRẮNG SUSHI | D9: =B9*C9 -> 0
A10: BẮP MỸ | D10: =B10*C10 -> 0
A11: BẦU | D11: =B11*C11 -> 0
A12: BÍ ĐAO XANH | B12: =10+6+40 -> 56 | C12: 8000 | D12: =B12*C12 -> 448000
A13: BÍ ĐAO XANH 400G | D13: =B13*C13 -> 0
A14: BÍ ĐỎ HỒ LÔ | D14: =B14*C14 -> 0
A15: BÍ ĐỎ MINI | D15: =B15*C15 -> 0
A16: BÍ ĐỎ NON (KG)KQ | D16: =B16*C16 -> 0
A17: BÍ ĐỎ NON TRÁI VR | D17: =B17*C17 -> 0
A18: BÍ ĐỎ NON( KG) VR | B18: =2+23+10+6 -> 41 | C18: 11000 | D18: =B18*C18 -> 451000
A19: BÍ ĐỎ TRÒN | B19: =1400+350+720 -> 2470 | C19: 6000 | D19: =B19*C19 -> 14820000
A20: BÍ MINI VÀNG 300GR | D20: =B20*C20 -> 0
A21: BÍ MINI VÀNG KG | D21: =B21*C21 -> 0
A22: BÍ NGÒI VÀNG | D22: =B22*C22 -> 0
A23: BÍ NGÒI VÀNG (TRÁI) | D23: =B23*C23 -> 0
A24: BÍ NGÒI XANH | B24: =55+35+12+25+5 -> 132 | C24: 9000 | D24: =B24*C24 -> 1188000
A25: BÍ NGÒI XANH(TRÁI) | D25: =B25*C25 -> 0
A26: BÍ NHẬT | D26: =B26*C26 -> 0
A27: BƠ 034 | D27: =B27*C27 -> 0
A28: BƠ BOOTH | D28: =B28*C28 -> 0
A29: BƠ SÁP | D29: =B29*C29 -> 0
A30: BÓ XÔI | D30: =B30*C30 -> 0
A31: BÓ XÔI 300G VR | B31: 2 | C31: 5300 | D31: =B31*C31 -> 10600
A32: BÓ XÔI-HN KQ | D32: =B32*C32 -> 0
A33: BÓ XÔI-NA | D33: =B33*C33 -> 0
A34: BÔNG ATISO | D34: =B34*C34 -> 0
A35: BÔNG BÍ | D35: =B35*C35 -> 0
A36: BÔNG BÍ TÚI 300GR | B36: 2 | C36: 5600 | D36: =B36*C36 -> 11200
A37: BÔNG CẢI TRẮNG | B37: 7 | C37: 11000 | D37: =B37*C37 -> 77000
A38: BÔNG CẢI TRẮNG (CÂY) | D38: =B38*C38 -> 0
A39: BÔNG CẢI XANH 10P | B39: =14+16 -> 30 | C39: 17000 | D39: =B39*C39 -> 510000
A40: BÔNG CẢI XANH AEON | D40: =B40*C40 -> 0
A41: BÔNG CẢI XANH AEON (CÂY) | D41: =B41*C41 -> 0
A42: BÔNG CẢI XANH BABY (KG) | D42: =B42*C42 -> 0
A43: BÔNG CẢI XANH BABY 200G | D43: =B43*C43 -> 0
A44: BÔNG CẢI XANH BIGC | B44: 12 | C44: 14000 | D44: =B44*C44 -> 168000
A45: BÔNG CẢI XANH CITI | D45: =B45*C45 -> 0
A46: CÀ CHUA | B46: =20+50+60+60+120+60+100+240 -> 710 | C46: 14000 | D46: =B46*C46 -> 9940000
A47: CÀ CHUA BI | D47: =B47*C47 -> 0
A48: CÀ CHUA BI (HỘP) 300GR KQ | D48: =B48*C48 -> 0
A49: CÀ CHUA BI (HỘP) 300GR VR | B49: =7+13 -> 20 | C49: 4200 | D49: =B49*C49 -> 84000
A50: CÀ CHUA BI 300GR KQ (KG) | D50: =B50*C50 -> 0
A51: CÀ CHUA BI 300GR VR (KG) | D51: =B51*C51 -> 0
A52: CÀ CHUA BI CAM SỮA (KG) VR | D52: =B52*C52 -> 0
A53: CÀ CHUA BI COOP | B53: 6 | C53: 14000 | D53: =B53*C53 -> 84000
A54: CÀ CHUA BI-NA | D54: =B54*C54 -> 0
A55: CÀ CHUA CHERRY MIX 300G | B55: 17 | C55: 11000 | D55: =B55*C55 -> 187000
A56: CÀ CHUA L1 | B56: =120+100+60+40 -> 320 | C56: 9000 | D56: =B56*C56 -> 2880000
A57: CÀ CHUA MỘC CHÂU | D57: =B57*C57 -> 0
A58: CÀ CHUA NGỌT | D58: =B58*C58 -> 0
A59: CÀ CHUA NGỌT 300GR (KG) | D59: =B59*C59 -> 0
A60: CÀ CHUA NGỌT XÁ | D60: =B60*C60 -> 0
A61: CÀ CHUA ROSEBERRY 300G | D61: =B61*C61 -> 0
A62: CÀ CHUA SÔCOLA 250GR (HỘP) VR | B62: 4 | C62: 5000 | D62: =B62*C62 -> 20000
A63: CÀ CHUA SÔCOLA 250GR (KG) -NA | D63: =B63*C63 -> 0
A64: CÀ CHUA SÔCOLA 250GR (KG) VR | D64: =B64*C64 -> 0
A65: CÀ CHUA SÔCOLA 250GR(KG) KQ | D65: =B65*C65 -> 0
A66: CÀ CHUA SÔCOLA 300GR (HỘP) VR | B66: 12 | C66: 7000 | D66: =B66*C66 -> 84000
A67: CÀ CHUA SOCOLA XÁ | D67: =B67*C67 -> 0
A68: CÀ CHUA SÔCOLA(HỘP) KQ | D68: =B68*C68 -> 0
A69: CÀ CHUA VỈ 400GR | D69: =B69*C69 -> 0
A70: CÀ CHUA VR | D70: =B70*C70 -> 0
A71: CÀ CHUA Ý | B71: =100+120+20+60+20 -> 320 | C71: 14000 | D71: =B71*C71 -> 4480000
A72: CÀ CHUA Ý 500G | B72: 13 | C72: 12000 | D72: =B72*C72 -> 156000
A73: CÀ CHUA Ý CHÙM | D73: =B73*C73 -> 0
A74: CÀ CHUA Ý(VỈ) KG | D74: =B74*C74 -> 0
A75: CÀ CHUA Ý(VỈ) KG KQ | D75: =B75*C75 -> 0
A76: CÀ RỐT BABY | D76: =B76*C76 -> 0
A77: CÀ RỐT BABY (KG) KQ | D77: =B77*C77 -> 0
A78: CÀ RỐT BABY 200GR | D78: =B78*C78 -> 0
A79: CÀ RỐT DL | D79: =B79*C79 -> 0
A80: CÀ RỐT DL L1 | B80: =40+110 -> 150 | C80: 10800 | D80: =B80*C80 -> 1620000
A81: CÀ RỐT DL TÚI LƯỚI 500GR VR | D81: =B81*C81 -> 0
A82: CÀ RỐT TRUNG | D82: =B82*C82 -> 0
A83: CÀ RỐT TÚI LƯỚI 800G KQ | D83: =B83*C83 -> 0
A84: CÀ TÍM | B84: 3 | C84: 9000 | D84: =B84*C84 -> 27000
A85: CÀ TÍM CẶP 400G | D85: =B85*C85 -> 0
A86: CÀ TÍM SỌC PHA LÊ 300G | D86: =B86*C86 -> 0
A87: CÀ TÍM SỌC PHA LÊ HỘP 500GR VR | D87: =B87*C87 -> 0
A88: CÀ TÍM SỌC PHA LÊ TÍM (KG) VR | D88: =B88*C88 -> 0
A89: CÀ Ý VỈ 650GR | B89: 7 | C89: 18000 | D89: =B89*C89 -> 126000
A90: CẢI CANH | D90: =B90*C90 -> 0
A91: CẢI CẦU VỒNG | D91: =B91*C91 -> 0
A92: CẢI CẦU VỒNG 300GR | D92: =B92*C92 -> 0
A93: CẢI CHÍP | D93: =B93*C93 -> 0
A94: CẢI CÚC 500GR | D94: =B94*C94 -> 0
A95: CẢI KALE | D95: =B95*C95 -> 0
A96: CẢI KALE 300GR | B96: 3 | C96: 3000 | D96: =B96*C96 -> 9000
A97: CẢI MÈO MỘC CHÂU | D97: =B97*C97 -> 0
A98: CẢI NGỌT | D98: =B98*C98 -> 0
A99: CẢI THẢO DL | D99: =B99*C99 -> 0
A100: CẢI THẢO DL(BẮP) | D100: =B100*C100 -> 0
...

Sheet 15.2
A1: hàng tồn cuối ngày 15/2
A2: TÊN SẢN PHẨM | B2: TỒN TRƯỚC | C2: GIÁ NHẬP | D2: THÀNH TIỀN
A3: CÀ CHUA SÔCOLA 250GR (HỘP) VR | D3: =B3*C3 -> 0
A4: CÀ CHUA SÔCOLA 250GR (KG) -NA | D4: =B4*C4 -> 0
A5: CÀ CHUA SÔCOLA 250GR (KG) VR | D5: =B5*C5 -> 0
A6: CÀ CHUA SÔCOLA 250GR(KG) KQ | D6: =B6*C6 -> 0
A7: CÀ CHUA SÔCOLA 300GR (HỘP) VR | D7: =B7*C7 -> 0
A8: CÀ CHUA SOCOLA XÁ | D8: =B8*C8 -> 0
A9: CÀ CHUA SÔCOLA(HỘP) KQ | D9: =B9*C9 -> 0
A10: CÀ RỐT BABY | D10: =B10*C10 -> 0
A11: CÀ RỐT BABY (KG) KQ | D11: =B11*C11 -> 0
A12: CÀ RỐT BABY 200GR | D12: =B12*C12 -> 0
A13: CẢI CẦU VỒNG | D13: =B13*C13 -> 0
A14: CẢI CẦU VỒNG 300GR | D14: =B14*C14 -> 0
... A18: CHANH VÀNG TRÁI 180UP | D18: =B18*C18 -> 0
A19: CẦN TÂY (KG) | B19: =35+15 -> 50 | C19: 9000 | D19: =B19*C19 -> 450000
A20: CẦN TÂY THUỶ CANH | D20: =B20*C20 -> 0
A21: CẦN TÂY(CÂY) | D21: =B21*C21 -> 0
A22: ỚT CHUÔNG 3 MÀU(KG)VR | D22: =B22*C22 -> 0
A23: ỚT CHUÔNG ĐỎ | B23: =20+20+40 -> 80 | C23: 34000 | D23: =B23*C23 -> 2720000
A24: ỚT CHUÔNG ĐỎ L1 | D24: =B24*C24 -> 0
A25: ỚT CHUÔNG ĐỎ(TRÁI) | D25: =B25*C25 -> 0
A26: ỚT CHUÔNG 3 MÀU 350G | D26: =B26*C26 -> 0
A27: ỚT CHUÔNG 3 MÀU KQ(KG) | D27: =B27*C27 -> 0
A28: ỚT CHUÔNG VÀNG | B28: =22+12+20+10 -> 64 | C28: 34000 | D28: =B28*C28 -> 2176000
A29: ỚT CHUÔNG VÀNG L1 | D29: =B29*C29 -> 0
A30: ỚT CHUÔNG VÀNG(TRÁI) | D30: =B30*C30 -> 0
A31: ỚT CHUÔNG VÀNG+ XANH (VỈ) | D31: =B31*C31 -> 0
A32: ỚT CHUÔNG XANH | B32: =20+20+15 -> 55 | C32: 27000 | D32: =B32*C32 -> 1485000
A33: ỚT CHUÔNG XANH L1 | D33: =B33*C33 -> 0
A34: ỚT CHUÔNG XANH(TRÁI) | D34: =B34*C34 -> 0
A35: CỦ DỀN | B35: 25 | C35: 12000 | D35: =B35*C35 -> 300000
A36: CỦ DỀN 600G | D36: =B36*C36 -> 0
A37: GỪNG 250GR | D37: =B37*C37 -> 0
A38: HỒNG GIÒN | D38: =B38*C38 -> 0
A39: XÀ LÁCH MỸ | D39: =B39*C39 -> 0
A40: KHOAI TÂY HỒNG | D40: =B40*C40 -> 0
A41: KHOAI TÂY HỒNG TÚI LƯỚI 500G | D41: =B41*C41 -> 0
A42: KHOAI TÂY VÀNG | D42: =B42*C42 -> 0
A43: KHOAI TÂY VÀNG ĐL | B43: 225 | C43: 15000 | D43: =B43*C43 -> 3375000
A44: KHOAI TÂY VÀNG LỚN TÚI LƯỚI 500G | D44: =B44*C44 -> 0
A45: KHOAI TÂY VÀNG RỬA | D45: =B45*C45 -> 0
A46: KHOAI TÂY VÀNG TRUNG TÚI LƯỚI 500G | B46: =150/0.5 -> 300 | C46: 10000 | D46: =B46*C46 -> 3000000
A47: CẢI THẢO DL | D47: =B47*C47 -> 0
A48: CẢI THẢO DL(BẮP) | D48: =B48*C48 -> 0
A49: CẢI THẢO KIM CHI | D49: =B49*C49 -> 0
A50: CẢI THẢO VR | D50: =B50*C50 -> 0
A51: BẦU | D51: =B51*C51 -> 0
A52: BÍ ĐAO XANH | D52: =B52*C52 -> 0
A53: BÍ ĐAO XANH 400G | D53: =B53*C53 -> 0
A54: DƯA LEO | D54: =B54*C54 -> 0
A55: DƯA LEO 400G | D55: =B55*C55 -> 0
A56: KHỔ QUA | D56: =B56*C56 -> 0
A57: KHỔ QUA 400GR | D57: =B57*C57 -> 0
A58: MƯỚP HƯƠNG | D58: =B58*C58 -> 0
... A60: BÍ MINI VÀNG 300GR | D60: =B60*C60 -> 0
A61: BÍ MINI VÀNG KG | B61: 2.4 | C61: 70000 | D61: =B61*C61 -> 168000
A62: DƯA LEO GIỐNG NHẬT 600GR | B62: 6 | C62: 9000 | D62: =B62*C62 -> 54000
A63: DƯA LEO GIỐNG NHẬT KG | D63: =B63*C63 -> 0
A64: BƠ 034 | D64: =B64*C64 -> 0
A65: BƠ BOOTH | D65: =B65*C65 -> 0
A66: BƠ SÁP | D66: =B66*C66 -> 0
A67: KHOAI LANG MẬT (KG) 2-3 CỦ | B67: 1000 | C67: 26000 | D67: =B67*C67 -> 26000000
A68: KHOAI LANG MẬT (KG) 4-6 CỦ | D68: =B68*C68 -> 0
A69: KHOAI LANG MẬT 500G KQ | D69: =B69*C69 -> 0
A70: KHOAI LANG MẬT 500G VR | D70: =B70*C70 -> 0
A71: PARO | B71: 12 | C71: 12000 | D71: =B71*C71 -> 144000
A72: PARO (CÂY) | D72: =B72*C72 -> 0
A73: BẮP CẢI TÍM | B73: 25 | C73: 17000 | D73: =B73*C73 -> 425000
A74: BẮP CẢI TÍM (BẮP) | D74: =B74*C74 -> 0
A75: BẮP CẢI TÍM SUSHI | D75: =B75*C75 -> 0
A76: CÀ CHUA CHERRY MIX 300G | D76: =B76*C76 -> 0
A77: TÍA TÔ 50G | D77: =B77*C77 -> 0
A78: XÀ LÁCH LOLO XANH | D78: =B78*C78 -> 0
A79: XÀ LÁCH LOLO XANH SUSHI | D79: =B79*C79 -> 0
A80: XÀ LÁCH LOLO XANH TÚI 300GR | D80: =B80*C80 -> 0
A81: XÀ LÁCH ROMEN THUỶ CANH (KG) VR | D81: =B81*C81 -> 0
A82: CÀ RỐT DL | D82: =B82*C82 -> 0
A83: CÀ RỐT DL L1 | B83: 100 | C83: 10250 | D83: =B83*C83 -> 1025000
A84: CÀ RỐT DL TÚI LƯỚI 500GR VR | D84: =B84*C84 -> 0
A85: CÀ RỐT TRUNG | D85: =B85*C85 -> 0
A86: CÀ RỐT TÚI LƯỚI 800G KQ | D86: =B86*C86 -> 0
A87: GỪNG | B87: 6 | C87: 28000 | D87: =B87*C87 -> 168000
A88: MỒNG TƠI | D88: =B88*C88 -> 0
A89: NGÒ RÍ | D89: =B89*C89 -> 0
A90: NGÒ RÍ TÚI 50GR | D90: =B90*C90 -> 0
A91: ỚT HIỂM | D91: =B91*C91 -> 0
A92: ỚT HIỂM 100G | D92: =B92*C92 -> 0
A93: THÌ LÀ | D93: =B93*C93 -> 0
A94: THÌ LÀ TÚI 80GR | D94: =B94*C94 -> 0
A95: CHUỐI LABA | D95: =B95*C95 -> 0
A96: BÔNG BÍ TÚI 300GR | D96: =B96*C96 -> 0
A97: BÔNG CẢI TRẮNG | D97: =B97*C97 -> 0
A98: BÔNG CẢI TRẮNG (CÂY) | D98: =B98*C98 -> 0
A99: SET RAU KÈM ỚT | D99: =B99*C99 -> 0
A100: SET RAU KHÔNG KÈM ỚT | D100: =B100*C100 -> 0
A101: ĐẬU BO | B101: 0.25 | C101: 250000 | D101: =B101*C101 -> 62500
A102: ĐẬU BO 250GR | D102: =B102*C102 -> 0
A103: ĐẬU CÚC | B103: 1 | C103: 70000 | D103: =B103*C103 -> 70000
A104: ĐẬU CÚC 250GR | D104: =B104*C104 -> 0
...

Sheet 16.2
A1: hàng tồn cuối ngày 16/2
A2: TÊN SẢN PHẨM | B2: TỒN TRƯỚC | C2: GIÁ NHẬP | D2: THÀNH TIỀN
A3: CÀ CHUA SÔCOLA 250GR (HỘP) VR | B3: 16 | C3: 5000 | D3: =B3*C3 -> 80000
A4: CÀ CHUA SÔCOLA 250GR (KG) -NA | D4: =B4*C4 -> 0
A5: CÀ CHUA SÔCOLA 250GR (KG) VR | D5: =B5*C5 -> 0
A6: CÀ CHUA SÔCOLA 250GR(KG) KQ | D6: =B6*C6 -> 0
A7: CÀ CHUA SÔCOLA 300GR (HỘP) VR | D7: =B7*C7 -> 0
A8: CÀ CHUA SOCOLA XÁ | D8: =B8*C8 -> 0
A9: CÀ CHUA SÔCOLA(HỘP) KQ | D9: =B9*C9 -> 0
A10: CÀ RỐT BABY | D10: =B10*C10 -> 0
A11: CÀ RỐT BABY (KG) KQ | D11: =B11*C11 -> 0
A12: CÀ RỐT BABY 200GR | D12: =B12*C12 -> 0
A13: CẢI CẦU VỒNG | D13: =B13*C13 -> 0
A14: CẢI CẦU VỒNG 300GR | D14: =B14*C14 -> 0
A15: CẢI KALE | D15: =B15*C15 -> 0
... A22: ỚT CHUÔNG 3 MÀU(KG)VR | D22: =B22*C22 -> 0
A23: ỚT CHUÔNG ĐỎ | B23: =40+20+19+20 -> 99 | C23: 34000 | D23: =B23*C23 -> 3366000
A24: ỚT CHUÔNG ĐỎ L1 | D24: =B24*C24 -> 0
A25: ỚT CHUÔNG ĐỎ(TRÁI) | D25: =B25*C25 -> 0
A26: ỚT CHUÔNG 3 MÀU 350G | D26: =B26*C26 -> 0
A27: ỚT CHUÔNG 3 MÀU KQ(KG) | D27: =B27*C27 -> 0
A28: ỚT CHUÔNG VÀNG | D28: =B28*C28 -> 0
A29: ỚT CHUÔNG VÀNG L1 | D29: =B29*C29 -> 0
A30: ỚT CHUÔNG VÀNG(TRÁI) | D30: =B30*C30 -> 0
A31: ỚT CHUÔNG VÀNG+ XANH (VỈ) | D31: =B31*C31 -> 0
A32: ỚT CHUÔNG XANH | B32: =7+5+35 -> 47 | C32: 27000 | D32: =B32*C32 -> 1269000
A33: ỚT CHUÔNG XANH L1 | D33: =B33*C33 -> 0
A34: ỚT CHUÔNG XANH(TRÁI) | D34: =B34*C34 -> 0
A35: CỦ DỀN | B35: =6+5+35 -> 46 | C35: 12000 | D35: =B35*C35 -> 552000
A36: CỦ DỀN 600G | D36: =B36*C36 -> 0
A37: GỪNG 250GR | D37: =B37*C37 -> 0
A38: HỒNG GIÒN | D38: =B38*C38 -> 0
A39: XÀ LÁCH MỸ | D39: =B39*C39 -> 0
A40: KHOAI TÂY HỒNG | D40: =B40*C40 -> 0
A41: KHOAI TÂY HỒNG TÚI LƯỚI 500G | D41: =B41*C41 -> 0
A42: KHOAI TÂY VÀNG | D42: =B42*C42 -> 0
A43: KHOAI TÂY VÀNG ĐL | B43: =115+40 -> 155 | C43: 15000 | D43: =B43*C43 -> 2325000
A44: KHOAI TÂY VÀNG LỚN TÚI LƯỚI 500G | D44: =B44*C44 -> 0
A45: KHOAI TÂY VÀNG RỬA | D45: =B45*C45 -> 0
A46: KHOAI TÂY VÀNG TRUNG TÚI LƯỚI 500G | D46: =B46*C46 -> 0
A47: CẢI THẢO DL | B47: =100+300 -> 400 | C47: 5500 | D47: =B47*C47 -> 2200000
A48: CẢI THẢO DL(BẮP) | D48: =B48*C48 -> 0
A49: CẢI THẢO KIM CHI | D49: =B49*C49 -> 0
A50: CẢI THẢO VR | D50: =B50*C50 -> 0
A51: BẦU | B51: 25 | C51: 13000 | D51: =B51*C51 -> 325000
A52: BÍ ĐAO XANH | D52: =B52*C52 -> 0
A53: BÍ ĐAO XANH 400G | D53: =B53*C53 -> 0
A54: DƯA LEO | D54: =B54*C54 -> 0
A55: DƯA LEO 400G | D55: =B55*C55 -> 0
A56: KHỔ QUA | D56: =B56*C56 -> 0
A57: KHỔ QUA 400GR | D57: =B57*C57 -> 0
A58: MƯỚP HƯƠNG | D58: =B58*C58 -> 0
A59: MƯỚP HƯƠNG 300G | D59: =B59*C59 -> 0
A60: BÍ MINI VÀNG 300GR | B60: 2 | C60: 70000 | D60: =B60*C60 -> 140000
A61: BÍ MINI VÀNG KG | D61: =B61*C61 -> 0
A62: DƯA LEO GIỐNG NHẬT 600GR | D62: =B62*C62 -> 0
A63: DƯA LEO GIỐNG NHẬT KG | D63: =B63*C63 -> 0
A64: BƠ 034 | D64: =B64*C64 -> 0
A65: BƠ BOOTH | D65: =B65*C65 -> 0
A66: BƠ SÁP | D66: =B66*C66 -> 0
A67: KHOAI LANG MẬT (KG) 2-3 CỦ | B67: =10+10+125+15 -> 160 | C67: 26000 | D67: =B67*C67 -> 4160000
A68: KHOAI LANG MẬT (KG) 4-6 CỦ | B68: =270+80 -> 350 | C68: 26000 | D68: =B68*C68 -> 9100000
A69: KHOAI LANG MẬT 500G KQ | D69: =B69*C69 -> 0
A70: KHOAI LANG MẬT 500G VR | D70: =B70*C70 -> 0
A71: PARO | D71: =B71*C71 -> 0
A72: PARO (CÂY) | D72: =B72*C72 -> 0
A73: BẮP CẢI TÍM | B73: 5 | C73: 15000 | D73: =B73*C73 -> 75000
A74: BẮP CẢI TÍM (BẮP) | D74: =B74*C74 -> 0
A75: BẮP CẢI TÍM SUSHI | D75: =B75*C75 -> 0
A76: CÀ CHUA CHERRY MIX 300G | B76: 2 | C76: 10000 | D76: =B76*C76 -> 20000
A77: TÍA TÔ 50G | D77: =B77*C77 -> 0
A78: XÀ LÁCH LOLO XANH | B78: 7 | C78: 18000 | D78: =B78*C78 -> 126000
A79: XÀ LÁCH LOLO XANH SUSHI | D79: =B79*C79 -> 0
A80: XÀ LÁCH LOLO XANH TÚI 300GR | D80: =B80*C80 -> 0
A81: XÀ LÁCH ROMEN THUỶ CANH (KG) VR | D81: =B81*C81 -> 0
A82: CÀ RỐT DL | D82: =B82*C82 -> 0
A83: CÀ RỐT DL L1 | B83: 25 | C83: 10500 | D83: =B83*C83 -> 262500
A84: CÀ RỐT DL TÚI LƯỚI 500GR VR | D84: =B84*C84 -> 0
A85: CÀ RỐT TRUNG | D85: =B85*C85 -> 0
A86: CÀ RỐT TÚI LƯỚI 800G KQ | D86: =B86*C86 -> 0
A87: GỪNG | D87: =B87*C87 -> 0
A88: MỒNG TƠI | D88: =B88*C88 -> 0
A89: NGÒ RÍ | D89: =B89*C89 -> 0
A90: NGÒ RÍ TÚI 50GR | D90: =B90*C90 -> 0
A91: ỚT HIỂM | D91: =B91*C91 -> 0
A92: ỚT HIỂM 100G | D92: =B92*C92 -> 0
A93: THÌ LÀ | D93: =B93*C93 -> 0
A94: THÌ LÀ TÚI 80GR | D94: =B94*C94 -> 0
A95: CHUỐI LABA | D95: =B95*C95 -> 0
... A102: ĐẬU BO 250GR | D102: =B102*C102 -> 0
A103: ĐẬU CÚC | B103: 3 | C103: 70000 | D103: =B103*C103 -> 210000
A104: ĐẬU CÚC 250GR | D104: =B104*C104 -> 0
A105: ĐẬU ĐỎ | D105: =B105*C105 -> 0
A106: ĐẬU ĐỎ 250GR | D106: =B106*C106 -> 0
A107: ĐẬU HÀ LAN-FUJI | D107: =B107*C107 -> 0
A108: ĐẬU NGỰ | D108: =B108*C108 -> 0
A109: ĐẬU NGỰ 250GR | D109: =B109*C109 -> 0
A110: DAU THAP CAM (HON HOP) TUOI 100G | D110: =B110*C110 -> 0
A111: ĐẬU TRẮNG | D111: =B111*C111 -> 0
A112: ĐẬU TRẮNG 250GR | D112: =B112*C112 -> 0
...

Sheet 17.2
A1: hàng tồn cuối ngày 17/2
A2: TÊN SẢN PHẨM | B2: TỒN TRƯỚC | C2: GIÁ NHẬP | D2: THÀNH TIỀN
A3: BẮP CẢI TÍM | B3: =2+2+12+10 -> 26 | C3: 15000 | D3: =B3*C3 -> 390000
A4: BẮP CẢI TÍM (BẮP) | D4: =B4*C4 -> 0
A5: BẮP CẢI TÍM SUSHI | D5: =B5*C5 -> 0
A6: BẮP CẢI TRẮNG | B6: =10+60+70 -> 140 | C6: 6500 | D6: =B6*C6 -> 910000
A7: BẮP CẢI TRẮNG (BẮP) | D7: =B7*C7 -> 0
A8: BẮP CẢI TRẮNG MỘC CHÂU | D8: =B8*C8 -> 0
A9: BẮP CẢI TRẮNG SÓI BIỂN | D9: =B9*C9 -> 0
A10: BẮP CẢI TRẮNG SUSHI | D10: =B10*C10 -> 0
A11: BẮP MỸ | D11: =B11*C11 -> 0
A12: BẦU | D12: =B12*C12 -> 0
A13: BÍ ĐAO XANH | D13: =B13*C13 -> 0
A14: BÍ ĐAO XANH 400G | D14: =B14*C14 -> 0
A15: BÍ ĐỎ HỒ LÔ | B15: =8+12+20 -> 40 | C15: 9500 | D15: =B15*C15 -> 380000
A16: BÍ ĐỎ MINI | D16: =B16*C16 -> 0
A17: BÍ ĐỎ NON (KG)KQ | D17: =B17*C17 -> 0
A18: BÍ ĐỎ NON TRÁI VR | D18: =B18*C18 -> 0
A19: BÍ ĐỎ NON( KG) VR | D19: =B19*C19 -> 0
A20: BÍ ĐỎ TRÒN | B20: =3000+1510 -> 4510 | C20: 6000 | D20: =B20*C20 -> 27060000
A21: BÍ MINI VÀNG 300GR | B21: 6 | C21: 70000 | D21: =B21*C21 -> 420000
A22: BÍ MINI VÀNG KG | D22: =B22*C22 -> 0
A23: BÍ NGÒI VÀNG | D23: =B23*C23 -> 0
A24: BÍ NGÒI VÀNG (TRÁI) | D24: =B24*C24 -> 0
A25: BÍ NGÒI XANH | B25: 45 | C25: 9000 | D25: =B25*C25 -> 405000
A26: BÍ NGÒI XANH(TRÁI) | D26: =B26*C26 -> 0
A27: BÍ NHẬT | D27: =B27*C27 -> 0
A28: BƠ 034 | D28: =B28*C28 -> 0
A29: BƠ BOOTH | D29: =B29*C29 -> 0
A30: BƠ SÁP | D30: =B30*C30 -> 0
A31: BÓ XÔI | B31: 3 | C31: 15000 | D31: =B31*C31 -> 45000
A32: BÓ XÔI 300G VR | D32: =B32*C32 -> 0
A33: BÓ XÔI-HN KQ | D33: =B33*C33 -> 0
A34: BÓ XÔI-NA | D34: =B34*C34 -> 0
A35: BÔNG ATISO | D35: =B35*C35 -> 0
A36: BÔNG BÍ | D36: =B36*C36 -> 0
A37: BÔNG BÍ TÚI 300GR | D37: =B37*C37 -> 0
A38: BÔNG CẢI TRẮNG | D38: =B38*C38 -> 0
A39: BÔNG CẢI TRẮNG (CÂY) | D39: =B39*C39 -> 0
A40: BÔNG CẢI XANH 10P | D40: =B40*C40 -> 0
A41: BÔNG CẢI XANH AEON | D41: =B41*C41 -> 0
A42: BÔNG CẢI XANH AEON (CÂY) | D42: =B42*C42 -> 0
A43: BÔNG CẢI XANH BABY (KG) | D43: =B43*C43 -> 0
A44: BÔNG CẢI XANH BABY 200G | B44: 4 | C44: 5600 | D44: =B44*C44 -> 22400
A45: BÔNG CẢI XANH BIGC | D45: =B45*C45 -> 0
A46: BÔNG CẢI XANH CITI | D46: =B46*C46 -> 0
A47: CÀ CHUA | B47: =200+20+20+340+80 -> 660 | C47: 14000 | D47: =B47*C47 -> 9240000
A48: CÀ CHUA BI | B48: 3 | C48: 13000 | D48: =B48*C48 -> 39000
A49: CÀ CHUA BI (HỘP) 300GR KQ | D49: =B49*C49 -> 0
A50: CÀ CHUA BI (HỘP) 300GR VR | B50: 2 | C50: 3900 | D50: =B50*C50 -> 7800
A51: CÀ CHUA BI 300GR KQ (KG) | D51: =B51*C51 -> 0
A52: CÀ CHUA BI 300GR VR (KG) | D52: =B52*C52 -> 0
A53: CÀ CHUA BI CAM SỮA (KG) VR | D53: =B53*C53 -> 0
A54: CÀ CHUA BI COOP | D54: =B54*C54 -> 0
A55: CÀ CHUA BI-NA | D55: =B55*C55 -> 0
A56: CÀ CHUA CHERRY MIX 300G | D56: =B56*C56 -> 0
A57: CÀ CHUA L1 | B57: =50+580 -> 630 | C57: 7000 | D57: =B57*C57 -> 4410000
A58: CÀ CHUA MỘC CHÂU | D58: =B58*C58 -> 0
A59: CÀ CHUA NGỌT | D59: =B59*C59 -> 0
A60: CÀ CHUA NGỌT 300GR (KG) | D60: =B60*C60 -> 0
A61: CÀ CHUA NGỌT XÁ | D61: =B61*C61 -> 0
A62: CÀ CHUA ROSEBERRY 300G | D62: =B62*C62 -> 0
A63: CÀ CHUA SÔCOLA 250GR (HỘP) VR | D63: =B63*C63 -> 0
A64: CÀ CHUA SÔCOLA 250GR (KG) -NA | D64: =B64*C64 -> 0
A65: CÀ CHUA SÔCOLA 250GR (KG) VR | D65: =B65*C65 -> 0
A66: CÀ CHUA SÔCOLA 250GR(KG) KQ | D66: =B66*C66 -> 0
A67: CÀ CHUA SÔCOLA 300GR (HỘP) VR | D67: =B67*C67 -> 0
A68: CÀ CHUA SOCOLA XÁ | D68: =B68*C68 -> 0
A69: CÀ CHUA SÔCOLA(HỘP) KQ | D69: =B69*C69 -> 0
... A71: CÀ CHUA VR | D71: =B71*C71 -> 0
A72: CÀ CHUA Ý | B72: =20+150+20+10+15 -> 215 | C72: 10000 | D72: =B72*C72 -> 2150000
A73: CÀ CHUA Ý 500G | D73: =B73*C73 -> 0
A74: CÀ CHUA Ý CHÙM | B74: 20 | C74: 14000 | D74: =B74*C74 -> 280000
A75: CÀ CHUA Ý(VỈ) KG | D75: =B75*C75 -> 0
A76: CÀ CHUA Ý(VỈ) KG KQ | D76: =B76*C76 -> 0
A77: CÀ RỐT BABY | D77: =B77*C77 -> 0
A78: CÀ RỐT BABY (KG) KQ | D78: =B78*C78 -> 0
A79: CÀ RỐT BABY 200GR | D79: =B79*C79 -> 0
A80: CÀ RỐT DL | D80: =B80*C80 -> 0
A81: CÀ RỐT DL L1 | B81: 15 | C81: 10000 | D81: =B81*C81 -> 150000
A82: CÀ RỐT DL TÚI LƯỚI 500GR VR | D82: =B82*C82 -> 0
A83: CÀ RỐT TRUNG | D83: =B83*C83 -> 0
A84: CÀ RỐT TÚI LƯỚI 800G KQ | D84: =B84*C84 -> 0
A85: CÀ TÍM | D85: =B85*C85 -> 0
A86: CÀ TÍM CẶP 400G | D86: =B86*C86 -> 0
A87: CÀ TÍM SỌC PHA LÊ 300G | D87: =B87*C87 -> 0
A88: CÀ TÍM SỌC PHA LÊ HỘP 500GR VR | D88: =B88*C88 -> 0
A89: CÀ TÍM SỌC PHA LÊ TÍM (KG) VR | D89: =B89*C89 -> 0
A90: CÀ Ý VỈ 650GR | D90: =B90*C90 -> 0
A91: CẢI CANH | D91: =B91*C91 -> 0
A92: CẢI CẦU VỒNG | D92: =B92*C92 -> 0
A93: CẢI CẦU VỒNG 300GR | D93: =B93*C93 -> 0
... A96: CẢI KALE | D96: =B96*C96 -> 0
A97: CẢI KALE 300GR | B97: 41 | C97: 3500 | D97: =B97*C97 -> 143500
A98: CẢI MÈO MỘC CHÂU | D98: =B98*C98 -> 0
A99: CẢI NGỌT | D99: =B99*C99 -> 0
A100: CẢI THẢO DL | D100: =B100*C100 -> 0
A101: CẢI THẢO DL(BẮP) | D101: =B101*C101 -> 0
A102: CẢI THẢO HỎA TIỄN | B102: 2 | C102: 15000 | D102: =B102*C102 -> 30000
A103: CẢI THẢO HỎA TIỄN 250GR | D103: =B103*C103 -> 0
...

Sheet 18.2
A1: hàng tồn cuối ngày 18/2
A2: TÊN SẢN PHẨM | B2: TỒN TRƯỚC | C2: GIÁ NHẬP | D2: THÀNH TIỀN
A3: BẮP CẢI TÍM | B3: 20 | C3: 15000 | D3: =B3*C3 -> 300000
A4: BẮP CẢI TÍM (BẮP) | D4: =B4*C4 -> 0
A5: BẮP CẢI TÍM SUSHI | D5: =B5*C5 -> 0
A6: BẮP CẢI TRẮNG | B6: =20+50 -> 70 | C6: 6500 | D6: =B6*C6 -> 455000
A7: BẮP CẢI TRẮNG (BẮP) | D7: =B7*C7 -> 0
A8: BẮP CẢI TRẮNG MỘC CHÂU | D8: =B8*C8 -> 0
A9: BẮP CẢI TRẮNG SÓI BIỂN | D9: =B9*C9 -> 0
A10: BẮP CẢI TRẮNG SUSHI | D10: =B10*C10 -> 0
A11: BẮP MỸ | D11: =B11*C11 -> 0
A12: BẦU | D12: =B12*C12 -> 0
A13: BÍ ĐAO XANH | D13: =B13*C13 -> 0
A14: BÍ ĐAO XANH 400G | D14: =B14*C14 -> 0
A15: BÍ ĐỎ HỒ LÔ | B15: 10 | C15: 9500 | D15: =B15*C15 -> 95000
A16: BÍ ĐỎ MINI | D16: =B16*C16 -> 0
A17: BÍ ĐỎ NON (KG)KQ | D17: =B17*C17 -> 0
A18: BÍ ĐỎ NON TRÁI VR | D18: =B18*C18 -> 0
A19: BÍ ĐỎ NON( KG) VR | B19: 3 | C19: 4000 | D19: =B19*C19 -> 12000
A20: BÍ ĐỎ TRÒN | B20: =3000+1150 -> 4150 | C20: 6000 | D20: =B20*C20 -> 24900000
A21: BÍ MINI VÀNG 300GR | D21: =B21*C21 -> 0
A22: BÍ MINI VÀNG KG | D22: =B22*C22 -> 0
A23: BÍ NGÒI VÀNG | D23: =B23*C23 -> 0
A24: BÍ NGÒI VÀNG (TRÁI) | D24: =B24*C24 -> 0
A25: BÍ NGÒI XANH | B25: 30 | C25: 9000 | D25: =B25*C25 -> 270000
A26: BÍ NGÒI XANH(TRÁI) | D26: =B26*C26 -> 0
A27: BÍ NHẬT | D27: =B27*C27 -> 0
A28: BƠ 034 | D28: =B28*C28 -> 0
A29: BƠ BOOTH | D29: =B29*C29 -> 0
A30: BƠ SÁP | D30: =B30*C30 -> 0
A31: BÓ XÔI | D31: =B31*C31 -> 0
A32: BÓ XÔI 300G VR | B32: 40 | C32: 6000 | D32: =B32*C32 -> 240000
A33: BÓ XÔI-HN KQ | D33: =B33*C33 -> 0
A34: BÓ XÔI-NA | D34: =B34*C34 -> 0
A35: BÔNG ATISO | D35: =B35*C35 -> 0
A36: BÔNG BÍ | D36: =B36*C36 -> 0
A37: BÔNG BÍ TÚI 300GR | D37: =B37*C37 -> 0
A38: BÔNG CẢI TRẮNG | D38: =B38*C38 -> 0
A39: BÔNG CẢI TRẮNG (CÂY) | D39: =B39*C39 -> 0
A40: BÔNG CẢI XANH 10P | D40: =B40*C40 -> 0
A41: BÔNG CẢI XANH AEON | D41: =B41*C41 -> 0
A42: BÔNG CẢI XANH AEON (CÂY) | D42: =B42*C42 -> 0
A43: BÔNG CẢI XANH BABY (KG) | D43: =B43*C43 -> 0
A44: BÔNG CẢI XANH BABY 200G | D44: =B44*C44 -> 0
... A46: BÔNG CẢI XANH CITI | D46: =B46*C46 -> 0
A47: CÀ CHUA | B47: =165+220 -> 385 | C47: 14000 | D47: =B47*C47 -> 5390000
A48: CÀ CHUA BI | D48: =B48*C48 -> 0
A49: CÀ CHUA BI (HỘP) 300GR KQ | D49: =B49*C49 -> 0
A50: CÀ CHUA BI (HỘP) 300GR VR | D50: =B50*C50 -> 0
A51: CÀ CHUA BI 300GR KQ (KG) | D51: =B51*C51 -> 0
A52: CÀ CHUA BI 300GR VR (KG) | D52: =B52*C52 -> 0
A53: CÀ CHUA BI CAM SỮA (KG) VR | D53: =B53*C53 -> 0
A54: CÀ CHUA BI COOP | D54: =B54*C54 -> 0
A55: CÀ CHUA BI-NA | D55: =B55*C55 -> 0
A56: CÀ CHUA CHERRY MIX 300G | D56: =B56*C56 -> 0
A57: CÀ CHUA L1 | B57: 350 | C57: 9000 | D57: =B57*C57 -> 3150000
A58: CÀ CHUA MỘC CHÂU | D58: =B58*C58 -> 0
A59: CÀ CHUA NGỌT | D59: =B59*C59 -> 0
A60: CÀ CHUA NGỌT 300GR (KG) | D60: =B60*C60 -> 0
A61: CÀ CHUA NGỌT XÁ | D61: =B61*C61 -> 0
A62: CÀ CHUA ROSEBERRY 300G | D62: =B62*C62 -> 0
A63: CÀ CHUA SÔCOLA 250GR (HỘP) VR | D63: =B63*C63 -> 0
A64: CÀ CHUA SÔCOLA 250GR (KG) -NA | D64: =B64*C64 -> 0
A65: CÀ CHUA SÔCOLA 250GR (KG) VR | D65: =B65*C65 -> 0
A66: CÀ CHUA SÔCOLA 250GR(KG) KQ | D66: =B66*C66 -> 0
A67: CÀ CHUA SÔCOLA 300GR (HỘP) VR | D67: =B67*C67 -> 0
A68: CÀ CHUA SOCOLA XÁ | D68: =B68*C68 -> 0
A69: CÀ CHUA SÔCOLA(HỘP) KQ | D69: =B69*C69 -> 0
... A71: CÀ CHUA VR | D71: =B71*C71 -> 0
A72: CÀ CHUA Ý | B72: 170 | C72: 10000 | D72: =B72*C72 -> 1700000
A73: CÀ CHUA Ý 500G | D73: =B73*C73 -> 0
A74: CÀ CHUA Ý CHÙM | D74: =B74*C74 -> 0
A75: CÀ CHUA Ý(VỈ) KG | D75: =B75*C75 -> 0
A76: CÀ CHUA Ý(VỈ) KG KQ | D76: =B76*C76 -> 0
A77: CÀ RỐT BABY | D77: =B77*C77 -> 0
A78: CÀ RỐT BABY (KG) KQ | D78: =B78*C78 -> 0
A79: CÀ RỐT BABY 200GR | D79: =B79*C79 -> 0
A80: CÀ RỐT DL | D80: =B80*C80 -> 0
A81: CÀ RỐT DL L1 | B81: 220 | C81: 10000 | D81: =B81*C81 -> 2200000
A82: CÀ RỐT DL TÚI LƯỚI 500GR VR | D82: =B82*C82 -> 0
A83: CÀ RỐT TRUNG | D83: =B83*C83 -> 0
A84: CÀ RỐT TÚI LƯỚI 800G KQ | D84: =B84*C84 -> 0
A85: CÀ TÍM | B85: 10 | C85: 7000 | D85: =B85*C85 -> 70000
A86: CÀ TÍM CẶP 400G | D86: =B86*C86 -> 0
A87: CÀ TÍM SỌC PHA LÊ 300G | D87: =B87*C87 -> 0
A88: CÀ TÍM SỌC PHA LÊ HỘP 500GR VR | D88: =B88*C88 -> 0
A89: CÀ TÍM SỌC PHA LÊ TÍM (KG) VR | D89: =B89*C89 -> 0
A90: CÀ Ý VỈ 650GR | D90: =B90*C90 -> 0
A91: CẢI CANH | D91: =B91*C91 -> 0
A92: CẢI CẦU VỒNG | D92: =B92*C92 -> 0
A93: CẢI CẦU VỒNG 300GR | D93: =B93*C93 -> 0
A94: CẢI CHÍP | D94: =B94*C94 -> 0
A95: CẢI CÚC 500GR | D95: =B95*C95 -> 0
A96: CẢI KALE | D96: =B96*C96 -> 0
A97: CẢI KALE 300GR | D97: =B97*C97 -> 0
... A106: CẢI THẢO VR | D106: =B106*C106 -> 0
A107: CẦN TÂY (KG) | B107: 10 | C107: 9000 | D107: =B107*C107 -> 90000
A108: CẦN TÂY THUỶ CANH | D108: =B108*C108 -> 0
A109: CẦN TÂY(CÂY) | D109: =B109*C109 -> 0
A110: CHANH DÂY | D110: =B110*C110 -> 0
...

Sheet 19.2
A1: hàng tồn cuối ngày 19/2 | B1: Stock | D1: Safety stock
A2: TÊN SẢN PHẨM | B2: TỒN TRƯỚC | C2: GIÁ NHẬP | D2: THÀNH TIỀN
A3: BẮP CẢI TÍM | B3: 16 | C3: 15000 | D3: =B3*C3 -> 240000
A4: BẮP CẢI TÍM (BẮP) | D4: =B4*C4 -> 0
A5: BẮP CẢI TÍM SUSHI | D5: =B5*C5 -> 0
A6: BẮP CẢI TRẮNG | B6: 250 | C6: 6500 | D6: =B6*C6 -> 1625000
A7: BẮP CẢI TRẮNG (BẮP) | D7: =B7*C7 -> 0
A8: BẮP CẢI TRẮNG MỘC CHÂU | D8: =B8*C8 -> 0
A9: BẮP CẢI TRẮNG SÓI BIỂN | D9: =B9*C9 -> 0
A10: BẮP CẢI TRẮNG SUSHI | D10: =B10*C10 -> 0
A11: BẮP MỸ | D11: =B11*C11 -> 0
A12: BẦU | D12: =B12*C12 -> 0
A13: BÍ ĐAO XANH | D13: =B13*C13 -> 0
A14: BÍ ĐAO XANH 400G | D14: =B14*C14 -> 0
A15: BÍ ĐỎ HỒ LÔ | D15: =B15*C15 -> 0
A16: BÍ ĐỎ MINI | D16: =B16*C16 -> 0
A17: BÍ ĐỎ NON (KG)KQ | D17: =B17*C17 -> 0
A18: BÍ ĐỎ NON TRÁI VR | B18: =16+10+9 -> 35 | C18: 4000 | D18: =B18*C18 -> 140000
A19: BÍ ĐỎ NON( KG) VR | D19: =B19*C19 -> 0
A20: BÍ ĐỎ TRÒN | B20: =70+1260 -> 1330 | C20: 6000 | D20: =B20*C20 -> 7980000
A21: BÍ MINI VÀNG 300GR | B21: 6 | C21: 70000 | D21: =B21*C21 -> 420000
A22: BÍ MINI VÀNG KG | D22: =B22*C22 -> 0
A23: BÍ NGÒI VÀNG | D23: =B23*C23 -> 0
A24: BÍ NGÒI VÀNG (TRÁI) | D24: =B24*C24 -> 0
A25: BÍ NGÒI XANH | B25: =10+12 -> 22 | C25: 9000 | D25: =B25*C25 -> 198000
A26: BÍ NGÒI XANH(TRÁI) | D26: =B26*C26 -> 0
A27: BÍ NHẬT | D27: =B27*C27 -> 0
A28: BƠ 034 | D28: =B28*C28 -> 0
A29: BƠ BOOTH | D29: =B29*C29 -> 0
A30: BƠ SÁP | D30: =B30*C30 -> 0
A31: BÓ XÔI | B31: 3 | C31: 15000 | D31: =B31*C31 -> 45000
A32: BÓ XÔI 300G VR | D32: =B32*C32 -> 0
A33: BÓ XÔI-HN KQ | D33: =B33*C33 -> 0
A34: BÓ XÔI-NA | D34: =B34*C34 -> 0
A35: BÔNG ATISO | D35: =B35*C35 -> 0
A36: BÔNG BÍ | D36: =B36*C36 -> 0
A37: BÔNG BÍ TÚI 300GR | D37: =B37*C37 -> 0
A38: BÔNG CẢI TRẮNG | D38: =B38*C38 -> 0
A39: BÔNG CẢI TRẮNG (CÂY) | D39: =B39*C39 -> 0
A40: BÔNG CẢI XANH 10P | D40: =B40*C40 -> 0
A41: BÔNG CẢI XANH AEON | D41: =B41*C41 -> 0
A42: BÔNG CẢI XANH AEON (CÂY) | D42: =B42*C42 -> 0
A43: BÔNG CẢI XANH BABY (KG) | D43: =B43*C43 -> 0
... A46: BÔNG CẢI XANH CITI | D46: =B46*C46 -> 0
A47: CÀ CHUA | B47: =160+60+200+100+40+40 -> 600 | C47: 14000 | D47: =B47*C47 -> 8400000
A48: CÀ CHUA BI | B48: 2 | C48: 13000 | D48: =B48*C48 -> 26000
A49: CÀ CHUA BI (HỘP) 300GR KQ | D49: =B49*C49 -> 0
A50: CÀ CHUA BI (HỘP) 300GR VR | B50: 4 | C50: 3900 | D50: =B50*C50 -> 15600
A51: CÀ CHUA BI 300GR KQ (KG) | D51: =B51*C51 -> 0
A52: CÀ CHUA BI 300GR VR (KG) | D52: =B52*C52 -> 0
A53: CÀ CHUA BI CAM SỮA (KG) VR | D53: =B53*C53 -> 0
A54: CÀ CHUA BI COOP | D54: =B54*C54 -> 0
A55: CÀ CHUA BI-NA | D55: =B55*C55 -> 0
A56: CÀ CHUA CHERRY MIX 300G | D56: =B56*C56 -> 0
A57: CÀ CHUA L1 | B57: =76+30 -> 106 | C57: 9000 | D57: =B57*C57 -> 954000
A58: CÀ CHUA MỘC CHÂU | D58: =B58*C58 -> 0
A59: CÀ CHUA NGỌT | D59: =B59*C59 -> 0
A60: CÀ CHUA NGỌT 300GR (KG) | D60: =B60*C60 -> 0
A61: CÀ CHUA NGỌT XÁ | D61: =B61*C61 -> 0
A62: CÀ CHUA ROSEBERRY 300G | D62: =B62*C62 -> 0
A63: CÀ CHUA SÔCOLA 250GR (HỘP) VR | D63: =B63*C63 -> 0
A64: CÀ CHUA SÔCOLA 250GR (KG) -NA | D64: =B64*C64 -> 0
A65: CÀ CHUA SÔCOLA 250GR (KG) VR | D65: =B65*C65 -> 0
A66: CÀ CHUA SÔCOLA 250GR(KG) KQ | D66: =B66*C66 -> 0
A67: CÀ CHUA SÔCOLA 300GR (HỘP) VR | D67: =B67*C67 -> 0
A68: CÀ CHUA SOCOLA XÁ | D68: =B68*C68 -> 0
A69: CÀ CHUA SÔCOLA(HỘP) KQ | D69: =B69*C69 -> 0
... A71: CÀ CHUA VR | D71: =B71*C71 -> 0
A72: CÀ CHUA Ý | B72: =10+25+180+20 -> 235 | C72: 10000 | D72: =B72*C72 -> 2350000
A73: CÀ CHUA Ý 500G | D73: =B73*C73 -> 0
A74: CÀ CHUA Ý CHÙM | B74: 28 | C74: 12000 | D74: =B74*C74 -> 336000
A75: CÀ CHUA Ý(VỈ) KG | B75: 32 | C75: 10000 | D75: =B75*C75 -> 320000
A76: CÀ CHUA Ý(VỈ) KG KQ | D76: =B76*C76 -> 0
A77: CÀ RỐT BABY | D77: =B77*C77 -> 0
A78: CÀ RỐT BABY (KG) KQ | D78: =B78*C78 -> 0
A79: CÀ RỐT BABY 200GR | D79: =B79*C79 -> 0
A80: CÀ RỐT DL | D80: =B80*C80 -> 0
A81: CÀ RỐT DL L1 | B81: =15+25+20 -> 60 | C81: 10000 | D81: =B81*C81 -> 600000
A82: CÀ RỐT DL TÚI LƯỚI 500GR VR | D82: =B82*C82 -> 0
A83: CÀ RỐT TRUNG | D83: =B83*C83 -> 0
A84: CÀ RỐT TÚI LƯỚI 800G KQ | D84: =B84*C84 -> 0
A85: CÀ TÍM | B85: 5 | C85: 7000 | D85: =B85*C85 -> 35000
A86: CÀ TÍM CẶP 400G | D86: =B86*C86 -> 0
A87: CÀ TÍM SỌC PHA LÊ 300G | D87: =B87*C87 -> 0
A88: CÀ TÍM SỌC PHA LÊ HỘP 500GR VR | D88: =B88*C88 -> 0
A89: CÀ TÍM SỌC PHA LÊ TÍM (KG) VR | D89: =B89*C89 -> 0
A90: CÀ Ý VỈ 650GR | B90: 10 | C90: 14000 | D90: =B90*C90 -> 140000
A91: CẢI CANH | D91: =B91*C91 -> 0
A92: CẢI CẦU VỒNG | D92: =B92*C92 -> 0
A93: CẢI CẦU VỒNG 300GR | B93: 5 | C93: 6000 | D93: =B93*C93 -> 30000
A94: CẢI CHÍP | D94: =B94*C94 -> 0
A95: CẢI CÚC 500GR | D95: =B95*C95 -> 0
A96: CẢI KALE | D96: =B96*C96 -> 0
A97: CẢI KALE 300GR | B97: 5 | C97: 3000 | D97: =B97*C97 -> 15000
A98: CẢI MÈO MỘC CHÂU | D98: =B98*C98 -> 0
A99: CẢI NGỌT | D99: =B99*C99 -> 0
A100: CẢI THẢO DL | D100: =B100*C100 -> 0
A101: CẢI THẢO DL(BẮP) | D101: =B101*C101 -> 0
A102: CẢI THẢO HỎA TIỄN | B102: 2 | C102: 15000 | D102: =B102*C102 -> 30000
A103: CẢI THẢO HỎA TIỄN 250GR | D103: =B103*C103 -> 0
...

Sheet 20.2
A1: hàng tồn cuối ngày 20/2
A2: TÊN SẢN PHẨM | B2: TỒN TRƯỚC | C2: GIÁ NHẬP | D2: THÀNH TIỀN
A3: BẮP CẢI TÍM | B3: 2 | C3: 15000 | D3: =B3*C3 -> 30000
A4: BẮP CẢI TÍM (BẮP) | D4: =B4*C4 -> 0
A5: BẮP CẢI TÍM SUSHI | D5: =B5*C5 -> 0
A6: BẮP CẢI TRẮNG | B6: =12+12+12 -> 36 | C6: 6000 | D6: =B6*C6 -> 216000
A7: BẮP CẢI TRẮNG (BẮP) | D7: =B7*C7 -> 0
A8: BẮP CẢI TRẮNG MỘC CHÂU | D8: =B8*C8 -> 0
A9: BẮP CẢI TRẮNG SÓI BIỂN | D9: =B9*C9 -> 0
A10: BẮP CẢI TRẮNG SUSHI | D10: =B10*C10 -> 0
A11: BẮP MỸ | D11: =B11*C11 -> 0
A12: BẦU | D12: =B12*C12 -> 0
A13: BÍ ĐAO XANH | D13: =B13*C13 -> 0
A14: BÍ ĐAO XANH 400G | D14: =B14*C14 -> 0
A15: BÍ ĐỎ HỒ LÔ | D15: =B15*C15 -> 0
A16: BÍ ĐỎ MINI | D16: =B16*C16 -> 0
A17: BÍ ĐỎ NON (KG)KQ | D17: =B17*C17 -> 0
A18: BÍ ĐỎ NON TRÁI VR | B18: 11 | C18: 4000 | D18: =B18*C18 -> 44000
A19: BÍ ĐỎ NON( KG) VR | D19: =B19*C19 -> 0
A20: BÍ ĐỎ TRÒN | B20: =1350+1770 -> 3120 | C20: 6000 | D20: =B20*C20 -> 18720000
A21: BÍ MINI VÀNG 300GR | D21: =B21*C21 -> 0
A22: BÍ MINI VÀNG KG | D22: =B22*C22 -> 0
A23: BÍ NGÒI VÀNG | D23: =B23*C23 -> 0
A24: BÍ NGÒI VÀNG (TRÁI) | D24: =B24*C24 -> 0
A25: BÍ NGÒI XANH | B25: =25+20+30 -> 75 | C25: 8000 | D25: =B25*C25 -> 600000
A26: BÍ NGÒI XANH(TRÁI) | D26: =B26*C26 -> 0
A27: BÍ NHẬT | D27: =B27*C27 -> 0
A28: BƠ 034 | D28: =B28*C28 -> 0
A29: BƠ BOOTH | D29: =B29*C29 -> 0
A30: BƠ SÁP | D30: =B30*C30 -> 0
A31: BÓ XÔI | D31: =B31*C31 -> 0
A32: BÓ XÔI 300G VR | D32: =B32*C32 -> 0
A33: BÓ XÔI-HN KQ | D33: =B33*C33 -> 0
A34: BÓ XÔI-NA | D34: =B34*C34 -> 0
A35: BÔNG ATISO | D35: =B35*C35 -> 0
A36: BÔNG BÍ | D36: =B36*C36 -> 0
A37: BÔNG BÍ TÚI 300GR | D37: =B37*C37 -> 0
... A39: BÔNG CẢI TRẮNG (CÂY) | D39: =B39*C39 -> 0
A40: BÔNG CẢI XANH 10P | B40: 6 | C40: 17000 | D40: =B40*C40 -> 102000
A41: BÔNG CẢI XANH AEON | D41: =B41*C41 -> 0
A42: BÔNG CẢI XANH AEON (CÂY) | D42: =B42*C42 -> 0
A43: BÔNG CẢI XANH BABY (KG) | D43: =B43*C43 -> 0
A44: BÔNG CẢI XANH BABY 200G | D44: =B44*C44 -> 0
A45: BÔNG CẢI XANH BIGC | D45: =B45*C45 -> 0
A46: BÔNG CẢI XANH CITI | D46: =B46*C46 -> 0
A47: CÀ CHUA | B47: =20+500+30+40 -> 590 | C47: 14000 | D47: =B47*C47 -> 8260000
A48: CÀ CHUA BI | D48: =B48*C48 -> 0
A49: CÀ CHUA BI (HỘP) 300GR KQ | D49: =B49*C49 -> 0
A50: CÀ CHUA BI (HỘP) 300GR VR | D50: =B50*C50 -> 0
A51: CÀ CHUA BI 300GR KQ (KG) | D51: =B51*C51 -> 0
A52: CÀ CHUA BI 300GR VR (KG) | D52: =B52*C52 -> 0
A53: CÀ CHUA BI CAM SỮA (KG) VR | D53: =B53*C53 -> 0
A54: CÀ CHUA BI COOP | D54: =B54*C54 -> 0
A55: CÀ CHUA BI-NA | D55: =B55*C55 -> 0
A56: CÀ CHUA CHERRY MIX 300G | D56: =B56*C56 -> 0
A57: CÀ CHUA L1 | B57: 46 | C57: 9000 | D57: =B57*C57 -> 414000
A58: CÀ CHUA MỘC CHÂU | D58: =B58*C58 -> 0
A59: CÀ CHUA NGỌT | D59: =B59*C59 -> 0
A60: CÀ CHUA NGỌT 300GR (KG) | D60: =B60*C60 -> 0
A61: CÀ CHUA NGỌT XÁ | D61: =B61*C61 -> 0
A62: CÀ CHUA ROSEBERRY 300G | D62: =B62*C62 -> 0
A63: CÀ CHUA SÔCOLA 250GR (HỘP) VR | D63: =B63*C63 -> 0
A64: CÀ CHUA SÔCOLA 250GR (KG) -NA | D64: =B64*C64 -> 0
A65: CÀ CHUA SÔCOLA 250GR (KG) VR | D65: =B65*C65 -> 0
A66: CÀ CHUA SÔCOLA 250GR(KG) KQ | D66: =B66*C66 -> 0
A67: CÀ CHUA SÔCOLA 300GR (HỘP) VR | D67: =B67*C67 -> 0
A68: CÀ CHUA SOCOLA XÁ | D68: =B68*C68 -> 0
A69: CÀ CHUA SÔCOLA(HỘP) KQ | D69: =B69*C69 -> 0
... A71: CÀ CHUA VR | D71: =B71*C71 -> 0
A72: CÀ CHUA Ý | B72: =25+20+15+40+35+70 -> 205 | C72: 10000 | D72: =B72*C72 -> 2050000
A73: CÀ CHUA Ý 500G | D73: =B73*C73 -> 0
A74: CÀ CHUA Ý CHÙM | B74: 8 | C74: 12000 | D74: =B74*C74 -> 96000
A75: CÀ CHUA Ý(VỈ) KG | D75: =B75*C75 -> 0
A76: CÀ CHUA Ý(VỈ) KG KQ | D76: =B76*C76 -> 0
A77: CÀ RỐT BABY | D77: =B77*C77 -> 0
A78: CÀ RỐT BABY (KG) KQ | D78: =B78*C78 -> 0
A79: CÀ RỐT BABY 200GR | B79: 3 | C79: 4000 | D79: =B79*C79 -> 12000
A80: CÀ RỐT DL | D80: =B80*C80 -> 0
A81: CÀ RỐT DL L1 | B81: 100 | C81: 9500 | D81: =B81*C81 -> 950000
A82: CÀ RỐT DL TÚI LƯỚI 500GR VR | D82: =B82*C82 -> 0
A83: CÀ RỐT TRUNG | D83: =B83*C83 -> 0
A84: CÀ RỐT TÚI LƯỚI 800G KQ | D84: =B84*C84 -> 0
A85: CÀ TÍM | D85: =B85*C85 -> 0
A86: CÀ TÍM CẶP 400G | D86: =B86*C86 -> 0
A87: CÀ TÍM SỌC PHA LÊ 300G | D87: =B87*C87 -> 0
A88: CÀ TÍM SỌC PHA LÊ HỘP 500GR VR | D88: =B88*C88 -> 0
A89: CÀ TÍM SỌC PHA LÊ TÍM (KG) VR | D89: =B89*C89 -> 0
A90: CÀ Ý VỈ 650GR | D90: =B90*C90 -> 0
A91: CẢI CANH | D91: =B91*C91 -> 0
A92: CẢI CẦU VỒNG | D92: =B92*C92 -> 0
A93: CẢI CẦU VỒNG 300GR | D93: =B93*C93 -> 0
... A106: CẢI THẢO VR | D106: =B106*C106 -> 0
A107: CẦN TÂY (KG) | B107: 6 | C107: 9000 | D107: =B107*C107 -> 54000
A108: CẦN TÂY THUỶ CANH | D108: =B108*C108 -> 0
A109: CẦN TÂY(CÂY) | D109: =B109*C109 -> 0
A110: CHANH DÂY | D110: =B110*C110 -> 0
A111: CHANH DÂY NGỌT L2 | D111: =B111*C111 -> 0
A112: CHANH DÂY NGỌT VỈ 300GR | D112: =B112*C112 -> 0
A113: CHANH KHÔNG HẠT | D113: =B113*C113 -> 0
A114: CHANH VÀNG (KG) | D114: =B114*C114 -> 0
...

Sheet 21.2
A1: hàng tồn cuối ngày 21/2
A2: TÊN SẢN PHẨM | B2: TỒN TRƯỚC | C2: GIÁ NHẬP | D2: THÀNH TIỀN
A3: BẮP CẢI TÍM | B3: 12 | C3: 15000 | D3: =B3*C3 -> 180000
A4: BẮP CẢI TÍM (BẮP) | D4: =B4*C4 -> 0
A5: BẮP CẢI TÍM SUSHI | D5: =B5*C5 -> 0
A6: BẮP CẢI TRẮNG | D6: =B6*C6 -> 0
A7: BẮP CẢI TRẮNG (BẮP) | D7: =B7*C7 -> 0
A8: BẮP CẢI TRẮNG MỘC CHÂU | D8: =B8*C8 -> 0
A9: BẮP CẢI TRẮNG SÓI BIỂN | D9: =B9*C9 -> 0
A10: BẮP CẢI TRẮNG SUSHI | D10: =B10*C10 -> 0
A11: BẮP MỸ | D11: =B11*C11 -> 0
A12: BẦU | D12: =B12*C12 -> 0
A13: BÍ ĐAO XANH | B13: =4+11 -> 15 | C13: 15000 | D13: =B13*C13 -> 225000
A14: BÍ ĐAO XANH 400G | D14: =B14*C14 -> 0
A15: BÍ ĐỎ HỒ LÔ | D15: =B15*C15 -> 0
A16: BÍ ĐỎ MINI | D16: =B16*C16 -> 0
A17: BÍ ĐỎ NON (KG)KQ | D17: =B17*C17 -> 0
A18: BÍ ĐỎ NON TRÁI VR | D18: =B18*C18 -> 0
A19: BÍ ĐỎ NON( KG) VR | D19: =B19*C19 -> 0
A20: BÍ ĐỎ TRÒN | B20: =1350+750 -> 2100 | C20: 6000 | D20: =B20*C20 -> 12600000
A21: BÍ MINI VÀNG 300GR | D21: =B21*C21 -> 0
A22: BÍ MINI VÀNG KG | D22: =B22*C22 -> 0
A23: BÍ NGÒI VÀNG | D23: =B23*C23 -> 0
A24: BÍ NGÒI VÀNG (TRÁI) | D24: =B24*C24 -> 0
A25: BÍ NGÒI XANH | B25: =10+15+25+65 -> 115 | C25: 7000 | D25: =B25*C25 -> 805000
A26: BÍ NGÒI XANH(TRÁI) | D26: =B26*C26 -> 0
A27: BÍ NHẬT | D27: =B27*C27 -> 0
A28: BƠ 034 | D28: =B28*C28 -> 0
A29: BƠ BOOTH | D29: =B29*C29 -> 0
A30: BƠ SÁP | D30: =B30*C30 -> 0
A31: BÓ XÔI | B31: 8 | C31: 15000 | D31: =B31*C31 -> 120000
A32: BÓ XÔI 300G VR | D32: =B32*C32 -> 0
A33: BÓ XÔI-HN KQ | D33: =B33*C33 -> 0
A34: BÓ XÔI-NA | D34: =B34*C34 -> 0
A35: BÔNG ATISO | D35: =B35*C35 -> 0
A36: BÔNG BÍ | D36: =B36*C36 -> 0
A37: BÔNG BÍ TÚI 300GR | D37: =B37*C37 -> 0
A38: BÔNG CẢI TRẮNG | B38: 4 | C38: 10000 | D38: =B38*C38 -> 40000
A39: BÔNG CẢI TRẮNG (CÂY) | D39: =B39*C39 -> 0
A40: BÔNG CẢI XANH 10P | D40: =B40*C40 -> 0
A41: BÔNG CẢI XANH AEON | D41: =B41*C41 -> 0
A42: BÔNG CẢI XANH AEON (CÂY) | D42: =B42*C42 -> 0
A43: BÔNG CẢI XANH BABY (KG) | D43: =B43*C43 -> 0
A44: BÔNG CẢI XANH BABY 200G | D44: =B44*C44 -> 0
A45: BÔNG CẢI XANH BIGC | D45: =B45*C45 -> 0
A46: BÔNG CẢI XANH CITI | D46: =B46*C46 -> 0
A47: CÀ CHUA | B47: =180+100+60 -> 340 | C47: 10000 | D47: =B47*C47 -> 3400000
A48: CÀ CHUA BI | D48: =B48*C48 -> 0
A49: CÀ CHUA BI (HỘP) 300GR KQ | D49: =B49*C49 -> 0
A50: CÀ CHUA BI (HỘP) 300GR VR | D50: =B50*C50 -> 0
A51: CÀ CHUA BI 300GR KQ (KG) | D51: =B51*C51 -> 0
A52: CÀ CHUA BI 300GR VR (KG) | D52: =B52*C52 -> 0
A53: CÀ CHUA BI CAM SỮA (KG) VR | D53: =B53*C53 -> 0
A54: CÀ CHUA BI COOP | D54: =B54*C54 -> 0
A55: CÀ CHUA BI-NA | D55: =B55*C55 -> 0
A56: CÀ CHUA CHERRY MIX 300G | B56: 4 | C56: 10000 | D56: =B56*C56 -> 40000
A57: CÀ CHUA L1 | D57: =B57*C57 -> 0
A58: CÀ CHUA MỘC CHÂU | D58: =B58*C58 -> 0
A59: CÀ CHUA NGỌT | D59: =B59*C59 -> 0
A60: CÀ CHUA NGỌT 300GR (KG) | D60: =B60*C60 -> 0
A61: CÀ CHUA NGỌT XÁ | D61: =B61*C61 -> 0
A62: CÀ CHUA ROSEBERRY 300G | D62: =B62*C62 -> 0
A63: CÀ CHUA SÔCOLA 250GR (HỘP) VR | B63: 3 | C63: 5000 | D63: =B63*C63 -> 15000
A64: CÀ CHUA SÔCOLA 250GR (KG) -NA | D64: =B64*C64 -> 0
A65: CÀ CHUA SÔCOLA 250GR (KG) VR | D65: =B65*C65 -> 0
A66: CÀ CHUA SÔCOLA 250GR(KG) KQ | D66: =B66*C66 -> 0
A67: CÀ CHUA SÔCOLA 300GR (HỘP) VR | D67: =B67*C67 -> 0
A68: CÀ CHUA SOCOLA XÁ | D68: =B68*C68 -> 0
A69: CÀ CHUA SÔCOLA(HỘP) KQ | D69: =B69*C69 -> 0
A70: CÀ CHUA VỈ 400GR | D70: =B70*C70 -> 0
A71: CÀ CHUA VR | D71: =B71*C71 -> 0
A72: CÀ CHUA Ý | B72: 200 | C72: 10000 | D72: =B72*C72 -> 2000000
A73: CÀ CHUA Ý 500G | D73: =B73*C73 -> 0
A74: CÀ CHUA Ý CHÙM | D74: =B74*C74 -> 0
A75: CÀ CHUA Ý(VỈ) KG | D75: =B75*C75 -> 0
A76: CÀ CHUA Ý(VỈ) KG KQ | D76: =B76*C76 -> 0
A77: CÀ RỐT BABY | D77: =B77*C77 -> 0
A78: CÀ RỐT BABY (KG) KQ | D78: =B78*C78 -> 0
A79: CÀ RỐT BABY 200GR | D79: =B79*C79 -> 0
A80: CÀ RỐT DL | D80: =B80*C80 -> 0
A81: CÀ RỐT DL L1 | B81: 55 | C81: 9500 | D81: =B81*C81 -> 522500
A82: CÀ RỐT DL TÚI LƯỚI 500GR VR | D82: =B82*C82 -> 0
A83: CÀ RỐT TRUNG | D83: =B83*C83 -> 0
A84: CÀ RỐT TÚI LƯỚI 800G KQ | D84: =B84*C84 -> 0
A85: CÀ TÍM | B85: 7 | C85: 7000 | D85: =B85*C85 -> 49000
A86: CÀ TÍM CẶP 400G | D86: =B86*C86 -> 0
A87: CÀ TÍM SỌC PHA LÊ 300G | D87: =B87*C87 -> 0
A88: CÀ TÍM SỌC PHA LÊ HỘP 500GR VR | D88: =B88*C88 -> 0
A89: CÀ TÍM SỌC PHA LÊ TÍM (KG) VR | D89: =B89*C89 -> 0
A90: CÀ Ý VỈ 650GR | D90: =B90*C90 -> 0
A91: CẢI CANH | D91: =B91*C91 -> 0
A92: CẢI CẦU VỒNG | D92: =B92*C92 -> 0
A93: CẢI CẦU VỒNG 300GR | B93: 7 | C93: 4800 | D93: =B93*C93 -> 33600
A94: CẢI CHÍP | D94: =B94*C94 -> 0
A95: CẢI CÚC 500GR | D95: =B95*C95 -> 0
A96: CẢI KALE | D96: =B96*C96 -> 0
A97: CẢI KALE 300GR | D97: =B97*C97 -> 0
A98: CẢI MÈO MỘC CHÂU | D98: =B98*C98 -> 0
A99: CẢI NGỌT | D99: =B99*C99 -> 0
A100: CẢI THẢO DL | D100: =B100*C100 -> 0
...

Sheet 22.2
A1: hàng tồn cuối ngày 22/2
A2: TÊN SẢN PHẨM | B2: TỒN TRƯỚC | C2: GIÁ NHẬP | D2: THÀNH TIỀN
A3: CÀ CHUA SÔCOLA 250GR (HỘP) VR | D3: =B3*C3 -> 0
A4: CÀ CHUA SÔCOLA 250GR (KG) -NA | D4: =B4*C4 -> 0
A5: CÀ CHUA SÔCOLA 250GR (KG) VR | D5: =B5*C5 -> 0
A6: CÀ CHUA SÔCOLA 250GR(KG) KQ | D6: =B6*C6 -> 0
A7: CÀ CHUA SÔCOLA 300GR (HỘP) VR | D7: =B7*C7 -> 0
A8: CÀ CHUA SOCOLA XÁ | D8: =B8*C8 -> 0
A9: CÀ CHUA SÔCOLA(HỘP) KQ | D9: =B9*C9 -> 0
A10: CÀ RỐT BABY | D10: =B10*C10 -> 0
A11: CÀ RỐT BABY (KG) KQ | D11: =B11*C11 -> 0
A12: CÀ RỐT BABY 200GR | D12: =B12*C12 -> 0
A13: CẢI CẦU VỒNG | D13: =B13*C13 -> 0
A14: CẢI CẦU VỒNG 300GR | D14: =B14*C14 -> 0
A15: CẢI KALE | D15: =B15*C15 -> 0
A16: CẢI KALE 300GR | B16: 15 | C16: 3000 | D16: =B16*C16 -> 45000
A17: CHANH VÀNG (KG) | D17: =B17*C17 -> 0
A18: CHANH VÀNG TRÁI 180UP | D18: =B18*C18 -> 0
A19: CẦN TÂY (KG) | D19: =B19*C19 -> 0
A20: CẦN TÂY THUỶ CANH | D20: =B20*C20 -> 0
A21: CẦN TÂY(CÂY) | D21: =B21*C21 -> 0
A22: ỚT CHUÔNG 3 MÀU(KG)VR | D22: =B22*C22 -> 0
A23: ỚT CHUÔNG ĐỎ | B23: =8+50+60 -> 118 | C23: 26000 | D23: =B23*C23 -> 3068000
A24: ỚT CHUÔNG ĐỎ L1 | B24: 2 | C24: 23000 | D24: =B24*C24 -> 46000
A25: ỚT CHUÔNG ĐỎ(TRÁI) | D25: =B25*C25 -> 0
A26: ỚT CHUÔNG 3 MÀU 350G | B26: 33 | C26: 9000 | D26: =B26*C26 -> 297000
A27: ỚT CHUÔNG 3 MÀU KQ(KG) | D27: =B27*C27 -> 0
A28: ỚT CHUÔNG VÀNG | B28: 20 | C28: 26000 | D28: =B28*C28 -> 520000
A29: ỚT CHUÔNG VÀNG L1 | D29: =B29*C29 -> 0
A30: ỚT CHUÔNG VÀNG(TRÁI) | D30: =B30*C30 -> 0
A31: ỚT CHUÔNG VÀNG+ XANH (VỈ) | D31: =B31*C31 -> 0
A32: ỚT CHUÔNG XANH | B32: =5+10+20+20+20 -> 75 | C32: 22000 | D32: =B32*C32 -> 1650000
A33: ỚT CHUÔNG XANH L1 | B33: 2 | C33: 18000 | D33: =B33*C33 -> 36000
A34: ỚT CHUÔNG XANH(TRÁI) | D34: =B34*C34 -> 0
A35: CỦ DỀN | B35: 96 | C35: 12000 | D35: =B35*C35 -> 1152000
A36: CỦ DỀN 600G | D36: =B36*C36 -> 0
A37: GỪNG 250GR | D37: =B37*C37 -> 0
A38: HỒNG GIÒN | D38: =B38*C38 -> 0
A39: XÀ LÁCH MỸ | D39: =B39*C39 -> 0
A40: KHOAI TÂY HỒNG | B40: 47 | C40: 18000 | D40: =B40*C40 -> 846000
A41: KHOAI TÂY HỒNG TÚI LƯỚI 500G | D41: =B41*C41 -> 0
A42: KHOAI TÂY VÀNG | D42: =B42*C42 -> 0
A43: KHOAI TÂY VÀNG ĐL | B43: =240+20+15 -> 275 | C43: 15000 | D43: =B43*C43 -> 4125000
A44: KHOAI TÂY VÀNG LỚN TÚI LƯỚI 500G | D44: =B44*C44 -> 0
A45: KHOAI TÂY VÀNG RỬA | D45: =B45*C45 -> 0
A46: KHOAI TÂY VÀNG TRUNG TÚI LƯỚI 500G | D46: =B46*C46 -> 0
A47: CẢI THẢO DL | D47: =B47*C47 -> 0
A48: CẢI THẢO DL(BẮP) | D48: =B48*C48 -> 0
A49: CẢI THẢO KIM CHI | D49: =B49*C49 -> 0
A50: CẢI THẢO VR | D50: =B50*C50 -> 0
A51: BẦU | D51: =B51*C51 -> 0
A52: BÍ ĐAO XANH | D52: =B52*C52 -> 0
A53: BÍ ĐAO XANH 400G | D53: =B53*C53 -> 0
A54: DƯA LEO | D54: =B54*C54 -> 0
A55: DƯA LEO 400G | D55: =B55*C55 -> 0
... A61: BÍ MINI VÀNG KG | D61: =B61*C61 -> 0
A62: DƯA LEO GIỐNG NHẬT 600GR | B62: 9 | C62: 16000 | D62: =B62*C62 -> 144000
A63: DƯA LEO GIỐNG NHẬT KG | D63: =B63*C63 -> 0
A64: BƠ 034 | D64: =B64*C64 -> 0
A65: BƠ BOOTH | D65: =B65*C65 -> 0
A66: BƠ SÁP | D66: =B66*C66 -> 0
A67: KHOAI LANG MẬT (KG) 2-3 CỦ | B67: 280 | C67: 26000 | D67: =B67*C67 -> 7280000
A68: KHOAI LANG MẬT (KG) 4-6 CỦ | B68: 100 | C68: 25000 | D68: =B68*C68 -> 2500000
A69: KHOAI LANG MẬT 500G KQ | D69: =B69*C69 -> 0
A70: KHOAI LANG MẬT 500G VR | D70: =B70*C70 -> 0
A71: PARO | B71: 10 | C71: 10000 | D71: =B71*C71 -> 100000
A72: PARO (CÂY) | D72: =B72*C72 -> 0
A73: BẮP CẢI TÍM | D73: =B73*C73 -> 0
A74: BẮP CẢI TÍM (BẮP) | D74: =B74*C74 -> 0
A75: BẮP CẢI TÍM SUSHI | D75: =B75*C75 -> 0
A76: CÀ CHUA CHERRY MIX 300G | B76: 4 | C76: 10000 | D76: =B76*C76 -> 40000
A77: TÍA TÔ 50G | D77: =B77*C77 -> 0
A78: XÀ LÁCH LOLO XANH | B78: 2 | C78: 14000 | D78: =B78*C78 -> 28000
A79: XÀ LÁCH LOLO XANH SUSHI | D79: =B79*C79 -> 0
A80: XÀ LÁCH LOLO XANH TÚI 300GR | D80: =B80*C80 -> 0
A81: XÀ LÁCH ROMEN THUỶ CANH (KG) VR | D81: =B81*C81 -> 0
A82: CÀ RỐT DL | D82: =B82*C82 -> 0
A83: CÀ RỐT DL L1 | B83: 36 | C83: 9500 | D83: =B83*C83 -> 342000
A84: CÀ RỐT DL TÚI LƯỚI 500GR VR | D84: =B84*C84 -> 0
A85: CÀ RỐT TRUNG | D85: =B85*C85 -> 0
A86: CÀ RỐT TÚI LƯỚI 800G KQ | D86: =B86*C86 -> 0
A87: GỪNG | B87: 1 | C87: 28000 | D87: =B87*C87 -> 28000
A88: MỒNG TƠI | D88: =B88*C88 -> 0
A89: NGÒ RÍ | D89: =B89*C89 -> 0
A90: NGÒ RÍ TÚI 50GR | D90: =B90*C90 -> 0
A91: ỚT HIỂM | D91: =B91*C91 -> 0
A92: ỚT HIỂM 100G | D92: =B92*C92 -> 0
A93: THÌ LÀ | D93: =B93*C93 -> 0
A94: THÌ LÀ TÚI 80GR | D94: =B94*C94 -> 0
A95: CHUỐI LABA | B95: 4 | C95: 10000 | D95: =B95*C95 -> 40000
A96: BÔNG BÍ TÚI 300GR | D96: =B96*C96 -> 0
A97: BÔNG CẢI TRẮNG | D97: =B97*C97 -> 0
A98: BÔNG CẢI TRẮNG (CÂY) | D98: =B98*C98 -> 0
A99: SET RAU KÈM ỚT | D99: =B99*C99 -> 0
A100: SET RAU KHÔNG KÈM ỚT | D100: =B100*C100 -> 0
A101: ĐẬU BO | D101: =B101*C101 -> 0
A102: ĐẬU BO 250GR | D102: =B102*C102 -> 0
A103: ĐẬU CÚC | D103: =B103*C103 -> 0
A104: ĐẬU CÚC 250GR | D104: =B104*C104 -> 0
A105: ĐẬU ĐỎ | D105: =B105*C105 -> 0
...

Sheet 23.2
A1: hàng tồn cuối ngày 23/2
A2: TÊN SẢN PHẨM | B2: TỒN TRƯỚC | C2: GIÁ NHẬP | D2: THÀNH TIỀN
A3: CÀ CHUA SÔCOLA 250GR (HỘP) VR | B3: 22 | C3: 5000 | D3: =B3*C3 -> 110000
A4: CÀ CHUA SÔCOLA 250GR (KG) -NA | D4: =B4*C4 -> 0
A5: CÀ CHUA SÔCOLA 250GR (KG) VR | D5: =B5*C5 -> 0
A6: CÀ CHUA SÔCOLA 250GR(KG) KQ | D6: =B6*C6 -> 0
A7: CÀ CHUA SÔCOLA 300GR (HỘP) VR | D7: =B7*C7 -> 0
A8: CÀ CHUA SOCOLA XÁ | D8: =B8*C8 -> 0
A9: CÀ CHUA SÔCOLA(HỘP) KQ | D9: =B9*C9 -> 0
A10: CÀ RỐT BABY | D10: =B10*C10 -> 0
A11: CÀ RỐT BABY (KG) KQ | D11: =B11*C11 -> 0
A12: CÀ RỐT BABY 200GR | D12: =B12*C12 -> 0
A13: CẢI CẦU VỒNG | D13: =B13*C13 -> 0
A14: CẢI CẦU VỒNG 300GR | D14: =B14*C14 -> 0
A15: CẢI KALE | D15: =B15*C15 -> 0
... A18: CHANH VÀNG TRÁI 180UP | D18: =B18*C18 -> 0
A19: CẦN TÂY (KG) | B19: 8 | C19: 9000 | D19: =B19*C19 -> 72000
A20: CẦN TÂY THUỶ CANH | D20: =B20*C20 -> 0
A21: CẦN TÂY(CÂY) | D21: =B21*C21 -> 0
A22: ỚT CHUÔNG 3 MÀU(KG)VR | D22: =B22*C22 -> 0
A23: ỚT CHUÔNG ĐỎ | B23: =10+6+15+15+25+7 -> 78 | C23: 26000 | D23: =B23*C23 -> 2028000
A24: ỚT CHUÔNG ĐỎ L1 | D24: =B24*C24 -> 0
A25: ỚT CHUÔNG ĐỎ(TRÁI) | D25: =B25*C25 -> 0
A26: ỚT CHUÔNG 3 MÀU 350G | D26: =B26*C26 -> 0
A27: ỚT CHUÔNG 3 MÀU KQ(KG) | D27: =B27*C27 -> 0
A28: ỚT CHUÔNG VÀNG | B28: 32 | C28: 26000 | D28: =B28*C28 -> 832000
A29: ỚT CHUÔNG VÀNG L1 | D29: =B29*C29 -> 0
A30: ỚT CHUÔNG VÀNG(TRÁI) | D30: =B30*C30 -> 0
A31: ỚT CHUÔNG VÀNG+ XANH (VỈ) | D31: =B31*C31 -> 0
A32: ỚT CHUÔNG XANH | B32: =30+18+20+14 -> 82 | C32: 22000 | D32: =B32*C32 -> 1804000
A33: ỚT CHUÔNG XANH L1 | D33: =B33*C33 -> 0
A34: ỚT CHUÔNG XANH(TRÁI) | D34: =B34*C34 -> 0
A35: CỦ DỀN | B35: =10+10+34 -> 54 | C35: 12000 | D35: =B35*C35 -> 648000
A36: CỦ DỀN 600G | D36: =B36*C36 -> 0
A37: GỪNG 250GR | D37: =B37*C37 -> 0
A38: HỒNG GIÒN | D38: =B38*C38 -> 0
A39: XÀ LÁCH MỸ | D39: =B39*C39 -> 0
A40: KHOAI TÂY HỒNG | B40: 20 | C40: 18000 | D40: =B40*C40 -> 360000
A41: KHOAI TÂY HỒNG TÚI LƯỚI 500G | D41: =B41*C41 -> 0
A42: KHOAI TÂY VÀNG | D42: =B42*C42 -> 0
A43: KHOAI TÂY VÀNG ĐL | B43: =67+75+45 -> 187 | C43: 15000 | D43: =B43*C43 -> 2805000
A44: KHOAI TÂY VÀNG LỚN TÚI LƯỚI 500G | D44: =B44*C44 -> 0
A45: KHOAI TÂY VÀNG RỬA | D45: =B45*C45 -> 0
A46: KHOAI TÂY VÀNG TRUNG TÚI LƯỚI 500G | D46: =B46*C46 -> 0
A47: CẢI THẢO DL | D47: =B47*C47 -> 0
A48: CẢI THẢO DL(BẮP) | D48: =B48*C48 -> 0
A49: CẢI THẢO KIM CHI | D49: =B49*C49 -> 0
A50: CẢI THẢO VR | D50: =B50*C50 -> 0
A51: BẦU | D51: =B51*C51 -> 0
A52: BÍ ĐAO XANH | D52: =B52*C52 -> 0
A53: BÍ ĐAO XANH 400G | D53: =B53*C53 -> 0
A54: DƯA LEO | D54: =B54*C54 -> 0
A55: DƯA LEO 400G | D55: =B55*C55 -> 0
... A66: BƠ SÁP | D66: =B66*C66 -> 0
A67: KHOAI LANG MẬT (KG) 2-3 CỦ | B67: 300 | C67: 26000 | D67: =B67*C67 -> 7800000
A68: KHOAI LANG MẬT (KG) 4-6 CỦ | B68: =40+300+100 -> 440 | C68: 25000 | D68: =B68*C68 -> 11000000
A69: KHOAI LANG MẬT 500G KQ | D69: =B69*C69 -> 0
A70: KHOAI LANG MẬT 500G VR | D70: =B70*C70 -> 0
A71: PARO | B71: 7 | C71: 10000 | D71: =B71*C71 -> 70000
A72: PARO (CÂY) | D72: =B72*C72 -> 0
A73: BẮP CẢI TÍM | B73: 14 | C73: 15000 | D73: =B73*C73 -> 210000
A74: BẮP CẢI TÍM (BẮP) | D74: =B74*C74 -> 0
A75: BẮP CẢI TÍM SUSHI | D75: =B75*C75 -> 0
A76: CÀ CHUA CHERRY MIX 300G | D76: =B76*C76 -> 0
A77: TÍA TÔ 50G | D77: =B77*C77 -> 0
A78: XÀ LÁCH LOLO XANH | D78: =B78*C78 -> 0
A79: XÀ LÁCH LOLO XANH SUSHI | D79: =B79*C79 -> 0
A80: XÀ LÁCH LOLO XANH TÚI 300GR | D80: =B80*C80 -> 0
A81: XÀ LÁCH ROMEN THUỶ CANH (KG) VR | D81: =B81*C81 -> 0
A82: CÀ RỐT DL | D82: =B82*C82 -> 0
A83: CÀ RỐT DL L1 | B83: =50+5+18 -> 73 | C83: 9500 | D83: =B83*C83 -> 693500
A84: CÀ RỐT DL TÚI LƯỚI 500GR VR | D84: =B84*C84 -> 0
A85: CÀ RỐT TRUNG | D85: =B85*C85 -> 0
A86: CÀ RỐT TÚI LƯỚI 800G KQ | D86: =B86*C86 -> 0
A87: GỪNG | D87: =B87*C87 -> 0
A88: MỒNG TƠI | D88: =B88*C88 -> 0
A89: NGÒ RÍ | D89: =B89*C89 -> 0
A90: NGÒ RÍ TÚI 50GR | D90: =B90*C90 -> 0
A91: ỚT HIỂM | D91: =B91*C91 -> 0
A92: ỚT HIỂM 100G | D92: =B92*C92 -> 0
A93: THÌ LÀ | D93: =B93*C93 -> 0
A94: THÌ LÀ TÚI 80GR | D94: =B94*C94 -> 0
A95: CHUỐI LABA | D95: =B95*C95 -> 0
... A112: ĐẬU TRẮNG 250GR | D112: =B112*C112 -> 0
A113: CÀ CHUA | B113: =40+40+40+100+60+80 -> 360 | C113: 14000 | D113: =B113*C113 -> 5040000
A114: CÀ CHUA L1 | B114: =20+60+36+20+90 -> 226 | C114: 9000 | D114: =B114*C114 -> 2034000
A115: CÀ CHUA VỈ 400GR | D115: =B115*C115 -> 0
A116: CÀ CHUA VR | D116: =B116*C116 -> 0
A117: BÍ ĐỎ MINI | D117: =B117*C117 -> 0
A118: ỚT SỪNG 100G | D118: =B118*C118 -> 0
A119: XẢ CÂY | D119: =B119*C119 -> 0
A120: BÍ ĐỎ TRÒN | B120: =1050+580+60 -> 1690 | C120: 6000 | D120: =B120*C120 -> 10140000
A121: BÔNG ATISO | D121: =B121*C121 -> 0
A122: BÔNG CẢI XANH BABY (KG) | D122: =B122*C122 -> 0
A123: BÔNG CẢI XANH BABY 200G | D123: =B123*C123 -> 0
A124: CỦ CẢI ĐỎ 300GR (KG) VR | D124: =B124*C124 -> 0
A125: CỦ CẢI ĐỎ HỘP 300GR | D125: =B125*C125 -> 0
A126: CỦ CẢI ĐỎ(HỘP) | D126: =B126*C126 -> 0
A127: CỦ CẢI ĐỎ(KG) KQ | D127: =B127*C127 -> 0
A128: CỦ CẢI ĐỎ(KG) VR | D128: =B128*C128 -> 0
...

Sheet 24.2
A1: hàng tồn cuối ngày 24/2
A2: TÊN SẢN PHẨM | B2: TỒN TRƯỚC | C2: GIÁ NHẬP | D2: THÀNH TIỀN
A3: CÀ CHUA SÔCOLA 250GR (HỘP) VR | B3: 9 | C3: 5000 | D3: =B3*C3 -> 45000
A4: CÀ CHUA SÔCOLA 250GR (KG) -NA | D4: =B4*C4 -> 0
A5: CÀ CHUA SÔCOLA 250GR (KG) VR | D5: =B5*C5 -> 0
A6: CÀ CHUA SÔCOLA 250GR(KG) KQ | D6: =B6*C6 -> 0
A7: CÀ CHUA SÔCOLA 300GR (HỘP) VR | D7: =B7*C7 -> 0
A8: CÀ CHUA SOCOLA XÁ | D8: =B8*C8 -> 0
A9: CÀ CHUA SÔCOLA(HỘP) KQ | D9: =B9*C9 -> 0
A10: CÀ RỐT BABY | D10: =B10*C10 -> 0
A11: CÀ RỐT BABY (KG) KQ | D11: =B11*C11 -> 0
A12: CÀ RỐT BABY 200GR | B12: 12 | C12: 4000 | D12: =B12*C12 -> 48000
A13: CẢI CẦU VỒNG | D13: =B13*C13 -> 0
A14: CẢI CẦU VỒNG 300GR | D14: =B14*C14 -> 0
A15: CẢI KALE | D15: =B15*C15 -> 0
A16: CẢI KALE 300GR | B16: 10 | C16: 3000 | D16: =B16*C16 -> 30000
A17: CHANH VÀNG (KG) | D17: =B17*C17 -> 0
A18: CHANH VÀNG TRÁI 180UP | D18: =B18*C18 -> 0
A19: CẦN TÂY (KG) | B19: 22 | C19: 9000 | D19: =B19*C19 -> 198000
A20: CẦN TÂY THUỶ CANH | D20: =B20*C20 -> 0
A21: CẦN TÂY(CÂY) | D21: =B21*C21 -> 0
A22: ỚT CHUÔNG 3 MÀU(KG)VR | D22: =B22*C22 -> 0
A23: ỚT CHUÔNG ĐỎ | B23: =40+35+80+40 -> 195 | C23: 26000 | D23: =B23*C23 -> 5070000
A24: ỚT CHUÔNG ĐỎ L1 | D24: =B24*C24 -> 0
A25: ỚT CHUÔNG ĐỎ(TRÁI) | D25: =B25*C25 -> 0
A26: ỚT CHUÔNG 3 MÀU 350G | B26: =60+15+15 -> 90 | C26: 10000 | D26: =B26*C26 -> 900000
A27: ỚT CHUÔNG 3 MÀU KQ(KG) | D27: =B27*C27 -> 0
A28: ỚT CHUÔNG VÀNG | B28: =20+13+40+20+25 -> 118 | C28: 26000 | D28: =B28*C28 -> 3068000
A29: ỚT CHUÔNG VÀNG L1 | D29: =B29*C29 -> 0
A30: ỚT CHUÔNG VÀNG(TRÁI) | D30: =B30*C30 -> 0
A31: ỚT CHUÔNG VÀNG+ XANH (VỈ) | D31: =B31*C31 -> 0
A32: ỚT CHUÔNG XANH | B32: 15 | C32: 22000 | D32: =B32*C32 -> 330000
A33: ỚT CHUÔNG XANH L1 | D33: =B33*C33 -> 0
A34: ỚT CHUÔNG XANH(TRÁI) | D34: =B34*C34 -> 0
A35: CỦ DỀN | B35: 160 | C35: 12000 | D35: =B35*C35 -> 1920000
A36: CỦ DỀN 600G | D36: =B36*C36 -> 0
A37: GỪNG 250GR | D37: =B37*C37 -> 0
A38: HỒNG GIÒN | D38: =B38*C38 -> 0
A39: XÀ LÁCH MỸ | D39: =B39*C39 -> 0
A40: KHOAI TÂY HỒNG | B40: 12 | C40: 18000 | D40: =B40*C40 -> 216000
A41: KHOAI TÂY HỒNG TÚI LƯỚI 500G | D41: =B41*C41 -> 0
A42: KHOAI TÂY VÀNG | D42: =B42*C42 -> 0
A43: KHOAI TÂY VÀNG ĐL | B43: =100+75+120+170+25+60 -> 550 | C43: 15000 | D43: =B43*C43 -> 8250000
A44: KHOAI TÂY VÀNG LỚN TÚI LƯỚI 500G | D44: =B44*C44 -> 0
A45: KHOAI TÂY VÀNG RỬA | D45: =B45*C45 -> 0
A46: KHOAI TÂY VÀNG TRUNG TÚI LƯỚI 500G | D46: =B46*C46 -> 0
A47: CẢI THẢO DL | D47: =B47*C47 -> 0
A48: CẢI THẢO DL(BẮP) | D48: =B48*C48 -> 0
A49: CẢI THẢO KIM CHI | D49: =B49*C49 -> 0
A50: CẢI THẢO VR | D50: =B50*C50 -> 0
A51: BẦU | D51: =B51*C51 -> 0
A52: BÍ ĐAO XANH | B52: 56 | C52: 15000 | D52: =B52*C52 -> 840000
A53: BÍ ĐAO XANH 400G | D53: =B53*C53 -> 0
A54: DƯA LEO | B54: 9 | C54: 15000 | D54: =B54*C54 -> 135000
A55: DƯA LEO 400G | B55: 106 | C55: 9000 | D55: =B55*C55 -> 954000
A56: KHỔ QUA | D56: =B56*C56 -> 0
A57: KHỔ QUA 400GR | D57: =B57*C57 -> 0
A58: MƯỚP HƯƠNG | D58: =B58*C58 -> 0
A59: MƯỚP HƯƠNG 300G | D59: =B59*C59 -> 0
A60: BÍ MINI VÀNG 300GR | D60: =B60*C60 -> 0
A61: BÍ MINI VÀNG KG | D61: =B61*C61 -> 0
A62: DƯA LEO GIỐNG NHẬT 600GR | D62: =B62*C62 -> 0
A63: DƯA LEO GIỐNG NHẬT KG | B63: 10 | C63: 16000 | D63: =B63*C63 -> 160000
A64: BƠ 034 | D64: =B64*C64 -> 0
A65: BƠ BOOTH | D65: =B65*C65 -> 0
A66: BƠ SÁP | D66: =B66*C66 -> 0
A67: KHOAI LANG MẬT (KG) 2-3 CỦ | B67: 260 | C67: 26000 | D67: =B67*C67 -> 6760000
A68: KHOAI LANG MẬT (KG) 4-6 CỦ | B68: 440 | C68: 25000 | D68: =B68*C68 -> 11000000
A69: KHOAI LANG MẬT 500G KQ | D69: =B69*C69 -> 0
A70: KHOAI LANG MẬT 500G VR | D70: =B70*C70 -> 0
A71: PARO | B71: 20 | C71: 10000 | D71: =B71*C71 -> 200000
A72: PARO (CÂY) | D72: =B72*C72 -> 0
A73: BẮP CẢI TÍM | D73: =B73*C73 -> 0
A74: BẮP CẢI TÍM (BẮP) | D74: =B74*C74 -> 0
A75: BẮP CẢI TÍM SUSHI | D75: =B75*C75 -> 0
A76: CÀ CHUA CHERRY MIX 300G | D76: =B76*C76 -> 0
A77: TÍA TÔ 50G | D77: =B77*C77 -> 0
A78: XÀ LÁCH LOLO XANH | D78: =B78*C78 -> 0
A79: XÀ LÁCH LOLO XANH SUSHI | D79: =B79*C79 -> 0
A80: XÀ LÁCH LOLO XANH TÚI 300GR | D80: =B80*C80 -> 0
A81: XÀ LÁCH ROMEN THUỶ CANH (KG) VR | D81: =B81*C81 -> 0
A82: CÀ RỐT DL | D82: =B82*C82 -> 0
A83: CÀ RỐT DL L1 | B83: 510 | C83: 9000 | D83: =B83*C83 -> 4590000
A84: CÀ RỐT DL TÚI LƯỚI 500GR VR | D84: =B84*C84 -> 0
A85: CÀ RỐT TRUNG | D85: =B85*C85 -> 0
A86: CÀ RỐT TÚI LƯỚI 800G KQ | D86: =B86*C86 -> 0
A87: GỪNG | D87: =B87*C87 -> 0
A88: MỒNG TƠI | D88: =B88*C88 -> 0
A89: NGÒ RÍ | D89: =B89*C89 -> 0
A90: NGÒ RÍ TÚI 50GR | D90: =B90*C90 -> 0
A91: ỚT HIỂM | D91: =B91*C91 -> 0
A92: ỚT HIỂM 100G | D92: =B92*C92 -> 0
A93: THÌ LÀ | D93: =B93*C93 -> 0
A94: THÌ LÀ TÚI 80GR | D94: =B94*C94 -> 0
A95: CHUỐI LABA | B95: 110 | C95: 10000 | D95: =B95*C95 -> 1100000
A96: BÔNG BÍ TÚI 300GR | D96: =B96*C96 -> 0
A97: BÔNG CẢI TRẮNG | D97: =B97*C97 -> 0
A98: BÔNG CẢI TRẮNG (CÂY) | D98: =B98*C98 -> 0
A99: SET RAU KÈM ỚT | D99: =B99*C99 -> 0
A100: SET RAU KHÔNG KÈM ỚT | D100: =B100*C100 -> 0
...

Sheet 25.2
A1: hàng tồn cuối ngày 25/2
A2: TÊN SẢN PHẨM | B2: TỒN TRƯỚC | C2: GIÁ NHẬP | D2: THÀNH TIỀN
A3: CÀ CHUA SÔCOLA 250GR (HỘP) VR | B3: 38 | C3: 5000 | D3: =B3*C3 -> 190000
A4: CÀ CHUA SÔCOLA 250GR (KG) -NA | D4: =B4*C4 -> 0
A5: CÀ CHUA SÔCOLA 250GR (KG) VR | D5: =B5*C5 -> 0
A6: CÀ CHUA SÔCOLA 250GR(KG) KQ | D6: =B6*C6 -> 0
A7: CÀ CHUA SÔCOLA 300GR (HỘP) VR | D7: =B7*C7 -> 0
A8: CÀ CHUA SOCOLA XÁ | D8: =B8*C8 -> 0
A9: CÀ CHUA SÔCOLA(HỘP) KQ | D9: =B9*C9 -> 0
A10: CÀ RỐT BABY | D10: =B10*C10 -> 0
A11: CÀ RỐT BABY (KG) KQ | D11: =B11*C11 -> 0
A12: CÀ RỐT BABY 200GR | D12: =B12*C12 -> 0
A13: CẢI CẦU VỒNG | D13: =B13*C13 -> 0
A14: CẢI CẦU VỒNG 300GR | D14: =B14*C14 -> 0
A15: CẢI KALE | D15: =B15*C15 -> 0
A16: CẢI KALE 300GR | B16: 3 | C16: 3000 | D16: =B16*C16 -> 9000
A17: CHANH VÀNG (KG) | D17: =B17*C17 -> 0
A18: CHANH VÀNG TRÁI 180UP | D18: =B18*C18 -> 0
A19: CẦN TÂY (KG) | B19: 20 | C19: 9000 | D19: =B19*C19 -> 180000
A20: CẦN TÂY THUỶ CANH | D20: =B20*C20 -> 0
A21: CẦN TÂY(CÂY) | D21: =B21*C21 -> 0
A22: ỚT CHUÔNG 3 MÀU(KG)VR | D22: =B22*C22 -> 0
A23: ỚT CHUÔNG ĐỎ | B23: =50+10+40 -> 100 | C23: 28000 | D23: =B23*C23 -> 2800000
A24: ỚT CHUÔNG ĐỎ L1 | D24: =B24*C24 -> 0
A25: ỚT CHUÔNG ĐỎ(TRÁI) | D25: =B25*C25 -> 0
A26: ỚT CHUÔNG 3 MÀU 350G | B26: 40 | C26: 11000 | D26: =B26*C26 -> 440000
A27: ỚT CHUÔNG 3 MÀU KQ(KG) | D27: =B27*C27 -> 0
A28: ỚT CHUÔNG VÀNG | B28: =8+10+20+5+10+15 -> 68 | C28: 28000 | D28: =B28*C28 -> 1904000
A29: ỚT CHUÔNG VÀNG L1 | D29: =B29*C29 -> 0
A30: ỚT CHUÔNG VÀNG(TRÁI) | D30: =B30*C30 -> 0
A31: ỚT CHUÔNG VÀNG+ XANH (VỈ) | D31: =B31*C31 -> 0
A32: ỚT CHUÔNG XANH | B32: =15+7+37 -> 59 | C32: 22000 | D32: =B32*C32 -> 1298000
A33: ỚT CHUÔNG XANH L1 | D33: =B33*C33 -> 0
A34: ỚT CHUÔNG XANH(TRÁI) | D34: =B34*C34 -> 0
A35: CỦ DỀN | B35: 45 | C35: 12000 | D35: =B35*C35 -> 540000
A36: CỦ DỀN 600G | D36: =B36*C36 -> 0
A37: GỪNG 250GR | D37: =B37*C37 -> 0
A38: HỒNG GIÒN | D38: =B38*C38 -> 0
A39: XÀ LÁCH MỸ | D39: =B39*C39 -> 0
A40: KHOAI TÂY HỒNG | D40: =B40*C40 -> 0
A41: KHOAI TÂY HỒNG TÚI LƯỚI 500G | D41: =B41*C41 -> 0
A42: KHOAI TÂY VÀNG | D42: =B42*C42 -> 0
A43: KHOAI TÂY VÀNG ĐL | B43: =50+80+20+150+18 -> 318 | C43: 14500 | D43: =B43*C43 -> 4611000
A44: KHOAI TÂY VÀNG LỚN TÚI LƯỚI 500G | D44: =B44*C44 -> 0
A45: KHOAI TÂY VÀNG RỬA | D45: =B45*C45 -> 0
A46: KHOAI TÂY VÀNG TRUNG TÚI LƯỚI 500G | D46: =B46*C46 -> 0
A47: CẢI THẢO DL | D47: =B47*C47 -> 0
A48: CẢI THẢO DL(BẮP) | D48: =B48*C48 -> 0
A49: CẢI THẢO KIM CHI | D49: =B49*C49 -> 0
A50: CẢI THẢO VR | D50: =B50*C50 -> 0
A51: BẦU | B51: 4 | C51: 12000 | D51: =B51*C51 -> 48000
A52: BÍ ĐAO XANH | B52: 13 | C52: 15000 | D52: =B52*C52 -> 195000
A53: BÍ ĐAO XANH 400G | D53: =B53*C53 -> 0
A54: DƯA LEO | D54: =B54*C54 -> 0
A55: DƯA LEO 400G | B55: 40 | C55: 9000 | D55: =B55*C55 -> 360000
A56: KHỔ QUA | D56: =B56*C56 -> 0
A57: KHỔ QUA 400GR | D57: =B57*C57 -> 0
A58: MƯỚP HƯƠNG | D58: =B58*C58 -> 0
A59: MƯỚP HƯƠNG 300G | D59: =B59*C59 -> 0
A60: BÍ MINI VÀNG 300GR | D60: =B60*C60 -> 0
A61: BÍ MINI VÀNG KG | D61: =B61*C61 -> 0
A62: DƯA LEO GIỐNG NHẬT 600GR | D62: =B62*C62 -> 0
A63: DƯA LEO GIỐNG NHẬT KG | D63: =B63*C63 -> 0
A64: BƠ 034 | D64: =B64*C64 -> 0
A65: BƠ BOOTH | D65: =B65*C65 -> 0
A66: BƠ SÁP | D66: =B66*C66 -> 0
A67: KHOAI LANG MẬT (KG) 2-3 CỦ | B67: =280+10+200 -> 490 | C67: 26000 | D67: =B67*C67 -> 12740000
A68: KHOAI LANG MẬT (KG) 4-6 CỦ | B68: =240-40 -> 200 | C68: 25000 | D68: =B68*C68 -> 5000000
A69: KHOAI LANG MẬT 500G KQ | D69: =B69*C69 -> 0
A70: KHOAI LANG MẬT 500G VR | D70: =B70*C70 -> 0
A71: PARO | B71: 4 | C71: 10000 | D71: =B71*C71 -> 40000
A72: PARO (CÂY) | D72: =B72*C72 -> 0
A73: BẮP CẢI TÍM | B73: 5 | C73: 15000 | D73: =B73*C73 -> 75000
A74: BẮP CẢI TÍM (BẮP) | D74: =B74*C74 -> 0
A75: BẮP CẢI TÍM SUSHI | D75: =B75*C75 -> 0
A76: CÀ CHUA CHERRY MIX 300G | B76: 4 | C76: 10000 | D76: =B76*C76 -> 40000
A77: TÍA TÔ 50G | D77: =B77*C77 -> 0
A78: XÀ LÁCH LOLO XANH | B78: 20 | C78: 11000 | D78: =B78*C78 -> 220000
A79: XÀ LÁCH LOLO XANH SUSHI | D79: =B79*C79 -> 0
A80: XÀ LÁCH LOLO XANH TÚI 300GR | D80: =B80*C80 -> 0
A81: XÀ LÁCH ROMEN THUỶ CANH (KG) VR | D81: =B81*C81 -> 0
A82: CÀ RỐT DL | D82: =B82*C82 -> 0
A83: CÀ RỐT DL L1 | B83: =36+110+10 -> 156 | C83: 9000 | D83: =B83*C83 -> 1404000
A84: CÀ RỐT DL TÚI LƯỚI 500GR VR | D84: =B84*C84 -> 0
A85: CÀ RỐT TRUNG | D85: =B85*C85 -> 0
A86: CÀ RỐT TÚI LƯỚI 800G KQ | D86: =B86*C86 -> 0
A87: GỪNG | D87: =B87*C87 -> 0
A88: MỒNG TƠI | D88: =B88*C88 -> 0
A89: NGÒ RÍ | D89: =B89*C89 -> 0
A90: NGÒ RÍ TÚI 50GR | D90: =B90*C90 -> 0
A91: ỚT HIỂM | D91: =B91*C91 -> 0
A92: ỚT HIỂM 100G | D92: =B92*C92 -> 0
A93: THÌ LÀ | D93: =B93*C93 -> 0
A94: THÌ LÀ TÚI 80GR | D94: =B94*C94 -> 0
A95: CHUỐI LABA | B95: 5 | C95: 10000 | D95: =B95*C95 -> 50000
A96: BÔNG BÍ TÚI 300GR | D96: =B96*C96 -> 0
A97: BÔNG CẢI TRẮNG | B97: 10 | C97: 10000 | D97: =B97*C97 -> 100000
A98: BÔNG CẢI TRẮNG (CÂY) | D98: =B98*C98 -> 0
A99: SET RAU KÈM ỚT | D99: =B99*C99 -> 0
A100: SET RAU KHÔNG KÈM ỚT | D100: =B100*C100 -> 0
...

Sheet 26.2
A1: hàng tồn cuối ngày 26/2
A2: TÊN SẢN PHẨM | B2: TỒN TRƯỚC | C2: GIÁ NHẬP | D2: THÀNH TIỀN
A3: BẮP CẢI TÍM | B3: 6 | C3: 15000 | D3: =B3*C3 -> 90000
A4: BẮP CẢI TÍM (BẮP) | D4: =B4*C4 -> 0
A5: BẮP CẢI TÍM SUSHI | D5: =B5*C5 -> 0
A6: BẮP CẢI TRẮNG | D6: =B6*C6 -> 0
A7: BẮP CẢI TRẮNG (BẮP) | D7: =B7*C7 -> 0
A8: BẮP CẢI TRẮNG MỘC CHÂU | D8: =B8*C8 -> 0
A9: BẮP CẢI TRẮNG SÓI BIỂN | D9: =B9*C9 -> 0
A10: BẮP CẢI TRẮNG SUSHI | D10: =B10*C10 -> 0
A11: BẮP MỸ | D11: =B11*C11 -> 0
A12: BẦU | D12: =B12*C12 -> 0
A13: BÍ ĐAO XANH | D13: =B13*C13 -> 0
A14: BÍ ĐAO XANH 400G | D14: =B14*C14 -> 0
A15: BÍ ĐỎ HỒ LÔ | B15: 6 | C15: 9000 | D15: =B15*C15 -> 54000
A16: BÍ ĐỎ MINI | D16: =B16*C16 -> 0
A17: BÍ ĐỎ NON (KG)KQ | D17: =B17*C17 -> 0
A18: BÍ ĐỎ NON TRÁI VR | D18: =B18*C18 -> 0
A19: BÍ ĐỎ NON( KG) VR | D19: =B19*C19 -> 0
A20: BÍ ĐỎ TRÒN | B20: =45+300+60 -> 405 | C20: 6000 | D20: =B20*C20 -> 2430000
A21: BÍ MINI VÀNG 300GR | D21: =B21*C21 -> 0
A22: BÍ MINI VÀNG KG | D22: =B22*C22 -> 0
A23: BÍ NGÒI VÀNG | D23: =B23*C23 -> 0
A24: BÍ NGÒI VÀNG (TRÁI) | D24: =B24*C24 -> 0
A25: BÍ NGÒI XANH | B25: =10+30+15+15 -> 70 | C25: 8000 | D25: =B25*C25 -> 560000
A26: BÍ NGÒI XANH(TRÁI) | D26: =B26*C26 -> 0
A27: BÍ NHẬT | D27: =B27*C27 -> 0
A28: BƠ 034 | D28: =B28*C28 -> 0
A29: BƠ BOOTH | D29: =B29*C29 -> 0
A30: BƠ SÁP | D30: =B30*C30 -> 0
A31: BÓ XÔI | B31: 6 | C31: 15000 | D31: =B31*C31 -> 90000
A32: BÓ XÔI 300G VR | D32: =B32*C32 -> 0
A33: BÓ XÔI-HN KQ | D33: =B33*C33 -> 0
A34: BÓ XÔI-NA | D34: =B34*C34 -> 0
A35: BÔNG ATISO | D35: =B35*C35 -> 0
A36: BÔNG BÍ | D36: =B36*C36 -> 0
A37: BÔNG BÍ TÚI 300GR | D37: =B37*C37 -> 0
A38: BÔNG CẢI TRẮNG | B38: 4 | C38: 10000 | D38: =B38*C38 -> 40000
A39: BÔNG CẢI TRẮNG (CÂY) | D39: =B39*C39 -> 0
A40: BÔNG CẢI XANH 10P | B40: 50 | C40: 19000 | D40: =B40*C40 -> 950000
A41: BÔNG CẢI XANH AEON | D41: =B41*C41 -> 0
A42: BÔNG CẢI XANH AEON (CÂY) | D42: =B42*C42 -> 0
A43: BÔNG CẢI XANH BABY (KG) | D43: =B43*C43 -> 0
A44: BÔNG CẢI XANH BABY 200G | D44: =B44*C44 -> 0
A45: BÔNG CẢI XANH BIGC | D45: =B45*C45 -> 0
A46: BÔNG CẢI XANH CITI | D46: =B46*C46 -> 0
A47: CÀ CHUA | B47: =360+140+140+80+140 -> 860 | C47: 14000 | D47: =B47*C47 -> 12040000
A48: CÀ CHUA BI | D48: =B48*C48 -> 0
A49: CÀ CHUA BI (HỘP) 300GR KQ | D49: =B49*C49 -> 0
A50: CÀ CHUA BI (HỘP) 300GR VR | D50: =B50*C50 -> 0
A51: CÀ CHUA BI 300GR KQ (KG) | D51: =B51*C51 -> 0
A52: CÀ CHUA BI 300GR VR (KG) | D52: =B52*C52 -> 0
A53: CÀ CHUA BI CAM SỮA (KG) VR | D53: =B53*C53 -> 0
A54: CÀ CHUA BI COOP | B54: =1.5+2 -> 3.5 | C54: 13000 | D54: =B54*C54 -> 45500
A55: CÀ CHUA BI-NA | D55: =B55*C55 -> 0
A56: CÀ CHUA CHERRY MIX 300G | B56: 4 | C56: 10000 | D56: =B56*C56 -> 40000
A57: CÀ CHUA L1 | B57: 60 | C57: 9000 | D57: =B57*C57 -> 540000
A58: CÀ CHUA MỘC CHÂU | D58: =B58*C58 -> 0
A59: CÀ CHUA NGỌT | D59: =B59*C59 -> 0
A60: CÀ CHUA NGỌT 300GR (KG) | D60: =B60*C60 -> 0
A61: CÀ CHUA NGỌT XÁ | D61: =B61*C61 -> 0
A62: CÀ CHUA ROSEBERRY 300G | D62: =B62*C62 -> 0
A63: CÀ CHUA SÔCOLA 250GR (HỘP) VR | D63: =B63*C63 -> 0
A64: CÀ CHUA SÔCOLA 250GR (KG) -NA | D64: =B64*C64 -> 0
A65: CÀ CHUA SÔCOLA 250GR (KG) VR | D65: =B65*C65 -> 0
A66: CÀ CHUA SÔCOLA 250GR(KG) KQ | D66: =B66*C66 -> 0
A67: CÀ CHUA SÔCOLA 300GR (HỘP) VR | D67: =B67*C67 -> 0
A68: CÀ CHUA SOCOLA XÁ | D68: =B68*C68 -> 0
A69: CÀ CHUA SÔCOLA(HỘP) KQ | D69: =B69*C69 -> 0
... A71: CÀ CHUA VR | D71: =B71*C71 -> 0
A72: CÀ CHUA Ý | B72: =50+100+60 -> 210 | C72: 11000 | D72: =B72*C72 -> 2310000
A73: CÀ CHUA Ý 500G | D73: =B73*C73 -> 0
A74: CÀ CHUA Ý CHÙM | D74: =B74*C74 -> 0
A75: CÀ CHUA Ý(VỈ) KG | B75: 8 | C75: 9000 | D75: =B75*C75 -> 72000
A76: CÀ CHUA Ý(VỈ) KG KQ | D76: =B76*C76 -> 0
A77: CÀ RỐT BABY | D77: =B77*C77 -> 0
A78: CÀ RỐT BABY (KG) KQ | D78: =B78*C78 -> 0
A79: CÀ RỐT BABY 200GR | D79: =B79*C79 -> 0
A80: CÀ RỐT DL | D80: =B80*C80 -> 0
A81: CÀ RỐT DL L1 | D81: =B81*C81 -> 0
A82: CÀ RỐT DL TÚI LƯỚI 500GR VR | D82: =B82*C82 -> 0
A83: CÀ RỐT TRUNG | D83: =B83*C83 -> 0
A84: CÀ RỐT TÚI LƯỚI 800G KQ | D84: =B84*C84 -> 0
A85: CÀ TÍM | D85: =B85*C85 -> 0
A86: CÀ TÍM CẶP 400G | D86: =B86*C86 -> 0
A87: CÀ TÍM SỌC PHA LÊ 300G | D87: =B87*C87 -> 0
... A106: CẢI THẢO VR | D106: =B106*C106 -> 0
A107: CẦN TÂY (KG) | B107: =20+8+27 -> 55 | C107: 9000 | D107: =B107*C107 -> 495000
A108: CẦN TÂY THUỶ CANH | D108: =B108*C108 -> 0
A109: CẦN TÂY(CÂY) | D109: =B109*C109 -> 0
A110: CHANH DÂY | D110: =B110*C110 -> 0
A111: CHANH DÂY NGỌT L2 | D111: =B111*C111 -> 0
A112: CHANH DÂY NGỌT VỈ 300GR | D112: =B112*C112 -> 0
A113: CHANH KHÔNG HẠT | D113: =B113*C113 -> 0
A114: CHANH VÀNG (KG) | D114: =B114*C114 -> 0
A115: CHANH VÀNG TRÁI 180UP | D115: =B115*C115 -> 0
A116: CHẬU CÂY CẢI CẦU VỒNG | D116: =B116*C116 -> 0
A117: CHẬU CÂY CẢI KALE | D117: =B117*C117 -> 0
A118: CHẬU CÂY CẦN TÂY | D118: =B118*C118 -> 0
A119: CHUỐI LABA | D119: =B119*C119 -> 0
...

Sheet 27.2
A1: hàng tồn cuối ngày 27/2
A2: TÊN SẢN PHẨM | B2: TỒN TRƯỚC | C2: GIÁ NHẬP | D2: THÀNH TIỀN
A3: CÀ CHUA SÔCOLA 250GR (HỘP) VR | B3: 2 | C3: 5000 | D3: =B3*C3 -> 10000
A4: CÀ CHUA SÔCOLA 250GR (KG) -NA | D4: =B4*C4 -> 0
A5: CÀ CHUA SÔCOLA 250GR (KG) VR | D5: =B5*C5 -> 0
A6: CÀ CHUA SÔCOLA 250GR(KG) KQ | D6: =B6*C6 -> 0
A7: CÀ CHUA SÔCOLA 300GR (HỘP) VR | D7: =B7*C7 -> 0
A8: CÀ CHUA SOCOLA XÁ | D8: =B8*C8 -> 0
A9: CÀ CHUA SÔCOLA(HỘP) KQ | D9: =B9*C9 -> 0
A10: CÀ RỐT BABY | D10: =B10*C10 -> 0
A11: CÀ RỐT BABY (KG) KQ | D11: =B11*C11 -> 0
A12: CÀ RỐT BABY 200GR | D12: =B12*C12 -> 0
A13: CẢI CẦU VỒNG | D13: =B13*C13 -> 0
A14: CẢI CẦU VỒNG 300GR | B14: 5 | C14: 5500 | D14: =B14*C14 -> 27500
A15: CẢI KALE | D15: =B15*C15 -> 0
A16: CẢI KALE 300GR | D16: =B16*C16 -> 0
A17: CHANH VÀNG (KG) | D17: =B17*C17 -> 0
A18: CHANH VÀNG TRÁI 180UP | D18: =B18*C18 -> 0
A19: CẦN TÂY (KG) | B19: 40 | C19: 8000 | D19: =B19*C19 -> 320000
A20: CẦN TÂY THUỶ CANH | D20: =B20*C20 -> 0
A21: CẦN TÂY(CÂY) | D21: =B21*C21 -> 0
A22: ỚT CHUÔNG 3 MÀU(KG)VR | D22: =B22*C22 -> 0
A23: ỚT CHUÔNG ĐỎ | B23: =40+3+10+40+45 -> 138 | C23: 30000 | D23: =B23*C23 -> 4140000
A24: ỚT CHUÔNG ĐỎ L1 | D24: =B24*C24 -> 0
A25: ỚT CHUÔNG ĐỎ(TRÁI) | D25: =B25*C25 -> 0
A26: ỚT CHUÔNG 3 MÀU 350G | D26: =B26*C26 -> 0
A27: ỚT CHUÔNG 3 MÀU KQ(KG) | D27: =B27*C27 -> 0
A28: ỚT CHUÔNG VÀNG | B28: =20+25+20 -> 65 | C28: 28000 | D28: =B28*C28 -> 1820000
A29: ỚT CHUÔNG VÀNG L1 | D29: =B29*C29 -> 0
A30: ỚT CHUÔNG VÀNG(TRÁI) | D30: =B30*C30 -> 0
A31: ỚT CHUÔNG VÀNG+ XANH (VỈ) | D31: =B31*C31 -> 0
A32: ỚT CHUÔNG XANH | B32: =18+10+8 -> 36 | C32: 22000 | D32: =B32*C32 -> 792000
A33: ỚT CHUÔNG XANH L1 | D33: =B33*C33 -> 0
A34: ỚT CHUÔNG XANH(TRÁI) | D34: =B34*C34 -> 0
A35: CỦ DỀN | B35: =33+60 -> 93 | C35: 12000 | D35: =B35*C35 -> 1116000
A36: CỦ DỀN 600G | D36: =B36*C36 -> 0
A37: GỪNG 250GR | D37: =B37*C37 -> 0
A38: HỒNG GIÒN | D38: =B38*C38 -> 0
A39: XÀ LÁCH MỸ | D39: =B39*C39 -> 0
A40: KHOAI TÂY HỒNG | B40: 40 | C40: 18000 | D40: =B40*C40 -> 720000
A41: KHOAI TÂY HỒNG TÚI LƯỚI 500G | D41: =B41*C41 -> 0
A42: KHOAI TÂY VÀNG | D42: =B42*C42 -> 0
A43: KHOAI TÂY VÀNG ĐL | B43: =15+5+45+120 -> 185 | C43: 15000 | D43: =B43*C43 -> 2775000
A44: KHOAI TÂY VÀNG LỚN TÚI LƯỚI 500G | D44: =B44*C44 -> 0
A45: KHOAI TÂY VÀNG RỬA | D45: =B45*C45 -> 0
A46: KHOAI TÂY VÀNG TRUNG TÚI LƯỚI 500G | D46: =B46*C46 -> 0
A47: CẢI THẢO DL | D47: =B47*C47 -> 0
A48: CẢI THẢO DL(BẮP) | D48: =B48*C48 -> 0
A49: CẢI THẢO KIM CHI | D49: =B49*C49 -> 0
A50: CẢI THẢO VR | D50: =B50*C50 -> 0
A51: BẦU | D51: =B51*C51 -> 0
A52: BÍ ĐAO XANH | D52: =B52*C52 -> 0
A53: BÍ ĐAO XANH 400G | D53: =B53*C53 -> 0
A54: DƯA LEO | D54: =B54*C54 -> 0
A55: DƯA LEO 400G | D55: =B55*C55 -> 0
... A61: BÍ MINI VÀNG KG | D61: =B61*C61 -> 0
A62: DƯA LEO GIỐNG NHẬT 600GR | B62: 12 | C62: 9600 | D62: =B62*C62 -> 115200
A63: DƯA LEO GIỐNG NHẬT KG | D63: =B63*C63 -> 0
A64: BƠ 034 | D64: =B64*C64 -> 0
A65: BƠ BOOTH | D65: =B65*C65 -> 0
A66: BƠ SÁP | D66: =B66*C66 -> 0
A67: KHOAI LANG MẬT (KG) 2-3 CỦ | B67: =200+20+110+120 -> 450 | C67: 26000 | D67: =B67*C67 -> 11700000
A68: KHOAI LANG MẬT (KG) 4-6 CỦ | B68: =140+100+180+60 -> 480 | C68: 25000 | D68: =B68*C68 -> 12000000
A69: KHOAI LANG MẬT 500G KQ | D69: =B69*C69 -> 0
A70: KHOAI LANG MẬT 500G VR | D70: =B70*C70 -> 0
A71: PARO | B71: 12 | C71: 10000 | D71: =B71*C71 -> 120000
A72: PARO (CÂY) | D72: =B72*C72 -> 0
A73: BẮP CẢI TÍM | B73: 15 | C73: 12000 | D73: =B73*C73 -> 180000
A74: BẮP CẢI TÍM (BẮP) | D74: =B74*C74 -> 0
A75: BẮP CẢI TÍM SUSHI | D75: =B75*C75 -> 0
A76: CÀ CHUA CHERRY MIX 300G | B76: 8 | C76: 10000 | D76: =B76*C76 -> 80000
A77: TÍA TÔ 50G | D77: =B77*C77 -> 0
A78: XÀ LÁCH LOLO XANH | D78: =B78*C78 -> 0
A79: XÀ LÁCH LOLO XANH SUSHI | D79: =B79*C79 -> 0
A80: XÀ LÁCH LOLO XANH TÚI 300GR | D80: =B80*C80 -> 0
A81: XÀ LÁCH ROMEN THUỶ CANH (KG) VR | D81: =B81*C81 -> 0
A82: CÀ RỐT DL | D82: =B82*C82 -> 0
A83: CÀ RỐT DL L1 | D83: =B83*C83 -> 0
A84: CÀ RỐT DL TÚI LƯỚI 500GR VR | D84: =B84*C84 -> 0
A85: CÀ RỐT TRUNG | D85: =B85*C85 -> 0
A86: CÀ RỐT TÚI LƯỚI 800G KQ | D86: =B86*C86 -> 0
A87: GỪNG | D87: =B87*C87 -> 0
A88: MỒNG TƠI | D88: =B88*C88 -> 0
... A96: BÔNG BÍ TÚI 300GR | D96: =B96*C96 -> 0
A97: BÔNG CẢI TRẮNG | B97: 28 | C97: 10000 | D97: =B97*C97 -> 280000
A98: BÔNG CẢI TRẮNG (CÂY) | D98: =B98*C98 -> 0
A99: SET RAU KÈM ỚT | D99: =B99*C99 -> 0
A100: SET RAU KHÔNG KÈM ỚT | D100: =B100*C100 -> 0
A101: ĐẬU BO | D101: =B101*C101 -> 0
A102: ĐẬU BO 250GR | D102: =B102*C102 -> 0
A103: ĐẬU CÚC | D103: =B103*C103 -> 0
A104: ĐẬU CÚC 250GR | B104: 4 | C104: 17500 | D104: =B104*C104 -> 70000
A105: ĐẬU ĐỎ | D105: =B105*C105 -> 0
A106: ĐẬU ĐỎ 250GR | D106: =B106*C106 -> 0
A107: ĐẬU HÀ LAN-FUJI | D107: =B107*C107 -> 0
A108: ĐẬU NGỰ | D108: =B108*C108 -> 0
A109: ĐẬU NGỰ 250GR | D109: =B109*C109 -> 0
A110: DAU THAP CAM (HON HOP) TUOI 100G | D110: =B110*C110 -> 0
A111: ĐẬU TRẮNG | D111: =B111*C111 -> 0
A112: ĐẬU TRẮNG 250GR | D112: =B112*C112 -> 0
...

Sheet 28.2
A1: hàng tồn cuối ngày 28/2
A2: TÊN SẢN PHẨM | B2: TỒN TRƯỚC | C2: GIÁ NHẬP | D2: THÀNH TIỀN
A3: CÀ CHUA SÔCOLA 250GR (HỘP) VR | D3: =B3*C3 -> 0
A4: CÀ CHUA SÔCOLA 250GR (KG) -NA | D4: =B4*C4 -> 0
A5: CÀ CHUA SÔCOLA 250GR (KG) VR | D5: =B5*C5 -> 0
A6: CÀ CHUA SÔCOLA 250GR(KG) KQ | D6: =B6*C6 -> 0
A7: CÀ CHUA SÔCOLA 300GR (HỘP) VR | D7: =B7*C7 -> 0
A8: CÀ CHUA SOCOLA XÁ | D8: =B8*C8 -> 0
A9: CÀ CHUA SÔCOLA(HỘP) KQ | D9: =B9*C9 -> 0
A10: CÀ RỐT BABY | D10: =B10*C10 -> 0
A11: CÀ RỐT BABY (KG) KQ | D11: =B11*C11 -> 0
A12: CÀ RỐT BABY 200GR | D12: =B12*C12 -> 0
A13: CẢI CẦU VỒNG | D13: =B13*C13 -> 0
A14: CẢI CẦU VỒNG 300GR | B14: 14 | C14: 6000 | D14: =B14*C14 -> 84000
A15: CẢI KALE | D15: =B15*C15 -> 0
A16: CẢI KALE 300GR | D16: =B16*C16 -> 0
A17: CHANH VÀNG (KG) | D17: =B17*C17 -> 0
A18: CHANH VÀNG TRÁI 180UP | D18: =B18*C18 -> 0
A19: CẦN TÂY (KG) | B19: 35 | C19: 9000 | D19: =B19*C19 -> 315000
A20: CẦN TÂY THUỶ CANH | D20: =B20*C20 -> 0
A21: CẦN TÂY(CÂY) | D21: =B21*C21 -> 0
A22: ỚT CHUÔNG 3 MÀU(KG)VR | D22: =B22*C22 -> 0
A23: ỚT CHUÔNG ĐỎ | B23: =10+45+15 -> 70 | C23: 34000 | D23: =B23*C23 -> 2380000
A24: ỚT CHUÔNG ĐỎ L1 | D24: =B24*C24 -> 0
A25: ỚT CHUÔNG ĐỎ(TRÁI) | D25: =B25*C25 -> 0
A26: ỚT CHUÔNG 3 MÀU 350G | B26: 15 | C26: 11000 | D26: =B26*C26 -> 165000
A27: ỚT CHUÔNG 3 MÀU KQ(KG) | D27: =B27*C27 -> 0
A28: ỚT CHUÔNG VÀNG | B28: =8+10+7 -> 25 | C28: 30000 | D28: =B28*C28 -> 750000
A29: ỚT CHUÔNG VÀNG L1 | D29: =B29*C29 -> 0
A30: ỚT CHUÔNG VÀNG(TRÁI) | D30: =B30*C30 -> 0
A31: ỚT CHUÔNG VÀNG+ XANH (VỈ) | D31: =B31*C31 -> 0
A32: ỚT CHUÔNG XANH | B32: =20+18+12 -> 50 | C32: 22000 | D32: =B32*C32 -> 1100000
A33: ỚT CHUÔNG XANH L1 | D33: =B33*C33 -> 0
A34: ỚT CHUÔNG XANH(TRÁI) | D34: =B34*C34 -> 0
A35: CỦ DỀN | B35: 70 | C35: 12000 | D35: =B35*C35 -> 840000
A36: CỦ DỀN 600G | D36: =B36*C36 -> 0
A37: GỪNG 250GR | D37: =B37*C37 -> 0
A38: HỒNG GIÒN | D38: =B38*C38 -> 0
A39: XÀ LÁCH MỸ | D39: =B39*C39 -> 0
A40: KHOAI TÂY HỒNG | B40: 18 | C40: 28000 | D40: =B40*C40 -> 504000
A41: KHOAI TÂY HỒNG TÚI LƯỚI 500G | D41: =B41*C41 -> 0
A42: KHOAI TÂY VÀNG | D42: =B42*C42 -> 0
A43: KHOAI TÂY VÀNG ĐL | B43: =90+35 -> 125 | C43: 15000 | D43: =B43*C43 -> 1875000
A44: KHOAI TÂY VÀNG LỚN TÚI LƯỚI 500G | D44: =B44*C44 -> 0
A45: KHOAI TÂY VÀNG RỬA | D45: =B45*C45 -> 0
A46: KHOAI TÂY VÀNG TRUNG TÚI LƯỚI 500G | D46: =B46*C46 -> 0
A47: CẢI THẢO DL | D47: =B47*C47 -> 0
A48: CẢI THẢO DL(BẮP) | D48: =B48*C48 -> 0
A49: CẢI THẢO KIM CHI | D49: =B49*C49 -> 0
A50: CẢI THẢO VR | D50: =B50*C50 -> 0
A51: BẦU | D51: =B51*C51 -> 0
A52: BÍ ĐAO XANH | D52: =B52*C52 -> 0
A53: BÍ ĐAO XANH 400G | D53: =B53*C53 -> 0
A54: DƯA LEO | B54: 10 | C54: 13000 | D54: =B54*C54 -> 130000
A55: DƯA LEO 400G | D55: =B55*C55 -> 0
A56: KHỔ QUA | B56: 5 | C56: 25000 | D56: =B56*C56 -> 125000
A57: KHỔ QUA 400GR | D57: =B57*C57 -> 0
A58: MƯỚP HƯƠNG | D58: =B58*C58 -> 0
A59: MƯỚP HƯƠNG 300G | D59: =B59*C59 -> 0
A60: BÍ MINI VÀNG 300GR | D60: =B60*C60 -> 0
A61: BÍ MINI VÀNG KG | D61: =B61*C61 -> 0
A62: DƯA LEO GIỐNG NHẬT 600GR | B62: 10 | C62: 9600 | D62: =B62*C62 -> 96000
A63: DƯA LEO GIỐNG NHẬT KG | D63: =B63*C63 -> 0
A64: BƠ 034 | D64: =B64*C64 -> 0
A65: BƠ BOOTH | D65: =B65*C65 -> 0
A66: BƠ SÁP | D66: =B66*C66 -> 0
A67: KHOAI LANG MẬT (KG) 2-3 CỦ | B67: =480+60+60 -> 600 | C67: 25000 | D67: =B67*C67 -> 15000000
A68: KHOAI LANG MẬT (KG) 4-6 CỦ | B68: =160+20+20+70 -> 270 | C68: 24000 | D68: =B68*C68 -> 6480000
A69: KHOAI LANG MẬT 500G KQ | D69: =B69*C69 -> 0
A70: KHOAI LANG MẬT 500G VR | D70: =B70*C70 -> 0
A71: PARO | B71: 9 | C71: 10000 | D71: =B71*C71 -> 90000
A72: PARO (CÂY) | D72: =B72*C72 -> 0
A73: BẮP CẢI TÍM | B73: 23 | C73: 15000 | D73: =B73*C73 -> 345000
A74: BẮP CẢI TÍM (BẮP) | D74: =B74*C74 -> 0
A75: BẮP CẢI TÍM SUSHI | D75: =B75*C75 -> 0
A76: CÀ CHUA CHERRY MIX 300G | D76: =B76*C76 -> 0
A77: TÍA TÔ 50G | D77: =B77*C77 -> 0
A78: XÀ LÁCH LOLO XANH | B78: 2 | C78: 11000 | D78: =B78*C78 -> 22000
A79: XÀ LÁCH LOLO XANH SUSHI | D79: =B79*C79 -> 0
A80: XÀ LÁCH LOLO XANH TÚI 300GR | D80: =B80*C80 -> 0
A81: XÀ LÁCH ROMEN THUỶ CANH (KG) VR | D81: =B81*C81 -> 0
A82: CÀ RỐT DL | D82: =B82*C82 -> 0
A83: CÀ RỐT DL L1 | B83: 36 | C83: 8500 | D83: =B83*C83 -> 306000
A84: CÀ RỐT DL TÚI LƯỚI 500GR VR | D84: =B84*C84 -> 0
A85: CÀ RỐT TRUNG | D85: =B85*C85 -> 0
A86: CÀ RỐT TÚI LƯỚI 800G KQ | D86: =B86*C86 -> 0
A87: GỪNG | D87: =B87*C87 -> 0
A88: MỒNG TƠI | D88: =B88*C88 -> 0
A89: NGÒ RÍ | D89: =B89*C89 -> 0
A90: NGÒ RÍ TÚI 50GR | D90: =B90*C90 -> 0
A91: ỚT HIỂM | D91: =B91*C91 -> 0
A92: ỚT HIỂM 100G | D92: =B92*C92 -> 0
A93: THÌ LÀ | D93: =B93*C93 -> 0
A94: THÌ LÀ TÚI 80GR | D94: =B94*C94 -> 0
A95: CHUỐI LABA | D95: =B95*C95 -> 0
A96: BÔNG BÍ TÚI 300GR | D96: =B96*C96 -> 0
A97: BÔNG CẢI TRẮNG | B97: 8 | C97: 10000 | D97: =B97*C97 -> 80000
A98: BÔNG CẢI TRẮNG (CÂY) | D98: =B98*C98 -> 0
A99: SET RAU KÈM ỚT | D99: =B99*C99 -> 0
A100: SET RAU KHÔNG KÈM ỚT | D100: =B100*C100 -> 0
...

Sheet 29.2
A1: hàng tồn cuối ngày 29/2 | B1: Stock | D1: Safety stock
A2: TÊN SẢN PHẨM | B2: TỒN TRƯỚC | C2: GIÁ NHẬP | D2: THÀNH TIỀN
A3: CÀ CHUA SÔCOLA 250GR (HỘP) VR | B3: 3 | C3: 5000 | D3: =B3*C3 -> 15000
A4: CÀ CHUA SÔCOLA 250GR (KG) -NA | D4: =B4*C4 -> 0
A5: CÀ CHUA SÔCOLA 250GR (KG) VR | D5: =B5*C5 -> 0
A6: CÀ CHUA SÔCOLA 250GR(KG) KQ | D6: =B6*C6 -> 0
A7: CÀ CHUA SÔCOLA 300GR (HỘP) VR | D7: =B7*C7 -> 0
A8: CÀ CHUA SOCOLA XÁ | D8: =B8*C8 -> 0
A9: CÀ CHUA SÔCOLA(HỘP) KQ | D9: =B9*C9 -> 0
A10: CÀ RỐT BABY | D10: =B10*C10 -> 0
A11: CÀ RỐT BABY (KG) KQ | D11: =B11*C11 -> 0
A12: CÀ RỐT BABY 200GR | D12: =B12*C12 -> 0
A13: CẢI CẦU VỒNG | D13: =B13*C13 -> 0
A14: CẢI CẦU VỒNG 300GR | D14: =B14*C14 -> 0
A15: CẢI KALE | D15: =B15*C15 -> 0
A16: CẢI KALE 300GR | B16: 3 | C16: 4000 | D16: =B16*C16 -> 12000
A17: CHANH VÀNG (KG) | D17: =B17*C17 -> 0
A18: CHANH VÀNG TRÁI 180UP | D18: =B18*C18 -> 0
A19: CẦN TÂY (KG) | B19: 30 | C19: 9000 | D19: =B19*C19 -> 270000
A20: CẦN TÂY THUỶ CANH | D20: =B20*C20 -> 0
A21: CẦN TÂY(CÂY) | D21: =B21*C21 -> 0
A22: ỚT CHUÔNG 3 MÀU(KG)VR | D22: =B22*C22 -> 0
A23: ỚT CHUÔNG ĐỎ | B23: =37+38 -> 75 | C23: 34000 | D23: =B23*C23 -> 2550000
A24: ỚT CHUÔNG ĐỎ L1 | D24: =B24*C24 -> 0
A25: ỚT CHUÔNG ĐỎ(TRÁI) | D25: =B25*C25 -> 0
A26: ỚT CHUÔNG 3 MÀU 350G | D26: =B26*C26 -> 0
A27: ỚT CHUÔNG 3 MÀU KQ(KG) | D27: =B27*C27 -> 0
A28: ỚT CHUÔNG VÀNG | B28: =57+8-7 -> 58 | C28: 30000 | D28: =B28*C28 -> 1740000
A29: ỚT CHUÔNG VÀNG L1 | D29: =B29*C29 -> 0
A30: ỚT CHUÔNG VÀNG(TRÁI) | D30: =B30*C30 -> 0
A31: ỚT CHUÔNG VÀNG+ XANH (VỈ) | D31: =B31*C31 -> 0
A32: ỚT CHUÔNG XANH | B32: =10+18+20 -> 48 | C32: 25000 | D32: =B32*C32 -> 1200000
A33: ỚT CHUÔNG XANH L1 | D33: =B33*C33 -> 0
A34: ỚT CHUÔNG XANH(TRÁI) | D34: =B34*C34 -> 0
A35: CỦ DỀN | B35: 78 | C35: 11000 | D35: =B35*C35 -> 858000
A36: CỦ DỀN 600G | D36: =B36*C36 -> 0
A37: GỪNG 250GR | D37: =B37*C37 -> 0
A38: HỒNG GIÒN | D38: =B38*C38 -> 0
A39: XÀ LÁCH MỸ | D39: =B39*C39 -> 0
A40: KHOAI TÂY HỒNG | D40: =B40*C40 -> 0
A41: KHOAI TÂY HỒNG TÚI LƯỚI 500G | D41: =B41*C41 -> 0
A42: KHOAI TÂY VÀNG | D42: =B42*C42 -> 0
A43: KHOAI TÂY VÀNG ĐL | B43: =140+120 -> 260 | C43: 15000 | D43: =B43*C43 -> 3900000
A44: KHOAI TÂY VÀNG LỚN TÚI LƯỚI 500G | D44: =B44*C44 -> 0
A45: KHOAI TÂY VÀNG RỬA | D45: =B45*C45 -> 0
A46: KHOAI TÂY VÀNG TRUNG TÚI LƯỚI 500G | D46: =B46*C46 -> 0
A47: CẢI THẢO DL | D47: =B47*C47 -> 0
A48: CẢI THẢO DL(BẮP) | D48: =B48*C48 -> 0
A49: CẢI THẢO KIM CHI | D49: =B49*C49 -> 0
A50: CẢI THẢO VR | D50: =B50*C50 -> 0
A51: BẦU | B51: 4 | C51: 10000 | D51: =B51*C51 -> 40000
A52: BÍ ĐAO XANH | B52: 3 | C52: 13000 | D52: =B52*C52 -> 39000
A53: BÍ ĐAO XANH 400G | D53: =B53*C53 -> 0
A54: DƯA LEO | D54: =B54*C54 -> 0
A55: DƯA LEO 400G | D55: =B55*C55 -> 0
A56: KHỔ QUA | D56: =B56*C56 -> 0
A57: KHỔ QUA 400GR | D57: =B57*C57 -> 0
A58: MƯỚP HƯƠNG | D58: =B58*C58 -> 0
A59: MƯỚP HƯƠNG 300G | D59: =B59*C59 -> 0
A60: BÍ MINI VÀNG 300GR | D60: =B60*C60 -> 0
A61: BÍ MINI VÀNG KG | D61: =B61*C61 -> 0
A62: DƯA LEO GIỐNG NHẬT 600GR | D62: =B62*C62 -> 0
A63: DƯA LEO GIỐNG NHẬT KG | D63: =B63*C63 -> 0
A64: BƠ 034 | D64: =B64*C64 -> 0
... A66: BƠ SÁP | D66: =B66*C66 -> 0
A67: KHOAI LANG MẬT (KG) 2-3 CỦ | B67: =140+40+60+180 -> 420 | C67: 25000 | D67: =B67*C67 -> 10500000
A68: KHOAI LANG MẬT (KG) 4-6 CỦ | B68: 340 | C68: 24000 | D68: =B68*C68 -> 8160000
A69: KHOAI LANG MẬT 500G KQ | D69: =B69*C69 -> 0
A70: KHOAI LANG MẬT 500G VR | D70: =B70*C70 -> 0
A71: PARO | B71: 28 | C71: 10000 | D71: =B71*C71 -> 280000
A72: PARO (CÂY) | D72: =B72*C72 -> 0
A73: BẮP CẢI TÍM | B73: =6+5+9 -> 20 | C73: 15000 | D73: =B73*C73 -> 300000
A74: BẮP CẢI TÍM (BẮP) | D74: =B74*C74 -> 0
A75: BẮP CẢI TÍM SUSHI | D75: =B75*C75 -> 0
A76: CÀ CHUA CHERRY MIX 300G | D76: =B76*C76 -> 0
A77: TÍA TÔ 50G | D77: =B77*C77 -> 0
A78: XÀ LÁCH LOLO XANH | B78: 2 | C78: 11000 | D78: =B78*C78 -> 22000
A79: XÀ LÁCH LOLO XANH SUSHI | D79: =B79*C79 -> 0
A80: XÀ LÁCH LOLO XANH TÚI 300GR | D80: =B80*C80 -> 0
A81: XÀ LÁCH ROMEN THUỶ CANH (KG) VR | D81: =B81*C81 -> 0
A82: CÀ RỐT DL | D82: =B82*C82 -> 0
A83: CÀ RỐT DL L1 | D83: =B83*C83 -> 0
A84: CÀ RỐT DL TÚI LƯỚI 500GR VR | D84: =B84*C84 -> 0
A85: CÀ RỐT TRUNG | D85: =B85*C85 -> 0
A86: CÀ RỐT TÚI LƯỚI 800G KQ | D86: =B86*C86 -> 0
A87: GỪNG | D87: =B87*C87 -> 0
A88: MỒNG TƠI | D88: =B88*C88 -> 0
A89: NGÒ RÍ | D89: =B89*C89 -> 0
A90: NGÒ RÍ TÚI 50GR | D90: =B90*C90 -> 0
... A112: ĐẬU TRẮNG 250GR | D112: =B112*C112 -> 0
A113: CÀ CHUA | B113: =40+170+250+240 -> 700 | C113: 14000 | D113: =B113*C113 -> 9800000
A114: CÀ CHUA L1 | B114: =20+18 -> 38 | C114: 9000 | D114: =B114*C114 -> 342000
A115: CÀ CHUA VỈ 400GR | D115: =B115*C115 -> 0
A116: CÀ CHUA VR | D116: =B116*C116 -> 0
A117: BÍ ĐỎ MINI | D117: =B117*C117 -> 0
A118: ỚT SỪNG 100G | D118: =B118*C118 -> 0
A119: XẢ CÂY | D119: =B119*C119 -> 0
A120: BÍ ĐỎ TRÒN | B120: =2000+1300 -> 3300 | C120: 5000 | D120: =B120*C120 -> 16500000
A121: BÔNG ATISO | D121: =B121*C121 -> 0
A122: BÔNG CẢI XANH BABY (KG) | D122: =B122*C122 -> 0
...
