Workbook

Sheet 1.12
A1: hàng tồn cuối ngày 1/12
A2: TÊN SẢN PHẨM | B2: TỒN TRƯỚC | C2: GIÁ NHẬP | D2: THÀNH TIỀN
A3: CÀ CHUA SÔCOLA 250GR (HỘP) VR | D3: =B3*C3 -> 0
A4: CÀ CHUA SÔCOLA 250GR (KG) -NA | D4: =B4*C4 -> 0
A5: CÀ CHUA SÔCOLA 250GR (KG) VR | D5: =B5*C5 -> 0
A6: CÀ CHUA SÔCOLA 250GR(KG) KQ | D6: =B6*C6 -> 0
A7: CÀ CHUA SÔCOLA 300GR (HỘP) VR | D7: =B7*C7 -> 0
A8: CÀ CHUA SOCOLA XÁ | D8: =B8*C8 -> 0
A9: CÀ CHUA SÔCOLA(HỘP) KQ | D9: =B9*C9 -> 0
A10: CÀ RỐT BABY | D10: =B10*C10 -> 0
A11: CÀ RỐT BABY (KG) KQ | D11: =B11*C11 -> 0
A12: CÀ RỐT BABY 200GR | D12: =B12*C12 -> 0
A13: CẢI CẦU VỒNG | D13: =B13*C13 -> 0
A14: CẢI CẦU VỒNG 300GR | D14: =B14*C14 -> 0
... A22: ỚT CHUÔNG 3 MÀU(KG)VR | D22: =B22*C22 -> 0
A23: ỚT CHUÔNG ĐỎ | B23: =20+39+75+50+50 -> 234 | C23: 27000 | D23: =B23*C23 -> 6318000
A24: ỚT CHUÔNG ĐỎ L1 | D24: =B24*C24 -> 0
A25: ỚT CHUÔNG ĐỎ(TRÁI) | D25: =B25*C25 -> 0
A26: ỚT CHUÔNG 3 MÀU 350G | B26: 30 | C26: 12000 | D26: =B26*C26 -> 360000
A27: ỚT CHUÔNG 3 MÀU KQ(KG) | D27: =B27*C27 -> 0
A28: ỚT CHUÔNG VÀNG | B28: =60+20 -> 80 | C28: 35000 | D28: =B28*C28 -> 2800000
A29: ỚT CHUÔNG VÀNG L1 | D29: =B29*C29 -> 0
A30: ỚT CHUÔNG VÀNG(TRÁI) | D30: =B30*C30 -> 0
A31: ỚT CHUÔNG VÀNG+ XANH (VỈ) | D31: =B31*C31 -> 0
A32: ỚT CHUÔNG XANH | B32: =40+5+12 -> 57 | C32: 35000 | D32: =B32*C32 -> 1995000
A33: ỚT CHUÔNG XANH L1 | B33: 20 | C33: 29000 | D33: =B33*C33 -> 580000
A34: ỚT CHUÔNG XANH(TRÁI) | D34: =B34*C34 -> 0
A35: CỦ DỀN | B35: 22 | C35: 13000 | D35: =B35*C35 -> 286000
A36: CỦ DỀN 600G | D36: =B36*C36 -> 0
A37: GỪNG 250GR | D37: =B37*C37 -> 0
A38: HỒNG GIÒN | D38: =B38*C38 -> 0
A39: XÀ LÁCH MỸ | D39: =B39*C39 -> 0
A40: KHOAI TÂY HỒNG | D40: =B40*C40 -> 0
A41: KHOAI TÂY HỒNG TÚI LƯỚI 500G | D41: =B41*C41 -> 0
A42: KHOAI TÂY VÀNG | B42: =60+40+15 -> 115 | C42: 12000 | D42: =B42*C42 -> 1380000
A43: KHOAI TÂY VÀNG ĐL | B43: =80+20+300+20+10+40+30 -> 500 | C43: 18000 | D43: =B43*C43 -> 9000000
A44: KHOAI TÂY VÀNG LỚN TÚI LƯỚI 500G | B44: 110 | C44: 15000 | D44: =B44*C44 -> 1650000
A45: KHOAI TÂY VÀNG RỬA | D45: =B45*C45 -> 0
A46: KHOAI TÂY VÀNG TRUNG TÚI LƯỚI 500G | D46: =B46*C46 -> 0
A47: CẢI THẢO DL | B47: 80 | C47: 9000 | D47: =B47*C47 -> 720000
A48: CẢI THẢO DL(BẮP) | D48: =B48*C48 -> 0
A49: CẢI THẢO KIM CHI | D49: =B49*C49 -> 0
A50: CẢI THẢO VR | D50: =B50*C50 -> 0
A51: BẦU | B51: 8 | C51: 10000 | D51: =B51*C51 -> 80000
A52: BÍ ĐAO XANH | D52: =B52*C52 -> 0
A53: BÍ ĐAO XANH 400G | D53: =B53*C53 -> 0
A54: DƯA LEO | B54: 5 | C54: 8000 | D54: =B54*C54 -> 40000
A55: DƯA LEO 400G | D55: =B55*C55 -> 0
A56: KHỔ QUA | D56: =B56*C56 -> 0
A57: KHỔ QUA 400GR | B57: 25 | C57: 8000 | D57: =B57*C57 -> 200000
A58: KHỔ QUA BÓ 350-500GR | D58: =B58*C58 -> 0
A59: MƯỚP HƯƠNG | D59: =B59*C59 -> 0
A60: MƯỚP HƯƠNG 300G | D60: =B60*C60 -> 0
A61: BÍ MINI VÀNG 300GR | D61: =B61*C61 -> 0
A62: BÍ MINI VÀNG KG | D62: =B62*C62 -> 0
A63: DƯA LEO GIỐNG NHẬT 600GR | D63: =B63*C63 -> 0
A64: DƯA LEO GIỐNG NHẬT KG | D64: =B64*C64 -> 0
A65: BƠ 034 | D65: =B65*C65 -> 0
A66: BƠ BOOTH | B66: 10 | C66: 43000 | D66: =B66*C66 -> 430000
A67: BƠ SÁP | D67: =B67*C67 -> 0
A68: KHOAI LANG MẬT (KG) 2-3 CỦ | B68: =60+140+100+260 -> 560 | C68: 25000 | D68: =B68*C68 -> 14000000
A69: KHOAI LANG MẬT (KG) 4-6 CỦ | B69: =60+240 -> 300 | C69: 24000 | D69: =B69*C69 -> 7200000
A70: KHOAI LANG MẬT 500G KQ | D70: =B70*C70 -> 0
A71: KHOAI LANG MẬT 500G VR | D71: =B71*C71 -> 0
A72: PARO | D72: =B72*C72 -> 0
A73: PARO (CÂY) | D73: =B73*C73 -> 0
A74: BẮP CẢI TÍM | B74: =15+10 -> 25 | C74: 22000 | D74: =B74*C74 -> 550000
A75: BẮP CẢI TÍM (BẮP) | D75: =B75*C75 -> 0
A76: BẮP CẢI TÍM SUSHI | D76: =B76*C76 -> 0
A77: CÀ CHUA CHERRY MIX 300G | D77: =B77*C77 -> 0
A78: TÍA TÔ 50G | D78: =B78*C78 -> 0
A79: XÀ LÁCH LOLO XANH | D79: =B79*C79 -> 0
A80: XÀ LÁCH LOLO XANH SUSHI | D80: =B80*C80 -> 0
A81: XÀ LÁCH LOLO XANH TÚI 300GR | D81: =B81*C81 -> 0
A82: XÀ LÁCH ROMEN THUỶ CANH (KG) VR | D82: =B82*C82 -> 0
A83: CÀ RỐT DL | D83: =B83*C83 -> 0
A84: CÀ RỐT DL L1 | B84: =100+12 -> 112 | C84: 10500 | D84: =B84*C84 -> 1176000
A85: CÀ RỐT DL TÚI LƯỚI 500GR VR | D85: =B85*C85 -> 0
A86: CÀ RỐT TRUNG | D86: =B86*C86 -> 0
A87: CÀ RỐT TÚI LƯỚI 800G KQ | D87: =B87*C87 -> 0
A88: GỪNG | D88: =B88*C88 -> 0
A89: MỒNG TƠI | D89: =B89*C89 -> 0
A90: NGÒ RÍ | D90: =B90*C90 -> 0
A91: NGÒ RÍ TÚI 50GR | D91: =B91*C91 -> 0
A92: ỚT HIỂM | D92: =B92*C92 -> 0
A93: ỚT HIỂM 100G | D93: =B93*C93 -> 0
A94: THÌ LÀ | D94: =B94*C94 -> 0
A95: THÌ LÀ TÚI 80GR | D95: =B95*C95 -> 0
A96: CHUỐI LABA | D96: =B96*C96 -> 0
A97: BÔNG BÍ TÚI 300GR | D97: =B97*C97 -> 0
A98: BÔNG CẢI TRẮNG | B98: 7 | C98: 29000 | D98: =B98*C98 -> 203000
A99: BÔNG CẢI TRẮNG (CÂY) | D99: =B99*C99 -> 0
A100: SET RAU KÈM ỚT | D100: =B100*C100 -> 0
A101: SET RAU KHÔNG KÈM ỚT | D101: =B101*C101 -> 0
A102: ĐẬU BO | D102: =B102*C102 -> 0
A103: ĐẬU BO 250GR | D103: =B103*C103 -> 0
A104: ĐẬU CÚC | D104: =B104*C104 -> 0
A105: ĐẬU CÚC 250GR | D105: =B105*C105 -> 0
A106: ĐẬU ĐỎ | D106: =B106*C106 -> 0
A107: ĐẬU ĐỎ 250GR | D107: =B107*C107 -> 0
...

Sheet 2.12
A1: hàng tồn cuối ngày 2/12
A2: TÊN SẢN PHẨM | B2: TỒN TRƯỚC | C2: GIÁ NHẬP | D2: THÀNH TIỀN
A3: CÀ CHUA SÔCOLA 250GR (HỘP) VR | D3: =B3*C3 -> 0
A4: CÀ CHUA SÔCOLA 250GR (KG) -NA | D4: =B4*C4 -> 0
A5: CÀ CHUA SÔCOLA 250GR (KG) VR | D5: =B5*C5 -> 0
A6: CÀ CHUA SÔCOLA 250GR(KG) KQ | D6: =B6*C6 -> 0
A7: CÀ CHUA SÔCOLA 300GR (HỘP) VR | D7: =B7*C7 -> 0
A8: CÀ CHUA SOCOLA XÁ | D8: =B8*C8 -> 0
A9: CÀ CHUA SÔCOLA(HỘP) KQ | D9: =B9*C9 -> 0
A10: CÀ RỐT BABY | D10: =B10*C10 -> 0
A11: CÀ RỐT BABY (KG) KQ | D11: =B11*C11 -> 0
A12: CÀ RỐT BABY 200GR | D12: =B12*C12 -> 0
A13: CẢI CẦU VỒNG | D13: =B13*C13 -> 0
A14: CẢI CẦU VỒNG 300GR | D14: =B14*C14 -> 0
... A22: ỚT CHUÔNG 3 MÀU(KG)VR | D22: =B22*C22 -> 0
A23: ỚT CHUÔNG ĐỎ | B23: 100 | C23: 26000 | D23: =B23*C23 -> 2600000
A24: ỚT CHUÔNG ĐỎ L1 | B24: 5 | C24: 24000 | D24: =B24*C24 -> 120000
A25: ỚT CHUÔNG ĐỎ(TRÁI) | D25: =B25*C25 -> 0
A26: ỚT CHUÔNG 3 MÀU 350G | B26: 18 | C26: 11000 | D26: =B26*C26 -> 198000
A27: ỚT CHUÔNG 3 MÀU KQ(KG) | D27: =B27*C27 -> 0
A28: ỚT CHUÔNG VÀNG | B28: 40 | C28: 32000 | D28: =B28*C28 -> 1280000
A29: ỚT CHUÔNG VÀNG L1 | D29: =B29*C29 -> 0
A30: ỚT CHUÔNG VÀNG(TRÁI) | D30: =B30*C30 -> 0
A31: ỚT CHUÔNG VÀNG+ XANH (VỈ) | D31: =B31*C31 -> 0
A32: ỚT CHUÔNG XANH | B32: 60 | C32: 32000 | D32: =B32*C32 -> 1920000
A33: ỚT CHUÔNG XANH L1 | B33: 25 | C33: 27000 | D33: =B33*C33 -> 675000
A34: ỚT CHUÔNG XANH(TRÁI) | D34: =B34*C34 -> 0
A35: CỦ DỀN | B35: =60+27+20+5 -> 112 | C35: 14000 | D35: =B35*C35 -> 1568000
A36: CỦ DỀN 600G | D36: =B36*C36 -> 0
A37: GỪNG 250GR | D37: =B37*C37 -> 0
A38: HỒNG GIÒN | D38: =B38*C38 -> 0
A39: XÀ LÁCH MỸ | D39: =B39*C39 -> 0
A40: KHOAI TÂY HỒNG | B40: 18 | C40: 25000 | D40: =B40*C40 -> 450000
A41: KHOAI TÂY HỒNG TÚI LƯỚI 500G | D41: =B41*C41 -> 0
A42: KHOAI TÂY VÀNG | B42: 27 | C42: 18000 | D42: =B42*C42 -> 486000
A43: KHOAI TÂY VÀNG ĐL | D43: =B43*C43 -> 0
A44: KHOAI TÂY VÀNG LỚN TÚI LƯỚI 500G | B44: 80 | C44: 15000 | D44: =B44*C44 -> 1200000
A45: KHOAI TÂY VÀNG RỬA | D45: =B45*C45 -> 0
A46: KHOAI TÂY VÀNG TRUNG TÚI LƯỚI 500G | D46: =B46*C46 -> 0
A47: CẢI THẢO DL | D47: =B47*C47 -> 0
A48: CẢI THẢO DL(BẮP) | D48: =B48*C48 -> 0
A49: CẢI THẢO KIM CHI | D49: =B49*C49 -> 0
A50: CẢI THẢO VR | D50: =B50*C50 -> 0
A51: BẦU | B51: 8 | C51: 10000 | D51: =B51*C51 -> 80000
A52: BÍ ĐAO XANH | D52: =B52*C52 -> 0
A53: BÍ ĐAO XANH 400G | D53: =B53*C53 -> 0
A54: DƯA LEO | D54: =B54*C54 -> 0
A55: DƯA LEO 400G | B55: 20 | C55: 4500 | D55: =B55*C55 -> 90000
A56: KHỔ QUA | D56: =B56*C56 -> 0
A57: KHỔ QUA 400GR | D57: =B57*C57 -> 0
A58: KHỔ QUA BÓ 350-500GR | D58: =B58*C58 -> 0
A59: MƯỚP HƯƠNG | D59: =B59*C59 -> 0
A60: MƯỚP HƯƠNG 300G | D60: =B60*C60 -> 0
A61: BÍ MINI VÀNG 300GR | D61: =B61*C61 -> 0
A62: BÍ MINI VÀNG KG | D62: =B62*C62 -> 0
A63: DƯA LEO GIỐNG NHẬT 600GR | D63: =B63*C63 -> 0
A64: DƯA LEO GIỐNG NHẬT KG | D64: =B64*C64 -> 0
A65: BƠ 034 | D65: =B65*C65 -> 0
A66: BƠ BOOTH | D66: =B66*C66 -> 0
A67: BƠ SÁP | D67: =B67*C67 -> 0
A68: KHOAI LANG MẬT (KG) 2-3 CỦ | B68: =20+240+150 -> 410 | C68: 26000 | D68: =B68*C68 -> 10660000
A69: KHOAI LANG MẬT (KG) 4-6 CỦ | B69: 160 | C69: 25000 | D69: =B69*C69 -> 4000000
A70: KHOAI LANG MẬT 500G KQ | D70: =B70*C70 -> 0
A71: KHOAI LANG MẬT 500G VR | D71: =B71*C71 -> 0
A72: PARO | D72: =B72*C72 -> 0
A73: PARO (CÂY) | D73: =B73*C73 -> 0
A74: BẮP CẢI TÍM | D74: =B74*C74 -> 0
A75: BẮP CẢI TÍM (BẮP) | D75: =B75*C75 -> 0
A76: BẮP CẢI TÍM SUSHI | D76: =B76*C76 -> 0
A77: CÀ CHUA CHERRY MIX 300G | D77: =B77*C77 -> 0
A78: TÍA TÔ 50G | D78: =B78*C78 -> 0
A79: XÀ LÁCH LOLO XANH | D79: =B79*C79 -> 0
A80: XÀ LÁCH LOLO XANH SUSHI | D80: =B80*C80 -> 0
A81: XÀ LÁCH LOLO XANH TÚI 300GR | D81: =B81*C81 -> 0
... A83: CÀ RỐT DL | D83: =B83*C83 -> 0
A84: CÀ RỐT DL L1 | B84: =162+30+7 -> 199 | C84: 10000 | D84: =B84*C84 -> 1990000
A85: CÀ RỐT DL TÚI LƯỚI 500GR VR | D85: =B85*C85 -> 0
A86: CÀ RỐT TRUNG | D86: =B86*C86 -> 0
A87: CÀ RỐT TÚI LƯỚI 800G KQ | D87: =B87*C87 -> 0
A88: GỪNG | D88: =B88*C88 -> 0
A89: MỒNG TƠI | D89: =B89*C89 -> 0
A90: NGÒ RÍ | D90: =B90*C90 -> 0
A91: NGÒ RÍ TÚI 50GR | D91: =B91*C91 -> 0
A92: ỚT HIỂM | D92: =B92*C92 -> 0
A93: ỚT HIỂM 100G | D93: =B93*C93 -> 0
A94: THÌ LÀ | D94: =B94*C94 -> 0
A95: THÌ LÀ TÚI 80GR | D95: =B95*C95 -> 0
A96: CHUỐI LABA | D96: =B96*C96 -> 0
... A113: ĐẬU TRẮNG 250GR | D113: =B113*C113 -> 0
A114: CÀ CHUA | B114: =60+50+20+200 -> 330 | C114: 26000 | D114: =B114*C114 -> 8580000
A115: CÀ CHUA L1 | B115: 160 | C115: 23000 | D115: =B115*C115 -> 3680000
A116: CÀ CHUA VỈ 400GR | D116: =B116*C116 -> 0
A117: CÀ CHUA VR | D117: =B117*C117 -> 0
A118: BÍ ĐỎ MINI | D118: =B118*C118 -> 0
A119: ỚT SỪNG 100G | D119: =B119*C119 -> 0
A120: XẢ CÂY | D120: =B120*C120 -> 0
A121: BÍ ĐỎ TRÒN | B121: =2555+600 -> 3155 | C121: 5000 | D121: =B121*C121 -> 15775000
A122: BÔNG ATISO | D122: =B122*C122 -> 0
A123: BÔNG CẢI XANH BABY (KG) | D123: =B123*C123 -> 0
A124: BÔNG CẢI XANH BABY 200G | D124: =B124*C124 -> 0
...

Sheet 3.12
A1: hàng tồn cuối ngày 3/12
A2: TÊN SẢN PHẨM | B2: TỒN TRƯỚC | C2: GIÁ NHẬP | D2: THÀNH TIỀN
A3: BẮP CẢI TÍM | B3: 10 | C3: 22000 | D3: =B3*C3 -> 220000
A4: BẮP CẢI TÍM (BẮP) | D4: =B4*C4 -> 0
A5: BẮP CẢI TÍM SUSHI | D5: =B5*C5 -> 0
A6: BẮP CẢI TRẮNG | D6: =B6*C6 -> 0
A7: BẮP CẢI TRẮNG (BẮP) | D7: =B7*C7 -> 0
A8: BẮP CẢI TRẮNG MỘC CHÂU | D8: =B8*C8 -> 0
A9: BẮP CẢI TRẮNG SUSHI | D9: =B9*C9 -> 0
A10: BẮP MỸ | D10: =B10*C10 -> 0
A11: BẦU | D11: =B11*C11 -> 0
A12: BÍ ĐAO XANH | D12: =B12*C12 -> 0
A13: BÍ ĐAO XANH 400G | D13: =B13*C13 -> 0
A14: BÍ ĐỎ HỒ LÔ | D14: =B14*C14 -> 0
A15: BÍ ĐỎ MINI | D15: =B15*C15 -> 0
... A18: BÍ ĐỎ NON( KG) VR | D18: =B18*C18 -> 0
A19: BÍ ĐỎ TRÒN | B19: =2555+240 -> 2795 | C19: 5000 | D19: =B19*C19 -> 13975000
A20: BÍ MINI VÀNG 300GR | D20: =B20*C20 -> 0
A21: BÍ MINI VÀNG KG | D21: =B21*C21 -> 0
A22: BÍ NGÒI VÀNG | D22: =B22*C22 -> 0
A23: BÍ NGÒI VÀNG (TRÁI) | D23: =B23*C23 -> 0
A24: BÍ NGÒI XANH | B24: =40+10+30+45+10+10 -> 145 | C24: 12000 | D24: =B24*C24 -> 1740000
A25: BÍ NGÒI XANH(TRÁI) | D25: =B25*C25 -> 0
A26: BÍ NHẬT | D26: =B26*C26 -> 0
A27: BƠ 034 | D27: =B27*C27 -> 0
A28: BƠ BOOTH | D28: =B28*C28 -> 0
A29: BƠ SÁP | D29: =B29*C29 -> 0
A30: BÓ XÔI | D30: =B30*C30 -> 0
A31: BÓ XÔI 300G VR | D31: =B31*C31 -> 0
A32: BÓ XÔI-HN KQ | D32: =B32*C32 -> 0
A33: BÓ XÔI-NA | D33: =B33*C33 -> 0
A34: BÔNG ATISO | D34: =B34*C34 -> 0
A35: BÔNG BÍ | D35: =B35*C35 -> 0
A36: BÔNG BÍ TÚI 300GR | D36: =B36*C36 -> 0
A37: BÔNG CẢI TRẮNG | B37: 7 | C37: 29000 | D37: =B37*C37 -> 203000
A38: BÔNG CẢI TRẮNG (CÂY) | D38: =B38*C38 -> 0
A39: BÔNG CẢI XANH 10P | D39: =B39*C39 -> 0
A40: BÔNG CẢI XANH AEON | B40: 10 | C40: 28000 | D40: =B40*C40 -> 280000
A41: BÔNG CẢI XANH AEON (CÂY) | D41: =B41*C41 -> 0
A42: BÔNG CẢI XANH BABY (KG) | D42: =B42*C42 -> 0
A43: BÔNG CẢI XANH BABY 200G | D43: =B43*C43 -> 0
A44: BÔNG CẢI XANH BIGC | B44: =10+10+40+20+6 -> 86 | C44: 19000 | D44: =B44*C44 -> 1634000
A45: BÔNG CẢI XANH CITI | D45: =B45*C45 -> 0
A46: CÀ CHUA | B46: =100+15+40+160 -> 315 | C46: 25000 | D46: =B46*C46 -> 7875000
A47: CÀ CHUA BI | D47: =B47*C47 -> 0
A48: CÀ CHUA BI (HỘP) 300GR KQ | D48: =B48*C48 -> 0
A49: CÀ CHUA BI (HỘP) 300GR VR | D49: =B49*C49 -> 0
A50: CÀ CHUA BI 300GR KQ (KG) | D50: =B50*C50 -> 0
A51: CÀ CHUA BI 300GR VR (KG) | D51: =B51*C51 -> 0
A52: CÀ CHUA BI CAM SỮA (KG) VR | D52: =B52*C52 -> 0
A53: CÀ CHUA BI COOP | D53: =B53*C53 -> 0
A54: CÀ CHUA BI-NA | D54: =B54*C54 -> 0
A55: CÀ CHUA CHERRY MIX 300G | D55: =B55*C55 -> 0
A56: CÀ CHUA L1 | B56: 74 | C56: 23000 | D56: =B56*C56 -> 1702000
A57: CÀ CHUA MỘC CHÂU | D57: =B57*C57 -> 0
A58: CÀ CHUA NGỌT | D58: =B58*C58 -> 0
A59: CÀ CHUA NGỌT 300GR (KG) | D59: =B59*C59 -> 0
A60: CÀ CHUA NGỌT XÁ | D60: =B60*C60 -> 0
A61: CÀ CHUA ROSEBERRY 300G | D61: =B61*C61 -> 0
A62: CÀ CHUA SÔCOLA 250GR (HỘP) VR | D62: =B62*C62 -> 0
A63: CÀ CHUA SÔCOLA 250GR (KG) -NA | D63: =B63*C63 -> 0
A64: CÀ CHUA SÔCOLA 250GR (KG) VR | D64: =B64*C64 -> 0
A65: CÀ CHUA SÔCOLA 250GR(KG) KQ | D65: =B65*C65 -> 0
A66: CÀ CHUA SÔCOLA 300GR (HỘP) VR | D66: =B66*C66 -> 0
A67: CÀ CHUA SOCOLA XÁ | D67: =B67*C67 -> 0
A68: CÀ CHUA SÔCOLA(HỘP) KQ | D68: =B68*C68 -> 0
... A73: CÀ CHUA Ý CHÙM | D73: =B73*C73 -> 0
A74: CÀ CHUA Ý(VỈ) KG | B74: 14 | C74: 20000 | D74: =B74*C74 -> 280000
A75: CÀ CHUA Ý(VỈ) KG KQ | D75: =B75*C75 -> 0
A76: CÀ RỐT BABY | D76: =B76*C76 -> 0
A77: CÀ RỐT BABY (KG) KQ | D77: =B77*C77 -> 0
A78: CÀ RỐT BABY 200GR | D78: =B78*C78 -> 0
A79: CÀ RỐT DL | D79: =B79*C79 -> 0
A80: CÀ RỐT DL L1 | B80: =54+6+10 -> 70 | C80: 10000 | D80: =B80*C80 -> 700000
A81: CÀ RỐT DL TÚI LƯỚI 500GR VR | D81: =B81*C81 -> 0
A82: CÀ RỐT TRUNG | D82: =B82*C82 -> 0
A83: CÀ RỐT TÚI LƯỚI 800G KQ | D83: =B83*C83 -> 0
A84: CÀ TÍM | D84: =B84*C84 -> 0
A85: CÀ TÍM CẶP 400G | D85: =B85*C85 -> 0
A86: CÀ TÍM SỌC PHA LÊ 300G | D86: =B86*C86 -> 0
A87: CÀ TÍM SỌC PHA LÊ HỘP 500GR VR | D87: =B87*C87 -> 0
A88: CÀ TÍM SỌC PHA LÊ TÍM (KG) VR | D88: =B88*C88 -> 0
A89: CÀ Ý VỈ 650GR | D89: =B89*C89 -> 0
A90: CẢI CANH | D90: =B90*C90 -> 0
A91: CẢI CẦU VỒNG | D91: =B91*C91 -> 0
A92: CẢI CẦU VỒNG 300GR | D92: =B92*C92 -> 0
... A128: CỦ CẢI TRẮNG CẶP 400GR | D128: =B128*C128 -> 0
A129: CỦ DỀN | B129: 95 | C129: 14000 | D129: =B129*C129 -> 1330000
A130: CỦ DỀN 600G | D130: =B130*C130 -> 0
A131: CỦ HÀNH ĐỎ | D131: =B131*C131 -> 0
A132: CỦ HÀNH ĐỎ 500GR | D132: =B132*C132 -> 0
A133: CỦ NGHỆ | D133: =B133*C133 -> 0
A134: CỦ SẮN | D134: =B134*C134 -> 0
A135: ĐẬU BẮP | D135: =B135*C135 -> 0
A136: ĐẬU BO | D136: =B136*C136 -> 0
A137: ĐẬU BO 250GR | D137: =B137*C137 -> 0
A138: ĐẬU CÚC | D138: =B138*C138 -> 0
A139: ĐẬU CÚC 250GR | D139: =B139*C139 -> 0
A140: ĐẬU ĐỎ | D140: =B140*C140 -> 0
A141: ĐẬU ĐỎ 250GR | D141: =B141*C141 -> 0
...

Sheet 4.12
A1: hàng tồn cuối ngày 4/12
A2: TÊN SẢN PHẨM | B2: TỒN TRƯỚC | C2: GIÁ NHẬP | D2: THÀNH TIỀN
A3: CÀ CHUA SÔCOLA 250GR (HỘP) VR | D3: =B3*C3 -> 0
A4: CÀ CHUA SÔCOLA 250GR (KG) -NA | D4: =B4*C4 -> 0
A5: CÀ CHUA SÔCOLA 250GR (KG) VR | D5: =B5*C5 -> 0
A6: CÀ CHUA SÔCOLA 250GR(KG) KQ | D6: =B6*C6 -> 0
A7: CÀ CHUA SÔCOLA 300GR (HỘP) VR | D7: =B7*C7 -> 0
A8: CÀ CHUA SOCOLA XÁ | D8: =B8*C8 -> 0
A9: CÀ CHUA SÔCOLA(HỘP) KQ | D9: =B9*C9 -> 0
A10: CÀ RỐT BABY | D10: =B10*C10 -> 0
A11: CÀ RỐT BABY (KG) KQ | D11: =B11*C11 -> 0
A12: CÀ RỐT BABY 200GR | D12: =B12*C12 -> 0
A13: CẢI CẦU VỒNG | D13: =B13*C13 -> 0
A14: CẢI CẦU VỒNG 300GR | D14: =B14*C14 -> 0
... A22: ỚT CHUÔNG 3 MÀU(KG)VR | D22: =B22*C22 -> 0
A23: ỚT CHUÔNG ĐỎ | B23: 50 | C23: 24000 | D23: =B23*C23 -> 1200000
A24: ỚT CHUÔNG ĐỎ L1 | B24: 14 | C24: 22000 | D24: =B24*C24 -> 308000
A25: ỚT CHUÔNG ĐỎ(TRÁI) | D25: =B25*C25 -> 0
A26: ỚT CHUÔNG 3 MÀU 350G | D26: =B26*C26 -> 0
A27: ỚT CHUÔNG 3 MÀU KQ(KG) | D27: =B27*C27 -> 0
A28: ỚT CHUÔNG VÀNG | B28: 70 | C28: 30000 | D28: =B28*C28 -> 2100000
A29: ỚT CHUÔNG VÀNG L1 | B29: 8 | C29: 28000 | D29: =B29*C29 -> 224000
A30: ỚT CHUÔNG VÀNG(TRÁI) | D30: =B30*C30 -> 0
A31: ỚT CHUÔNG VÀNG+ XANH (VỈ) | D31: =B31*C31 -> 0
A32: ỚT CHUÔNG XANH | B32: =8+54 -> 62 | C32: 27000 | D32: =B32*C32 -> 1674000
A33: ỚT CHUÔNG XANH L1 | B33: =5+24+5 -> 34 | C33: 22000 | D33: =B33*C33 -> 748000
A34: ỚT CHUÔNG XANH(TRÁI) | D34: =B34*C34 -> 0
A35: CỦ DỀN | B35: 110 | C35: 14000 | D35: =B35*C35 -> 1540000
A36: CỦ DỀN 600G | D36: =B36*C36 -> 0
A37: GỪNG 250GR | D37: =B37*C37 -> 0
A38: HỒNG GIÒN | D38: =B38*C38 -> 0
A39: XÀ LÁCH MỸ | D39: =B39*C39 -> 0
A40: KHOAI TÂY HỒNG | B40: 20 | C40: 24000 | D40: =B40*C40 -> 480000
A41: KHOAI TÂY HỒNG TÚI LƯỚI 500G | D41: =B41*C41 -> 0
A42: KHOAI TÂY VÀNG | B42: 76 | C42: 12000 | D42: =B42*C42 -> 912000
A43: KHOAI TÂY VÀNG ĐL | B43: 260 | C43: 18000 | D43: =B43*C43 -> 4680000
A44: KHOAI TÂY VÀNG LỚN TÚI LƯỚI 500G | B44: 106 | C44: 15000 | D44: =B44*C44 -> 1590000
A45: KHOAI TÂY VÀNG RỬA | D45: =B45*C45 -> 0
A46: KHOAI TÂY VÀNG TRUNG TÚI LƯỚI 500G | D46: =B46*C46 -> 0
A47: CẢI THẢO DL | D47: =B47*C47 -> 0
A48: CẢI THẢO DL(BẮP) | D48: =B48*C48 -> 0
A49: CẢI THẢO KIM CHI | D49: =B49*C49 -> 0
A50: CẢI THẢO VR | D50: =B50*C50 -> 0
A51: BẦU | D51: =B51*C51 -> 0
A52: BÍ ĐAO XANH | D52: =B52*C52 -> 0
A53: BÍ ĐAO XANH 400G | D53: =B53*C53 -> 0
A54: DƯA LEO | B54: 12 | C54: 5000 | D54: =B54*C54 -> 60000
A55: DƯA LEO 400G | D55: =B55*C55 -> 0
A56: KHỔ QUA | D56: =B56*C56 -> 0
A57: KHỔ QUA 400GR | D57: =B57*C57 -> 0
A58: KHỔ QUA BÓ 350-500GR | D58: =B58*C58 -> 0
A59: MƯỚP HƯƠNG | D59: =B59*C59 -> 0
A60: MƯỚP HƯƠNG 300G | D60: =B60*C60 -> 0
A61: BÍ MINI VÀNG 300GR | D61: =B61*C61 -> 0
A62: BÍ MINI VÀNG KG | D62: =B62*C62 -> 0
A63: DƯA LEO GIỐNG NHẬT 600GR | D63: =B63*C63 -> 0
A64: DƯA LEO GIỐNG NHẬT KG | D64: =B64*C64 -> 0
A65: BƠ 034 | D65: =B65*C65 -> 0
A66: BƠ BOOTH | D66: =B66*C66 -> 0
A67: BƠ SÁP | D67: =B67*C67 -> 0
A68: KHOAI LANG MẬT (KG) 2-3 CỦ | B68: 320 | C68: 26000 | D68: =B68*C68 -> 8320000
A69: KHOAI LANG MẬT (KG) 4-6 CỦ | B69: =380+40 -> 420 | C69: 25000 | D69: =B69*C69 -> 10500000
A70: KHOAI LANG MẬT 500G KQ | D70: =B70*C70 -> 0
A71: KHOAI LANG MẬT 500G VR | D71: =B71*C71 -> 0
A72: PARO | D72: =B72*C72 -> 0
A73: PARO (CÂY) | D73: =B73*C73 -> 0
A74: BẮP CẢI TÍM | B74: 10 | C74: 22000 | D74: =B74*C74 -> 220000
A75: BẮP CẢI TÍM (BẮP) | D75: =B75*C75 -> 0
A76: BẮP CẢI TÍM SUSHI | D76: =B76*C76 -> 0
A77: CÀ CHUA CHERRY MIX 300G | D77: =B77*C77 -> 0
A78: TÍA TÔ 50G | D78: =B78*C78 -> 0
A79: XÀ LÁCH LOLO XANH | D79: =B79*C79 -> 0
A80: XÀ LÁCH LOLO XANH SUSHI | D80: =B80*C80 -> 0
A81: XÀ LÁCH LOLO XANH TÚI 300GR | D81: =B81*C81 -> 0
A82: XÀ LÁCH ROMEN THUỶ CANH (KG) VR | D82: =B82*C82 -> 0
A83: CÀ RỐT DL | D83: =B83*C83 -> 0
A84: CÀ RỐT DL L1 | B84: =10+18+10 -> 38 | C84: 10000 | D84: =B84*C84 -> 380000
A85: CÀ RỐT DL TÚI LƯỚI 500GR VR | D85: =B85*C85 -> 0
A86: CÀ RỐT TRUNG | D86: =B86*C86 -> 0
A87: CÀ RỐT TÚI LƯỚI 800G KQ | D87: =B87*C87 -> 0
A88: GỪNG | D88: =B88*C88 -> 0
A89: MỒNG TƠI | D89: =B89*C89 -> 0
A90: NGÒ RÍ | D90: =B90*C90 -> 0
A91: NGÒ RÍ TÚI 50GR | D91: =B91*C91 -> 0
A92: ỚT HIỂM | D92: =B92*C92 -> 0
A93: ỚT HIỂM 100G | D93: =B93*C93 -> 0
A94: THÌ LÀ | D94: =B94*C94 -> 0
A95: THÌ LÀ TÚI 80GR | D95: =B95*C95 -> 0
A96: CHUỐI LABA | D96: =B96*C96 -> 0
A97: BÔNG BÍ TÚI 300GR | D97: =B97*C97 -> 0
A98: BÔNG CẢI TRẮNG | B98: 25 | C98: 14000 | D98: =B98*C98 -> 350000
A99: BÔNG CẢI TRẮNG (CÂY) | D99: =B99*C99 -> 0
A100: SET RAU KÈM ỚT | D100: =B100*C100 -> 0
A101: SET RAU KHÔNG KÈM ỚT | D101: =B101*C101 -> 0
A102: ĐẬU BO | D102: =B102*C102 -> 0
A103: ĐẬU BO 250GR | D103: =B103*C103 -> 0
A104: ĐẬU CÚC | D104: =B104*C104 -> 0
A105: ĐẬU CÚC 250GR | D105: =B105*C105 -> 0
A106: ĐẬU ĐỎ | D106: =B106*C106 -> 0
A107: ĐẬU ĐỎ 250GR | D107: =B107*C107 -> 0
...

Sheet 5.12
A1: hàng tồn cuối ngày 5/12
A2: TÊN SẢN PHẨM | B2: TỒN TRƯỚC | C2: GIÁ NHẬP | D2: THÀNH TIỀN
A3: CÀ CHUA SÔCOLA 250GR (HỘP) VR | B3: =7+9 -> 16 | C3: 7500 | D3: =B3*C3 -> 120000
A4: CÀ CHUA SÔCOLA 250GR (KG) -NA | D4: =B4*C4 -> 0
A5: CÀ CHUA SÔCOLA 250GR (KG) VR | D5: =B5*C5 -> 0
A6: CÀ CHUA SÔCOLA 250GR(KG) KQ | D6: =B6*C6 -> 0
A7: CÀ CHUA SÔCOLA 300GR (HỘP) VR | D7: =B7*C7 -> 0
A8: CÀ CHUA SOCOLA XÁ | D8: =B8*C8 -> 0
A9: CÀ CHUA SÔCOLA(HỘP) KQ | D9: =B9*C9 -> 0
A10: CÀ RỐT BABY | D10: =B10*C10 -> 0
A11: CÀ RỐT BABY (KG) KQ | D11: =B11*C11 -> 0
A12: CÀ RỐT BABY 200GR | D12: =B12*C12 -> 0
A13: CẢI CẦU VỒNG | D13: =B13*C13 -> 0
A14: CẢI CẦU VỒNG 300GR | D14: =B14*C14 -> 0
A15: CẢI KALE | D15: =B15*C15 -> 0
... A18: CHANH VÀNG TRÁI 180UP | D18: =B18*C18 -> 0
A19: CẦN TÂY (KG) | B19: 5 | C19: 21000 | D19: =B19*C19 -> 105000
A20: CẦN TÂY VR | D20: =B20*C20 -> 0
A21: CẦN TÂY(CÂY) | D21: =B21*C21 -> 0
A22: ỚT CHUÔNG 3 MÀU(KG)VR | D22: =B22*C22 -> 0
A23: ỚT CHUÔNG ĐỎ | B23: =20+15+127 -> 162 | C23: 22000 | D23: =B23*C23 -> 3564000
A24: ỚT CHUÔNG ĐỎ L1 | B24: 12 | C24: 19000 | D24: =B24*C24 -> 228000
A25: ỚT CHUÔNG ĐỎ(TRÁI) | D25: =B25*C25 -> 0
A26: ỚT CHUÔNG 3 MÀU 350G | B26: =39+30+12 -> 81 | C26: 10000 | D26: =B26*C26 -> 810000
A27: ỚT CHUÔNG 3 MÀU KQ(KG) | D27: =B27*C27 -> 0
A28: ỚT CHUÔNG VÀNG | B28: =10+100 -> 110 | C28: 29000 | D28: =B28*C28 -> 3190000
A29: ỚT CHUÔNG VÀNG L1 | D29: =B29*C29 -> 0
A30: ỚT CHUÔNG VÀNG(TRÁI) | D30: =B30*C30 -> 0
A31: ỚT CHUÔNG VÀNG+ XANH (VỈ) | D31: =B31*C31 -> 0
A32: ỚT CHUÔNG XANH | B32: =10+30+20 -> 60 | C32: 27000 | D32: =B32*C32 -> 1620000
A33: ỚT CHUÔNG XANH L1 | B33: 15 | C33: 21000 | D33: =B33*C33 -> 315000
A34: ỚT CHUÔNG XANH(TRÁI) | D34: =B34*C34 -> 0
A35: CỦ DỀN | B35: =20+20+10+26 -> 76 | C35: 13500 | D35: =B35*C35 -> 1026000
A36: CỦ DỀN 600G | D36: =B36*C36 -> 0
A37: GỪNG 250GR | D37: =B37*C37 -> 0
A38: HỒNG GIÒN | B38: 3 | C38: 27000 | D38: =B38*C38 -> 81000
A39: XÀ LÁCH MỸ | D39: =B39*C39 -> 0
A40: KHOAI TÂY HỒNG | D40: =B40*C40 -> 0
A41: KHOAI TÂY HỒNG TÚI LƯỚI 500G | D41: =B41*C41 -> 0
A42: KHOAI TÂY VÀNG | D42: =B42*C42 -> 0
A43: KHOAI TÂY VÀNG ĐL | B43: =70+80+20 -> 170 | C43: 17000 | D43: =B43*C43 -> 2890000
A44: KHOAI TÂY VÀNG LỚN TÚI LƯỚI 500G | D44: =B44*C44 -> 0
A45: KHOAI TÂY VÀNG RỬA | D45: =B45*C45 -> 0
A46: KHOAI TÂY VÀNG TRUNG TÚI LƯỚI 500G | D46: =B46*C46 -> 0
A47: CẢI THẢO DL | D47: =B47*C47 -> 0
A48: CẢI THẢO DL(BẮP) | D48: =B48*C48 -> 0
A49: CẢI THẢO KIM CHI | D49: =B49*C49 -> 0
A50: CẢI THẢO VR | D50: =B50*C50 -> 0
A51: BẦU | D51: =B51*C51 -> 0
A52: BÍ ĐAO XANH | B52: 4 | C52: 10000 | D52: =B52*C52 -> 40000
A53: BÍ ĐAO XANH 400G | D53: =B53*C53 -> 0
A54: DƯA LEO | D54: =B54*C54 -> 0
A55: DƯA LEO 400G | B55: 23 | C55: 3500 | D55: =B55*C55 -> 80500
A56: KHỔ QUA | D56: =B56*C56 -> 0
A57: KHỔ QUA 400GR | D57: =B57*C57 -> 0
A58: KHỔ QUA BÓ 350-500GR | D58: =B58*C58 -> 0
A59: MƯỚP HƯƠNG | D59: =B59*C59 -> 0
A60: MƯỚP HƯƠNG 300G | D60: =B60*C60 -> 0
A61: BÍ MINI VÀNG 300GR | D61: =B61*C61 -> 0
A62: BÍ MINI VÀNG KG | D62: =B62*C62 -> 0
A63: DƯA LEO GIỐNG NHẬT 600GR | D63: =B63*C63 -> 0
A64: DƯA LEO GIỐNG NHẬT KG | D64: =B64*C64 -> 0
A65: BƠ 034 | D65: =B65*C65 -> 0
A66: BƠ BOOTH | D66: =B66*C66 -> 0
A67: BƠ SÁP | D67: =B67*C67 -> 0
A68: KHOAI LANG MẬT (KG) 2-3 CỦ | B68: =300+40 -> 340 | C68: 25000 | D68: =B68*C68 -> 8500000
A69: KHOAI LANG MẬT (KG) 4-6 CỦ | B69: =40+15+80+40+110 -> 285 | C69: 25000 | D69: =B69*C69 -> 7125000
A70: KHOAI LANG MẬT 500G KQ | D70: =B70*C70 -> 0
A71: KHOAI LANG MẬT 500G VR | B71: 13 | C71: 13000 | D71: =B71*C71 -> 169000
A72: PARO | D72: =B72*C72 -> 0
A73: PARO (CÂY) | D73: =B73*C73 -> 0
A74: BẮP CẢI TÍM | B74: 13 | C74: 22000 | D74: =B74*C74 -> 286000
A75: BẮP CẢI TÍM (BẮP) | D75: =B75*C75 -> 0
A76: BẮP CẢI TÍM SUSHI | D76: =B76*C76 -> 0
A77: CÀ CHUA CHERRY MIX 300G | D77: =B77*C77 -> 0
A78: TÍA TÔ 50G | D78: =B78*C78 -> 0
A79: XÀ LÁCH LOLO XANH | D79: =B79*C79 -> 0
A80: XÀ LÁCH LOLO XANH SUSHI | D80: =B80*C80 -> 0
A81: XÀ LÁCH LOLO XANH TÚI 300GR | D81: =B81*C81 -> 0
A82: XÀ LÁCH ROMEN THUỶ CANH (KG) VR | D82: =B82*C82 -> 0
A83: CÀ RỐT DL | D83: =B83*C83 -> 0
A84: CÀ RỐT DL L1 | B84: =72+10 -> 82 | C84: 10000 | D84: =B84*C84 -> 820000
A85: CÀ RỐT DL TÚI LƯỚI 500GR VR | D85: =B85*C85 -> 0
A86: CÀ RỐT TRUNG | B86: 8 | C86: 8000 | D86: =B86*C86 -> 64000
A87: CÀ RỐT TÚI LƯỚI 800G KQ | D87: =B87*C87 -> 0
A88: GỪNG | D88: =B88*C88 -> 0
A89: MỒNG TƠI | D89: =B89*C89 -> 0
A90: NGÒ RÍ | D90: =B90*C90 -> 0
A91: NGÒ RÍ TÚI 50GR | D91: =B91*C91 -> 0
A92: ỚT HIỂM | D92: =B92*C92 -> 0
A93: ỚT HIỂM 100G | D93: =B93*C93 -> 0
A94: THÌ LÀ | D94: =B94*C94 -> 0
A95: THÌ LÀ TÚI 80GR | D95: =B95*C95 -> 0
A96: CHUỐI LABA | D96: =B96*C96 -> 0
A97: BÔNG BÍ TÚI 300GR | B97: 2.4 | C97: 55000 | D97: =B97*C97 -> 132000
A98: BÔNG CẢI TRẮNG | B98: 30 | C98: 16000 | D98: =B98*C98 -> 480000
A99: BÔNG CẢI TRẮNG (CÂY) | D99: =B99*C99 -> 0
A100: SET RAU KÈM ỚT | D100: =B100*C100 -> 0
A101: SET RAU KHÔNG KÈM ỚT | D101: =B101*C101 -> 0
A102: ĐẬU BO | D102: =B102*C102 -> 0
...

Sheet 6.12
A1: hàng tồn cuối ngày 6/12
A2: TÊN SẢN PHẨM | B2: TỒN TRƯỚC | C2: GIÁ NHẬP | D2: THÀNH TIỀN
A3: CÀ CHUA SÔCOLA 250GR (HỘP) VR | B3: 13 | C3: 8500 | D3: =B3*C3 -> 110500
A4: CÀ CHUA SÔCOLA 250GR (KG) -NA | D4: =B4*C4 -> 0
A5: CÀ CHUA SÔCOLA 250GR (KG) VR | D5: =B5*C5 -> 0
A6: CÀ CHUA SÔCOLA 250GR(KG) KQ | D6: =B6*C6 -> 0
A7: CÀ CHUA SÔCOLA 300GR (HỘP) VR | D7: =B7*C7 -> 0
A8: CÀ CHUA SOCOLA XÁ | D8: =B8*C8 -> 0
A9: CÀ CHUA SÔCOLA(HỘP) KQ | D9: =B9*C9 -> 0
A10: CÀ RỐT BABY | D10: =B10*C10 -> 0
A11: CÀ RỐT BABY (KG) KQ | D11: =B11*C11 -> 0
A12: CÀ RỐT BABY 200GR | D12: =B12*C12 -> 0
A13: CẢI CẦU VỒNG | D13: =B13*C13 -> 0
A14: CẢI CẦU VỒNG 300GR | D14: =B14*C14 -> 0
A15: CẢI KALE | D15: =B15*C15 -> 0
... A22: ỚT CHUÔNG 3 MÀU(KG)VR | D22: =B22*C22 -> 0
A23: ỚT CHUÔNG ĐỎ | B23: =10+6+20+30 -> 66 | C23: 21000 | D23: =B23*C23 -> 1386000
A24: ỚT CHUÔNG ĐỎ L1 | B24: 10 | C24: 18000 | D24: =B24*C24 -> 180000
A25: ỚT CHUÔNG ĐỎ(TRÁI) | D25: =B25*C25 -> 0
A26: ỚT CHUÔNG 3 MÀU 350G | B26: 145 | C26: 10000 | D26: =B26*C26 -> 1450000
A27: ỚT CHUÔNG 3 MÀU KQ(KG) | D27: =B27*C27 -> 0
A28: ỚT CHUÔNG VÀNG | B28: =20+10+15 -> 45 | C28: 28000 | D28: =B28*C28 -> 1260000
A29: ỚT CHUÔNG VÀNG L1 | D29: =B29*C29 -> 0
A30: ỚT CHUÔNG VÀNG(TRÁI) | D30: =B30*C30 -> 0
A31: ỚT CHUÔNG VÀNG+ XANH (VỈ) | D31: =B31*C31 -> 0
A32: ỚT CHUÔNG XANH | B32: =5+25 -> 30 | C32: 26000 | D32: =B32*C32 -> 780000
A33: ỚT CHUÔNG XANH L1 | B33: =9+8+6 -> 23 | C33: 21000 | D33: =B33*C33 -> 483000
A34: ỚT CHUÔNG XANH(TRÁI) | D34: =B34*C34 -> 0
A35: CỦ DỀN | B35: 110 | C35: 13500 | D35: =B35*C35 -> 1485000
A36: CỦ DỀN 600G | D36: =B36*C36 -> 0
A37: GỪNG 250GR | D37: =B37*C37 -> 0
A38: HỒNG GIÒN | D38: =B38*C38 -> 0
A39: XÀ LÁCH MỸ | D39: =B39*C39 -> 0
A40: KHOAI TÂY HỒNG | B40: 12 | C40: 24000 | D40: =B40*C40 -> 288000
A41: KHOAI TÂY HỒNG TÚI LƯỚI 500G | D41: =B41*C41 -> 0
A42: KHOAI TÂY VÀNG | B42: =30+10 -> 40 | C42: 12000 | D42: =B42*C42 -> 480000
A43: KHOAI TÂY VÀNG ĐL | B43: =25+30+220 -> 275 | C43: 17000 | D43: =B43*C43 -> 4675000
A44: KHOAI TÂY VÀNG LỚN TÚI LƯỚI 500G | B44: 60 | C44: 15000 | D44: =B44*C44 -> 900000
A45: KHOAI TÂY VÀNG RỬA | D45: =B45*C45 -> 0
A46: KHOAI TÂY VÀNG TRUNG TÚI LƯỚI 500G | D46: =B46*C46 -> 0
A47: CẢI THẢO DL | D47: =B47*C47 -> 0
A48: CẢI THẢO DL(BẮP) | D48: =B48*C48 -> 0
A49: CẢI THẢO KIM CHI | D49: =B49*C49 -> 0
A50: CẢI THẢO VR | D50: =B50*C50 -> 0
A51: BẦU | D51: =B51*C51 -> 0
A52: BÍ ĐAO XANH | D52: =B52*C52 -> 0
A53: BÍ ĐAO XANH 400G | D53: =B53*C53 -> 0
A54: DƯA LEO | D54: =B54*C54 -> 0
A55: DƯA LEO 400G | D55: =B55*C55 -> 0
A56: KHỔ QUA | B56: 10 | C56: 10000 | D56: =B56*C56 -> 100000
A57: KHỔ QUA 400GR | D57: =B57*C57 -> 0
A58: KHỔ QUA BÓ 350-500GR | D58: =B58*C58 -> 0
A59: MƯỚP HƯƠNG | D59: =B59*C59 -> 0
A60: MƯỚP HƯƠNG 300G | D60: =B60*C60 -> 0
A61: BÍ MINI VÀNG 300GR | D61: =B61*C61 -> 0
A62: BÍ MINI VÀNG KG | D62: =B62*C62 -> 0
A63: DƯA LEO GIỐNG NHẬT 600GR | D63: =B63*C63 -> 0
A64: DƯA LEO GIỐNG NHẬT KG | D64: =B64*C64 -> 0
A65: BƠ 034 | D65: =B65*C65 -> 0
A66: BƠ BOOTH | D66: =B66*C66 -> 0
A67: BƠ SÁP | D67: =B67*C67 -> 0
A68: KHOAI LANG MẬT (KG) 2-3 CỦ | B68: =300+100+100 -> 500 | C68: 25000 | D68: =B68*C68 -> 12500000
A69: KHOAI LANG MẬT (KG) 4-6 CỦ | B69: =20+160+100+100 -> 380 | C69: 25000 | D69: =B69*C69 -> 9500000
A70: KHOAI LANG MẬT 500G KQ | D70: =B70*C70 -> 0
A71: KHOAI LANG MẬT 500G VR | D71: =B71*C71 -> 0
A72: PARO | D72: =B72*C72 -> 0
A73: PARO (CÂY) | D73: =B73*C73 -> 0
A74: BẮP CẢI TÍM | D74: =B74*C74 -> 0
A75: BẮP CẢI TÍM (BẮP) | D75: =B75*C75 -> 0
A76: BẮP CẢI TÍM SUSHI | D76: =B76*C76 -> 0
A77: CÀ CHUA CHERRY MIX 300G | D77: =B77*C77 -> 0
A78: TÍA TÔ 50G | D78: =B78*C78 -> 0
A79: XÀ LÁCH LOLO XANH | D79: =B79*C79 -> 0
A80: XÀ LÁCH LOLO XANH SUSHI | D80: =B80*C80 -> 0
A81: XÀ LÁCH LOLO XANH TÚI 300GR | D81: =B81*C81 -> 0
... A83: CÀ RỐT DL | D83: =B83*C83 -> 0
A84: CÀ RỐT DL L1 | B84: =10+25 -> 35 | C84: 10000 | D84: =B84*C84 -> 350000
A85: CÀ RỐT DL TÚI LƯỚI 500GR VR | D85: =B85*C85 -> 0
A86: CÀ RỐT TRUNG | D86: =B86*C86 -> 0
A87: CÀ RỐT TÚI LƯỚI 800G KQ | D87: =B87*C87 -> 0
A88: GỪNG | D88: =B88*C88 -> 0
A89: MỒNG TƠI | D89: =B89*C89 -> 0
A90: NGÒ RÍ | D90: =B90*C90 -> 0
A91: NGÒ RÍ TÚI 50GR | D91: =B91*C91 -> 0
A92: ỚT HIỂM | D92: =B92*C92 -> 0
A93: ỚT HIỂM 100G | D93: =B93*C93 -> 0
A94: THÌ LÀ | D94: =B94*C94 -> 0
A95: THÌ LÀ TÚI 80GR | D95: =B95*C95 -> 0
A96: CHUỐI LABA | B96: 10 | C96: 10000 | D96: =B96*C96 -> 100000
A97: BÔNG BÍ TÚI 300GR | B97: 2.1 | C97: 55000 | D97: =B97*C97 -> 115500
A98: BÔNG CẢI TRẮNG | B98: 5 | C98: 29000 | D98: =B98*C98 -> 145000
A99: BÔNG CẢI TRẮNG (CÂY) | D99: =B99*C99 -> 0
A100: SET RAU KÈM ỚT | D100: =B100*C100 -> 0
A101: SET RAU KHÔNG KÈM ỚT | D101: =B101*C101 -> 0
A102: ĐẬU BO | D102: =B102*C102 -> 0
A103: ĐẬU BO 250GR | D103: =B103*C103 -> 0
A104: ĐẬU CÚC | D104: =B104*C104 -> 0
A105: ĐẬU CÚC 250GR | D105: =B105*C105 -> 0
A106: ĐẬU ĐỎ | D106: =B106*C106 -> 0
A107: ĐẬU ĐỎ 250GR | D107: =B107*C107 -> 0
...

Sheet 7.12
A1: hàng tồn cuối ngày 7/12
A2: TÊN SẢN PHẨM | B2: TỒN TRƯỚC | C2: GIÁ NHẬP | D2: THÀNH TIỀN
A3: CÀ CHUA SÔCOLA 250GR (HỘP) VR | D3: =B3*C3 -> 0
A4: CÀ CHUA SÔCOLA 250GR (KG) -NA | D4: =B4*C4 -> 0
A5: CÀ CHUA SÔCOLA 250GR (KG) VR | D5: =B5*C5 -> 0
A6: CÀ CHUA SÔCOLA 250GR(KG) KQ | D6: =B6*C6 -> 0
A7: CÀ CHUA SÔCOLA 300GR (HỘP) VR | D7: =B7*C7 -> 0
A8: CÀ CHUA SOCOLA XÁ | D8: =B8*C8 -> 0
A9: CÀ CHUA SÔCOLA(HỘP) KQ | D9: =B9*C9 -> 0
A10: CÀ RỐT BABY | D10: =B10*C10 -> 0
A11: CÀ RỐT BABY (KG) KQ | D11: =B11*C11 -> 0
A12: CÀ RỐT BABY 200GR | B12: 1.6 | C12: 60000 | D12: =B12*C12 -> 96000
A13: CẢI CẦU VỒNG | B13: 8 | C13: 22000 | D13: =B13*C13 -> 176000
A14: CẢI CẦU VỒNG 300GR | D14: =B14*C14 -> 0
A15: CẢI KALE | D15: =B15*C15 -> 0
A16: CẢI KALE 300GR | D16: =B16*C16 -> 0
A17: CHANH VÀNG (KG) | D17: =B17*C17 -> 0
A18: CHANH VÀNG TRÁI 180UP | D18: =B18*C18 -> 0
A19: CẦN TÂY (KG) | B19: 30 | C19: 20000 | D19: =B19*C19 -> 600000
A20: CẦN TÂY VR | D20: =B20*C20 -> 0
A21: CẦN TÂY(CÂY) | D21: =B21*C21 -> 0
A22: ỚT CHUÔNG 3 MÀU(KG)VR | D22: =B22*C22 -> 0
A23: ỚT CHUÔNG ĐỎ | B23: 100 | C23: 22000 | D23: =B23*C23 -> 2200000
A24: ỚT CHUÔNG ĐỎ L1 | B24: 11 | C24: 18000 | D24: =B24*C24 -> 198000
A25: ỚT CHUÔNG ĐỎ(TRÁI) | D25: =B25*C25 -> 0
A26: ỚT CHUÔNG 3 MÀU 350G | B26: =20+12+50 -> 82 | C26: 10000 | D26: =B26*C26 -> 820000
A27: ỚT CHUÔNG 3 MÀU KQ(KG) | D27: =B27*C27 -> 0
A28: ỚT CHUÔNG VÀNG | B28: 80 | C28: 28000 | D28: =B28*C28 -> 2240000
A29: ỚT CHUÔNG VÀNG L1 | B29: =16+5 -> 21 | C29: 23000 | D29: =B29*C29 -> 483000
A30: ỚT CHUÔNG VÀNG(TRÁI) | D30: =B30*C30 -> 0
A31: ỚT CHUÔNG VÀNG+ XANH (VỈ) | D31: =B31*C31 -> 0
A32: ỚT CHUÔNG XANH | B32: =10+4+20+10 -> 44 | C32: 26000 | D32: =B32*C32 -> 1144000
A33: ỚT CHUÔNG XANH L1 | B33: =20+6+15 -> 41 | C33: 22000 | D33: =B33*C33 -> 902000
A34: ỚT CHUÔNG XANH(TRÁI) | D34: =B34*C34 -> 0
A35: CỦ DỀN | B35: =27+20 -> 47 | C35: 13500 | D35: =B35*C35 -> 634500
A36: CỦ DỀN 600G | D36: =B36*C36 -> 0
A37: GỪNG 250GR | D37: =B37*C37 -> 0
A38: HỒNG GIÒN | D38: =B38*C38 -> 0
A39: XÀ LÁCH MỸ | D39: =B39*C39 -> 0
A40: KHOAI TÂY HỒNG | B40: 6 | C40: 24000 | D40: =B40*C40 -> 144000
A41: KHOAI TÂY HỒNG TÚI LƯỚI 500G | D41: =B41*C41 -> 0
A42: KHOAI TÂY VÀNG | B42: 30 | C42: 12000 | D42: =B42*C42 -> 360000
A43: KHOAI TÂY VÀNG ĐL | B43: =40+200+30 -> 270 | C43: 17000 | D43: =B43*C43 -> 4590000
A44: KHOAI TÂY VÀNG LỚN TÚI LƯỚI 500G | D44: =B44*C44 -> 0
A45: KHOAI TÂY VÀNG RỬA | D45: =B45*C45 -> 0
A46: KHOAI TÂY VÀNG TRUNG TÚI LƯỚI 500G | D46: =B46*C46 -> 0
A47: CẢI THẢO DL | D47: =B47*C47 -> 0
A48: CẢI THẢO DL(BẮP) | D48: =B48*C48 -> 0
A49: CẢI THẢO KIM CHI | D49: =B49*C49 -> 0
A50: CẢI THẢO VR | D50: =B50*C50 -> 0
A51: BẦU | D51: =B51*C51 -> 0
A52: BÍ ĐAO XANH | B52: 5 | C52: 10000 | D52: =B52*C52 -> 50000
A53: BÍ ĐAO XANH 400G | D53: =B53*C53 -> 0
A54: DƯA LEO | D54: =B54*C54 -> 0
A55: DƯA LEO 400G | D55: =B55*C55 -> 0
A56: KHỔ QUA | D56: =B56*C56 -> 0
A57: KHỔ QUA 400GR | B57: 16 | C57: 6500 | D57: =B57*C57 -> 104000
A58: KHỔ QUA BÓ 350-500GR | D58: =B58*C58 -> 0
A59: MƯỚP HƯƠNG | D59: =B59*C59 -> 0
A60: MƯỚP HƯƠNG 300G | D60: =B60*C60 -> 0
A61: BÍ MINI VÀNG 300GR | D61: =B61*C61 -> 0
A62: BÍ MINI VÀNG KG | D62: =B62*C62 -> 0
A63: DƯA LEO GIỐNG NHẬT 600GR | D63: =B63*C63 -> 0
A64: DƯA LEO GIỐNG NHẬT KG | D64: =B64*C64 -> 0
A65: BƠ 034 | D65: =B65*C65 -> 0
A66: BƠ BOOTH | D66: =B66*C66 -> 0
A67: BƠ SÁP | D67: =B67*C67 -> 0
A68: KHOAI LANG MẬT (KG) 2-3 CỦ | B68: =160+140 -> 300 | C68: 25000 | D68: =B68*C68 -> 7500000
A69: KHOAI LANG MẬT (KG) 4-6 CỦ | D69: =B69*C69 -> 0
A70: KHOAI LANG MẬT 500G KQ | D70: =B70*C70 -> 0
A71: KHOAI LANG MẬT 500G VR | D71: =B71*C71 -> 0
A72: PARO | B72: 15 | C72: 22000 | D72: =B72*C72 -> 330000
A73: PARO (CÂY) | D73: =B73*C73 -> 0
A74: BẮP CẢI TÍM | D74: =B74*C74 -> 0
A75: BẮP CẢI TÍM (BẮP) | D75: =B75*C75 -> 0
A76: BẮP CẢI TÍM SUSHI | D76: =B76*C76 -> 0
A77: CÀ CHUA CHERRY MIX 300G | D77: =B77*C77 -> 0
A78: TÍA TÔ 50G | D78: =B78*C78 -> 0
A79: XÀ LÁCH LOLO XANH | D79: =B79*C79 -> 0
A80: XÀ LÁCH LOLO XANH SUSHI | D80: =B80*C80 -> 0
A81: XÀ LÁCH LOLO XANH TÚI 300GR | D81: =B81*C81 -> 0
A82: XÀ LÁCH ROMEN THUỶ CANH (KG) VR | D82: =B82*C82 -> 0
A83: CÀ RỐT DL | D83: =B83*C83 -> 0
A84: CÀ RỐT DL L1 | B84: 80 | C84: 10000 | D84: =B84*C84 -> 800000
A85: CÀ RỐT DL TÚI LƯỚI 500GR VR | D85: =B85*C85 -> 0
A86: CÀ RỐT TRUNG | D86: =B86*C86 -> 0
A87: CÀ RỐT TÚI LƯỚI 800G KQ | D87: =B87*C87 -> 0
A88: GỪNG | D88: =B88*C88 -> 0
A89: MỒNG TƠI | D89: =B89*C89 -> 0
A90: NGÒ RÍ | D90: =B90*C90 -> 0
A91: NGÒ RÍ TÚI 50GR | D91: =B91*C91 -> 0
A92: ỚT HIỂM | D92: =B92*C92 -> 0
A93: ỚT HIỂM 100G | D93: =B93*C93 -> 0
A94: THÌ LÀ | D94: =B94*C94 -> 0
A95: THÌ LÀ TÚI 80GR | D95: =B95*C95 -> 0
A96: CHUỐI LABA | D96: =B96*C96 -> 0
A97: BÔNG BÍ TÚI 300GR | D97: =B97*C97 -> 0
A98: BÔNG CẢI TRẮNG | B98: =13+5 -> 18 | C98: 22000 | D98: =B98*C98 -> 396000
A99: BÔNG CẢI TRẮNG (CÂY) | D99: =B99*C99 -> 0
A100: SET RAU KÈM ỚT | D100: =B100*C100 -> 0
...

Sheet 8.12
A1: hàng tồn cuối ngày 8/12
A2: TÊN SẢN PHẨM | B2: TỒN TRƯỚC | C2: GIÁ NHẬP | D2: THÀNH TIỀN
A3: CÀ CHUA SÔCOLA 250GR (HỘP) VR | D3: =B3*C3 -> 0
A4: CÀ CHUA SÔCOLA 250GR (KG) -NA | D4: =B4*C4 -> 0
A5: CÀ CHUA SÔCOLA 250GR (KG) VR | D5: =B5*C5 -> 0
A6: CÀ CHUA SÔCOLA 250GR(KG) KQ | D6: =B6*C6 -> 0
A7: CÀ CHUA SÔCOLA 300GR (HỘP) VR | D7: =B7*C7 -> 0
A8: CÀ CHUA SOCOLA XÁ | D8: =B8*C8 -> 0
A9: CÀ CHUA SÔCOLA(HỘP) KQ | D9: =B9*C9 -> 0
A10: CÀ RỐT BABY | D10: =B10*C10 -> 0
A11: CÀ RỐT BABY (KG) KQ | D11: =B11*C11 -> 0
A12: CÀ RỐT BABY 200GR | B12: 1.6 | C12: 60000 | D12: =B12*C12 -> 96000
A13: CẢI CẦU VỒNG | D13: =B13*C13 -> 0
A14: CẢI CẦU VỒNG 300GR | D14: =B14*C14 -> 0
A15: CẢI KALE | D15: =B15*C15 -> 0
A16: CẢI KALE 300GR | D16: =B16*C16 -> 0
A17: CHANH VÀNG (KG) | D17: =B17*C17 -> 0
A18: CHANH VÀNG TRÁI 180UP | D18: =B18*C18 -> 0
A19: CẦN TÂY (KG) | D19: =B19*C19 -> 0
A20: CẦN TÂY VR | D20: =B20*C20 -> 0
A21: CẦN TÂY(CÂY) | D21: =B21*C21 -> 0
A22: ỚT CHUÔNG 3 MÀU(KG)VR | D22: =B22*C22 -> 0
A23: ỚT CHUÔNG ĐỎ | B23: =47+10+3 -> 60 | C23: 20000 | D23: =B23*C23 -> 1200000
A24: ỚT CHUÔNG ĐỎ L1 | B24: 5 | C24: 18000 | D24: =B24*C24 -> 90000
A25: ỚT CHUÔNG ĐỎ(TRÁI) | D25: =B25*C25 -> 0
A26: ỚT CHUÔNG 3 MÀU 350G | B26: 17 | C26: 10000 | D26: =B26*C26 -> 170000
A27: ỚT CHUÔNG 3 MÀU KQ(KG) | D27: =B27*C27 -> 0
A28: ỚT CHUÔNG VÀNG | B28: =40+20+16 -> 76 | C28: 28000 | D28: =B28*C28 -> 2128000
A29: ỚT CHUÔNG VÀNG L1 | D29: =B29*C29 -> 0
A30: ỚT CHUÔNG VÀNG(TRÁI) | D30: =B30*C30 -> 0
A31: ỚT CHUÔNG VÀNG+ XANH (VỈ) | D31: =B31*C31 -> 0
A32: ỚT CHUÔNG XANH | B32: =28+8+7+7+16 -> 66 | C32: 26000 | D32: =B32*C32 -> 1716000
A33: ỚT CHUÔNG XANH L1 | B33: 17 | C33: 22000 | D33: =B33*C33 -> 374000
A34: ỚT CHUÔNG XANH(TRÁI) | D34: =B34*C34 -> 0
A35: CỦ DỀN | B35: =25+12 -> 37 | C35: 13500 | D35: =B35*C35 -> 499500
A36: CỦ DỀN 600G | D36: =B36*C36 -> 0
A37: GỪNG 250GR | D37: =B37*C37 -> 0
A38: HỒNG GIÒN | D38: =B38*C38 -> 0
A39: XÀ LÁCH MỸ | D39: =B39*C39 -> 0
A40: KHOAI TÂY HỒNG | B40: =15+20 -> 35 | C40: 24000 | D40: =B40*C40 -> 840000
A41: KHOAI TÂY HỒNG TÚI LƯỚI 500G | D41: =B41*C41 -> 0
A42: KHOAI TÂY VÀNG | B42: 7 | C42: 12000 | D42: =B42*C42 -> 84000
A43: KHOAI TÂY VÀNG ĐL | B43: =75+15+20+20 -> 130 | C43: 17000 | D43: =B43*C43 -> 2210000
A44: KHOAI TÂY VÀNG LỚN TÚI LƯỚI 500G | B44: 60 | C44: 15000 | D44: =B44*C44 -> 900000
A45: KHOAI TÂY VÀNG RỬA | D45: =B45*C45 -> 0
A46: KHOAI TÂY VÀNG TRUNG TÚI LƯỚI 500G | D46: =B46*C46 -> 0
A47: CẢI THẢO DL | D47: =B47*C47 -> 0
A48: CẢI THẢO DL(BẮP) | D48: =B48*C48 -> 0
A49: CẢI THẢO KIM CHI | D49: =B49*C49 -> 0
A50: CẢI THẢO VR | D50: =B50*C50 -> 0
A51: BẦU | B51: 16 | C51: 10000 | D51: =B51*C51 -> 160000
A52: BÍ ĐAO XANH | D52: =B52*C52 -> 0
A53: BÍ ĐAO XANH 400G | D53: =B53*C53 -> 0
A54: DƯA LEO | B54: 18 | C54: 5000 | D54: =B54*C54 -> 90000
A55: DƯA LEO 400G | D55: =B55*C55 -> 0
A56: KHỔ QUA | D56: =B56*C56 -> 0
A57: KHỔ QUA 400GR | D57: =B57*C57 -> 0
A58: KHỔ QUA BÓ 350-500GR | D58: =B58*C58 -> 0
A59: MƯỚP HƯƠNG | D59: =B59*C59 -> 0
A60: MƯỚP HƯƠNG 300G | D60: =B60*C60 -> 0
A61: BÍ MINI VÀNG 300GR | D61: =B61*C61 -> 0
A62: BÍ MINI VÀNG KG | D62: =B62*C62 -> 0
A63: DƯA LEO GIỐNG NHẬT 600GR | D63: =B63*C63 -> 0
A64: DƯA LEO GIỐNG NHẬT KG | D64: =B64*C64 -> 0
A65: BƠ 034 | D65: =B65*C65 -> 0
A66: BƠ BOOTH | B66: 27 | C66: 45000 | D66: =B66*C66 -> 1215000
A67: BƠ SÁP | D67: =B67*C67 -> 0
A68: KHOAI LANG MẬT (KG) 2-3 CỦ | B68: =160+60 -> 220 | C68: 26000 | D68: =B68*C68 -> 5720000
A69: KHOAI LANG MẬT (KG) 4-6 CỦ | B69: =160+100+40 -> 300 | C69: 25000 | D69: =B69*C69 -> 7500000
A70: KHOAI LANG MẬT 500G KQ | D70: =B70*C70 -> 0
A71: KHOAI LANG MẬT 500G VR | D71: =B71*C71 -> 0
A72: PARO | D72: =B72*C72 -> 0
A73: PARO (CÂY) | D73: =B73*C73 -> 0
A74: BẮP CẢI TÍM | D74: =B74*C74 -> 0
A75: BẮP CẢI TÍM (BẮP) | D75: =B75*C75 -> 0
A76: BẮP CẢI TÍM SUSHI | D76: =B76*C76 -> 0
A77: CÀ CHUA CHERRY MIX 300G | D77: =B77*C77 -> 0
A78: TÍA TÔ 50G | D78: =B78*C78 -> 0
A79: XÀ LÁCH LOLO XANH | D79: =B79*C79 -> 0
A80: XÀ LÁCH LOLO XANH SUSHI | D80: =B80*C80 -> 0
A81: XÀ LÁCH LOLO XANH TÚI 300GR | D81: =B81*C81 -> 0
... A83: CÀ RỐT DL | D83: =B83*C83 -> 0
A84: CÀ RỐT DL L1 | B84: =74+30 -> 104 | C84: 10000 | D84: =B84*C84 -> 1040000
A85: CÀ RỐT DL TÚI LƯỚI 500GR VR | D85: =B85*C85 -> 0
A86: CÀ RỐT TRUNG | D86: =B86*C86 -> 0
A87: CÀ RỐT TÚI LƯỚI 800G KQ | D87: =B87*C87 -> 0
A88: GỪNG | D88: =B88*C88 -> 0
A89: MỒNG TƠI | D89: =B89*C89 -> 0
A90: NGÒ RÍ | D90: =B90*C90 -> 0
A91: NGÒ RÍ TÚI 50GR | D91: =B91*C91 -> 0
A92: ỚT HIỂM | D92: =B92*C92 -> 0
A93: ỚT HIỂM 100G | D93: =B93*C93 -> 0
A94: THÌ LÀ | D94: =B94*C94 -> 0
A95: THÌ LÀ TÚI 80GR | D95: =B95*C95 -> 0
A96: CHUỐI LABA | D96: =B96*C96 -> 0
... A113: ĐẬU TRẮNG 250GR | D113: =B113*C113 -> 0
A114: CÀ CHUA | B114: =300+90+30+20+15+40+40 -> 535 | C114: 23000 | D114: =B114*C114 -> 12305000
A115: CÀ CHUA L1 | B115: 100 | C115: 21000 | D115: =B115*C115 -> 2100000
A116: CÀ CHUA VỈ 400GR | D116: =B116*C116 -> 0
A117: CÀ CHUA VR | D117: =B117*C117 -> 0
...

Sheet 9.12
A1: hàng tồn cuối ngày 9/12
A2: TÊN SẢN PHẨM | B2: TỒN TRƯỚC | C2: GIÁ NHẬP | D2: THÀNH TIỀN
A3: BẮP CẢI TÍM | B3: 10 | C3: 26000 | D3: =B3*C3 -> 260000
A4: CÀ CHUA SÔCOLA 250GR (KG) -NA | D4: =B4*C4 -> 0
A5: CÀ CHUA SÔCOLA 250GR (KG) VR | D5: =B5*C5 -> 0
A6: CÀ CHUA SÔCOLA 250GR(KG) KQ | D6: =B6*C6 -> 0
A7: CÀ CHUA SÔCOLA 300GR (HỘP) VR | D7: =B7*C7 -> 0
A8: CÀ CHUA SOCOLA XÁ | D8: =B8*C8 -> 0
A9: CÀ CHUA SÔCOLA(HỘP) KQ | D9: =B9*C9 -> 0
A10: CÀ RỐT BABY | D10: =B10*C10 -> 0
A11: CÀ RỐT BABY (KG) KQ | D11: =B11*C11 -> 0
A12: CÀ RỐT BABY 200GR | D12: =B12*C12 -> 0
A13: CẢI CẦU VỒNG | D13: =B13*C13 -> 0
A14: CẢI CẦU VỒNG 300GR | D14: =B14*C14 -> 0
A15: CẢI KALE | D15: =B15*C15 -> 0
... A22: ỚT CHUÔNG 3 MÀU(KG)VR | D22: =B22*C22 -> 0
A23: BÍ ĐỎ NON TRÁI VR | B23: 10 | C23: 4200 | D23: =B23*C23 -> 42000
A24: ỚT CHUÔNG ĐỎ L1 | D24: =B24*C24 -> 0
A25: ỚT CHUÔNG ĐỎ(TRÁI) | D25: =B25*C25 -> 0
A26: BÍ ĐỎ TRÒN | B26: =1645+150+30+30 -> 1855 | C26: 4000 | D26: =B26*C26 -> 7420000
A27: ỚT CHUÔNG 3 MÀU KQ(KG) | D27: =B27*C27 -> 0
A28: BÍ NGÒI VÀNG | B28: 3.5 | C28: 25000 | D28: =B28*C28 -> 87500
A29: ỚT CHUÔNG VÀNG L1 | D29: =B29*C29 -> 0
A30: ỚT CHUÔNG VÀNG(TRÁI) | D30: =B30*C30 -> 0
A31: ỚT CHUÔNG VÀNG+ XANH (VỈ) | D31: =B31*C31 -> 0
A32: BÍ NGÒI XANH | B32: =25+10+20 -> 55 | C32: 12000 | D32: =B32*C32 -> 660000
A33: ỚT CHUÔNG XANH L1 | D33: =B33*C33 -> 0
A34: ỚT CHUÔNG XANH(TRÁI) | D34: =B34*C34 -> 0
A35: BƠ BOOTH | B35: 16 | C35: 45000 | D35: =B35*C35 -> 720000
A36: CỦ DỀN 600G | D36: =B36*C36 -> 0
A37: GỪNG 250GR | D37: =B37*C37 -> 0
A38: HỒNG GIÒN | D38: =B38*C38 -> 0
A39: XÀ LÁCH MỸ | D39: =B39*C39 -> 0
A40: KHOAI TÂY HỒNG | D40: =B40*C40 -> 0
A41: KHOAI TÂY HỒNG TÚI LƯỚI 500G | D41: =B41*C41 -> 0
A42: BÔNG BÍ | B42: 0.5 | C42: 55000 | D42: =B42*C42 -> 27500
A43: BÔNG CẢI TRẮNG | B43: 4 | C43: 22000 | D43: =B43*C43 -> 88000
A44: CÀ CHUA | B44: =240+200+10 -> 450 | C44: 23000 | D44: =B44*C44 -> 10350000
A45: KHOAI TÂY VÀNG RỬA | D45: =B45*C45 -> 0
A46: KHOAI TÂY VÀNG TRUNG TÚI LƯỚI 500G | D46: =B46*C46 -> 0
A47: CẢI THẢO DL | D47: =B47*C47 -> 0
A48: CẢI THẢO DL(BẮP) | D48: =B48*C48 -> 0
A49: CẢI THẢO KIM CHI | D49: =B49*C49 -> 0
A50: CẢI THẢO VR | D50: =B50*C50 -> 0
A51: BẦU | D51: =B51*C51 -> 0
A52: BÍ ĐAO XANH | D52: =B52*C52 -> 0
A53: BÍ ĐAO XANH 400G | D53: =B53*C53 -> 0
A54: DƯA LEO | D54: =B54*C54 -> 0
A55: CÀ CHUA SÔCOLA 250GR (HỘP) VR | B55: 20 | C55: 8500 | D55: =B55*C55 -> 170000
A56: KHỔ QUA | D56: =B56*C56 -> 0
A57: KHỔ QUA 400GR | D57: =B57*C57 -> 0
A58: KHỔ QUA BÓ 350-500GR | D58: =B58*C58 -> 0
A59: MƯỚP HƯƠNG | D59: =B59*C59 -> 0
A60: MƯỚP HƯƠNG 300G | D60: =B60*C60 -> 0
A61: BÍ MINI VÀNG 300GR | D61: =B61*C61 -> 0
A62: BÍ MINI VÀNG KG | D62: =B62*C62 -> 0
A63: CÀ CHUA Ý | B63: 40 | C63: 28000 | D63: =B63*C63 -> 1120000
A64: DƯA LEO GIỐNG NHẬT KG | D64: =B64*C64 -> 0
A65: BƠ 034 | D65: =B65*C65 -> 0
A66: CÀ CHUA Ý CHÙM | B66: 30 | C66: 30000 | D66: =B66*C66 -> 900000
A67: BƠ SÁP | D67: =B67*C67 -> 0
A68: CÀ CHUA Ý(VỈ) KG | B68: =5+18 -> 23 | C68: 23000 | D68: =B68*C68 -> 529000
A69: CÀ RỐT DL L1 | B69: 35 | C69: 10000 | D69: =B69*C69 -> 350000
A70: KHOAI LANG MẬT 500G KQ | D70: =B70*C70 -> 0
A71: KHOAI LANG MẬT 500G VR | D71: =B71*C71 -> 0
A72: PARO | D72: =B72*C72 -> 0
A73: PARO (CÂY) | D73: =B73*C73 -> 0
A74: CÀ TÍM | B74: 3 | C74: 9000 | D74: =B74*C74 -> 27000
A75: BẮP CẢI TÍM (BẮP) | D75: =B75*C75 -> 0
A76: BẮP CẢI TÍM SUSHI | D76: =B76*C76 -> 0
A77: CÀ CHUA CHERRY MIX 300G | D77: =B77*C77 -> 0
A78: TÍA TÔ 50G | D78: =B78*C78 -> 0
A79: XÀ LÁCH LOLO XANH | D79: =B79*C79 -> 0
A80: XÀ LÁCH LOLO XANH SUSHI | D80: =B80*C80 -> 0
A81: XÀ LÁCH LOLO XANH TÚI 300GR | D81: =B81*C81 -> 0
A82: XÀ LÁCH ROMEN THUỶ CANH (KG) VR | D82: =B82*C82 -> 0
A83: CÀ RỐT DL | D83: =B83*C83 -> 0
A84: CỦ DỀN | B84: =25+20 -> 45 | C84: 14000 | D84: =B84*C84 -> 630000
A85: CÀ RỐT DL TÚI LƯỚI 500GR VR | D85: =B85*C85 -> 0
A86: CÀ RỐT TRUNG | D86: =B86*C86 -> 0
A87: CÀ RỐT TÚI LƯỚI 800G KQ | D87: =B87*C87 -> 0
A88: GỪNG | D88: =B88*C88 -> 0
A89: MỒNG TƠI | D89: =B89*C89 -> 0
A90: NGÒ RÍ | D90: =B90*C90 -> 0
A91: NGÒ RÍ TÚI 50GR | D91: =B91*C91 -> 0
A92: ỚT HIỂM | D92: =B92*C92 -> 0
A93: ỚT HIỂM 100G | D93: =B93*C93 -> 0
A94: THÌ LÀ | D94: =B94*C94 -> 0
A95: THÌ LÀ TÚI 80GR | D95: =B95*C95 -> 0
A96: CHUỐI LABA | D96: =B96*C96 -> 0
A97: BÔNG BÍ TÚI 300GR | D97: =B97*C97 -> 0
A98: ĐẬU QUE XANH( TÚI) KQ | B98: 6 | C98: 9000 | D98: =B98*C98 -> 54000
A99: BÔNG CẢI TRẮNG (CÂY) | D99: =B99*C99 -> 0
A100: SET RAU KÈM ỚT | D100: =B100*C100 -> 0
A101: SET RAU KHÔNG KÈM ỚT | D101: =B101*C101 -> 0
A102: ĐẬU BO | D102: =B102*C102 -> 0
A103: ĐẬU BO 250GR | D103: =B103*C103 -> 0
A104: ĐẬU CÚC | D104: =B104*C104 -> 0
A105: ĐẬU CÚC 250GR | D105: =B105*C105 -> 0
A106: ĐẬU ĐỎ | D106: =B106*C106 -> 0
...

Sheet 10.12
A1: Hàng tồn cuối ngày 10/12 | C1: Stock
A2: TÊN SẢN PHẨM | B2: ĐVT | C2: TỒN TRƯỚC | D2: GIÁ NHẬP | E2: THÀNH TIỀN
A4: BẮP CẢI TÍM | B4: Kg | C4: 20 | D4: =_xlfn.IFNA(VLOOKUP(A4,'9.12'!A3:C303,3,),) -> 26000 | E4: =+D4*C4 -> 520000
A5: BẮP CẢI TÍM (BẮP) | B5: BẮP
A6: BẮP CẢI TÍM SUSHI | B6: Kg
A7: BẮP CẢI TRẮNG | B7: Kg
A8: BẮP CẢI TRẮNG (BẮP) | B8: BẮP
A9: BẮP CẢI TRẮNG MỘC CHÂU | B9: Kg
A10: BẮP CẢI TRẮNG SUSHI | B10: Kg
A11: BẮP MỸ | B11: Kg
A12: BẦU | B12: Kg
A13: BÍ ĐAO XANH | B13: Kg
A14: BÍ ĐAO XANH 400G | B14: TRÁI
A15: BÍ ĐỎ HỒ LÔ | B15: Kg
A16: BÍ ĐỎ MINI | B16: Kg
... A19: BÍ ĐỎ NON( KG) VR | B19: Kg
A20: BÍ ĐỎ TRÒN | B20: Kg | C20: 1715 | D20: =_xlfn.IFNA(VLOOKUP(A20,'9.12'!A19:C319,3,),) -> 4000 | E20: =+D20*C20 -> 6860000
A21: BÍ MINI VÀNG 300GR | B21: TRÁI
A22: BÍ MINI VÀNG KG | B22: Kg
A23: BÍ NGÒI VÀNG | B23: Kg | C23: 7 | D23: =_xlfn.IFNA(VLOOKUP(A23,'9.12'!A22:C322,3,),) -> 25000 | E23: =+D23*C23 -> 175000
A24: BÍ NGÒI VÀNG (TRÁI) | B24: TRÁI
A25: BÍ NGÒI XANH | B25: Kg | C25: 94 | D25: =_xlfn.IFNA(VLOOKUP(A25,'9.12'!A24:C324,3,),) -> 12000 | E25: =+D25*C25 -> 1128000
A26: BÍ NGÒI XANH(TRÁI) | B26: TRÁI
A27: BÍ NHẬT | B27: Kg
A28: BƠ 034 | B28: Kg
A29: BƠ BOOTH | B29: Kg
A30: BƠ SÁP | B30: Kg
A31: BÓ XÔI | B31: Kg | C31: 2 | D31: 30000 | E31: =+D31*C31 -> 60000
A32: BÓ XÔI 300G VR | B32: TÚI
A33: BÓ XÔI-HN KQ | B33: Kg
A34: BÓ XÔI-NA | B34: Kg
A35: BÔNG ATISO | B35: Kg
A36: BÔNG BÍ | B36: Kg
A37: BÔNG BÍ TÚI 300GR | B37: VỈ
A38: BÔNG CẢI TRẮNG | B38: Kg | C38: 8 | D38: =_xlfn.IFNA(VLOOKUP(A38,'9.12'!A37:C337,3,),) -> 22000 | E38: =+D38*C38 -> 176000
A39: BÔNG CẢI TRẮNG (CÂY) | B39: CÂY
A40: BÔNG CẢI XANH 10P | B40: Kg
A41: BÔNG CẢI XANH AEON | B41: Kg
A42: BÔNG CẢI XANH AEON (CÂY) | B42: CÂY
A43: BÔNG CẢI XANH BABY (KG) | B43: Kg
A44: BÔNG CẢI XANH BABY 200G | B44: VỈ
A45: BÔNG CẢI XANH BIGC | B45: Kg | C45: 30 | D45: 16000 | E45: =+D45*C45 -> 480000
A46: BÔNG CẢI XANH CITI | B46: Kg
A47: CÀ CHUA | B47: Kg | C47: 410 | D47: 23000 | E47: =+D47*C47 -> 9430000
A48: CÀ CHUA BI | B48: Kg
A49: CÀ CHUA BI (HỘP) 300GR KQ | B49: HỘP
A50: CÀ CHUA BI (HỘP) 300GR VR | B50: HỘP
A51: CÀ CHUA BI 300GR KQ (KG) | B51: Kg
A52: CÀ CHUA BI 300GR VR (KG) | B52: Kg
A53: CÀ CHUA BI CAM SỮA (KG) VR | B53: Kg
A54: CÀ CHUA BI COOP | B54: Kg
A55: CÀ CHUA BI-NA | B55: Kg
A56: CÀ CHUA CHERRY MIX 300G | B56: HỘP
A57: CÀ CHUA L1 | B57: TÚI | C57: 110 | D57: 19000 | E57: =+D57*C57 -> 2090000
A58: CÀ CHUA MỘC CHÂU | B58: Kg
A59: CÀ CHUA NGỌT | B59: Kg
A60: CÀ CHUA NGỌT 300GR (KG) | B60: Kg
A61: CÀ CHUA NGỌT XÁ | B61: Kg
A62: CÀ CHUA ROSEBERRY 300G | B62: Kg
A63: CÀ CHUA SÔCOLA 250GR (HỘP) VR | B63: HỘP
A64: CÀ CHUA SÔCOLA 250GR (KG) -NA | B64: Kg
A65: CÀ CHUA SÔCOLA 250GR (KG) VR | B65: Kg
A66: CÀ CHUA SÔCOLA 250GR(KG) KQ | B66: Kg
A67: CÀ CHUA SÔCOLA 300GR (HỘP) VR | B67: HỘP
A68: CÀ CHUA SOCOLA XÁ | B68: Kg
A69: CÀ CHUA SÔCOLA(HỘP) KQ | B69: HỘP
... A71: CÀ CHUA VR | B71: Kg
A72: CÀ CHUA Ý | B72: Kg | C72: 210 | D72: 25000 | E72: =+D72*C72 -> 5250000
A73: CÀ CHUA Ý 500G | B73: VỈ
A74: CÀ CHUA Ý CHÙM | B74: KG
A75: CÀ CHUA Ý(VỈ) KG | B75: Kg
A76: CÀ CHUA Ý(VỈ) KG KQ | B76: Kg
A77: CÀ RỐT BABY | B77: Kg
A78: CÀ RỐT BABY (KG) KQ | B78: Kg
A79: CÀ RỐT BABY 200GR | B79: VỈ | C79: 8 | D79: =60000*0.2 -> 12000 | E79: =+D79*C79 -> 96000
A80: CÀ RỐT DL | B80: Kg
A81: CÀ RỐT DL L1 | B81: Kg | C81: 45 | D81: 10000 | E81: =+D81*C81 -> 450000
A82: CÀ RỐT DL TÚI LƯỚI 500GR VR | B82: TÚI
A83: CÀ RỐT TRUNG | B83: Kg
A84: CÀ RỐT TÚI LƯỚI 800G KQ | B84: TÚI
A85: CÀ TÍM | B85: Kg
A86: CÀ TÍM CẶP 400G | B86: CẶP
A87: CÀ TÍM SỌC PHA LÊ 300G | B87: HỘP
A88: CÀ TÍM SỌC PHA LÊ HỘP 500GR VR | B88: HỘP
A89: CÀ TÍM SỌC PHA LÊ TÍM (KG) VR | B89: Kg
A90: CÀ Ý VỈ 650GR | B90: VỈ
A91: CẢI CANH | B91: Kg
A92: CẢI CẦU VỒNG | B92: Kg
A93: CẢI CẦU VỒNG 300GR | B93: TÚI | C93: 19 | D93: =28000*0.3 -> 8400 | E93: =+D93*C93 -> 159600
A94: CẢI CHÍP | B94: Kg
A95: CẢI CÚC 500GR | B95: TÚI
A96: CẢI KALE | B96: Kg
A97: CẢI KALE 300GR | B97: TÚI
A98: CẢI MÈO MỘC CHÂU | B98: Kg
A99: CẢI NGỌT | B99: Kg
A100: CẢI THẢO DL | B100: Kg
A101: CẢI THẢO DL(BẮP) | B101: BẮP
A102: CẢI THẢO HỎA TIỄN | B102: Kg
A103: CẢI THẢO HỎA TIỄN 250GR | B103: BẮP
A104: CẢI THẢO KIM CHI | B104: Kg
...

Sheet 11.12
A1: Hàng tồn cuối ngày 11/12 | C1: Stock
A2: TÊN SẢN PHẨM | B2: ĐVT | C2: TỒN TRƯỚC | D2: GIÁ NHẬP | E2: THÀNH TIỀN
A4: BẮP CẢI TÍM | B4: Kg
A5: BẮP CẢI TÍM (BẮP) | B5: BẮP
A6: BẮP CẢI TÍM SUSHI | B6: Kg
A7: BẮP CẢI TRẮNG | B7: Kg
A8: BẮP CẢI TRẮNG (BẮP) | B8: BẮP
A9: BẮP CẢI TRẮNG MỘC CHÂU | B9: Kg
A10: BẮP CẢI TRẮNG SUSHI | B10: Kg
A11: BẮP MỸ | B11: Kg
A12: BẦU | B12: Kg
A13: BÍ ĐAO XANH | B13: Kg
A14: BÍ ĐAO XANH 400G | B14: TRÁI
A15: BÍ ĐỎ HỒ LÔ | B15: Kg | C15: 5 | D15: 8500 | E15: =+D15*C15 -> 42500
A16: BÍ ĐỎ MINI | B16: Kg
A17: BÍ ĐỎ NON (KG)KQ | B17: Kg
A18: BÍ ĐỎ NON TRÁI VR | B18: TRÁI | C18: 10 | D18: =12000*0.3 -> 3600 | E18: =+D18*C18 -> 36000
A19: BÍ ĐỎ NON( KG) VR | B19: Kg
A20: BÍ ĐỎ TRÒN | B20: Kg | C20: 270 | D20: =_xlfn.IFNA(VLOOKUP(A20,'10.12'!A9:D303,4,),) -> 4000 | E20: =+D20*C20 -> 1080000
A21: BÍ MINI VÀNG 300GR | B21: TRÁI
A22: BÍ MINI VÀNG KG | B22: Kg
A23: BÍ NGÒI VÀNG | B23: Kg | C23: 2 | D23: =_xlfn.IFNA(VLOOKUP(A23,'10.12'!A12:D306,4,),) -> 25000 | E23: =+D23*C23 -> 50000
A24: BÍ NGÒI VÀNG (TRÁI) | B24: TRÁI
A25: BÍ NGÒI XANH | B25: Kg | C25: 65 | D25: =_xlfn.IFNA(VLOOKUP(A25,'10.12'!A14:D308,4,),) -> 12000 | E25: =+D25*C25 -> 780000
A26: BÍ NGÒI XANH(TRÁI) | B26: TRÁI
A27: BÍ NHẬT | B27: Kg
A28: BƠ 034 | B28: Kg
A29: BƠ BOOTH | B29: Kg | C29: 2 | D29: 55000 | E29: =+D29*C29 -> 110000
A30: BƠ SÁP | B30: Kg
A31: BÓ XÔI | B31: Kg
A32: BÓ XÔI 300G VR | B32: TÚI
A33: BÓ XÔI-HN KQ | B33: Kg
A34: BÓ XÔI-NA | B34: Kg
A35: BÔNG ATISO | B35: Kg
A36: BÔNG BÍ | B36: Kg
A37: BÔNG BÍ TÚI 300GR | B37: VỈ
A38: BÔNG CẢI TRẮNG | B38: Kg
A39: BÔNG CẢI TRẮNG (CÂY) | B39: CÂY
A40: BÔNG CẢI XANH 10P | B40: Kg
A41: BÔNG CẢI XANH AEON | B41: Kg
... A46: BÔNG CẢI XANH CITI | B46: Kg
A47: CÀ CHUA | B47: Kg | C47: 680 | D47: =_xlfn.IFNA(VLOOKUP(A47,'10.12'!A36:D330,4,),) -> 23000 | E47: =+D47*C47 -> 15640000
A48: CÀ CHUA BI | B48: Kg
A49: CÀ CHUA BI (HỘP) 300GR KQ | B49: HỘP
A50: CÀ CHUA BI (HỘP) 300GR VR | B50: HỘP
A51: CÀ CHUA BI 300GR KQ (KG) | B51: Kg
A52: CÀ CHUA BI 300GR VR (KG) | B52: Kg
A53: CÀ CHUA BI CAM SỮA (KG) VR | B53: Kg
A54: CÀ CHUA BI COOP | B54: Kg
A55: CÀ CHUA BI-NA | B55: Kg
A56: CÀ CHUA CHERRY MIX 300G | B56: HỘP
A57: CÀ CHUA L1 | B57: TÚI | C57: 20 | D57: =_xlfn.IFNA(VLOOKUP(A57,'10.12'!A46:D340,4,),) -> 19000 | E57: =+D57*C57 -> 380000
A58: CÀ CHUA MỘC CHÂU | B58: Kg
A59: CÀ CHUA NGỌT | B59: Kg
A60: CÀ CHUA NGỌT 300GR (KG) | B60: Kg
A61: CÀ CHUA NGỌT XÁ | B61: Kg
A62: CÀ CHUA ROSEBERRY 300G | B62: Kg
A63: CÀ CHUA SÔCOLA 250GR (HỘP) VR | B63: HỘP
A64: CÀ CHUA SÔCOLA 250GR (KG) -NA | B64: Kg
A65: CÀ CHUA SÔCOLA 250GR (KG) VR | B65: Kg
A66: CÀ CHUA SÔCOLA 250GR(KG) KQ | B66: Kg
A67: CÀ CHUA SÔCOLA 300GR (HỘP) VR | B67: HỘP
A68: CÀ CHUA SOCOLA XÁ | B68: Kg
A69: CÀ CHUA SÔCOLA(HỘP) KQ | B69: HỘP
... A80: CÀ RỐT DL | B80: Kg
A81: CÀ RỐT DL L1 | B81: Kg | C81: 30 | D81: =_xlfn.IFNA(VLOOKUP(A81,'10.12'!A70:D364,4,),) -> 10000 | E81: =+D81*C81 -> 300000
A82: CÀ RỐT DL TÚI LƯỚI 500GR VR | B82: TÚI
A83: CÀ RỐT TRUNG | B83: Kg
A84: CÀ RỐT TÚI LƯỚI 800G KQ | B84: TÚI
A85: CÀ TÍM | B85: Kg | C85: 20 | D85: 6000 | E85: =+D85*C85 -> 120000
A86: CÀ TÍM CẶP 400G | B86: CẶP
A87: CÀ TÍM SỌC PHA LÊ 300G | B87: HỘP
A88: CÀ TÍM SỌC PHA LÊ HỘP 500GR VR | B88: HỘP
A89: CÀ TÍM SỌC PHA LÊ TÍM (KG) VR | B89: Kg
A90: CÀ Ý VỈ 650GR | B90: VỈ
A91: CẢI CANH | B91: Kg
A92: CẢI CẦU VỒNG | B92: Kg
A93: CẢI CẦU VỒNG 300GR | B93: TÚI
A94: CẢI CHÍP | B94: Kg
A95: CẢI CÚC 500GR | B95: TÚI
A96: CẢI KALE | B96: Kg
A97: CẢI KALE 300GR | B97: TÚI
... A118: CHẬU CÂY CẦN TÂY | B118: CHẬU
A119: CHUỐI LABA | B119: Kg | C119: 13 | D119: 10000 | E119: =+D119*C119 -> 130000
A120: CỦ CẢI ĐỎ 300GR (KG) VR | B120: Kg
A121: CỦ CẢI ĐỎ HỘP 300GR | B121: HỘP
A122: CỦ CẢI ĐỎ(HỘP) | B122: HỘP
A123: CỦ CẢI ĐỎ(KG) KQ | B123: Kg
A124: CỦ CẢI ĐỎ(KG) VR | B124: Kg
A125: CỦ CẢI HÀN QUỐC | B125: Kg
A126: CỦ CẢI MUỐI (VỈ) 250G KQ | B126: VỈ
A127: CỦ CẢI MUỐI(KG) | B127: Kg
A128: CỦ CẢI TRẮNG | B128: Kg
A129: CỦ CẢI TRẮNG CẶP 400GR | B129: CẶP
A130: CỦ DỀN | B130: Kg | C130: 8 | D130: =_xlfn.IFNA(VLOOKUP(A130,'10.12'!A119:D413,4,),) -> 14000 | E130: =+D130*C130 -> 112000
A131: CỦ DỀN 600G | B131: TÚI
A132: CỦ HÀNH ĐỎ | B132: Kg
A133: CỦ HÀNH ĐỎ 500GR | B133: TÚI
A134: CỦ NGHỆ | B134: Kg
A135: CỦ SẮN | B135: Kg
...

Sheet 12.12
A1: hàng tồn cuối ngày 12/12
A2: TÊN SẢN PHẨM | B2: TỒN TRƯỚC | C2: GIÁ NHẬP | D2: THÀNH TIỀN
A3: BẮP CẢI TÍM | B3: 92 | C3: 26000 | D3: =B3*C3 -> 2392000
A4: CÀ CHUA SÔCOLA 250GR (KG) -NA | D4: =B4*C4 -> 0
A5: CÀ CHUA SÔCOLA 250GR (KG) VR | D5: =B5*C5 -> 0
A6: CÀ CHUA SÔCOLA 250GR(KG) KQ | D6: =B6*C6 -> 0
A7: CÀ CHUA SÔCOLA 300GR (HỘP) VR | D7: =B7*C7 -> 0
A8: CÀ CHUA SOCOLA XÁ | D8: =B8*C8 -> 0
A9: CÀ CHUA SÔCOLA(HỘP) KQ | D9: =B9*C9 -> 0
A10: CÀ RỐT BABY | D10: =B10*C10 -> 0
A11: CÀ RỐT BABY (KG) KQ | D11: =B11*C11 -> 0
A12: CÀ RỐT BABY 200GR | D12: =B12*C12 -> 0
A13: CẢI CẦU VỒNG | D13: =B13*C13 -> 0
A14: CẢI CẦU VỒNG 300GR | D14: =B14*C14 -> 0
A15: CẢI KALE | D15: =B15*C15 -> 0
... A22: ỚT CHUÔNG 3 MÀU(KG)VR | D22: =B22*C22 -> 0
A23: BẮP CẢI TRẮNG | B23: 80 | C23: 6500 | D23: =B23*C23 -> 520000
A24: BÍ ĐỎ TRÒN | B24: =1500+30+30+90 -> 1650 | C24: 4000 | D24: =B24*C24 -> 6600000
A25: ỚT CHUÔNG ĐỎ(TRÁI) | D25: =B25*C25 -> 0
A26: BÍ NGÒI XANH | B26: =75+20+15 -> 110 | C26: 12000 | D26: =B26*C26 -> 1320000
A27: ỚT CHUÔNG 3 MÀU KQ(KG) | D27: =B27*C27 -> 0
A28: BÔNG CẢI XANH AEON | B28: =6+5+5+30 -> 46 | C28: 25000 | D28: =B28*C28 -> 1150000
A29: ỚT CHUÔNG VÀNG L1 | D29: =B29*C29 -> 0
A30: ỚT CHUÔNG VÀNG(TRÁI) | D30: =B30*C30 -> 0
A31: ỚT CHUÔNG VÀNG+ XANH (VỈ) | D31: =B31*C31 -> 0
A32: BÔNG CẢI XANH BIGC | B32: 15 | C32: 16000 | D32: =B32*C32 -> 240000
A33: CÀ CHUA | B33: =60+40+100+40+100+120 -> 460 | C33: 22000 | D33: =B33*C33 -> 10120000
A34: ỚT CHUÔNG XANH(TRÁI) | D34: =B34*C34 -> 0
A35: CÀ CHUA BI COOP | B35: 5 | C35: 13500 | D35: =B35*C35 -> 67500
A36: CỦ DỀN 600G | D36: =B36*C36 -> 0
A37: GỪNG 250GR | D37: =B37*C37 -> 0
A38: HỒNG GIÒN | D38: =B38*C38 -> 0
A39: XÀ LÁCH MỸ | D39: =B39*C39 -> 0
A40: CÀ CHUA L1 | B40: 40 | C40: 19000 | D40: =B40*C40 -> 760000
A41: KHOAI TÂY HỒNG TÚI LƯỚI 500G | D41: =B41*C41 -> 0
A42: CÀ CHUA SÔCOLA 250GR (HỘP) VR | B42: 13 | C42: 8000 | D42: =B42*C42 -> 104000
A43: CÀ CHUA Ý | B43: =135+15+15 -> 165 | C43: 26500 | D43: =B43*C43 -> 4372500
A44: CÀ RỐT DL L1 | B44: 45 | C44: 10000 | D44: =B44*C44 -> 450000
A45: KHOAI TÂY VÀNG RỬA | D45: =B45*C45 -> 0
A46: KHOAI TÂY VÀNG TRUNG TÚI LƯỚI 500G | D46: =B46*C46 -> 0
A47: CẢI THẢO DL | D47: =B47*C47 -> 0
A48: CẢI THẢO DL(BẮP) | D48: =B48*C48 -> 0
A49: CẢI THẢO KIM CHI | D49: =B49*C49 -> 0
A50: CẢI THẢO VR | D50: =B50*C50 -> 0
A51: BẦU | D51: =B51*C51 -> 0
A52: BÍ ĐAO XANH | D52: =B52*C52 -> 0
A53: BÍ ĐAO XANH 400G | D53: =B53*C53 -> 0
A54: CHUỐI LABA | B54: 10 | C54: 10000 | D54: =B54*C54 -> 100000
A55: DƯA LEO 400G | D55: =B55*C55 -> 0
A56: KHỔ QUA | D56: =B56*C56 -> 0
A57: KHỔ QUA 400GR | D57: =B57*C57 -> 0
A58: KHỔ QUA BÓ 350-500GR | D58: =B58*C58 -> 0
A59: MƯỚP HƯƠNG | D59: =B59*C59 -> 0
A60: MƯỚP HƯƠNG 300G | D60: =B60*C60 -> 0
A61: BÍ MINI VÀNG 300GR | D61: =B61*C61 -> 0
A62: BÍ MINI VÀNG KG | D62: =B62*C62 -> 0
A63: DƯA LEO GIỐNG NHẬT 600GR | D63: =B63*C63 -> 0
A64: DƯA LEO GIỐNG NHẬT KG | D64: =B64*C64 -> 0
A65: BƠ 034 | D65: =B65*C65 -> 0
A66: BƠ BOOTH | D66: =B66*C66 -> 0
A67: BƠ SÁP | D67: =B67*C67 -> 0
A68: CỦ DỀN | B68: =15+100+25 -> 140 | C68: 14000 | D68: =B68*C68 -> 1960000
A69: ĐẬU QUE TRẮNG (TÚI) VR | B69: 5 | C69: 7000 | D69: =B69*C69 -> 35000
A70: KHOAI LANG MẬT 500G KQ | D70: =B70*C70 -> 0
A71: KHOAI LANG MẬT 500G VR | D71: =B71*C71 -> 0
A72: ĐẬU QUE XANH( TÚI) VR | B72: 9 | C72: 7000 | D72: =B72*C72 -> 63000
A73: PARO (CÂY) | D73: =B73*C73 -> 0
A74: DƯA LEO | B74: 15 | C74: 8000 | D74: =B74*C74 -> 120000
A75: BẮP CẢI TÍM (BẮP) | D75: =B75*C75 -> 0
A76: BẮP CẢI TÍM SUSHI | D76: =B76*C76 -> 0
A77: CÀ CHUA CHERRY MIX 300G | D77: =B77*C77 -> 0
A78: TÍA TÔ 50G | D78: =B78*C78 -> 0
A79: XÀ LÁCH LOLO XANH | D79: =B79*C79 -> 0
A80: XÀ LÁCH LOLO XANH SUSHI | D80: =B80*C80 -> 0
A81: XÀ LÁCH LOLO XANH TÚI 300GR | D81: =B81*C81 -> 0
A82: XÀ LÁCH ROMEN THUỶ CANH (KG) VR | D82: =B82*C82 -> 0
A83: CÀ RỐT DL | D83: =B83*C83 -> 0
A84: DƯA LEO BABY KQ | B84: =198+54 -> 252 | C84: 5000 | D84: =B84*C84 -> 1260000
A85: CÀ RỐT DL TÚI LƯỚI 500GR VR | D85: =B85*C85 -> 0
A86: CÀ RỐT TRUNG | D86: =B86*C86 -> 0
A87: CÀ RỐT TÚI LƯỚI 800G KQ | D87: =B87*C87 -> 0
A88: GỪNG | D88: =B88*C88 -> 0
A89: MỒNG TƠI | D89: =B89*C89 -> 0
A90: NGÒ RÍ | D90: =B90*C90 -> 0
A91: NGÒ RÍ TÚI 50GR | D91: =B91*C91 -> 0
A92: ỚT HIỂM | D92: =B92*C92 -> 0
A93: ỚT HIỂM 100G | D93: =B93*C93 -> 0
A94: THÌ LÀ | D94: =B94*C94 -> 0
A95: THÌ LÀ TÚI 80GR | D95: =B95*C95 -> 0
A96: DƯA LEO BABY VR | B96: =436+50+33 -> 519 | C96: 5000 | D96: =B96*C96 -> 2595000
A97: BÔNG BÍ TÚI 300GR | D97: =B97*C97 -> 0
A98: BÔNG CẢI TRẮNG | D98: =B98*C98 -> 0
A99: BÔNG CẢI TRẮNG (CÂY) | D99: =B99*C99 -> 0
A100: SET RAU KÈM ỚT | D100: =B100*C100 -> 0
A101: SET RAU KHÔNG KÈM ỚT | D101: =B101*C101 -> 0
A102: ĐẬU BO | D102: =B102*C102 -> 0
A103: ĐẬU BO 250GR | D103: =B103*C103 -> 0
A104: ĐẬU CÚC | D104: =B104*C104 -> 0
A105: ĐẬU CÚC 250GR | D105: =B105*C105 -> 0
A106: ĐẬU ĐỎ | D106: =B106*C106 -> 0
...

Sheet 13.12
A1: Hàng tồn cuối ngày 13/12
A2: TÊN SẢN PHẨM | B2: ĐVT | C2: TỒN TRƯỚC | D2: GIÁ | E2: THÀNH TIỀN
A4: CÀ CHUA SÔCOLA 250GR (HỘP) VR | B4: HỘP
A5: CÀ CHUA SÔCOLA 250GR (KG) -NA | B5: Kg
A6: CÀ CHUA SÔCOLA 250GR (KG) VR | B6: Kg
A7: CÀ CHUA SÔCOLA 250GR(KG) KQ | B7: Kg
A8: CÀ CHUA SÔCOLA 300GR (HỘP) VR | B8: HỘP
A9: CÀ CHUA SOCOLA XÁ | B9: Kg
A10: CÀ CHUA SÔCOLA(HỘP) KQ | B10: HỘP
A11: CÀ RỐT BABY | B11: Kg
A12: CÀ RỐT BABY (KG) KQ | B12: Kg
A13: CÀ RỐT BABY 200GR | B13: VỈ
A14: CẢI CẦU VỒNG | B14: Kg
A15: CẢI CẦU VỒNG 300GR | B15: TÚI
... A19: CHANH VÀNG TRÁI 180UP | B19: TRÁI
A20: BÍ ĐỎ TRÒN | B20: Kg | C20: 1260 | D20: =_xlfn.IFNA(VLOOKUP(A20,'12.12'!A3:C292,3,),) -> 4000 | E20: =+D20*C20 -> 5040000
A21: CẦN TÂY VR | B21: Kg
A22: CẦN TÂY(CÂY) | B22: CÂY
A23: ỚT CHUÔNG 3 MÀU(KG)VR | B23: VỈ
A24: BÍ NGÒI VÀNG | B24: Kg | C24: 2 | D24: 25000 | E24: =+D24*C24 -> 50000
A25: BÍ NGÒI XANH | B25: Kg | C25: 120 | D25: =_xlfn.IFNA(VLOOKUP(A25,'12.12'!A8:C297,3,),) -> 12000 | E25: =+D25*C25 -> 1440000
A26: ỚT CHUÔNG ĐỎ(TRÁI) | B26: TRÁI
A27: ỚT CHUÔNG 3 MÀU 350G | B27: VỈ
A28: ỚT CHUÔNG 3 MÀU KQ(KG) | B28: Kg
A29: BÔNG CẢI TRẮNG | B29: Kg | C29: 8 | D29: 28000 | E29: =+D29*C29 -> 224000
A30: ỚT CHUÔNG VÀNG L1 | B30: Kg
A31: ỚT CHUÔNG VÀNG(TRÁI) | B31: TRÁI
A32: ỚT CHUÔNG VÀNG+ XANH (VỈ) | B32: VỈ
A33: BÔNG CẢI XANH BIGC | B33: Kg | C33: 8 | D33: =_xlfn.IFNA(VLOOKUP(A33,'12.12'!A16:C305,3,),) -> 16000 | E33: =+D33*C33 -> 128000
A34: CÀ CHUA | B34: Kg | C34: 190 | D34: =_xlfn.IFNA(VLOOKUP(A34,'12.12'!A17:C306,3,),) -> 22000 | E34: =+D34*C34 -> 4180000
A35: ỚT CHUÔNG XANH(TRÁI) | B35: TRÁI
A36: CÀ CHUA Ý | B36: Kg | C36: 202 | D36: =_xlfn.IFNA(VLOOKUP(A36,'12.12'!A19:C308,3,),) -> 26500 | E36: =+D36*C36 -> 5353000
A37: CỦ DỀN 600G | B37: TÚI
A38: GỪNG 250GR | B38: Kg
A39: HỒNG GIÒN | B39: Kg
A40: XÀ LÁCH MỸ | B40: Kg
A41: CÀ CHUA Ý CHÙM | B41: KG | C41: 85 | D41: 28000 | E41: =+D41*C41 -> 2380000
A42: KHOAI TÂY HỒNG TÚI LƯỚI 500G | B42: TÚI
A43: CÀ CHUA Ý(VỈ) KG | B43: Kg | C43: 7 | D43: 20000 | E43: =+D43*C43 -> 140000
A44: CÀ TÍM | B44: Kg | C44: 38 | D44: 9000 | E44: =+D44*C44 -> 342000
A45: KHOAI TÂY VÀNG LỚN TÚI LƯỚI 500G | B45: TÚI
A46: KHOAI TÂY VÀNG RỬA | B46: Kg
A47: KHOAI TÂY VÀNG TRUNG TÚI LƯỚI 500G | B47: TÚI
A48: CẢI THẢO DL | B48: Kg
A49: CẢI THẢO DL(BẮP) | B49: BẮP
A50: CẢI THẢO KIM CHI | B50: Kg
A51: CẢI THẢO VR | B51: Kg
A52: BẦU | B52: Kg
A53: BÍ ĐAO XANH | B53: Kg
A54: BÍ ĐAO XANH 400G | B54: TRÁI
A55: DƯA LEO | B55: Kg
A56: DƯA LEO 400G | B56: VỈ
... A58: KHỔ QUA 400GR | B58: VỈ
A59: KHỔ QUA BÓ 350-500GR
A60: MƯỚP HƯƠNG | B60: Kg
A61: MƯỚP HƯƠNG 300G | B61: TRÁI
A62: BÍ MINI VÀNG 300GR | B62: TRÁI
A63: BÍ MINI VÀNG KG | B63: Kg
A64: DƯA LEO GIỐNG NHẬT 600GR | B64: TÚI
A65: DƯA LEO GIỐNG NHẬT KG | B65: Kg
A66: BƠ 034 | B66: Kg
A67: BƠ BOOTH | B67: Kg
A68: BƠ SÁP | B68: Kg
A69: CẦN TÂY (KG) | B69: Kg | C69: 85 | D69: 22000 | E69: =+D69*C69 -> 1870000
A70: CỦ DỀN | B70: Kg | C70: 73 | D70: 15000 | E70: =+D70*C70 -> 1095000
A71: KHOAI LANG MẬT 500G KQ | B71: TÚI
A72: KHOAI LANG MẬT 500G VR | B72: TÚI
A73: PARO | B73: Kg
A74: PARO (CÂY) | B74: CÂY
A75: BẮP CẢI TÍM | B75: Kg
A76: BẮP CẢI TÍM (BẮP) | B76: BẮP
A77: BẮP CẢI TÍM SUSHI | B77: Kg
A78: CÀ CHUA CHERRY MIX 300G | B78: HỘP
A79: TÍA TÔ 50G | B79: TÚI
A80: XÀ LÁCH LOLO XANH | B80: Kg
A81: XÀ LÁCH LOLO XANH SUSHI | B81: Kg
A82: XÀ LÁCH LOLO XANH TÚI 300GR | B82: TÚI
... A98: BÔNG BÍ TÚI 300GR | B98: VỈ
A99: DƯA LEO BABY KQ | B99: VỈ | C99: 170 | D99: =_xlfn.IFNA(VLOOKUP(A99,'12.12'!A82:C371,3,),) -> 5000 | E99: =+D99*C99 -> 850000
A100: BÔNG CẢI TRẮNG (CÂY) | B100: CÂY
A101: SET RAU KÈM ỚT | B101: VỈ
A102: SET RAU KHÔNG KÈM ỚT | B102: VỈ
A103: ĐẬU BO | B103: Kg
A104: ĐẬU BO 250GR | B104: VỈ
A105: ĐẬU CÚC | B105: Kg
A106: ĐẬU CÚC 250GR | B106: VỈ
A107: ĐẬU ĐỎ | B107: Kg
A108: ĐẬU ĐỎ 250GR | B108: VỈ
A109: ĐẬU HÀ LAN-FUJI | B109: Kg
A110: ĐẬU NGỰ | B110: Kg
A111: ĐẬU NGỰ 250GR | B111: VỈ
... A114: ĐẬU TRẮNG 250GR | B114: VỈ
A115: DƯA LEO BABY VR | B115: VỈ | C115: 437 | D115: 5000 | E115: =+D115*C115 -> 2185000
A116: CÀ CHUA L1 | B116: TÚI
A117: CÀ CHUA VỈ 400GR | B117: VỈ
A118: CÀ CHUA VR | B118: Kg
A119: BÍ ĐỎ MINI | B119: Kg
A120: ỚT SỪNG 100G
A121: XẢ CÂY | B121: Kg
A122: HÀNH TÂY DL L1 | B122: Kg | C122: 400 | D122: =_xlfn.IFNA(VLOOKUP(A122,'12.12'!A105:C394,3,),) -> 28000 | E122: =+D122*C122 -> 11200000
...

Sheet 14.12
A1: hàng tồn cuối ngày 14/12
A2: TÊN SẢN PHẨM | B2: TỒN TRƯỚC | C2: GIÁ NHẬP | D2: THÀNH TIỀN
A3: CÀ CHUA SÔCOLA 250GR (HỘP) VR | D3: =B3*C3 -> 0
A4: CÀ CHUA SÔCOLA 250GR (KG) -NA | D4: =B4*C4 -> 0
A5: CÀ CHUA SÔCOLA 250GR (KG) VR | D5: =B5*C5 -> 0
A6: CÀ CHUA SÔCOLA 250GR(KG) KQ | D6: =B6*C6 -> 0
A7: CÀ CHUA SÔCOLA 300GR (HỘP) VR | D7: =B7*C7 -> 0
A8: CÀ CHUA SOCOLA XÁ | D8: =B8*C8 -> 0
A9: CÀ CHUA SÔCOLA(HỘP) KQ | D9: =B9*C9 -> 0
A10: CÀ RỐT BABY | D10: =B10*C10 -> 0
A11: CÀ RỐT BABY (KG) KQ | D11: =B11*C11 -> 0
A12: CÀ RỐT BABY 200GR | D12: =B12*C12 -> 0
A13: CẢI CẦU VỒNG | D13: =B13*C13 -> 0
A14: CẢI CẦU VỒNG 300GR | D14: =B14*C14 -> 0
... A22: ỚT CHUÔNG 3 MÀU(KG)VR | D22: =B22*C22 -> 0
A23: ỚT CHUÔNG ĐỎ | B23: =5+80+10+7 -> 102 | C23: 22000 | D23: =B23*C23 -> 2244000
A24: ỚT CHUÔNG ĐỎ L1 | B24: 19 | C24: 19000 | D24: =B24*C24 -> 361000
A25: ỚT CHUÔNG ĐỎ(TRÁI) | D25: =B25*C25 -> 0
A26: ỚT CHUÔNG 3 MÀU 350G | D26: =B26*C26 -> 0
A27: ỚT CHUÔNG 3 MÀU KQ(KG) | D27: =B27*C27 -> 0
A28: ỚT CHUÔNG VÀNG | D28: =B28*C28 -> 0
A29: ỚT CHUÔNG VÀNG L1 | D29: =B29*C29 -> 0
A30: ỚT CHUÔNG VÀNG(TRÁI) | D30: =B30*C30 -> 0
A31: ỚT CHUÔNG VÀNG+ XANH (VỈ) | D31: =B31*C31 -> 0
A32: ỚT CHUÔNG XANH | B32: 115 | C32: 26000 | D32: =B32*C32 -> 2990000
A33: ỚT CHUÔNG XANH L1 | B33: 2 | C33: 23000 | D33: =B33*C33 -> 46000
A34: ỚT CHUÔNG XANH(TRÁI) | D34: =B34*C34 -> 0
A35: CỦ DỀN | B35: =20+28+40+7 -> 95 | C35: 14000 | D35: =B35*C35 -> 1330000
A36: CỦ DỀN 600G | D36: =B36*C36 -> 0
A37: GỪNG 250GR | D37: =B37*C37 -> 0
A38: HỒNG GIÒN | D38: =B38*C38 -> 0
A39: XÀ LÁCH MỸ | D39: =B39*C39 -> 0
A40: KHOAI TÂY HỒNG | D40: =B40*C40 -> 0
A41: KHOAI TÂY HỒNG TÚI LƯỚI 500G | D41: =B41*C41 -> 0
A42: KHOAI TÂY VÀNG | D42: =B42*C42 -> 0
A43: KHOAI TÂY VÀNG ĐL | B43: =60+30+140 -> 230 | C43: 16000 | D43: =B43*C43 -> 3680000
A44: KHOAI TÂY VÀNG LỚN TÚI LƯỚI 500G | B44: =77+20 -> 97 | C44: 15000 | D44: =B44*C44 -> 1455000
A45: KHOAI TÂY VÀNG RỬA | D45: =B45*C45 -> 0
A46: KHOAI TÂY VÀNG TRUNG TÚI LƯỚI 500G | D46: =B46*C46 -> 0
A47: CẢI THẢO DL | B47: 40 | C47: 7000 | D47: =B47*C47 -> 280000
A48: CẢI THẢO DL(BẮP) | D48: =B48*C48 -> 0
A49: CẢI THẢO KIM CHI | D49: =B49*C49 -> 0
A50: CẢI THẢO VR | D50: =B50*C50 -> 0
A51: BẦU | D51: =B51*C51 -> 0
A52: BÍ ĐAO XANH | D52: =B52*C52 -> 0
A53: BÍ ĐAO XANH 400G | D53: =B53*C53 -> 0
A54: DƯA LEO | D54: =B54*C54 -> 0
A55: DƯA LEO 400G | B55: 20 | C55: 4500 | D55: =B55*C55 -> 90000
A56: KHỔ QUA | D56: =B56*C56 -> 0
A57: KHỔ QUA 400GR | D57: =B57*C57 -> 0
A58: KHỔ QUA BÓ 350-500GR | D58: =B58*C58 -> 0
A59: MƯỚP HƯƠNG | D59: =B59*C59 -> 0
A60: MƯỚP HƯƠNG 300G | D60: =B60*C60 -> 0
A61: BÍ MINI VÀNG 300GR | D61: =B61*C61 -> 0
A62: BÍ MINI VÀNG KG | D62: =B62*C62 -> 0
A63: DƯA LEO GIỐNG NHẬT 600GR | D63: =B63*C63 -> 0
A64: DƯA LEO GIỐNG NHẬT KG | D64: =B64*C64 -> 0
A65: BƠ 034 | D65: =B65*C65 -> 0
A66: BƠ BOOTH | D66: =B66*C66 -> 0
A67: BƠ SÁP | D67: =B67*C67 -> 0
A68: KHOAI LANG MẬT (KG) 2-3 CỦ | B68: =220+160 -> 380 | C68: 27000 | D68: =B68*C68 -> 10260000
A69: KHOAI LANG MẬT (KG) 4-6 CỦ | B69: 160 | C69: 26000 | D69: =B69*C69 -> 4160000
A70: KHOAI LANG MẬT 500G KQ | D70: =B70*C70 -> 0
A71: KHOAI LANG MẬT 500G VR | D71: =B71*C71 -> 0
A72: PARO | B72: 15 | C72: 20000 | D72: =B72*C72 -> 300000
A73: PARO (CÂY) | D73: =B73*C73 -> 0
A74: BẮP CẢI TÍM | B74: 15 | C74: 26000 | D74: =B74*C74 -> 390000
A75: BẮP CẢI TÍM (BẮP) | D75: =B75*C75 -> 0
A76: BẮP CẢI TÍM SUSHI | D76: =B76*C76 -> 0
A77: CÀ CHUA CHERRY MIX 300G | D77: =B77*C77 -> 0
A78: TÍA TÔ 50G | D78: =B78*C78 -> 0
A79: XÀ LÁCH LOLO XANH | D79: =B79*C79 -> 0
A80: XÀ LÁCH LOLO XANH SUSHI | D80: =B80*C80 -> 0
A81: XÀ LÁCH LOLO XANH TÚI 300GR | D81: =B81*C81 -> 0
A82: XÀ LÁCH ROMEN THUỶ CANH (KG) VR | D82: =B82*C82 -> 0
A83: CÀ RỐT DL | D83: =B83*C83 -> 0
A84: CÀ RỐT DL L1 | B84: =20+135 -> 155 | C84: 10000 | D84: =B84*C84 -> 1550000
A85: CÀ RỐT DL TÚI LƯỚI 500GR VR | D85: =B85*C85 -> 0
A86: CÀ RỐT TRUNG | D86: =B86*C86 -> 0
A87: CÀ RỐT TÚI LƯỚI 800G KQ | D87: =B87*C87 -> 0
A88: GỪNG | B88: 1 | C88: 28000 | D88: =B88*C88 -> 28000
A89: MỒNG TƠI | D89: =B89*C89 -> 0
A90: NGÒ RÍ | D90: =B90*C90 -> 0
A91: NGÒ RÍ TÚI 50GR | D91: =B91*C91 -> 0
A92: ỚT HIỂM | D92: =B92*C92 -> 0
A93: ỚT HIỂM 100G | D93: =B93*C93 -> 0
A94: THÌ LÀ | D94: =B94*C94 -> 0
A95: THÌ LÀ TÚI 80GR | D95: =B95*C95 -> 0
A96: CHUỐI LABA | D96: =B96*C96 -> 0
A97: BÔNG BÍ TÚI 300GR | D97: =B97*C97 -> 0
A98: BÔNG CẢI TRẮNG | D98: =B98*C98 -> 0
A99: BÔNG CẢI TRẮNG (CÂY) | D99: =B99*C99 -> 0
A100: SET RAU KÈM ỚT | D100: =B100*C100 -> 0
... A113: ĐẬU TRẮNG 250GR | D113: =B113*C113 -> 0
A114: CÀ CHUA | B114: =100+80+300 -> 480 | C114: 21000 | D114: =B114*C114 -> 10080000
A115: CÀ CHUA L1 | B115: =29+40 -> 69 | C115: 18000 | D115: =B115*C115 -> 1242000
A116: CÀ CHUA VỈ 400GR | D116: =B116*C116 -> 0
A117: CÀ CHUA VR | D117: =B117*C117 -> 0
A118: BÍ ĐỎ MINI | D118: =B118*C118 -> 0
A119: ỚT SỪNG 100G | D119: =B119*C119 -> 0
...

Sheet 15.12
A1: hàng tồn cuối ngày 15/12
A2: TÊN SẢN PHẨM | B2: TỒN TRƯỚC | C2: GIÁ NHẬP | D2: THÀNH TIỀN
A3: CÀ CHUA SOCOLA XÁ | D3: =B3*C3 -> 0
A4: CÀ CHUA SÔCOLA 250GR (HỘP) VR | D4: =B4*C4 -> 0
A5: CÀ CHUA SÔCOLA 250GR (KG) -NA | D5: =B5*C5 -> 0
A6: CÀ CHUA SÔCOLA 250GR (KG) VR | D6: =B6*C6 -> 0
A7: CÀ CHUA SÔCOLA 250GR(KG) KQ | D7: =B7*C7 -> 0
A8: CÀ CHUA SÔCOLA 300GR (HỘP) VR | D8: =B8*C8 -> 0
A9: CÀ CHUA SÔCOLA(HỘP) KQ | D9: =B9*C9 -> 0
A10: CÀ RỐT BABY | D10: =B10*C10 -> 0
A11: CÀ RỐT BABY (KG) KQ | D11: =B11*C11 -> 0
A12: CÀ RỐT BABY 200GR | D12: =B12*C12 -> 0
A13: CẢI CẦU VỒNG | D13: =B13*C13 -> 0
A14: CẢI CẦU VỒNG 300GR | D14: =B14*C14 -> 0
... A21: CẦN TÂY(CÂY) | D21: =B21*C21 -> 0
A22: ỚT CHUÔNG 3 MÀU(KG)VR | B22: 9 | C22: 9000 | D22: =B22*C22 -> 81000
A23: ỚT CHUÔNG ĐỎ | B23: =25+8+80+40+20 -> 173 | C23: 22000 | D23: =B23*C23 -> 3806000
A24: ỚT CHUÔNG ĐỎ L1 | B24: 17 | C24: 20000 | D24: =B24*C24 -> 340000
A25: ỚT CHUÔNG ĐỎ(TRÁI) | D25: =B25*C25 -> 0
A26: ỚT CHUÔNG 3 MÀU 350G | D26: =B26*C26 -> 0
A27: ỚT CHUÔNG 3 MÀU KQ(KG) | D27: =B27*C27 -> 0
A28: ỚT CHUÔNG VÀNG | B28: =7+15+20+20+20+23 -> 105 | C28: 30000 | D28: =B28*C28 -> 3150000
A29: ỚT CHUÔNG VÀNG L1 | B29: 16 | C29: 24000 | D29: =B29*C29 -> 384000
A30: ỚT CHUÔNG VÀNG(TRÁI) | D30: =B30*C30 -> 0
A31: ỚT CHUÔNG VÀNG+ XANH (VỈ) | D31: =B31*C31 -> 0
A32: ỚT CHUÔNG XANH | B32: =8+5+26 -> 39 | C32: 26000 | D32: =B32*C32 -> 1014000
A33: ỚT CHUÔNG XANH L1 | D33: =B33*C33 -> 0
A34: ỚT CHUÔNG XANH(TRÁI) | D34: =B34*C34 -> 0
A35: CỦ DỀN | B35: =20+12+10 -> 42 | C35: 14000 | D35: =B35*C35 -> 588000
A36: CỦ DỀN 600G | D36: =B36*C36 -> 0
A37: GỪNG 250GR | D37: =B37*C37 -> 0
A38: HỒNG GIÒN | D38: =B38*C38 -> 0
A39: XÀ LÁCH MỸ | D39: =B39*C39 -> 0
A40: KHOAI TÂY HỒNG | B40: 20 | C40: 25000 | D40: =B40*C40 -> 500000
A41: KHOAI TÂY HỒNG TÚI LƯỚI 500G | D41: =B41*C41 -> 0
A42: KHOAI TÂY VÀNG | B42: 25 | C42: 12000 | D42: =B42*C42 -> 300000
A43: KHOAI TÂY VÀNG ĐL | B43: =50+170+25 -> 245 | C43: 16000 | D43: =B43*C43 -> 3920000
A44: KHOAI TÂY VÀNG LỚN TÚI LƯỚI 500G | D44: =B44*C44 -> 0
A45: KHOAI TÂY VÀNG RỬA | D45: =B45*C45 -> 0
A46: KHOAI TÂY VÀNG TRUNG TÚI LƯỚI 500G | D46: =B46*C46 -> 0
A47: CẢI THẢO DL | B47: 30 | C47: 7000 | D47: =B47*C47 -> 210000
A48: CẢI THẢO DL(BẮP) | D48: =B48*C48 -> 0
A49: CẢI THẢO KIM CHI | D49: =B49*C49 -> 0
A50: CẢI THẢO VR | D50: =B50*C50 -> 0
A51: BẦU | D51: =B51*C51 -> 0
A52: BÍ ĐAO XANH | D52: =B52*C52 -> 0
A53: BÍ ĐAO XANH 400G | D53: =B53*C53 -> 0
A54: DƯA LEO | B54: 15 | C54: 7000 | D54: =B54*C54 -> 105000
A55: DƯA LEO 400G | D55: =B55*C55 -> 0
A56: KHỔ QUA | D56: =B56*C56 -> 0
A57: KHỔ QUA 400GR | D57: =B57*C57 -> 0
A58: KHỔ QUA BÓ 350-500GR | D58: =B58*C58 -> 0
A59: MƯỚP HƯƠNG | D59: =B59*C59 -> 0
A60: MƯỚP HƯƠNG 300G | D60: =B60*C60 -> 0
A61: BÍ MINI VÀNG 300GR | D61: =B61*C61 -> 0
A62: BÍ MINI VÀNG KG | D62: =B62*C62 -> 0
A63: DƯA LEO GIỐNG NHẬT 600GR | D63: =B63*C63 -> 0
A64: DƯA LEO GIỐNG NHẬT KG | D64: =B64*C64 -> 0
A65: BƠ 034 | D65: =B65*C65 -> 0
A66: BƠ BOOTH | D66: =B66*C66 -> 0
A67: BƠ SÁP | D67: =B67*C67 -> 0
A68: KHOAI LANG MẬT (KG) 2-3 CỦ | B68: =80+100 -> 180 | C68: 27000 | D68: =B68*C68 -> 4860000
A69: KHOAI LANG MẬT (KG) 4-6 CỦ | B69: =100+260 -> 360 | C69: 26000 | D69: =B69*C69 -> 9360000
A70: KHOAI LANG MẬT 500G KQ | D70: =B70*C70 -> 0
A71: KHOAI LANG MẬT 500G VR | D71: =B71*C71 -> 0
A72: PARO | D72: =B72*C72 -> 0
A73: PARO (CÂY) | D73: =B73*C73 -> 0
A74: BẮP CẢI TÍM | B74: =13+20 -> 33 | C74: 26000 | D74: =B74*C74 -> 858000
A75: BẮP CẢI TÍM (BẮP) | D75: =B75*C75 -> 0
A76: BẮP CẢI TÍM SUSHI | D76: =B76*C76 -> 0
A77: CÀ CHUA CHERRY MIX 300G | D77: =B77*C77 -> 0
A78: TÍA TÔ 50G | D78: =B78*C78 -> 0
A79: XÀ LÁCH LOLO XANH | D79: =B79*C79 -> 0
A80: XÀ LÁCH LOLO XANH SUSHI | D80: =B80*C80 -> 0
A81: XÀ LÁCH LOLO XANH TÚI 300GR | D81: =B81*C81 -> 0
A82: XÀ LÁCH ROMEN THUỶ CANH (KG) VR | D82: =B82*C82 -> 0
A83: CÀ RỐT DL | D83: =B83*C83 -> 0
A84: CÀ RỐT DL L1 | B84: =35+5+90 -> 130 | C84: 10000 | D84: =B84*C84 -> 1300000
A85: CÀ RỐT DL TÚI LƯỚI 500GR VR | D85: =B85*C85 -> 0
A86: CÀ RỐT TÚI LƯỚI 800G KQ | D86: =B86*C86 -> 0
A87: CÀ RỐT TRUNG | D87: =B87*C87 -> 0
A88: GỪNG | B88: 2 | C88: 30000 | D88: =B88*C88 -> 60000
A89: MỒNG TƠI | D89: =B89*C89 -> 0
A90: NGÒ RÍ | D90: =B90*C90 -> 0
A91: NGÒ RÍ TÚI 50GR | D91: =B91*C91 -> 0
A92: ỚT HIỂM | D92: =B92*C92 -> 0
A93: ỚT HIỂM 100G | D93: =B93*C93 -> 0
A94: THÌ LÀ | D94: =B94*C94 -> 0
A95: THÌ LÀ TÚI 80GR | D95: =B95*C95 -> 0
A96: CHUỐI LABA | B96: 10 | C96: 10000 | D96: =B96*C96 -> 100000
A97: BÔNG BÍ TÚI 300GR | D97: =B97*C97 -> 0
A98: BÔNG CẢI TRẮNG | B98: 4 | C98: 20000 | D98: =B98*C98 -> 80000
A99: BÔNG CẢI TRẮNG (CÂY) | D99: =B99*C99 -> 0
A100: SET RAU KÈM ỚT | D100: =B100*C100 -> 0
A101: SET RAU KHÔNG KÈM ỚT | D101: =B101*C101 -> 0
A102: DAU THAP CAM (HON HOP) TUOI 100G | D102: =B102*C102 -> 0
A103: ĐẬU BO | D103: =B103*C103 -> 0
A104: ĐẬU BO 250GR | D104: =B104*C104 -> 0
A105: ĐẬU CÚC | D105: =B105*C105 -> 0
A106: ĐẬU CÚC 250GR | D106: =B106*C106 -> 0
...

Sheet 16.12
A1: hàng tồn cuối ngày 16/12
A2: TÊN SẢN PHẨM | B2: TỒN TRƯỚC | C2: GIÁ NHẬP | D2: THÀNH TIỀN
A3: CÀ CHUA SÔCOLA 250GR (HỘP) VR | D3: =B3*C3 -> 0
A4: CÀ CHUA SÔCOLA 250GR (KG) -NA | D4: =B4*C4 -> 0
A5: CÀ CHUA SÔCOLA 250GR (KG) VR | D5: =B5*C5 -> 0
A6: CÀ CHUA SÔCOLA 250GR(KG) KQ | D6: =B6*C6 -> 0
A7: CÀ CHUA SÔCOLA 300GR (HỘP) VR | D7: =B7*C7 -> 0
A8: CÀ CHUA SOCOLA XÁ | D8: =B8*C8 -> 0
A9: CÀ CHUA SÔCOLA(HỘP) KQ | D9: =B9*C9 -> 0
A10: CÀ RỐT BABY | D10: =B10*C10 -> 0
A11: CÀ RỐT BABY (KG) KQ | D11: =B11*C11 -> 0
A12: CÀ RỐT BABY 200GR | D12: =B12*C12 -> 0
A13: CẢI CẦU VỒNG | D13: =B13*C13 -> 0
A14: CẢI CẦU VỒNG 300GR | D14: =B14*C14 -> 0
... A18: CHANH VÀNG TRÁI 180UP | D18: =B18*C18 -> 0
A19: CẦN TÂY (KG) | B19: 60 | C19: 22000 | D19: =B19*C19 -> 1320000
A20: CẦN TÂY VR | D20: =B20*C20 -> 0
A21: CẦN TÂY(CÂY) | D21: =B21*C21 -> 0
A22: ỚT CHUÔNG 3 MÀU(KG)VR | D22: =B22*C22 -> 0
A23: ỚT CHUÔNG ĐỎ | B23: =40+152 -> 192 | C23: 24000 | D23: =B23*C23 -> 4608000
A24: ỚT CHUÔNG ĐỎ L1 | B24: 6 | C24: 22000 | D24: =B24*C24 -> 132000
A25: ỚT CHUÔNG ĐỎ(TRÁI) | D25: =B25*C25 -> 0
A26: ỚT CHUÔNG 3 MÀU 350G | D26: =B26*C26 -> 0
A27: ỚT CHUÔNG 3 MÀU KQ(KG) | D27: =B27*C27 -> 0
A28: ỚT CHUÔNG VÀNG | D28: =B28*C28 -> 0
A29: ỚT CHUÔNG VÀNG L1 | D29: =B29*C29 -> 0
A30: ỚT CHUÔNG VÀNG(TRÁI) | D30: =B30*C30 -> 0
A31: ỚT CHUÔNG VÀNG+ XANH (VỈ) | D31: =B31*C31 -> 0
A32: ỚT CHUÔNG XANH | B32: =40+50 -> 90 | C32: 27000 | D32: =B32*C32 -> 2430000
A33: ỚT CHUÔNG XANH L1 | D33: =B33*C33 -> 0
A34: ỚT CHUÔNG XANH(TRÁI) | D34: =B34*C34 -> 0
A35: CỦ DỀN | B35: =13+20+80 -> 113 | C35: 14250 | D35: =B35*C35 -> 1610250
A36: CỦ DỀN 600G | D36: =B36*C36 -> 0
A37: GỪNG 250GR | D37: =B37*C37 -> 0
A38: HỒNG GIÒN | D38: =B38*C38 -> 0
A39: XÀ LÁCH MỸ | D39: =B39*C39 -> 0
A40: KHOAI TÂY HỒNG | B40: 13 | C40: 24000 | D40: =B40*C40 -> 312000
A41: KHOAI TÂY HỒNG TÚI LƯỚI 500G | D41: =B41*C41 -> 0
A42: KHOAI TÂY VÀNG | B42: 60 | C42: 12000 | D42: =B42*C42 -> 720000
A43: KHOAI TÂY VÀNG ĐL | B43: =50+80+30 -> 160 | C43: 16000 | D43: =B43*C43 -> 2560000
A44: KHOAI TÂY VÀNG LỚN TÚI LƯỚI 500G | B44: 44 | C44: 15000 | D44: =B44*C44 -> 660000
A45: KHOAI TÂY VÀNG RỬA | D45: =B45*C45 -> 0
A46: KHOAI TÂY VÀNG TRUNG TÚI LƯỚI 500G | D46: =B46*C46 -> 0
A47: CẢI THẢO DL | B47: 40 | C47: 7000 | D47: =B47*C47 -> 280000
A48: CẢI THẢO DL(BẮP) | D48: =B48*C48 -> 0
A49: CẢI THẢO KIM CHI | D49: =B49*C49 -> 0
A50: CẢI THẢO VR | D50: =B50*C50 -> 0
A51: BẦU | D51: =B51*C51 -> 0
A52: BÍ ĐAO XANH | D52: =B52*C52 -> 0
A53: BÍ ĐAO XANH 400G | D53: =B53*C53 -> 0
A54: DƯA LEO | B54: =10+13 -> 23 | C54: 7000 | D54: =B54*C54 -> 161000
A55: DƯA LEO 400G | D55: =B55*C55 -> 0
A56: KHỔ QUA | D56: =B56*C56 -> 0
A57: KHỔ QUA 400GR | D57: =B57*C57 -> 0
A58: KHỔ QUA BÓ 350-500GR | D58: =B58*C58 -> 0
A59: MƯỚP HƯƠNG | D59: =B59*C59 -> 0
A60: MƯỚP HƯƠNG 300G | D60: =B60*C60 -> 0
A61: BÍ MINI VÀNG 300GR | D61: =B61*C61 -> 0
A62: BÍ MINI VÀNG KG | D62: =B62*C62 -> 0
A63: DƯA LEO GIỐNG NHẬT 600GR | D63: =B63*C63 -> 0
A64: DƯA LEO GIỐNG NHẬT KG | D64: =B64*C64 -> 0
A65: BƠ 034 | D65: =B65*C65 -> 0
A66: BƠ BOOTH | B66: 3 | C66: 70000 | D66: =B66*C66 -> 210000
A67: BƠ SÁP | D67: =B67*C67 -> 0
A68: KHOAI LANG MẬT (KG) 2-3 CỦ | B68: =100+60+300 -> 460 | C68: 27000 | D68: =B68*C68 -> 12420000
A69: KHOAI LANG MẬT (KG) 4-6 CỦ | B69: =30+30 -> 60 | C69: 26000 | D69: =B69*C69 -> 1560000
A70: KHOAI LANG MẬT 500G KQ | D70: =B70*C70 -> 0
A71: KHOAI LANG MẬT 500G VR | B71: 43 | C71: 13000 | D71: =B71*C71 -> 559000
A72: PARO | D72: =B72*C72 -> 0
A73: PARO (CÂY) | D73: =B73*C73 -> 0
A74: BẮP CẢI TÍM | D74: =B74*C74 -> 0
A75: BẮP CẢI TÍM (BẮP) | D75: =B75*C75 -> 0
A76: BẮP CẢI TÍM SUSHI | D76: =B76*C76 -> 0
A77: CÀ CHUA CHERRY MIX 300G | D77: =B77*C77 -> 0
A78: TÍA TÔ 50G | D78: =B78*C78 -> 0
A79: XÀ LÁCH LOLO XANH | D79: =B79*C79 -> 0
A80: XÀ LÁCH LOLO XANH SUSHI | D80: =B80*C80 -> 0
A81: XÀ LÁCH LOLO XANH TÚI 300GR | D81: =B81*C81 -> 0
A82: XÀ LÁCH ROMEN THUỶ CANH (KG) VR | D82: =B82*C82 -> 0
A83: CÀ RỐT DL | D83: =B83*C83 -> 0
A84: CÀ RỐT DL L1 | B84: 90 | C84: 10000 | D84: =B84*C84 -> 900000
A85: CÀ RỐT DL TÚI LƯỚI 500GR VR | D85: =B85*C85 -> 0
A86: CÀ RỐT TRUNG | D86: =B86*C86 -> 0
A87: CÀ RỐT TÚI LƯỚI 800G KQ | D87: =B87*C87 -> 0
A88: GỪNG | D88: =B88*C88 -> 0
A89: MỒNG TƠI | D89: =B89*C89 -> 0
A90: NGÒ RÍ | D90: =B90*C90 -> 0
A91: NGÒ RÍ TÚI 50GR | D91: =B91*C91 -> 0
A92: ỚT HIỂM | D92: =B92*C92 -> 0
A93: ỚT HIỂM 100G | D93: =B93*C93 -> 0
A94: THÌ LÀ | D94: =B94*C94 -> 0
A95: THÌ LÀ TÚI 80GR | D95: =B95*C95 -> 0
A96: CHUỐI LABA | D96: =B96*C96 -> 0
... A111: DAU THAP CAM (HON HOP) TUOI 100G | D111: =B111*C111 -> 0
A112: ĐẬU TRẮNG | B112: 1.8 | C112: 70000 | D112: =B112*C112 -> 126000
A113: ĐẬU TRẮNG 250GR | D113: =B113*C113 -> 0
A114: CÀ CHUA | B114: =40+60+40+60+70+140+20+580+120 -> 1130 | C114: 19000 | D114: =B114*C114 -> 21470000
A115: CÀ CHUA L1 | B115: 90 | C115: 16000 | D115: =B115*C115 -> 1440000
A116: CÀ CHUA VỈ 400GR | B116: 59 | C116: 8000 | D116: =B116*C116 -> 472000
A117: CÀ CHUA VR | D117: =B117*C117 -> 0
...

Sheet 17.12
A1: Hàng tồn cuối ngày 17/12
A2: TÊN SẢN PHẨM | B2: TỒN TRƯỚC | C2: GIÁ NHẬP | D2: THÀNH TIỀN
A5: BẮP CẢI TÍM | B5: 10 | C5: 26000 | D5: =B5*C5 -> 260000
A6: BẮP CẢI TÍM (BẮP) | D6: =B6*C6 -> 0
A7: BẮP CẢI TÍM SUSHI | D7: =B7*C7 -> 0
A8: BẮP CẢI TRẮNG | D8: =B8*C8 -> 0
A9: BẮP CẢI TRẮNG (BẮP) | D9: =B9*C9 -> 0
A10: BẮP CẢI TRẮNG MỘC CHÂU | D10: =B10*C10 -> 0
A11: BẮP CẢI TRẮNG SUSHI | D11: =B11*C11 -> 0
A12: BẮP MỸ | D12: =B12*C12 -> 0
A13: BẦU | D13: =B13*C13 -> 0
A14: BÍ ĐAO XANH | D14: =B14*C14 -> 0
A15: BÍ ĐAO XANH 400G | D15: =B15*C15 -> 0
A16: BÍ ĐỎ HỒ LÔ | D16: =B16*C16 -> 0
A17: BÍ ĐỎ MINI | D17: =B17*C17 -> 0
A18: BÍ ĐỎ NON (KG)KQ | D18: =B18*C18 -> 0
A19: BÍ ĐỎ NON TRÁI VR | B19: 27 | C19: 4000 | D19: =B19*C19 -> 108000
A20: BÍ ĐỎ NON( KG) VR | D20: =B20*C20 -> 0
A21: BÍ ĐỎ TRÒN | B21: =210+150 -> 360 | C21: 4000 | D21: =B21*C21 -> 1440000
A22: BÍ MINI VÀNG 300GR | D22: =B22*C22 -> 0
A23: BÍ MINI VÀNG KG | D23: =B23*C23 -> 0
A24: BÍ NGÒI VÀNG | D24: =B24*C24 -> 0
A25: BÍ NGÒI VÀNG (TRÁI) | D25: =B25*C25 -> 0
A26: BÍ NGÒI XANH | B26: 100 | C26: 12000 | D26: =B26*C26 -> 1200000
A27: BÍ NGÒI XANH(TRÁI) | D27: =B27*C27 -> 0
A28: BÍ NHẬT | D28: =B28*C28 -> 0
A29: BƠ 034 | D29: =B29*C29 -> 0
A30: BƠ BOOTH | D30: =B30*C30 -> 0
A31: BƠ SÁP | D31: =B31*C31 -> 0
A32: BÓ XÔI | D32: =B32*C32 -> 0
A33: BÓ XÔI 300G VR | D33: =B33*C33 -> 0
A34: BÓ XÔI-HN KQ | D34: =B34*C34 -> 0
A35: BÓ XÔI-NA | D35: =B35*C35 -> 0
A36: BÔNG ATISO | D36: =B36*C36 -> 0
A37: BÔNG BÍ | D37: =B37*C37 -> 0
A38: BÔNG BÍ TÚI 300GR | D38: =B38*C38 -> 0
A39: BÔNG CẢI TRẮNG | B39: 2 | C39: 16000 | D39: =B39*C39 -> 32000
A40: BÔNG CẢI TRẮNG (CÂY) | D40: =B40*C40 -> 0
A41: BÔNG CẢI XANH 10P | D41: =B41*C41 -> 0
A42: BÔNG CẢI XANH AEON | B42: =15+25 -> 40 | C42: 25000 | D42: =B42*C42 -> 1000000
A43: BÔNG CẢI XANH AEON (CÂY) | D43: =B43*C43 -> 0
A44: BÔNG CẢI XANH BABY (KG) | D44: =B44*C44 -> 0
A45: BÔNG CẢI XANH BABY 200G | D45: =B45*C45 -> 0
A46: BÔNG CẢI XANH BIGC | D46: =B46*C46 -> 0
A47: BÔNG CẢI XANH CITI | D47: =B47*C47 -> 0
A48: CÀ CHUA | B48: 280 | C48: 19000 | D48: =B48*C48 -> 5320000
A49: CÀ CHUA BI | D49: =B49*C49 -> 0
A50: CÀ CHUA BI (HỘP) 300GR KQ | D50: =B50*C50 -> 0
A51: CÀ CHUA BI (HỘP) 300GR VR | D51: =B51*C51 -> 0
A52: CÀ CHUA BI 300GR KQ (KG) | D52: =B52*C52 -> 0
A53: CÀ CHUA BI 300GR VR (KG) | D53: =B53*C53 -> 0
A54: CÀ CHUA BI CAM SỮA (KG) VR | D54: =B54*C54 -> 0
A55: CÀ CHUA BI COOP | D55: =B55*C55 -> 0
A56: CÀ CHUA BI-NA | D56: =B56*C56 -> 0
A57: CÀ CHUA CHERRY MIX 300G | D57: =B57*C57 -> 0
A58: CÀ CHUA L1 | D58: =B58*C58 -> 0
A59: CÀ CHUA MỘC CHÂU | D59: =B59*C59 -> 0
A60: CÀ CHUA NGỌT | D60: =B60*C60 -> 0
... A63: CÀ CHUA ROSEBERRY 300G | D63: =B63*C63 -> 0
A64: CÀ CHUA SÔCOLA 250GR (HỘP) VR | B64: 5 | C64: 8000 | D64: =B64*C64 -> 40000
A65: CÀ CHUA SÔCOLA 250GR (KG) -NA | D65: =B65*C65 -> 0
A66: CÀ CHUA SÔCOLA 250GR (KG) VR | D66: =B66*C66 -> 0
A67: CÀ CHUA SÔCOLA 250GR(KG) KQ | D67: =B67*C67 -> 0
A68: CÀ CHUA SÔCOLA 300GR (HỘP) VR | D68: =B68*C68 -> 0
A69: CÀ CHUA SOCOLA XÁ | D69: =B69*C69 -> 0
A70: CÀ CHUA SÔCOLA(HỘP) KQ | D70: =B70*C70 -> 0
A71: CÀ CHUA VỈ 400GR | B71: 33 | C71: 8000 | D71: =B71*C71 -> 264000
A72: CÀ CHUA VR | D72: =B72*C72 -> 0
A73: CÀ CHUA Ý | B73: =50+70-40 -> 80 | C73: 26000 | D73: =B73*C73 -> 2080000
A74: CÀ CHUA Ý 500G | D74: =B74*C74 -> 0
A75: CÀ CHUA Ý CHÙM | D75: =B75*C75 -> 0
A76: CÀ CHUA Ý(VỈ) KG | B76: 26.5 | C76: 20000 | D76: =B76*C76 -> 530000
A77: CÀ CHUA Ý(VỈ) KG KQ | D77: =B77*C77 -> 0
A78: CÀ RỐT BABY | D78: =B78*C78 -> 0
A79: CÀ RỐT BABY (KG) KQ | D79: =B79*C79 -> 0
A80: CÀ RỐT BABY 200GR | D80: =B80*C80 -> 0
A81: CÀ RỐT DL | D81: =B81*C81 -> 0
A82: CÀ RỐT DL L1 | D82: =B82*C82 -> 0
A83: CÀ RỐT DL TÚI LƯỚI 500GR VR | D83: =B83*C83 -> 0
A84: CÀ RỐT TRUNG | D84: =B84*C84 -> 0
A85: CÀ RỐT TÚI LƯỚI 800G KQ | D85: =B85*C85 -> 0
A86: CÀ TÍM | B86: 4 | C86: 6000 | D86: =B86*C86 -> 24000
A87: CÀ TÍM CẶP 400G | D87: =B87*C87 -> 0
A88: CÀ TÍM SỌC PHA LÊ 300G | D88: =B88*C88 -> 0
A89: CÀ TÍM SỌC PHA LÊ HỘP 500GR VR | D89: =B89*C89 -> 0
A90: CÀ TÍM SỌC PHA LÊ TÍM (KG) VR | D90: =B90*C90 -> 0
A91: CÀ Ý VỈ 650GR | D91: =B91*C91 -> 0
A92: CẢI CANH | D92: =B92*C92 -> 0
A93: CẢI CẦU VỒNG | D93: =B93*C93 -> 0
A94: CẢI CẦU VỒNG 300GR | D94: =B94*C94 -> 0
A95: CẢI CHÍP | D95: =B95*C95 -> 0
A96: CẢI CÚC 500GR | D96: =B96*C96 -> 0
A97: CẢI KALE | D97: =B97*C97 -> 0
A98: CẢI KALE 300GR | B98: 4 | C98: 7000 | D98: =B98*C98 -> 28000
A99: CẢI MÈO MỘC CHÂU | D99: =B99*C99 -> 0
A100: CẢI NGỌT | D100: =B100*C100 -> 0
A101: CẢI THẢO DL | D101: =B101*C101 -> 0
A102: CẢI THẢO DL(BẮP) | D102: =B102*C102 -> 0
A103: CẢI THẢO HỎA TIỄN | D103: =B103*C103 -> 0
A104: CẢI THẢO HỎA TIỄN 250GR | D104: =B104*C104 -> 0
...

Sheet 18.12
A1: hàng tồn cuối ngày 18/12
A2: TÊN SẢN PHẨM | B2: TỒN TRƯỚC | C2: GIÁ NHẬP | D2: THÀNH TIỀN
A4: CÀ CHUA SÔCOLA 250GR (HỘP) VR | D4: =B4*C4 -> 0
A5: CÀ CHUA SÔCOLA 250GR (KG) -NA | D5: =B5*C5 -> 0
A6: CÀ CHUA SÔCOLA 250GR (KG) VR | D6: =B6*C6 -> 0
A7: CÀ CHUA SÔCOLA 250GR(KG) KQ | D7: =B7*C7 -> 0
A8: CÀ CHUA SÔCOLA 300GR (HỘP) VR | D8: =B8*C8 -> 0
A9: CÀ CHUA SOCOLA XÁ | D9: =B9*C9 -> 0
A10: CÀ CHUA SÔCOLA(HỘP) KQ | D10: =B10*C10 -> 0
A11: CÀ RỐT BABY | D11: =B11*C11 -> 0
A12: CÀ RỐT BABY (KG) KQ | D12: =B12*C12 -> 0
A13: CÀ RỐT BABY 200GR | D13: =B13*C13 -> 0
A14: CẢI CẦU VỒNG | D14: =B14*C14 -> 0
A15: CẢI CẦU VỒNG 300GR | D15: =B15*C15 -> 0
... A23: ỚT CHUÔNG 3 MÀU(KG)VR | D23: =B23*C23 -> 0
A24: ỚT CHUÔNG ĐỎ | B24: =88+40 -> 128 | C24: 27000 | D24: =B24*C24 -> 3456000
A25: ỚT CHUÔNG ĐỎ L1 | B25: 3 | C25: 22000 | D25: =B25*C25 -> 66000
A26: ỚT CHUÔNG ĐỎ(TRÁI) | B26: 280 | C26: 7000 | D26: =B26*C26 -> 1960000
A27: ỚT CHUÔNG 3 MÀU 350G | D27: =B27*C27 -> 0
A28: ỚT CHUÔNG 3 MÀU KQ(KG) | D28: =B28*C28 -> 0
A29: ỚT CHUÔNG VÀNG | B29: =15+40 -> 55 | C29: 35000 | D29: =B29*C29 -> 1925000
A30: ỚT CHUÔNG VÀNG L1 | D30: =B30*C30 -> 0
A31: ỚT CHUÔNG VÀNG(TRÁI) | D31: =B31*C31 -> 0
A32: ỚT CHUÔNG VÀNG+ XANH (VỈ) | D32: =B32*C32 -> 0
A33: ỚT CHUÔNG XANH | B33: 40 | C33: 27000 | D33: =B33*C33 -> 1080000
A34: ỚT CHUÔNG XANH L1 | D34: =B34*C34 -> 0
A35: ỚT CHUÔNG XANH(TRÁI) | D35: =B35*C35 -> 0
A36: CỦ DỀN | B36: =13+30 -> 43 | C36: 14000 | D36: =B36*C36 -> 602000
A37: CỦ DỀN 600G | D37: =B37*C37 -> 0
A38: GỪNG 250GR | D38: =B38*C38 -> 0
A39: HỒNG GIÒN | D39: =B39*C39 -> 0
A40: XÀ LÁCH MỸ | D40: =B40*C40 -> 0
A41: KHOAI TÂY HỒNG | B41: 15 | C41: 24000 | D41: =B41*C41 -> 360000
A42: KHOAI TÂY HỒNG TÚI LƯỚI 500G | D42: =B42*C42 -> 0
A43: KHOAI TÂY VÀNG | B43: 10 | C43: 12000 | D43: =B43*C43 -> 120000
A44: KHOAI TÂY VÀNG ĐL | B44: =340+290 -> 630 | C44: 16000 | D44: =B44*C44 -> 10080000
A45: KHOAI TÂY VÀNG LỚN TÚI LƯỚI 500G | B45: 40 | C45: 15000 | D45: =B45*C45 -> 600000
A46: KHOAI TÂY VÀNG RỬA | D46: =B46*C46 -> 0
A47: KHOAI TÂY VÀNG TRUNG TÚI LƯỚI 500G | D47: =B47*C47 -> 0
A48: CẢI THẢO DL | D48: =B48*C48 -> 0
A49: CẢI THẢO DL(BẮP) | D49: =B49*C49 -> 0
A50: CẢI THẢO KIM CHI | D50: =B50*C50 -> 0
A51: CẢI THẢO VR | D51: =B51*C51 -> 0
A52: BẦU | D52: =B52*C52 -> 0
A53: BÍ ĐAO XANH | D53: =B53*C53 -> 0
A54: BÍ ĐAO XANH 400G | D54: =B54*C54 -> 0
A55: DƯA LEO | B55: 30 | C55: 7000 | D55: =B55*C55 -> 210000
A56: DƯA LEO 400G | D56: =B56*C56 -> 0
A57: KHỔ QUA | D57: =B57*C57 -> 0
A58: KHỔ QUA 400GR | D58: =B58*C58 -> 0
A59: KHỔ QUA BÓ 350-500GR | D59: =B59*C59 -> 0
A60: MƯỚP HƯƠNG | D60: =B60*C60 -> 0
A61: MƯỚP HƯƠNG 300G | D61: =B61*C61 -> 0
A62: BÍ MINI VÀNG 300GR | D62: =B62*C62 -> 0
A63: BÍ MINI VÀNG KG | D63: =B63*C63 -> 0
A64: DƯA LEO GIỐNG NHẬT 600GR | D64: =B64*C64 -> 0
A65: DƯA LEO GIỐNG NHẬT KG | D65: =B65*C65 -> 0
A66: BƠ 034 | D66: =B66*C66 -> 0
A67: BƠ BOOTH | D67: =B67*C67 -> 0
A68: BƠ SÁP | D68: =B68*C68 -> 0
A69: KHOAI LANG MẬT (KG) 2-3 CỦ | B69: 200 | C69: 27000 | D69: =B69*C69 -> 5400000
A70: KHOAI LANG MẬT (KG) 4-6 CỦ | B70: =20+180+90+30 -> 320 | C70: 26000 | D70: =B70*C70 -> 8320000
A71: KHOAI LANG MẬT 500G KQ | D71: =B71*C71 -> 0
A72: KHOAI LANG MẬT 500G VR | B72: 22 | C72: 13000 | D72: =B72*C72 -> 286000
A73: PARO | D73: =B73*C73 -> 0
A74: PARO (CÂY) | D74: =B74*C74 -> 0
A75: BẮP CẢI TÍM | B75: 15 | C75: 26000 | D75: =B75*C75 -> 390000
A76: BẮP CẢI TÍM (BẮP) | D76: =B76*C76 -> 0
A77: BẮP CẢI TÍM SUSHI | D77: =B77*C77 -> 0
A78: CÀ CHUA CHERRY MIX 300G | D78: =B78*C78 -> 0
A79: TÍA TÔ 50G | D79: =B79*C79 -> 0
A80: XÀ LÁCH LOLO XANH | D80: =B80*C80 -> 0
A81: XÀ LÁCH LOLO XANH SUSHI | D81: =B81*C81 -> 0
A82: XÀ LÁCH LOLO XANH TÚI 300GR | D82: =B82*C82 -> 0
A83: XÀ LÁCH ROMEN THUỶ CANH (KG) VR | D83: =B83*C83 -> 0
A84: CÀ RỐT DL | D84: =B84*C84 -> 0
A85: CÀ RỐT DL L1 | B85: 50 | C85: 11000 | D85: =B85*C85 -> 550000
A86: CÀ RỐT DL TÚI LƯỚI 500GR VR | D86: =B86*C86 -> 0
A87: CÀ RỐT TRUNG | D87: =B87*C87 -> 0
A88: CÀ RỐT TÚI LƯỚI 800G KQ | D88: =B88*C88 -> 0
A89: GỪNG | D89: =B89*C89 -> 0
A90: MỒNG TƠI | D90: =B90*C90 -> 0
A91: NGÒ RÍ | D91: =B91*C91 -> 0
A92: NGÒ RÍ TÚI 50GR | D92: =B92*C92 -> 0
A93: ỚT HIỂM | D93: =B93*C93 -> 0
A94: ỚT HIỂM 100G | D94: =B94*C94 -> 0
A95: THÌ LÀ | D95: =B95*C95 -> 0
A96: THÌ LÀ TÚI 80GR | D96: =B96*C96 -> 0
A97: CHUỐI LABA | D97: =B97*C97 -> 0
... A114: ĐẬU TRẮNG 250GR | D114: =B114*C114 -> 0
A115: CÀ CHUA | B115: 320 | C115: 17000 | D115: =B115*C115 -> 5440000
A116: CÀ CHUA L1 | B116: =20+80 -> 100 | C116: 13000 | D116: =B116*C116 -> 1300000
A117: CÀ CHUA VỈ 400GR | D117: =B117*C117 -> 0
A118: CÀ CHUA VR | D118: =B118*C118 -> 0
A119: BÍ ĐỎ MINI | D119: =B119*C119 -> 0
A120: ỚT SỪNG 100G | D120: =B120*C120 -> 0
A121: XẢ CÂY | D121: =B121*C121 -> 0
A122: BÍ ĐỎ TRÒN | B122: =1599+330+525+30 -> 2484 | C122: 5000 | D122: =B122*C122 -> 12420000
A123: BÔNG ATISO | D123: =B123*C123 -> 0
A124: BÔNG CẢI XANH BABY (KG) | D124: =B124*C124 -> 0
...

Sheet 19.12
A1: hàng tồn cuối ngày 19/12
A2: TÊN SẢN PHẨM | B2: TỒN TRƯỚC | C2: GIÁ NHẬP | D2: THÀNH TIỀN
A3: CÀ CHUA SÔCOLA 250GR (HỘP) VR | B3: 13 | C3: 7000 | D3: =B3*C3 -> 91000
A4: CÀ CHUA SÔCOLA 250GR (KG) -NA | D4: =B4*C4 -> 0
A5: CÀ CHUA SÔCOLA 250GR (KG) VR | D5: =B5*C5 -> 0
A6: CÀ CHUA SÔCOLA 250GR(KG) KQ | D6: =B6*C6 -> 0
A7: CÀ CHUA SÔCOLA 300GR (HỘP) VR | D7: =B7*C7 -> 0
A8: CÀ CHUA SOCOLA XÁ | D8: =B8*C8 -> 0
A9: CÀ CHUA SÔCOLA(HỘP) KQ | D9: =B9*C9 -> 0
A10: CÀ RỐT BABY | D10: =B10*C10 -> 0
A11: CÀ RỐT BABY (KG) KQ | D11: =B11*C11 -> 0
A12: CÀ RỐT BABY 200GR | D12: =B12*C12 -> 0
A13: CẢI CẦU VỒNG | D13: =B13*C13 -> 0
A14: CẢI CẦU VỒNG 300GR | D14: =B14*C14 -> 0
A15: CẢI KALE | D15: =B15*C15 -> 0
... A22: ỚT CHUÔNG 3 MÀU(KG)VR | D22: =B22*C22 -> 0
A23: ỚT CHUÔNG ĐỎ | B23: =40+20+40+20 -> 120 | C23: 28000 | D23: =B23*C23 -> 3360000
A24: ỚT CHUÔNG ĐỎ L1 | D24: =B24*C24 -> 0
A25: ỚT CHUÔNG ĐỎ(TRÁI) | D25: =B25*C25 -> 0
A26: ỚT CHUÔNG 3 MÀU 350G | D26: =B26*C26 -> 0
A27: ỚT CHUÔNG 3 MÀU KQ(KG) | D27: =B27*C27 -> 0
A28: ỚT CHUÔNG VÀNG | D28: =B28*C28 -> 0
A29: ỚT CHUÔNG VÀNG L1 | D29: =B29*C29 -> 0
A30: ỚT CHUÔNG VÀNG(TRÁI) | D30: =B30*C30 -> 0
A31: ỚT CHUÔNG VÀNG+ XANH (VỈ) | D31: =B31*C31 -> 0
A32: ỚT CHUÔNG XANH | B32: 52 | C32: 35000 | D32: =B32*C32 -> 1820000
A33: ỚT CHUÔNG XANH L1 | D33: =B33*C33 -> 0
A34: ỚT CHUÔNG XANH(TRÁI) | D34: =B34*C34 -> 0
A35: CỦ DỀN | B35: 115 | C35: 14000 | D35: =B35*C35 -> 1610000
A36: CỦ DỀN 600G | D36: =B36*C36 -> 0
A37: GỪNG 250GR | D37: =B37*C37 -> 0
A38: HỒNG GIÒN | D38: =B38*C38 -> 0
A39: XÀ LÁCH MỸ | D39: =B39*C39 -> 0
A40: KHOAI TÂY HỒNG | B40: =15+20 -> 35 | C40: 25000 | D40: =B40*C40 -> 875000
A41: KHOAI TÂY HỒNG TÚI LƯỚI 500G | D41: =B41*C41 -> 0
A42: KHOAI TÂY VÀNG | B42: 180 | C42: 12000 | D42: =B42*C42 -> 2160000
A43: KHOAI TÂY VÀNG ĐL | B43: 100 | C43: 15000 | D43: =B43*C43 -> 1500000
A44: KHOAI TÂY VÀNG LỚN TÚI LƯỚI 500G | B44: 120 | C44: 15000 | D44: =B44*C44 -> 1800000
A45: KHOAI TÂY VÀNG RỬA | D45: =B45*C45 -> 0
A46: KHOAI TÂY VÀNG TRUNG TÚI LƯỚI 500G | D46: =B46*C46 -> 0
A47: CẢI THẢO DL | D47: =B47*C47 -> 0
A48: CẢI THẢO DL(BẮP) | D48: =B48*C48 -> 0
A49: CẢI THẢO KIM CHI | D49: =B49*C49 -> 0
A50: CẢI THẢO VR | D50: =B50*C50 -> 0
A51: BẦU | D51: =B51*C51 -> 0
A52: BÍ ĐAO XANH | B52: 20 | C52: 10000 | D52: =B52*C52 -> 200000
A53: BÍ ĐAO XANH 400G | D53: =B53*C53 -> 0
A54: DƯA LEO | D54: =B54*C54 -> 0
A55: DƯA LEO 400G | D55: =B55*C55 -> 0
A56: KHỔ QUA | D56: =B56*C56 -> 0
A57: KHỔ QUA 400GR | D57: =B57*C57 -> 0
A58: KHỔ QUA BÓ 350-500GR | D58: =B58*C58 -> 0
A59: MƯỚP HƯƠNG | D59: =B59*C59 -> 0
A60: MƯỚP HƯƠNG 300G | D60: =B60*C60 -> 0
A61: BÍ MINI VÀNG 300GR | D61: =B61*C61 -> 0
A62: BÍ MINI VÀNG KG | D62: =B62*C62 -> 0
A63: DƯA LEO GIỐNG NHẬT 600GR | D63: =B63*C63 -> 0
A64: DƯA LEO GIỐNG NHẬT KG | D64: =B64*C64 -> 0
... A67: BƠ SÁP | D67: =B67*C67 -> 0
A68: KHOAI LANG MẬT (KG) 2-3 CỦ | B68: =40+60+160+60 -> 320 | C68: 27000 | D68: =B68*C68 -> 8640000
A69: KHOAI LANG MẬT (KG) 4-6 CỦ | B69: 100 | C69: 26000 | D69: =B69*C69 -> 2600000
A70: KHOAI LANG MẬT 500G KQ | B70: 4 | C70: 13000 | D70: =B70*C70 -> 52000
A71: KHOAI LANG MẬT 500G VR | B71: 11 | C71: 13000 | D71: =B71*C71 -> 143000
A72: PARO | D72: =B72*C72 -> 0
A73: PARO (CÂY) | D73: =B73*C73 -> 0
A74: BẮP CẢI TÍM | B74: 5 | C74: 26000 | D74: =B74*C74 -> 130000
A75: BẮP CẢI TÍM (BẮP) | D75: =B75*C75 -> 0
A76: BẮP CẢI TÍM SUSHI | D76: =B76*C76 -> 0
A77: CÀ CHUA CHERRY MIX 300G | D77: =B77*C77 -> 0
A78: TÍA TÔ 50G | D78: =B78*C78 -> 0
A79: XÀ LÁCH LOLO XANH | D79: =B79*C79 -> 0
A80: XÀ LÁCH LOLO XANH SUSHI | D80: =B80*C80 -> 0
A81: XÀ LÁCH LOLO XANH TÚI 300GR | D81: =B81*C81 -> 0
A82: XÀ LÁCH ROMEN THUỶ CANH (KG) VR | D82: =B82*C82 -> 0
A83: CÀ RỐT DL | D83: =B83*C83 -> 0
A84: CÀ RỐT DL L1 | B84: =65+10+125 -> 200 | C84: 11000 | D84: =B84*C84 -> 2200000
A85: CÀ RỐT DL TÚI LƯỚI 500GR VR | D85: =B85*C85 -> 0
A86: CÀ RỐT TRUNG | D86: =B86*C86 -> 0
A87: CÀ RỐT TÚI LƯỚI 800G KQ | D87: =B87*C87 -> 0
A88: GỪNG | D88: =B88*C88 -> 0
A89: MỒNG TƠI | D89: =B89*C89 -> 0
A90: NGÒ RÍ | D90: =B90*C90 -> 0
A91: NGÒ RÍ TÚI 50GR | D91: =B91*C91 -> 0
A92: ỚT HIỂM | D92: =B92*C92 -> 0
A93: ỚT HIỂM 100G | D93: =B93*C93 -> 0
A94: THÌ LÀ | D94: =B94*C94 -> 0
A95: THÌ LÀ TÚI 80GR | D95: =B95*C95 -> 0
A96: CHUỐI LABA | D96: =B96*C96 -> 0
A97: BÔNG BÍ TÚI 300GR | D97: =B97*C97 -> 0
A98: BÔNG CẢI TRẮNG | B98: 22 | C98: 13000 | D98: =B98*C98 -> 286000
A99: BÔNG CẢI TRẮNG (CÂY) | D99: =B99*C99 -> 0
A100: SET RAU KÈM ỚT | D100: =B100*C100 -> 0
A101: SET RAU KHÔNG KÈM ỚT | D101: =B101*C101 -> 0
A102: ĐẬU BO | D102: =B102*C102 -> 0
A103: ĐẬU BO 250GR | D103: =B103*C103 -> 0
A104: ĐẬU CÚC | D104: =B104*C104 -> 0
A105: ĐẬU CÚC 250GR | D105: =B105*C105 -> 0
A106: ĐẬU ĐỎ | D106: =B106*C106 -> 0
A107: ĐẬU ĐỎ 250GR | D107: =B107*C107 -> 0
A108: ĐẬU HÀ LAN-FUJI | D108: =B108*C108 -> 0
...

Sheet 20.12
A1: hàng tồn cuối ngày 20/12
A2: TÊN SẢN PHẨM | B2: TỒN TRƯỚC | C2: GIÁ NHẬP | D2: THÀNH TIỀN
A3: CÀ CHUA SÔCOLA 250GR (HỘP) VR | B3: 27 | C3: 7000 | D3: =B3*C3 -> 189000
A4: CÀ CHUA SÔCOLA 250GR (KG) -NA | D4: =B4*C4 -> 0
A5: CÀ CHUA SÔCOLA 250GR (KG) VR | D5: =B5*C5 -> 0
A6: CÀ CHUA SÔCOLA 250GR(KG) KQ | D6: =B6*C6 -> 0
A7: CÀ CHUA SÔCOLA 300GR (HỘP) VR | D7: =B7*C7 -> 0
A8: CÀ CHUA SOCOLA XÁ | D8: =B8*C8 -> 0
A9: CÀ CHUA SÔCOLA(HỘP) KQ | D9: =B9*C9 -> 0
A10: CÀ RỐT BABY | D10: =B10*C10 -> 0
A11: CÀ RỐT BABY (KG) KQ | D11: =B11*C11 -> 0
A12: CÀ RỐT BABY 200GR | D12: =B12*C12 -> 0
A13: CẢI CẦU VỒNG | D13: =B13*C13 -> 0
A14: CẢI CẦU VỒNG 300GR | D14: =B14*C14 -> 0
A15: CẢI KALE | D15: =B15*C15 -> 0
... A18: CHANH VÀNG TRÁI 180UP | D18: =B18*C18 -> 0
A19: CẦN TÂY (KG) | B19: 10 | C19: 22000 | D19: =B19*C19 -> 220000
A20: CẦN TÂY VR | D20: =B20*C20 -> 0
A21: CẦN TÂY(CÂY) | D21: =B21*C21 -> 0
A22: ỚT CHUÔNG 3 MÀU(KG)VR | D22: =B22*C22 -> 0
A23: ỚT CHUÔNG ĐỎ | B23: =22+40+65 -> 127 | C23: 28000 | D23: =B23*C23 -> 3556000
A24: ỚT CHUÔNG ĐỎ L1 | D24: =B24*C24 -> 0
A25: ỚT CHUÔNG ĐỎ(TRÁI) | D25: =B25*C25 -> 0
A26: ỚT CHUÔNG 3 MÀU 350G | B26: 5 | C26: 12000 | D26: =B26*C26 -> 60000
A27: ỚT CHUÔNG 3 MÀU KQ(KG) | D27: =B27*C27 -> 0
A28: ỚT CHUÔNG VÀNG | B28: =20+80+6 -> 106 | C28: 36000 | D28: =B28*C28 -> 3816000
A29: ỚT CHUÔNG VÀNG L1 | D29: =B29*C29 -> 0
A30: ỚT CHUÔNG VÀNG(TRÁI) | D30: =B30*C30 -> 0
A31: ỚT CHUÔNG VÀNG+ XANH (VỈ) | D31: =B31*C31 -> 0
A32: ỚT CHUÔNG XANH | B32: =20+10+5 -> 35 | C32: 35000 | D32: =B32*C32 -> 1225000
A33: ỚT CHUÔNG XANH L1 | D33: =B33*C33 -> 0
A34: ỚT CHUÔNG XANH(TRÁI) | D34: =B34*C34 -> 0
A35: CỦ DỀN | B35: =10+20+15+15 -> 60 | C35: 14000 | D35: =B35*C35 -> 840000
A36: CỦ DỀN 600G | D36: =B36*C36 -> 0
A37: GỪNG 250GR | D37: =B37*C37 -> 0
A38: HỒNG GIÒN | D38: =B38*C38 -> 0
A39: XÀ LÁCH MỸ | D39: =B39*C39 -> 0
A40: KHOAI TÂY HỒNG | B40: 17 | C40: 25000 | D40: =B40*C40 -> 425000
A41: KHOAI TÂY HỒNG TÚI LƯỚI 500G | D41: =B41*C41 -> 0
A42: KHOAI TÂY VÀNG | B42: 80 | C42: 12000 | D42: =B42*C42 -> 960000
A43: KHOAI TÂY VÀNG ĐL | B43: =20+70+50+20+70 -> 230 | C43: 15000 | D43: =B43*C43 -> 3450000
A44: KHOAI TÂY VÀNG LỚN TÚI LƯỚI 500G | B44: 120 | C44: 15000 | D44: =B44*C44 -> 1800000
A45: KHOAI TÂY VÀNG RỬA | D45: =B45*C45 -> 0
A46: KHOAI TÂY VÀNG TRUNG TÚI LƯỚI 500G | D46: =B46*C46 -> 0
A47: CẢI THẢO DL | D47: =B47*C47 -> 0
A48: CẢI THẢO DL(BẮP) | D48: =B48*C48 -> 0
A49: CẢI THẢO KIM CHI | D49: =B49*C49 -> 0
A50: CẢI THẢO VR | D50: =B50*C50 -> 0
A51: BẦU | B51: 10 | C51: 10000 | D51: =B51*C51 -> 100000
A52: BÍ ĐAO XANH | D52: =B52*C52 -> 0
A53: BÍ ĐAO XANH 400G | D53: =B53*C53 -> 0
A54: DƯA LEO | B54: 30 | C54: 10000 | D54: =B54*C54 -> 300000
A55: DƯA LEO 400G | D55: =B55*C55 -> 0
A56: KHỔ QUA | D56: =B56*C56 -> 0
A57: KHỔ QUA 400GR | D57: =B57*C57 -> 0
A58: KHỔ QUA BÓ 350-500GR | D58: =B58*C58 -> 0
A59: MƯỚP HƯƠNG | D59: =B59*C59 -> 0
A60: MƯỚP HƯƠNG 300G | D60: =B60*C60 -> 0
A61: BÍ MINI VÀNG 300GR | D61: =B61*C61 -> 0
A62: BÍ MINI VÀNG KG | D62: =B62*C62 -> 0
A63: DƯA LEO GIỐNG NHẬT 600GR | D63: =B63*C63 -> 0
A64: DƯA LEO GIỐNG NHẬT KG | D64: =B64*C64 -> 0
A65: BƠ 034 | D65: =B65*C65 -> 0
A66: BƠ BOOTH | B66: =4+10 -> 14 | C66: 70000 | D66: =B66*C66 -> 980000
A67: BƠ SÁP | D67: =B67*C67 -> 0
A68: KHOAI LANG MẬT (KG) 2-3 CỦ | B68: =30+200+130+60 -> 420 | C68: 27000 | D68: =B68*C68 -> 11340000
A69: KHOAI LANG MẬT (KG) 4-6 CỦ | B69: =280+30+30 -> 340 | C69: 26000 | D69: =B69*C69 -> 8840000
A70: KHOAI LANG MẬT 500G KQ | D70: =B70*C70 -> 0
A71: KHOAI LANG MẬT 500G VR | B71: 10 | C71: 13000 | D71: =B71*C71 -> 130000
A72: PARO | D72: =B72*C72 -> 0
A73: PARO (CÂY) | D73: =B73*C73 -> 0
A74: BẮP CẢI TÍM | D74: =B74*C74 -> 0
A75: BẮP CẢI TÍM (BẮP) | D75: =B75*C75 -> 0
A76: BẮP CẢI TÍM SUSHI | D76: =B76*C76 -> 0
A77: CÀ CHUA CHERRY MIX 300G | D77: =B77*C77 -> 0
A78: TÍA TÔ 50G | D78: =B78*C78 -> 0
A79: XÀ LÁCH LOLO XANH | D79: =B79*C79 -> 0
A80: XÀ LÁCH LOLO XANH SUSHI | D80: =B80*C80 -> 0
A81: XÀ LÁCH LOLO XANH TÚI 300GR | D81: =B81*C81 -> 0
A82: XÀ LÁCH ROMEN THUỶ CANH (KG) VR | D82: =B82*C82 -> 0
A83: CÀ RỐT DL | D83: =B83*C83 -> 0
A84: CÀ RỐT DL L1 | B84: =18+120+60 -> 198 | C84: 11000 | D84: =B84*C84 -> 2178000
A85: CÀ RỐT DL TÚI LƯỚI 500GR VR | D85: =B85*C85 -> 0
A86: CÀ RỐT TRUNG | D86: =B86*C86 -> 0
A87: CÀ RỐT TÚI LƯỚI 800G KQ | D87: =B87*C87 -> 0
A88: GỪNG | D88: =B88*C88 -> 0
A89: MỒNG TƠI | D89: =B89*C89 -> 0
A90: NGÒ RÍ | D90: =B90*C90 -> 0
A91: NGÒ RÍ TÚI 50GR | D91: =B91*C91 -> 0
A92: ỚT HIỂM | D92: =B92*C92 -> 0
A93: ỚT HIỂM 100G | D93: =B93*C93 -> 0
A94: THÌ LÀ | D94: =B94*C94 -> 0
A95: THÌ LÀ TÚI 80GR | D95: =B95*C95 -> 0
A96: CHUỐI LABA | B96: 12 | C96: 10000 | D96: =B96*C96 -> 120000
A97: BÔNG BÍ TÚI 300GR | D97: =B97*C97 -> 0
A98: BÔNG CẢI TRẮNG | B98: 15 | C98: 13000 | D98: =B98*C98 -> 195000
A99: BÔNG CẢI TRẮNG (CÂY) | D99: =B99*C99 -> 0
A100: SET RAU KÈM ỚT | D100: =B100*C100 -> 0
A101: SET RAU KHÔNG KÈM ỚT | D101: =B101*C101 -> 0
A102: ĐẬU BO | D102: =B102*C102 -> 0
...

Sheet 21.12
A1: hàng tồn cuối ngày 21/12
A2: TÊN SẢN PHẨM | B2: TỒN TRƯỚC | C2: GIÁ NHẬP | D2: THÀNH TIỀN
A3: BẮP CẢI TÍM | B3: 6 | C3: 26000 | D3: =B3*C3 -> 156000
A4: CÀ CHUA SÔCOLA 250GR (KG) -NA | D4: =B4*C4 -> 0
A5: CÀ CHUA SÔCOLA 250GR (KG) VR | D5: =B5*C5 -> 0
A6: CÀ CHUA SÔCOLA 250GR(KG) KQ | D6: =B6*C6 -> 0
A7: CÀ CHUA SÔCOLA 300GR (HỘP) VR | D7: =B7*C7 -> 0
A8: CÀ CHUA SOCOLA XÁ | D8: =B8*C8 -> 0
A9: CÀ CHUA SÔCOLA(HỘP) KQ | D9: =B9*C9 -> 0
A10: CÀ RỐT BABY | D10: =B10*C10 -> 0
A11: CÀ RỐT BABY (KG) KQ | D11: =B11*C11 -> 0
A12: CÀ RỐT BABY 200GR | D12: =B12*C12 -> 0
A13: CẢI CẦU VỒNG | D13: =B13*C13 -> 0
A14: CẢI CẦU VỒNG 300GR | D14: =B14*C14 -> 0
A15: CẢI KALE | D15: =B15*C15 -> 0
... A22: ỚT CHUÔNG 3 MÀU(KG)VR | D22: =B22*C22 -> 0
A23: BẮP CẢI TRẮNG | B23: 160 | C23: 6500 | D23: =B23*C23 -> 1040000
A24: ỚT CHUÔNG ĐỎ L1 | D24: =B24*C24 -> 0
A25: ỚT CHUÔNG ĐỎ(TRÁI) | D25: =B25*C25 -> 0
A26: BÍ ĐỎ NON TRÁI VR | B26: 18 | C26: 4000 | D26: =B26*C26 -> 72000
A27: ỚT CHUÔNG 3 MÀU KQ(KG) | D27: =B27*C27 -> 0
A28: BÍ ĐỎ TRÒN | B28: =420+90+660+390+390+1270 -> 3220 | C28: 5000 | D28: =B28*C28 -> 16100000
A29: ỚT CHUÔNG VÀNG L1 | D29: =B29*C29 -> 0
A30: ỚT CHUÔNG VÀNG(TRÁI) | D30: =B30*C30 -> 0
A31: ỚT CHUÔNG VÀNG+ XANH (VỈ) | D31: =B31*C31 -> 0
A32: BÍ NGÒI XANH | B32: 30 | C32: 10000 | D32: =B32*C32 -> 300000
A33: ỚT CHUÔNG XANH L1 | D33: =B33*C33 -> 0
A34: ỚT CHUÔNG XANH(TRÁI) | D34: =B34*C34 -> 0
A35: BÔNG CẢI TRẮNG | B35: 10 | C35: 13000 | D35: =B35*C35 -> 130000
A36: CỦ DỀN 600G | D36: =B36*C36 -> 0
A37: GỪNG 250GR | D37: =B37*C37 -> 0
A38: HỒNG GIÒN | D38: =B38*C38 -> 0
A39: XÀ LÁCH MỸ | D39: =B39*C39 -> 0
A40: CÀ CHUA | B40: =380+20 -> 400 | C40: 19000 | D40: =B40*C40 -> 7600000
A41: KHOAI TÂY HỒNG TÚI LƯỚI 500G | D41: =B41*C41 -> 0
A42: CÀ CHUA BI COOP | B42: 2 | C42: 10000 | D42: =B42*C42 -> 20000
A43: CÀ CHUA SÔCOLA 250GR (HỘP) VR | B43: 20 | C43: 7000 | D43: =B43*C43 -> 140000
A44: CÀ CHUA Ý | B44: =80+60+95+60+40 -> 335 | C44: 25000 | D44: =B44*C44 -> 8375000
A45: KHOAI TÂY VÀNG RỬA | D45: =B45*C45 -> 0
A46: KHOAI TÂY VÀNG TRUNG TÚI LƯỚI 500G | D46: =B46*C46 -> 0
A47: CÀ CHUA Ý CHÙM | B47: 220 | C47: 26000 | D47: =B47*C47 -> 5720000
A48: CẢI THẢO DL(BẮP) | D48: =B48*C48 -> 0
A49: CẢI THẢO KIM CHI | D49: =B49*C49 -> 0
A50: CẢI THẢO VR | D50: =B50*C50 -> 0
A51: BẦU | D51: =B51*C51 -> 0
A52: BÍ ĐAO XANH | D52: =B52*C52 -> 0
A53: BÍ ĐAO XANH 400G | D53: =B53*C53 -> 0
A54: DƯA LEO | D54: =B54*C54 -> 0
A55: DƯA LEO 400G | D55: =B55*C55 -> 0
A56: KHỔ QUA | D56: =B56*C56 -> 0
A57: KHỔ QUA 400GR | D57: =B57*C57 -> 0
A58: KHỔ QUA BÓ 350-500GR | D58: =B58*C58 -> 0
A59: MƯỚP HƯƠNG | D59: =B59*C59 -> 0
... A67: BƠ SÁP | D67: =B67*C67 -> 0
A68: CÀ CHUA Ý(VỈ) KG | B68: 12 | C68: 18000 | D68: =B68*C68 -> 216000
A69: CẢI THẢO DL | B69: 25 | C69: 8000 | D69: =B69*C69 -> 200000
A70: KHOAI LANG MẬT 500G KQ | D70: =B70*C70 -> 0
A71: KHOAI LANG MẬT 500G VR | D71: =B71*C71 -> 0
A72: PARO | D72: =B72*C72 -> 0
A73: PARO (CÂY) | D73: =B73*C73 -> 0
A74: CỦ CẢI ĐỎ HỘP 300GR | B74: 6 | C74: 5000 | D74: =B74*C74 -> 30000
A75: BẮP CẢI TÍM (BẮP) | D75: =B75*C75 -> 0
A76: BẮP CẢI TÍM SUSHI | D76: =B76*C76 -> 0
A77: CÀ CHUA CHERRY MIX 300G | D77: =B77*C77 -> 0
A78: TÍA TÔ 50G | D78: =B78*C78 -> 0
A79: XÀ LÁCH LOLO XANH | D79: =B79*C79 -> 0
A80: XÀ LÁCH LOLO XANH SUSHI | D80: =B80*C80 -> 0
A81: XÀ LÁCH LOLO XANH TÚI 300GR | D81: =B81*C81 -> 0
A82: XÀ LÁCH ROMEN THUỶ CANH (KG) VR | D82: =B82*C82 -> 0
A83: CÀ RỐT DL | D83: =B83*C83 -> 0
A84: CÀ RỐT DL L1 | D84: =B84*C84 -> 0
A85: CÀ RỐT DL TÚI LƯỚI 500GR VR | D85: =B85*C85 -> 0
A86: CÀ RỐT TRUNG | D86: =B86*C86 -> 0
... A97: BÔNG BÍ TÚI 300GR | D97: =B97*C97 -> 0
A98: CỦ CẢI MUỐI(KG) | B98: 1 | C98: 16000 | D98: =B98*C98 -> 16000
A99: BÔNG CẢI TRẮNG (CÂY) | D99: =B99*C99 -> 0
A100: SET RAU KÈM ỚT | D100: =B100*C100 -> 0
A101: SET RAU KHÔNG KÈM ỚT | D101: =B101*C101 -> 0
A102: ĐẬU BO | D102: =B102*C102 -> 0
A103: ĐẬU BO 250GR | D103: =B103*C103 -> 0
A104: ĐẬU CÚC | D104: =B104*C104 -> 0
A105: ĐẬU CÚC 250GR | D105: =B105*C105 -> 0
A106: ĐẬU ĐỎ | D106: =B106*C106 -> 0
A107: ĐẬU ĐỎ 250GR | D107: =B107*C107 -> 0
A108: ĐẬU HÀ LAN-FUJI | D108: =B108*C108 -> 0
A109: ĐẬU NGỰ | D109: =B109*C109 -> 0
A110: ĐẬU NGỰ 250GR | D110: =B110*C110 -> 0
... A113: ĐẬU TRẮNG 250GR | D113: =B113*C113 -> 0
A114: CỦ DỀN | B114: =15+40+60 -> 115 | C114: 14000 | D114: =B114*C114 -> 1610000
A115: CÀ CHUA L1 | D115: =B115*C115 -> 0
A116: CÀ CHUA VỈ 400GR | D116: =B116*C116 -> 0
A117: CÀ CHUA VR | D117: =B117*C117 -> 0
A118: BÍ ĐỎ MINI | D118: =B118*C118 -> 0
A119: ỚT SỪNG 100G | D119: =B119*C119 -> 0
A120: XẢ CÂY | D120: =B120*C120 -> 0
A121: DƯA LEO BABY KQ | B121: 400 | C121: 5000 | D121: =B121*C121 -> 2000000
A122: BÔNG ATISO | D122: =B122*C122 -> 0
A123: BÔNG CẢI XANH BABY (KG) | D123: =B123*C123 -> 0
A124: BÔNG CẢI XANH BABY 200G | D124: =B124*C124 -> 0
A125: CỦ CẢI ĐỎ 300GR (KG) VR | D125: =B125*C125 -> 0
...

Sheet 22.12
A1: hàng tồn cuối ngày 22/12
A2: TÊN SẢN PHẨM | B2: TỒN TRƯỚC | C2: GIÁ NHẬP | D2: THÀNH TIỀN
A3: BẮP CẢI TÍM | B3: 5 | C3: 26000 | D3: =B3*C3 -> 130000
A4: BẮP CẢI TÍM (BẮP) | D4: =B4*C4 -> 0
A5: BẮP CẢI TÍM SUSHI | D5: =B5*C5 -> 0
A6: BẮP CẢI TRẮNG | D6: =B6*C6 -> 0
A7: BẮP CẢI TRẮNG (BẮP) | D7: =B7*C7 -> 0
A8: BẮP CẢI TRẮNG MỘC CHÂU | D8: =B8*C8 -> 0
A9: BẮP CẢI TRẮNG SUSHI | D9: =B9*C9 -> 0
A10: BẮP MỸ | D10: =B10*C10 -> 0
A11: BẦU | D11: =B11*C11 -> 0
A12: BÍ ĐAO XANH | B12: 2 | C12: 9000 | D12: =B12*C12 -> 18000
A13: BÍ ĐAO XANH 400G | D13: =B13*C13 -> 0
A14: BÍ ĐỎ HỒ LÔ | B14: 3 | C14: 9500 | D14: =B14*C14 -> 28500
A15: BÍ ĐỎ MINI | D15: =B15*C15 -> 0
A16: BÍ ĐỎ NON (KG)KQ | D16: =B16*C16 -> 0
A17: BÍ ĐỎ NON TRÁI VR | B17: 76 | C17: 4000 | D17: =B17*C17 -> 304000
A18: BÍ ĐỎ NON( KG) VR | D18: =B18*C18 -> 0
A19: BÍ ĐỎ TRÒN | B19: =1187+1830 -> 3017 | C19: 5000 | D19: =B19*C19 -> 15085000
A20: BÍ MINI VÀNG 300GR | D20: =B20*C20 -> 0
A21: BÍ MINI VÀNG KG | D21: =B21*C21 -> 0
A22: BÍ NGÒI VÀNG | D22: =B22*C22 -> 0
A23: BÍ NGÒI VÀNG (TRÁI) | D23: =B23*C23 -> 0
A24: BÍ NGÒI XANH | B24: =15+35+10+35 -> 95 | C24: 10000 | D24: =B24*C24 -> 950000
A25: BÍ NGÒI XANH(TRÁI) | D25: =B25*C25 -> 0
A26: BÍ NHẬT | D26: =B26*C26 -> 0
A27: BƠ 034 | D27: =B27*C27 -> 0
A28: BƠ BOOTH | D28: =B28*C28 -> 0
A29: BƠ SÁP | D29: =B29*C29 -> 0
A30: BÓ XÔI | D30: =B30*C30 -> 0
A31: BÓ XÔI 300G VR | D31: =B31*C31 -> 0
A32: BÓ XÔI-HN KQ | D32: =B32*C32 -> 0
A33: BÓ XÔI-NA | D33: =B33*C33 -> 0
A34: BÔNG ATISO | D34: =B34*C34 -> 0
A35: BÔNG BÍ | D35: =B35*C35 -> 0
A36: BÔNG BÍ TÚI 300GR | D36: =B36*C36 -> 0
A37: BÔNG CẢI TRẮNG | B37: 15 | C37: 13000 | D37: =B37*C37 -> 195000
A38: BÔNG CẢI TRẮNG (CÂY) | D38: =B38*C38 -> 0
A39: BÔNG CẢI XANH 10P | D39: =B39*C39 -> 0
A40: BÔNG CẢI XANH AEON | D40: =B40*C40 -> 0
A41: BÔNG CẢI XANH AEON (CÂY) | D41: =B41*C41 -> 0
A42: BÔNG CẢI XANH BABY (KG) | D42: =B42*C42 -> 0
A43: BÔNG CẢI XANH BABY 200G | D43: =B43*C43 -> 0
A44: BÔNG CẢI XANH BIGC | B44: 2 | C44: 16000 | D44: =B44*C44 -> 32000
A45: BÔNG CẢI XANH CITI | D45: =B45*C45 -> 0
A46: CÀ CHUA | B46: =140+360 -> 500 | C46: 21000 | D46: =B46*C46 -> 10500000
A47: CÀ CHUA BI | D47: =B47*C47 -> 0
A48: CÀ CHUA BI (HỘP) 300GR KQ | D48: =B48*C48 -> 0
A49: CÀ CHUA BI (HỘP) 300GR VR | B49: 9 | C49: 6000 | D49: =B49*C49 -> 54000
A50: CÀ CHUA BI 300GR KQ (KG) | D50: =B50*C50 -> 0
A51: CÀ CHUA BI 300GR VR (KG) | D51: =B51*C51 -> 0
A52: CÀ CHUA BI CAM SỮA (KG) VR | D52: =B52*C52 -> 0
A53: CÀ CHUA BI COOP | D53: =B53*C53 -> 0
A54: CÀ CHUA BI-NA | D54: =B54*C54 -> 0
A55: CÀ CHUA CHERRY MIX 300G | D55: =B55*C55 -> 0
A56: CÀ CHUA L1 | B56: =16+104+20 -> 140 | C56: 21000 | D56: =B56*C56 -> 2940000
A57: CÀ CHUA MỘC CHÂU | D57: =B57*C57 -> 0
A58: CÀ CHUA NGỌT | D58: =B58*C58 -> 0
A59: CÀ CHUA NGỌT 300GR (KG) | D59: =B59*C59 -> 0
A60: CÀ CHUA NGỌT XÁ | D60: =B60*C60 -> 0
A61: CÀ CHUA ROSEBERRY 300G | D61: =B61*C61 -> 0
A62: CÀ CHUA SÔCOLA 250GR (HỘP) VR | B62: 14 | C62: 7000 | D62: =B62*C62 -> 98000
A63: CÀ CHUA SÔCOLA 250GR (KG) -NA | D63: =B63*C63 -> 0
A64: CÀ CHUA SÔCOLA 250GR (KG) VR | D64: =B64*C64 -> 0
A65: CÀ CHUA SÔCOLA 250GR(KG) KQ | D65: =B65*C65 -> 0
A66: CÀ CHUA SÔCOLA 300GR (HỘP) VR | D66: =B66*C66 -> 0
A67: CÀ CHUA SOCOLA XÁ | D67: =B67*C67 -> 0
A68: CÀ CHUA SÔCOLA(HỘP) KQ | D68: =B68*C68 -> 0
A69: CÀ CHUA VỈ 400GR | D69: =B69*C69 -> 0
A70: CÀ CHUA VR | D70: =B70*C70 -> 0
A71: CÀ CHUA Ý | B71: 268 | C71: 25000 | D71: =B71*C71 -> 6700000
A72: CÀ CHUA Ý 500G | B72: 26 | C72: 18000 | D72: =B72*C72 -> 468000
A73: CÀ CHUA Ý CHÙM | D73: =B73*C73 -> 0
A74: CÀ CHUA Ý(VỈ) KG | D74: =B74*C74 -> 0
A75: CÀ CHUA Ý(VỈ) KG KQ | D75: =B75*C75 -> 0
A76: CÀ RỐT BABY | D76: =B76*C76 -> 0
A77: CÀ RỐT BABY (KG) KQ | D77: =B77*C77 -> 0
A78: CÀ RỐT BABY 200GR | D78: =B78*C78 -> 0
A79: CÀ RỐT DL | D79: =B79*C79 -> 0
A80: CÀ RỐT DL L1 | B80: 110 | C80: 11000 | D80: =B80*C80 -> 1210000
A81: CÀ RỐT DL TÚI LƯỚI 500GR VR | D81: =B81*C81 -> 0
A82: CÀ RỐT TRUNG | D82: =B82*C82 -> 0
A83: CÀ RỐT TÚI LƯỚI 800G KQ | D83: =B83*C83 -> 0
A84: CÀ TÍM | D84: =B84*C84 -> 0
A85: CÀ TÍM CẶP 400G | D85: =B85*C85 -> 0
A86: CÀ TÍM SỌC PHA LÊ 300G | D86: =B86*C86 -> 0
A87: CÀ TÍM SỌC PHA LÊ HỘP 500GR VR | D87: =B87*C87 -> 0
A88: CÀ TÍM SỌC PHA LÊ TÍM (KG) VR | D88: =B88*C88 -> 0
A89: CÀ Ý VỈ 650GR | B89: 55 | C89: 17000 | D89: =B89*C89 -> 935000
A90: CẢI CANH | D90: =B90*C90 -> 0
A91: CẢI CẦU VỒNG | D91: =B91*C91 -> 0
A92: CẢI CẦU VỒNG 300GR | D92: =B92*C92 -> 0
A93: CẢI CHÍP | D93: =B93*C93 -> 0
A94: CẢI CÚC 500GR | D94: =B94*C94 -> 0
A95: CẢI KALE | D95: =B95*C95 -> 0
A96: CẢI KALE 300GR | D96: =B96*C96 -> 0
A97: CẢI MÈO MỘC CHÂU | D97: =B97*C97 -> 0
A98: CẢI NGỌT | D98: =B98*C98 -> 0
A99: CẢI THẢO DL | D99: =B99*C99 -> 0
A100: CẢI THẢO DL(BẮP) | D100: =B100*C100 -> 0
...

Sheet 23.12
A1: hàng tồn cuối ngày 23/12
A2: TÊN SẢN PHẨM | B2: TỒN TRƯỚC | C2: GIÁ NHẬP | D2: THÀNH TIỀN
A3: CÀ CHUA SÔCOLA 250GR (HỘP) VR | D3: =B3*C3 -> 0
A4: CÀ CHUA SÔCOLA 250GR (KG) -NA | D4: =B4*C4 -> 0
A5: CÀ CHUA SÔCOLA 250GR (KG) VR | D5: =B5*C5 -> 0
A6: CÀ CHUA SÔCOLA 250GR(KG) KQ | D6: =B6*C6 -> 0
A7: CÀ CHUA SÔCOLA 300GR (HỘP) VR | D7: =B7*C7 -> 0
A8: CÀ CHUA SOCOLA XÁ | D8: =B8*C8 -> 0
A9: CÀ CHUA SÔCOLA(HỘP) KQ | D9: =B9*C9 -> 0
A10: CÀ RỐT BABY | D10: =B10*C10 -> 0
A11: CÀ RỐT BABY (KG) KQ | D11: =B11*C11 -> 0
A12: BÍ ĐỎ TRÒN | B12: =1187+890 -> 2077 | C12: 5000 | D12: =B12*C12 -> 10385000
A13: CẢI CẦU VỒNG | D13: =B13*C13 -> 0
A14: CẢI CẦU VỒNG 300GR | D14: =B14*C14 -> 0
A15: CẢI KALE | D15: =B15*C15 -> 0
A16: CẢI KALE 300GR | D16: =B16*C16 -> 0
A17: CHANH VÀNG (KG) | D17: =B17*C17 -> 0
A18: CHANH VÀNG TRÁI 180UP | D18: =B18*C18 -> 0
A19: CẦN TÂY (KG) | D19: =B19*C19 -> 0
A20: CẦN TÂY VR | D20: =B20*C20 -> 0
A21: CẦN TÂY(CÂY) | D21: =B21*C21 -> 0
A22: ỚT CHUÔNG 3 MÀU(KG)VR | D22: =B22*C22 -> 0
A23: BÍ NGÒI VÀNG | B23: 3 | C23: 30000 | D23: =B23*C23 -> 90000
A24: ỚT CHUÔNG ĐỎ L1 | D24: =B24*C24 -> 0
A25: ỚT CHUÔNG ĐỎ(TRÁI) | D25: =B25*C25 -> 0
A26: ỚT CHUÔNG 3 MÀU 350G | D26: =B26*C26 -> 0
A27: ỚT CHUÔNG 3 MÀU KQ(KG) | D27: =B27*C27 -> 0
A28: BÍ NGÒI XANH | B28: 35 | C28: 10000 | D28: =B28*C28 -> 350000
A29: ỚT CHUÔNG VÀNG L1 | D29: =B29*C29 -> 0
A30: ỚT CHUÔNG VÀNG(TRÁI) | D30: =B30*C30 -> 0
A31: ỚT CHUÔNG VÀNG+ XANH (VỈ) | D31: =B31*C31 -> 0
A32: ỚT CHUÔNG XANH | D32: =B32*C32 -> 0
A33: ỚT CHUÔNG XANH L1 | D33: =B33*C33 -> 0
A34: ỚT CHUÔNG XANH(TRÁI) | D34: =B34*C34 -> 0
A35: BÔNG CẢI XANH BIGC | B35: 40 | C35: 16000 | D35: =B35*C35 -> 640000
A36: CỦ DỀN 600G | D36: =B36*C36 -> 0
A37: GỪNG 250GR | D37: =B37*C37 -> 0
A38: HỒNG GIÒN | D38: =B38*C38 -> 0
A39: XÀ LÁCH MỸ | D39: =B39*C39 -> 0
A40: CÀ CHUA | B40: =120+100+40+20+20+100+50 -> 450 | C40: 21000 | D40: =B40*C40 -> 9450000
A41: KHOAI TÂY HỒNG TÚI LƯỚI 500G | D41: =B41*C41 -> 0
A42: CÀ CHUA BI COOP | B42: 10 | C42: 20000 | D42: =B42*C42 -> 200000
A43: CÀ CHUA L1 | B43: 110 | C43: 21000 | D43: =B43*C43 -> 2310000
A44: CÀ CHUA Ý | B44: =180+30+30 -> 240 | C44: 25000 | D44: =B44*C44 -> 6000000
A45: KHOAI TÂY VÀNG RỬA | D45: =B45*C45 -> 0
A46: KHOAI TÂY VÀNG TRUNG TÚI LƯỚI 500G | D46: =B46*C46 -> 0
A47: CÀ CHUA Ý(VỈ) KG | B47: 8 | C47: 18000 | D47: =B47*C47 -> 144000
A48: CẢI THẢO DL(BẮP) | D48: =B48*C48 -> 0
A49: CẢI THẢO KIM CHI | D49: =B49*C49 -> 0
A50: CẢI THẢO VR | D50: =B50*C50 -> 0
A51: BẦU | D51: =B51*C51 -> 0
A52: BÍ ĐAO XANH | D52: =B52*C52 -> 0
A53: BÍ ĐAO XANH 400G | D53: =B53*C53 -> 0
A54: DƯA LEO | D54: =B54*C54 -> 0
A55: DƯA LEO 400G | D55: =B55*C55 -> 0
A56: KHỔ QUA | D56: =B56*C56 -> 0
A57: KHỔ QUA 400GR | D57: =B57*C57 -> 0
A58: KHỔ QUA BÓ 350-500GR | D58: =B58*C58 -> 0
A59: MƯỚP HƯƠNG | D59: =B59*C59 -> 0
... A67: BƠ SÁP | D67: =B67*C67 -> 0
A68: CÀ RỐT BABY 200GR | B68: 11 | C68: 12000 | D68: =B68*C68 -> 132000
A69: KHOAI LANG MẬT (KG) 4-6 CỦ | D69: =B69*C69 -> 0
A70: KHOAI LANG MẬT 500G KQ | D70: =B70*C70 -> 0
A71: KHOAI LANG MẬT 500G VR | D71: =B71*C71 -> 0
A72: PARO | D72: =B72*C72 -> 0
A73: PARO (CÂY) | D73: =B73*C73 -> 0
A74: BẮP CẢI TÍM | D74: =B74*C74 -> 0
A75: BẮP CẢI TÍM (BẮP) | D75: =B75*C75 -> 0
A76: BẮP CẢI TÍM SUSHI | D76: =B76*C76 -> 0
A77: CÀ CHUA CHERRY MIX 300G | D77: =B77*C77 -> 0
A78: TÍA TÔ 50G | D78: =B78*C78 -> 0
A79: XÀ LÁCH LOLO XANH | D79: =B79*C79 -> 0
A80: XÀ LÁCH LOLO XANH SUSHI | D80: =B80*C80 -> 0
... A83: CÀ RỐT DL | D83: =B83*C83 -> 0
A84: CÀ RỐT DL L1 | B84: 50 | C84: 11000 | D84: =B84*C84 -> 550000
A85: CÀ RỐT DL TÚI LƯỚI 500GR VR | D85: =B85*C85 -> 0
A86: CÀ RỐT TRUNG | D86: =B86*C86 -> 0
A87: CÀ RỐT TÚI LƯỚI 800G KQ | D87: =B87*C87 -> 0
A88: GỪNG | D88: =B88*C88 -> 0
A89: MỒNG TƠI | D89: =B89*C89 -> 0
A90: NGÒ RÍ | D90: =B90*C90 -> 0
A91: NGÒ RÍ TÚI 50GR | D91: =B91*C91 -> 0
A92: ỚT HIỂM | D92: =B92*C92 -> 0
A93: ỚT HIỂM 100G | D93: =B93*C93 -> 0
A94: THÌ LÀ | D94: =B94*C94 -> 0
A95: THÌ LÀ TÚI 80GR | D95: =B95*C95 -> 0
A96: CHUỐI LABA | D96: =B96*C96 -> 0
... A105: ĐẬU CÚC 250GR | D105: =B105*C105 -> 0
A106: CẢI THẢO DL | B106: 20 | C106: 6500 | D106: =B106*C106 -> 130000
A107: ĐẬU ĐỎ 250GR | D107: =B107*C107 -> 0
A108: ĐẬU HÀ LAN-FUJI | D108: =B108*C108 -> 0
A109: CỦ CẢI ĐỎ HỘP 300GR | B109: 3 | C109: 5000 | D109: =B109*C109 -> 15000
A110: ĐẬU NGỰ 250GR | D110: =B110*C110 -> 0
A111: DAU THAP CAM (HON HOP) TUOI 100G | D111: =B111*C111 -> 0
A112: CỦ DỀN | B112: 160 | C112: 12000 | D112: =B112*C112 -> 1920000
A113: ĐẬU TRẮNG 250GR | D113: =B113*C113 -> 0
A114: ĐẬU ĐỎ | B114: 1 | C114: 80000 | D114: =B114*C114 -> 80000 | E114: hạnh, hh 19, diễm 23 nên để giá tb là 21
A115: ĐẬU NGỰ | B115: 1 | C115: 70000 | D115: =B115*C115 -> 70000
A116: CÀ CHUA VỈ 400GR | D116: =B116*C116 -> 0
A117: CÀ CHUA VR | D117: =B117*C117 -> 0
...

Sheet 24.12
A1: 45284
A2: TÊN SẢN PHẨM | B2: ĐVT | C2: TỒN TRƯỚC | D2: GIÁ NHẬP | E2: THÀNH TIỀN
A4: BẮP CẢI TÍM | B4: Kg | E4: =+D4*C4 -> 0
A5: BẮP CẢI TÍM (BẮP) | B5: BẮP | E5: =+D5*C5 -> 0
A6: BẮP CẢI TÍM SUSHI | B6: Kg | E6: =+D6*C6 -> 0
A7: BẮP CẢI TRẮNG | B7: Kg | E7: =+D7*C7 -> 0
A8: BẮP CẢI TRẮNG (BẮP) | B8: BẮP | E8: =+D8*C8 -> 0
A9: BẮP CẢI TRẮNG MỘC CHÂU | B9: Kg | E9: =+D9*C9 -> 0
A10: BẮP CẢI TRẮNG SUSHI | B10: Kg | E10: =+D10*C10 -> 0
A11: BẮP MỸ | B11: Kg | E11: =+D11*C11 -> 0
A12: BẦU | B12: Kg | C12: 15 | D12: 12000 | E12: =+D12*C12 -> 180000
A13: BÍ ĐAO XANH | B13: Kg | E13: =+D13*C13 -> 0
A14: BÍ ĐAO XANH 400G | B14: TRÁI | E14: =+D14*C14 -> 0
A15: BÍ ĐỎ HỒ LÔ | B15: Kg | C15: 5 | D15: 10000 | E15: =+D15*C15 -> 50000
A16: BÍ ĐỎ MINI | B16: Kg | E16: =+D16*C16 -> 0
A17: BÍ ĐỎ NON (KG)KQ | B17: Kg | E17: =+D17*C17 -> 0
A18: BÍ ĐỎ NON TRÁI VR | B18: TRÁI | E18: =+D18*C18 -> 0
A19: BÍ ĐỎ NON( KG) VR | B19: Kg | E19: =+D19*C19 -> 0
A20: BÍ ĐỎ TRÒN | B20: Kg | C20: 1782 | D20: 5000 | E20: =+D20*C20 -> 8910000
A21: BÍ MINI VÀNG 300GR | B21: TRÁI | E21: =+D21*C21 -> 0
A22: BÍ MINI VÀNG KG | B22: Kg | E22: =+D22*C22 -> 0
A23: BÍ NGÒI VÀNG | B23: Kg | C23: 5 | D23: =IFERROR(VLOOKUP(A23,'23.12'!A23:C315,3,),) -> 30000 | E23: =+D23*C23 -> 150000
A24: BÍ NGÒI VÀNG (TRÁI) | B24: TRÁI | E24: =+D24*C24 -> 0
A25: BÍ NGÒI XANH | B25: Kg | C25: 55 | D25: =IFERROR(VLOOKUP(A25,'23.12'!A25:C317,3,),) -> 10000 | E25: =+D25*C25 -> 550000
A26: BÍ NGÒI XANH(TRÁI) | B26: TRÁI | E26: =+D26*C26 -> 0
A27: BÍ NHẬT | B27: Kg | E27: =+D27*C27 -> 0
A28: BƠ 034 | B28: Kg | E28: =+D28*C28 -> 0
A29: BƠ BOOTH | B29: Kg | E29: =+D29*C29 -> 0
A30: BƠ SÁP | B30: Kg | E30: =+D30*C30 -> 0
A31: BÓ XÔI | B31: Kg | E31: =+D31*C31 -> 0
A32: BÓ XÔI 300G VR | B32: TÚI | E32: =+D32*C32 -> 0
A33: BÓ XÔI-HN KQ | B33: Kg | E33: =+D33*C33 -> 0
A34: BÓ XÔI-NA | B34: Kg | E34: =+D34*C34 -> 0
A35: BÔNG ATISO | B35: Kg | E35: =+D35*C35 -> 0
A36: BÔNG BÍ | B36: Kg | E36: =+D36*C36 -> 0
A37: BÔNG BÍ TÚI 300GR | B37: VỈ | E37: =+D37*C37 -> 0
... A46: BÔNG CẢI XANH CITI | B46: Kg | E46: =+D46*C46 -> 0
A47: CÀ CHUA | B47: Kg | C47: 443 | D47: 20000 | E47: =+D47*C47 -> 8860000
A48: CÀ CHUA BI | B48: Kg | E48: =+D48*C48 -> 0
A49: CÀ CHUA BI (HỘP) 300GR KQ | B49: HỘP | E49: =+D49*C49 -> 0
A50: CÀ CHUA BI (HỘP) 300GR VR | B50: HỘP | E50: =+D50*C50 -> 0
A51: CÀ CHUA BI 300GR KQ (KG) | B51: Kg | E51: =+D51*C51 -> 0
A52: CÀ CHUA BI 300GR VR (KG) | B52: Kg | E52: =+D52*C52 -> 0
A53: CÀ CHUA BI CAM SỮA (KG) VR | B53: Kg | E53: =+D53*C53 -> 0
A54: CÀ CHUA BI COOP | B54: Kg | E54: =+D54*C54 -> 0
A55: CÀ CHUA BI-NA | B55: Kg | E55: =+D55*C55 -> 0
A56: CÀ CHUA CHERRY MIX 300G | B56: HỘP | E56: =+D56*C56 -> 0
A57: CÀ CHUA L1 | B57: TÚI | C57: 50 | D57: 21000 | E57: =+D57*C57 -> 1050000
A58: CÀ CHUA MỘC CHÂU | B58: Kg | E58: =+D58*C58 -> 0
A59: CÀ CHUA NGỌT | B59: Kg | E59: =+D59*C59 -> 0
A60: CÀ CHUA NGỌT 300GR (KG) | B60: Kg | E60: =+D60*C60 -> 0
A61: CÀ CHUA NGỌT XÁ | B61: Kg | E61: =+D61*C61 -> 0
A62: CÀ CHUA ROSEBERRY 300G | B62: Kg | E62: =+D62*C62 -> 0
A63: CÀ CHUA SÔCOLA 250GR (HỘP) VR | B63: HỘP | C63: 30 | D63: 7500 | E63: =+D63*C63 -> 225000
A64: CÀ CHUA SÔCOLA 250GR (KG) -NA | B64: Kg | E64: =+D64*C64 -> 0
A65: CÀ CHUA SÔCOLA 250GR (KG) VR | B65: Kg | C65: 2.5 | D65: 30000 | E65: =+D65*C65 -> 75000
A66: CÀ CHUA SÔCOLA 250GR(KG) KQ | B66: Kg | E66: =+D66*C66 -> 0
A67: CÀ CHUA SÔCOLA 300GR (HỘP) VR | B67: HỘP | E67: =+D67*C67 -> 0
A68: CÀ CHUA SOCOLA XÁ | B68: Kg | E68: =+D68*C68 -> 0
A69: CÀ CHUA SÔCOLA(HỘP) KQ | B69: HỘP | E69: =+D69*C69 -> 0
A70: CÀ CHUA VỈ 400GR | B70: VỈ | E70: =+D70*C70 -> 0
A71: CÀ CHUA VR | B71: Kg | E71: =+D71*C71 -> 0
A72: CÀ CHUA Ý | B72: Kg | C72: 165 | D72: 26000 | E72: =+D72*C72 -> 4290000
A73: CÀ CHUA Ý 500G | B73: VỈ | C73: 68 | D73: 10000 | E73: =+D73*C73 -> 680000
A74: CÀ CHUA Ý CHÙM | B74: KG | E74: =+D74*C74 -> 0
A75: CÀ CHUA Ý(VỈ) KG | B75: Kg | C75: 8 | D75: 20000 | E75: =+D75*C75 -> 160000
A76: CÀ CHUA Ý(VỈ) KG KQ | B76: Kg | E76: =+D76*C76 -> 0
A77: CÀ RỐT BABY | B77: Kg | E77: =+D77*C77 -> 0
A78: CÀ RỐT BABY (KG) KQ | B78: Kg | E78: =+D78*C78 -> 0
A79: CÀ RỐT BABY 200GR | B79: VỈ | E79: =+D79*C79 -> 0
A80: CÀ RỐT DL | B80: Kg | E80: =+D80*C80 -> 0
A81: CÀ RỐT DL L1 | B81: Kg | C81: 255 | D81: =IFERROR(VLOOKUP(A81,'23.12'!A81:C373,3,),) -> 11000 | E81: =+D81*C81 -> 2805000
A82: CÀ RỐT DL TÚI LƯỚI 500GR VR | B82: TÚI | E82: =+D82*C82 -> 0
A83: CÀ RỐT TRUNG | B83: Kg | E83: =+D83*C83 -> 0
A84: CÀ RỐT TÚI LƯỚI 800G KQ | B84: TÚI | E84: =+D84*C84 -> 0
A85: CÀ TÍM | B85: Kg | E85: =+D85*C85 -> 0
A86: CÀ TÍM CẶP 400G | B86: CẶP | E86: =+D86*C86 -> 0
A87: CÀ TÍM SỌC PHA LÊ 300G | B87: HỘP | E87: =+D87*C87 -> 0
A88: CÀ TÍM SỌC PHA LÊ HỘP 500GR VR | B88: HỘP | E88: =+D88*C88 -> 0
A89: CÀ TÍM SỌC PHA LÊ TÍM (KG) VR | B89: Kg | E89: =+D89*C89 -> 0
A90: CÀ Ý VỈ 650GR | B90: VỈ | E90: =+D90*C90 -> 0
A91: CẢI CANH | B91: Kg | E91: =+D91*C91 -> 0
A92: CẢI CẦU VỒNG | B92: Kg | E92: =+D92*C92 -> 0
A93: CẢI CẦU VỒNG 300GR | B93: TÚI | E93: =+D93*C93 -> 0
... A96: CẢI KALE | B96: Kg | E96: =+D96*C96 -> 0
A97: CẢI KALE 300GR | B97: TÚI | C97: 10 | D97: =10000*0.3 -> 3000 | E97: =+D97*C97 -> 30000
A98: CẢI MÈO MỘC CHÂU | B98: Kg | E98: =+D98*C98 -> 0
A99: CẢI NGỌT | B99: Kg | E99: =+D99*C99 -> 0
A100: CẢI THẢO DL | B100: Kg | E100: =+D100*C100 -> 0
A101: CẢI THẢO DL(BẮP) | B101: BẮP | E101: =+D101*C101 -> 0
A102: CẢI THẢO HỎA TIỄN | B102: Kg | E102: =+D102*C102 -> 0
A103: CẢI THẢO HỎA TIỄN 250GR | B103: BẮP | E103: =+D103*C103 -> 0
A104: CẢI THẢO KIM CHI | B104: Kg | E104: =+D104*C104 -> 0
A105: CẢI THẢO MỘC CHÂU | B105: BÓ | E105: =+D105*C105 -> 0
A106: CẢI THẢO VR | B106: Kg | E106: =+D106*C106 -> 0
A107: CẦN TÂY (KG) | B107: Kg | C107: 2 | D107: 18000 | E107: =+D107*C107 -> 36000
A108: CẦN TÂY VR | B108: Kg | E108: =+D108*C108 -> 0
A109: CẦN TÂY(CÂY) | B109: CÂY | E109: =+D109*C109 -> 0
A110: CHANH DÂY | B110: Kg | E110: =+D110*C110 -> 0
A111: CHANH DÂY NGỌT L2 | B111: Kg | E111: =+D111*C111 -> 0
...

Sheet 25.12
A1: 45285
A2: TÊN SẢN PHẨM | B2: ĐVT | C2: QUY CÁCH | D2: TỒN TRƯỚC | E2: GHI CHÚ | F2: GIÁ NHẬP | G2: THÀNH TIỀN
A4: CÀ CHUA SÔCOLA 250GR (HỘP) VR | B4: HỘP | G4: =+F4*D4 -> 0
A5: CÀ CHUA SÔCOLA 250GR (KG) -NA | B5: Kg | G5: =+F5*D5 -> 0
A6: CÀ CHUA SÔCOLA 250GR (KG) VR | B6: Kg | G6: =+F6*D6 -> 0
A7: CÀ CHUA SÔCOLA 250GR(KG) KQ | B7: Kg | G7: =+F7*D7 -> 0
A8: CÀ CHUA SÔCOLA 300GR (HỘP) VR | B8: HỘP | G8: =+F8*D8 -> 0
A9: CÀ CHUA SOCOLA XÁ | B9: Kg | G9: =+F9*D9 -> 0
A10: CÀ CHUA SÔCOLA(HỘP) KQ | B10: HỘP | G10: =+F10*D10 -> 0
A11: CÀ RỐT BABY | B11: Kg | C11: 40-60GR | G11: =+F11*D11 -> 0
A12: CÀ RỐT BABY (KG) KQ | B12: Kg | C12: 40-60GR | G12: =+F12*D12 -> 0
A13: CÀ RỐT BABY 200GR | B13: VỈ | C13: 40-60GR | G13: =+F13*D13 -> 0
A14: CẢI CẦU VỒNG | B14: Kg | G14: =+F14*D14 -> 0
A15: BẮP CẢI TÍM | B15: Kg | C15: 300GR | D15: 7 | F15: 26000 | G15: =+F15*D15 -> 182000
A16: CẢI KALE | B16: Kg | G16: =+F16*D16 -> 0
A17: CẢI KALE 300GR | B17: TÚI | G17: =+F17*D17 -> 0
A18: CHANH VÀNG (KG) | B18: Kg | G18: =+F18*D18 -> 0
A19: CHANH VÀNG TRÁI 180UP | B19: TRÁI | G19: =+F19*D19 -> 0
A20: CẦN TÂY (KG) | B20: Kg | C20: 250GR | G20: =+F20*D20 -> 0
A21: CẦN TÂY VR | B21: Kg | G21: =+F21*D21 -> 0
A22: CẦN TÂY(CÂY) | B22: CÂY | C22: 500GR | G22: =+F22*D22 -> 0
A23: ỚT CHUÔNG 3 MÀU(KG)VR | B23: VỈ | G23: =+F23*D23 -> 0
A24: BÍ ĐAO XANH | B24: Kg | C24: 350GR | D24: 17 | F24: 10000 | G24: =+F24*D24 -> 170000
A25: ỚT CHUÔNG ĐỎ L1 | B25: Kg | G25: =+F25*D25 -> 0
A26: ỚT CHUÔNG ĐỎ(TRÁI) | B26: TRÁI | C26: 150GR | G26: =+F26*D26 -> 0
A27: ỚT CHUÔNG 3 MÀU 350G | B27: VỈ | G27: =+F27*D27 -> 0
A28: ỚT CHUÔNG 3 MÀU KQ(KG) | B28: Kg | G28: =+F28*D28 -> 0
A29: BÍ ĐỎ NON TRÁI VR | B29: TRÁI | C29: 300GR | D29: 27 | F29: =10000*0.3 -> 3000 | G29: =+F29*D29 -> 81000
A30: ỚT CHUÔNG VÀNG L1 | B30: Kg | G30: =+F30*D30 -> 0
A31: ỚT CHUÔNG VÀNG(TRÁI) | B31: TRÁI | C31: 150GR | G31: =+F31*D31 -> 0
A32: ỚT CHUÔNG VÀNG+ XANH (VỈ) | B32: VỈ | G32: =+F32*D32 -> 0
A33: BÍ ĐỎ TRÒN | B33: Kg | C33: 1KG | D33: 3325 | E33: TỒN MNN 2040KG | F33: 5000 | G33: =+F33*D33 -> 16625000
A34: ỚT CHUÔNG XANH L1 | B34: Kg | G34: =+F34*D34 -> 0
A35: ỚT CHUÔNG XANH(TRÁI) | B35: TRÁI | C35: 150GR | G35: =+F35*D35 -> 0
A36: BÍ NGÒI VÀNG | B36: Kg | C36: 250GR | D36: 4 | F36: 30000 | G36: =+F36*D36 -> 120000
A37: CỦ DỀN 600G | B37: TÚI | C37: 200GR | G37: =+F37*D37 -> 0
A38: GỪNG 250GR | B38: Kg | G38: =+F38*D38 -> 0
A39: HỒNG GIÒN | B39: Kg | C39: 12-14 TRÁI/KG | G39: =+F39*D39 -> 0
A40: XÀ LÁCH MỸ | B40: Kg | G40: =+F40*D40 -> 0
A41: BÍ NGÒI XANH | B41: Kg | C41: 250GR | D41: 93 | F41: 11000 | G41: =+F41*D41 -> 1023000
A42: KHOAI TÂY HỒNG TÚI LƯỚI 500G | B42: TÚI | G42: =+F42*D42 -> 0
A43: BÔNG CẢI TRẮNG | B43: Kg | C43: 350GR | D43: 2 | F43: 13000 | G43: =+F43*D43 -> 26000
A44: CÀ CHUA | B44: Kg | C44: 80GR | D44: 900 | F44: =IFERROR(VLOOKUP(A44,'24.12'!A41:D295,4,),) -> 20000 | G44: =+F44*D44 -> 18000000
A45: CÀ CHUA L1 | B45: TÚI | C45: 60GR | D45: 50 | F45: =IFERROR(VLOOKUP(A45,'24.12'!A42:D296,4,),) -> 21000 | G45: =+F45*D45 -> 1050000
A46: KHOAI TÂY VÀNG RỬA | B46: Kg | G46: =+F46*D46 -> 0
A47: KHOAI TÂY VÀNG TRUNG TÚI LƯỚI 500G | B47: TÚI | G47: =+F47*D47 -> 0
A48: CẢI THẢO DL | B48: Kg | C48: 800GR | G48: =+F48*D48 -> 0
A49: CẢI THẢO DL(BẮP) | B49: BẮP | C49: 600GR | G49: =+F49*D49 -> 0
A50: CẢI THẢO KIM CHI | B50: Kg | G50: =+F50*D50 -> 0
A51: CẢI THẢO VR | B51: Kg | G51: =+F51*D51 -> 0
A52: BẦU | B52: Kg | C52: 350GR | G52: =+F52*D52 -> 0
A53: CÀ CHUA Ý | B53: Kg | C53: 150GR | D53: 205 | F53: =IFERROR(VLOOKUP(A53,'24.12'!A50:D304,4,),) -> 26000 | G53: =+F53*D53 -> 5330000
A54: BÍ ĐAO XANH 400G | B54: TRÁI | G54: =+F54*D54 -> 0
A55: DƯA LEO | B55: Kg | C55: 120GR | G55: =+F55*D55 -> 0
A56: CÀ CHUA Ý CHÙM | B56: KG | D56: 80 | F56: 27000 | G56: =+F56*D56 -> 2160000
A57: KHỔ QUA | B57: Kg | G57: =+F57*D57 -> 0
A58: KHỔ QUA 400GR | B58: VỈ | C58: 200GR | G58: =+F58*D58 -> 0
A59: KHỔ QUA BÓ 350-500GR | G59: =+F59*D59 -> 0
A60: MƯỚP HƯƠNG | B60: Kg | G60: =+F60*D60 -> 0
A61: MƯỚP HƯƠNG 300G | B61: TRÁI | C61: 300GR | G61: =+F61*D61 -> 0
A62: BÍ MINI VÀNG 300GR | B62: TRÁI | C62: 300gr | G62: =+F62*D62 -> 0
A63: BÍ MINI VÀNG KG | B63: Kg | C63: 300gr | G63: =+F63*D63 -> 0
A64: DƯA LEO GIỐNG NHẬT 600GR | B64: TÚI | G64: =+F64*D64 -> 0
A65: DƯA LEO GIỐNG NHẬT KG | B65: Kg | G65: =+F65*D65 -> 0
A66: BƠ 034 | B66: Kg | G66: =+F66*D66 -> 0
A67: BƠ BOOTH | B67: Kg | C67: 200GR | G67: =+F67*D67 -> 0
A68: BƠ SÁP | B68: Kg | G68: =+F68*D68 -> 0
A69: CÀ CHUA Ý(VỈ) KG | B69: Kg | C69: 120-140GR | D69: 30 | F69: =IFERROR(VLOOKUP(A69,'24.12'!A66:D320,4,),) -> 20000 | G69: =+F69*D69 -> 600000
A70: CÀ RỐT DL L1 | B70: Kg | C70: 100-350GR | D70: 102 | F70: =IFERROR(VLOOKUP(A70,'24.12'!A67:D321,4,),) -> 11000 | G70: =+F70*D70 -> 1122000
A71: KHOAI LANG MẬT 500G KQ | B71: TÚI | C71: 170GR | G71: =+F71*D71 -> 0
A72: KHOAI LANG MẬT 500G VR | B72: TÚI | C72: 170GR | G72: =+F72*D72 -> 0
A73: PARO | B73: Kg | C73: 80GR | G73: =+F73*D73 -> 0
A74: PARO (CÂY) | B74: CÂY | C74: 150GR | G74: =+F74*D74 -> 0
A75: CÀ TÍM | B75: Kg | C75: 230GR | D75: 10 | F75: 6000 | G75: =+F75*D75 -> 60000
A76: BẮP CẢI TÍM (BẮP) | B76: BẮP | C76: 300GR | G76: =+F76*D76 -> 0
A77: BẮP CẢI TÍM SUSHI | B77: Kg | C77: 300GR | G77: =+F77*D77 -> 0
A78: CÀ CHUA CHERRY MIX 300G | B78: HỘP | G78: =+F78*D78 -> 0
A79: TÍA TÔ 50G | B79: TÚI | G79: =+F79*D79 -> 0
A80: XÀ LÁCH LOLO XANH | B80: Kg | G80: =+F80*D80 -> 0
A81: XÀ LÁCH LOLO XANH SUSHI | B81: Kg | G81: =+F81*D81 -> 0
A82: XÀ LÁCH LOLO XANH TÚI 300GR | B82: TÚI | G82: =+F82*D82 -> 0
A83: XÀ LÁCH ROMEN THUỶ CANH (KG) VR | B83: Kg | G83: =+F83*D83 -> 0
A84: CÀ RỐT DL | B84: Kg | G84: =+F84*D84 -> 0
A85: CẢI CẦU VỒNG 300GR | B85: TÚI | D85: 8 | F85: =25000*0.3 -> 7500 | G85: =+F85*D85 -> 60000
A86: CÀ RỐT DL TÚI LƯỚI 500GR VR | B86: TÚI | C86: 100-350GR | G86: =+F86*D86 -> 0
A87: CÀ RỐT TRUNG | B87: Kg | G87: =+F87*D87 -> 0
A88: CÀ RỐT TÚI LƯỚI 800G KQ | B88: TÚI | G88: =+F88*D88 -> 0
A89: GỪNG | B89: Kg | G89: =+F89*D89 -> 0
A90: MỒNG TƠI | B90: Kg | G90: =+F90*D90 -> 0
A91: NGÒ RÍ | B91: Kg | G91: =+F91*D91 -> 0
A92: NGÒ RÍ TÚI 50GR | B92: TÚI | G92: =+F92*D92 -> 0
A93: CỦ DỀN | B93: Kg | C93: 250GR | D93: 95 | F93: =IFERROR(VLOOKUP(A93,'24.12'!A90:D344,4,),) -> 12000 | G93: =+F93*D93 -> 1140000
A94: ỚT HIỂM 100G | B94: Kg | G94: =+F94*D94 -> 0
A95: THÌ LÀ | B95: Kg | G95: =+F95*D95 -> 0
A96: THÌ LÀ TÚI 80GR | B96: TÚI | G96: =+F96*D96 -> 0
A97: CHUỐI LABA | B97: Kg | G97: =+F97*D97 -> 0
A98: BÔNG BÍ TÚI 300GR | B98: VỈ | G98: =+F98*D98 -> 0
A99: ĐẬU QUE XANH( TÚI) VR | B99: TÚI | D99: 2 | F99: =IFERROR(VLOOKUP(A99,'24.12'!A96:D350,4,),) -> 9000 | G99: =+F99*D99 -> 18000
A100: BÔNG CẢI TRẮNG (CÂY) | B100: CÂY | C100: 400GR | G100: =+F100*D100 -> 0
A101: SET RAU KÈM ỚT | B101: VỈ | G101: =+F101*D101 -> 0
...

Sheet 26.12
A1: hàng tồn cuối ngày 26/12
A2: TÊN SẢN PHẨM | B2: TỒN TRƯỚC | C2: GIÁ NHẬP | D2: THÀNH TIỀN
A3: BẮP CẢI TÍM | D3: =B3*C3 -> 0
A4: BẮP CẢI TÍM (BẮP) | D4: =B4*C4 -> 0
A5: BẮP CẢI TÍM SUSHI | D5: =B5*C5 -> 0
A6: BẮP CẢI TRẮNG | D6: =B6*C6 -> 0
A7: BẮP CẢI TRẮNG (BẮP) | D7: =B7*C7 -> 0
A8: BẮP CẢI TRẮNG MỘC CHÂU | D8: =B8*C8 -> 0
A9: BẮP CẢI TRẮNG SUSHI | D9: =B9*C9 -> 0
A10: BẮP MỸ | D10: =B10*C10 -> 0
A11: BẦU | D11: =B11*C11 -> 0
A12: BÍ ĐAO XANH | B12: 15 | C12: 9000 | D12: =B12*C12 -> 135000
A13: BÍ ĐAO XANH 400G | D13: =B13*C13 -> 0
A14: BÍ ĐỎ HỒ LÔ | D14: =B14*C14 -> 0
A15: BÍ ĐỎ MINI | D15: =B15*C15 -> 0
A16: BÍ ĐỎ NON (KG)KQ | D16: =B16*C16 -> 0
A17: BÍ ĐỎ NON TRÁI VR | B17: =20+14 -> 34 | C17: 4000 | D17: =B17*C17 -> 136000
A18: BÍ ĐỎ NON( KG) VR | D18: =B18*C18 -> 0
A19: BÍ ĐỎ TRÒN | B19: =1240+540+270+45+735 -> 2830 | C19: 5000 | D19: =B19*C19 -> 14150000
A20: BÍ MINI VÀNG 300GR | D20: =B20*C20 -> 0
A21: BÍ MINI VÀNG KG | D21: =B21*C21 -> 0
A22: BÍ NGÒI VÀNG | B22: 1 | C22: 28000 | D22: =B22*C22 -> 28000
A23: BÍ NGÒI VÀNG (TRÁI) | D23: =B23*C23 -> 0
A24: BÍ NGÒI XANH | B24: =20+15+12 -> 47 | C24: 11000 | D24: =B24*C24 -> 517000
A25: BÍ NGÒI XANH(TRÁI) | D25: =B25*C25 -> 0
A26: BÍ NHẬT | D26: =B26*C26 -> 0
A27: BƠ 034 | D27: =B27*C27 -> 0
A28: BƠ BOOTH | D28: =B28*C28 -> 0
A29: BƠ SÁP | D29: =B29*C29 -> 0
A30: BÓ XÔI | B30: 1 | C30: 16000 | D30: =B30*C30 -> 16000
A31: BÓ XÔI 300G VR | D31: =B31*C31 -> 0
A32: BÓ XÔI-HN KQ | D32: =B32*C32 -> 0
A33: BÓ XÔI-NA | D33: =B33*C33 -> 0
A34: BÔNG ATISO | D34: =B34*C34 -> 0
A35: BÔNG BÍ | D35: =B35*C35 -> 0
A36: BÔNG BÍ TÚI 300GR | D36: =B36*C36 -> 0
A37: BÔNG CẢI TRẮNG | B37: 12 | C37: 13000 | D37: =B37*C37 -> 156000
A38: BÔNG CẢI TRẮNG (CÂY) | D38: =B38*C38 -> 0
A39: BÔNG CẢI XANH 10P | B39: 3 | C39: 22000 | D39: =B39*C39 -> 66000
A40: BÔNG CẢI XANH AEON | D40: =B40*C40 -> 0
A41: BÔNG CẢI XANH AEON (CÂY) | D41: =B41*C41 -> 0
A42: BÔNG CẢI XANH BABY (KG) | D42: =B42*C42 -> 0
A43: BÔNG CẢI XANH BABY 200G | D43: =B43*C43 -> 0
A44: BÔNG CẢI XANH BIGC | D44: =B44*C44 -> 0
A45: BÔNG CẢI XANH CITI | D45: =B45*C45 -> 0
A46: CÀ CHUA | B46: =140+120+20+30 -> 310 | C46: 17000 | D46: =B46*C46 -> 5270000
A47: CÀ CHUA BI | D47: =B47*C47 -> 0
A48: CÀ CHUA BI (HỘP) 300GR KQ | D48: =B48*C48 -> 0
A49: CÀ CHUA BI (HỘP) 300GR VR | D49: =B49*C49 -> 0
A50: CÀ CHUA BI 300GR KQ (KG) | D50: =B50*C50 -> 0
A51: CÀ CHUA BI 300GR VR (KG) | D51: =B51*C51 -> 0
A52: CÀ CHUA BI CAM SỮA (KG) VR | D52: =B52*C52 -> 0
A53: CÀ CHUA BI COOP | D53: =B53*C53 -> 0
A54: CÀ CHUA BI-NA | D54: =B54*C54 -> 0
A55: CÀ CHUA CHERRY MIX 300G | B55: 5 | C55: 12000 | D55: =B55*C55 -> 60000
A56: CÀ CHUA L1 | B56: 27 | C56: 14000 | D56: =B56*C56 -> 378000
A57: CÀ CHUA MỘC CHÂU | D57: =B57*C57 -> 0
A58: CÀ CHUA NGỌT | D58: =B58*C58 -> 0
A59: CÀ CHUA NGỌT 300GR (KG) | D59: =B59*C59 -> 0
A60: CÀ CHUA NGỌT XÁ | D60: =B60*C60 -> 0
A61: CÀ CHUA ROSEBERRY 300G | D61: =B61*C61 -> 0
A62: CÀ CHUA SÔCOLA 250GR (HỘP) VR | D62: =B62*C62 -> 0
A63: CÀ CHUA SÔCOLA 250GR (KG) -NA | D63: =B63*C63 -> 0
A64: CÀ CHUA SÔCOLA 250GR (KG) VR | D64: =B64*C64 -> 0
A65: CÀ CHUA SÔCOLA 250GR(KG) KQ | D65: =B65*C65 -> 0
A66: CÀ CHUA SÔCOLA 300GR (HỘP) VR | D66: =B66*C66 -> 0
A67: CÀ CHUA SOCOLA XÁ | D67: =B67*C67 -> 0
A68: CÀ CHUA SÔCOLA(HỘP) KQ | D68: =B68*C68 -> 0
... A70: CÀ CHUA VR | D70: =B70*C70 -> 0
A71: CÀ CHUA Ý | B71: =45+210+30+45+140 -> 470 | C71: 24000 | D71: =B71*C71 -> 11280000
A72: CÀ CHUA Ý 500G | D72: =B72*C72 -> 0
A73: CÀ CHUA Ý CHÙM | D73: =B73*C73 -> 0
A74: CÀ CHUA Ý(VỈ) KG | B74: =10+3+12+45 -> 70 | C74: 18000 | D74: =B74*C74 -> 1260000
A75: CÀ CHUA Ý(VỈ) KG KQ | D75: =B75*C75 -> 0
A76: CÀ RỐT BABY | D76: =B76*C76 -> 0
A77: CÀ RỐT BABY (KG) KQ | D77: =B77*C77 -> 0
A78: CÀ RỐT BABY 200GR | D78: =B78*C78 -> 0
A79: CÀ RỐT DL | D79: =B79*C79 -> 0
A80: CÀ RỐT DL L1 | B80: 18 | C80: 12000 | D80: =B80*C80 -> 216000
A81: CÀ RỐT DL TÚI LƯỚI 500GR VR | D81: =B81*C81 -> 0
A82: CÀ RỐT TRUNG | D82: =B82*C82 -> 0
A83: CÀ RỐT TÚI LƯỚI 800G KQ | D83: =B83*C83 -> 0
A84: CÀ TÍM | B84: 55 | C84: 6000 | D84: =B84*C84 -> 330000
A85: CÀ TÍM CẶP 400G | D85: =B85*C85 -> 0
A86: CÀ TÍM SỌC PHA LÊ 300G | D86: =B86*C86 -> 0
A87: CÀ TÍM SỌC PHA LÊ HỘP 500GR VR | D87: =B87*C87 -> 0
A88: CÀ TÍM SỌC PHA LÊ TÍM (KG) VR | D88: =B88*C88 -> 0
A89: CÀ Ý VỈ 650GR | D89: =B89*C89 -> 0
A90: CẢI CANH | D90: =B90*C90 -> 0
A91: CẢI CẦU VỒNG | D91: =B91*C91 -> 0
A92: CẢI CẦU VỒNG 300GR | D92: =B92*C92 -> 0
A93: CẢI CHÍP | D93: =B93*C93 -> 0
A94: CẢI CÚC 500GR | D94: =B94*C94 -> 0
A95: CẢI KALE | D95: =B95*C95 -> 0
A96: CẢI KALE 300GR | B96: 3 | C96: 10000 | D96: =B96*C96 -> 30000
A97: CẢI MÈO MỘC CHÂU | D97: =B97*C97 -> 0
A98: CẢI NGỌT | D98: =B98*C98 -> 0
A99: CẢI THẢO DL | D99: =B99*C99 -> 0
A100: CẢI THẢO DL(BẮP) | D100: =B100*C100 -> 0
A101: CẢI THẢO HỎA TIỄN | D101: =B101*C101 -> 0
...

Sheet 27.12
A1: hàng tồn cuối ngày 27/12
A2: TÊN SẢN PHẨM | B2: TỒN TRƯỚC | C2: GIÁ NHẬP | D2: THÀNH TIỀN
A3: CÀ CHUA SÔCOLA 250GR (HỘP) VR | B3: 8 | C3: 8000 | D3: =B3*C3 -> 64000
A4: CÀ CHUA SÔCOLA 250GR (KG) -NA | D4: =B4*C4 -> 0
A5: CÀ CHUA SÔCOLA 250GR (KG) VR | D5: =B5*C5 -> 0
A6: CÀ CHUA SÔCOLA 250GR(KG) KQ | D6: =B6*C6 -> 0
A7: CÀ CHUA SÔCOLA 300GR (HỘP) VR | D7: =B7*C7 -> 0
A8: CÀ CHUA SOCOLA XÁ | D8: =B8*C8 -> 0
A9: CÀ CHUA SÔCOLA(HỘP) KQ | D9: =B9*C9 -> 0
A10: CÀ RỐT BABY | D10: =B10*C10 -> 0
A11: CÀ RỐT BABY (KG) KQ | D11: =B11*C11 -> 0
A12: CÀ RỐT BABY 200GR | D12: =B12*C12 -> 0
A13: CẢI CẦU VỒNG | D13: =B13*C13 -> 0
A14: CẢI CẦU VỒNG 300GR | B14: 8 | C14: 6000 | D14: =B14*C14 -> 48000
A15: CẢI KALE | D15: =B15*C15 -> 0
A16: CẢI KALE 300GR | B16: 9 | C16: 4000 | D16: =B16*C16 -> 36000
A17: CHANH VÀNG (KG) | D17: =B17*C17 -> 0
A18: CHANH VÀNG TRÁI 180UP | D18: =B18*C18 -> 0
A19: CẦN TÂY (KG) | B19: =19+26 -> 45 | C19: 18000 | D19: =B19*C19 -> 810000
A20: CẦN TÂY THUỶ CANH | D20: =B20*C20 -> 0
A21: CẦN TÂY(CÂY) | D21: =B21*C21 -> 0
A22: ỚT CHUÔNG 3 MÀU(KG)VR | D22: =B22*C22 -> 0
A23: ỚT CHUÔNG ĐỎ | B23: =60+10+25 -> 95 | C23: 30000 | D23: =B23*C23 -> 2850000
A24: ỚT CHUÔNG ĐỎ L1 | B24: 32 | C24: 25000 | D24: =B24*C24 -> 800000
A25: ỚT CHUÔNG ĐỎ(TRÁI) | D25: =B25*C25 -> 0
A26: ỚT CHUÔNG 3 MÀU 350G | D26: =B26*C26 -> 0
A27: ỚT CHUÔNG 3 MÀU KQ(KG) | D27: =B27*C27 -> 0
A28: ỚT CHUÔNG VÀNG | B28: =10+20+20 -> 50 | C28: 30000 | D28: =B28*C28 -> 1500000
A29: ỚT CHUÔNG VÀNG L1 | B29: 16 | C29: 25000 | D29: =B29*C29 -> 400000
A30: ỚT CHUÔNG VÀNG(TRÁI) | D30: =B30*C30 -> 0
A31: ỚT CHUÔNG VÀNG+ XANH (VỈ) | D31: =B31*C31 -> 0
A32: ỚT CHUÔNG XANH | B32: 5 | C32: 38000 | D32: =B32*C32 -> 190000
A33: ỚT CHUÔNG XANH L1 | B33: 15 | C33: 25000 | D33: =B33*C33 -> 375000
A34: ỚT CHUÔNG XANH(TRÁI) | D34: =B34*C34 -> 0
A35: CỦ DỀN | B35: 40 | C35: 11000 | D35: =B35*C35 -> 440000
A36: CỦ DỀN 600G | D36: =B36*C36 -> 0
A37: GỪNG 250GR | D37: =B37*C37 -> 0
A38: HỒNG GIÒN | D38: =B38*C38 -> 0
A39: XÀ LÁCH MỸ | D39: =B39*C39 -> 0
A40: KHOAI TÂY HỒNG | B40: 15 | C40: 24000 | D40: =B40*C40 -> 360000
A41: KHOAI TÂY HỒNG TÚI LƯỚI 500G | D41: =B41*C41 -> 0
A42: KHOAI TÂY VÀNG | B42: 220 | C42: 12000 | D42: =B42*C42 -> 2640000
A43: KHOAI TÂY VÀNG ĐL | B43: =170+100 -> 270 | C43: 15000 | D43: =B43*C43 -> 4050000
A44: KHOAI TÂY VÀNG LỚN TÚI LƯỚI 500G | B44: 55 | C44: 15000 | D44: =B44*C44 -> 825000
A45: KHOAI TÂY VÀNG RỬA | D45: =B45*C45 -> 0
A46: KHOAI TÂY VÀNG TRUNG TÚI LƯỚI 500G | D46: =B46*C46 -> 0
A47: CẢI THẢO DL | B47: 20 | C47: 6500 | D47: =B47*C47 -> 130000
A48: CẢI THẢO DL(BẮP) | D48: =B48*C48 -> 0
A49: CẢI THẢO KIM CHI | D49: =B49*C49 -> 0
A50: CẢI THẢO VR | D50: =B50*C50 -> 0
A51: BẦU | D51: =B51*C51 -> 0
A52: BÍ ĐAO XANH | B52: 12 | C52: 9000 | D52: =B52*C52 -> 108000
A53: BÍ ĐAO XANH 400G | D53: =B53*C53 -> 0
A54: DƯA LEO | B54: =33+17 -> 50 | C54: 18000 | D54: =B54*C54 -> 900000
A55: DƯA LEO 400G | D55: =B55*C55 -> 0
A56: KHỔ QUA | D56: =B56*C56 -> 0
A57: KHỔ QUA 400GR | D57: =B57*C57 -> 0
A58: KHỔ QUA BÓ 350-500GR | D58: =B58*C58 -> 0
A59: MƯỚP HƯƠNG | B59: 2 | C59: 10000 | D59: =B59*C59 -> 20000
A60: MƯỚP HƯƠNG 300G | D60: =B60*C60 -> 0
A61: BÍ MINI VÀNG 300GR | D61: =B61*C61 -> 0
A62: BÍ MINI VÀNG KG | D62: =B62*C62 -> 0
A63: DƯA LEO GIỐNG NHẬT 600GR | D63: =B63*C63 -> 0
A64: DƯA LEO GIỐNG NHẬT KG | D64: =B64*C64 -> 0
A65: BƠ 034 | D65: =B65*C65 -> 0
A66: BƠ BOOTH | D66: =B66*C66 -> 0
A67: BƠ SÁP | D67: =B67*C67 -> 0
A68: KHOAI LANG MẬT (KG) 2-3 CỦ | B68: =200+90+110+10+30 -> 440 | C68: 28000 | D68: =B68*C68 -> 12320000
A69: KHOAI LANG MẬT (KG) 4-6 CỦ | B69: =60+250 -> 310 | C69: 27000 | D69: =B69*C69 -> 8370000
A70: KHOAI LANG MẬT 500G KQ | D70: =B70*C70 -> 0
A71: KHOAI LANG MẬT 500G VR | D71: =B71*C71 -> 0
A72: PARO | B72: 16 | C72: 18000 | D72: =B72*C72 -> 288000
A73: PARO (CÂY) | D73: =B73*C73 -> 0
A74: BẮP CẢI TÍM | B74: 10 | C74: 26000 | D74: =B74*C74 -> 260000
A75: BẮP CẢI TÍM (BẮP) | D75: =B75*C75 -> 0
A76: BẮP CẢI TÍM SUSHI | D76: =B76*C76 -> 0
A77: CÀ CHUA CHERRY MIX 300G | B77: 5 | C77: 12000 | D77: =B77*C77 -> 60000
A78: TÍA TÔ 50G | D78: =B78*C78 -> 0
A79: XÀ LÁCH LOLO XANH | D79: =B79*C79 -> 0
A80: XÀ LÁCH LOLO XANH SUSHI | D80: =B80*C80 -> 0
A81: XÀ LÁCH LOLO XANH TÚI 300GR | D81: =B81*C81 -> 0
A82: XÀ LÁCH ROMEN THUỶ CANH (KG) VR | D82: =B82*C82 -> 0
A83: CÀ RỐT DL | D83: =B83*C83 -> 0
A84: CÀ RỐT DL L1 | B84: 77 | C84: 12000 | D84: =B84*C84 -> 924000
A85: CÀ RỐT DL TÚI LƯỚI 500GR VR | D85: =B85*C85 -> 0
A86: CÀ RỐT TRUNG | D86: =B86*C86 -> 0
A87: CÀ RỐT TÚI LƯỚI 800G KQ | D87: =B87*C87 -> 0
A88: GỪNG | D88: =B88*C88 -> 0
A89: MỒNG TƠI | D89: =B89*C89 -> 0
A90: NGÒ RÍ | D90: =B90*C90 -> 0
A91: NGÒ RÍ TÚI 50GR | D91: =B91*C91 -> 0
A92: ỚT HIỂM | D92: =B92*C92 -> 0
A93: ỚT HIỂM 100G | D93: =B93*C93 -> 0
A94: THÌ LÀ | D94: =B94*C94 -> 0
A95: THÌ LÀ TÚI 80GR | D95: =B95*C95 -> 0
A96: CHUỐI LABA | B96: 5 | C96: 10000 | D96: =B96*C96 -> 50000
A97: BÔNG BÍ TÚI 300GR | D97: =B97*C97 -> 0
A98: BÔNG CẢI TRẮNG | B98: 7 | C98: 13000 | D98: =B98*C98 -> 91000
A99: BÔNG CẢI TRẮNG (CÂY) | D99: =B99*C99 -> 0
A100: SET RAU KÈM ỚT | D100: =B100*C100 -> 0
...

Sheet 28.12
A1: hàng tồn cuối ngày 28/12
A2: TÊN SẢN PHẨM | B2: TỒN TRƯỚC | C2: GIÁ NHẬP | D2: THÀNH TIỀN
A3: CÀ CHUA SÔCOLA 250GR (HỘP) VR | D3: =B3*C3 -> 0
A4: CÀ CHUA SÔCOLA 250GR (KG) -NA | D4: =B4*C4 -> 0
A5: CÀ CHUA SÔCOLA 250GR (KG) VR | D5: =B5*C5 -> 0
A6: CÀ CHUA SÔCOLA 250GR(KG) KQ | D6: =B6*C6 -> 0
A7: CÀ CHUA SÔCOLA 300GR (HỘP) VR | D7: =B7*C7 -> 0
A8: CÀ CHUA SOCOLA XÁ | D8: =B8*C8 -> 0
A9: CÀ CHUA SÔCOLA(HỘP) KQ | D9: =B9*C9 -> 0
A10: CÀ RỐT BABY | D10: =B10*C10 -> 0
A11: CÀ RỐT BABY (KG) KQ | D11: =B11*C11 -> 0
A12: CÀ RỐT BABY 200GR | D12: =B12*C12 -> 0
A13: CẢI CẦU VỒNG | D13: =B13*C13 -> 0
A14: CẢI CẦU VỒNG 300GR | D14: =B14*C14 -> 0
... A22: ỚT CHUÔNG 3 MÀU(KG)VR | D22: =B22*C22 -> 0
A23: ỚT CHUÔNG ĐỎ | B23: =20+20+80+30+20+12 -> 182 | C23: 30000 | D23: =B23*C23 -> 5460000
A24: ỚT CHUÔNG ĐỎ L1 | B24: 12 | C24: 25000 | D24: =B24*C24 -> 300000
A25: ỚT CHUÔNG ĐỎ(TRÁI) | D25: =B25*C25 -> 0
A26: ỚT CHUÔNG 3 MÀU 350G | D26: =B26*C26 -> 0
A27: ỚT CHUÔNG 3 MÀU KQ(KG) | D27: =B27*C27 -> 0
A28: ỚT CHUÔNG VÀNG | B28: =26+20+20+5+22 -> 93 | C28: 38000 | D28: =B28*C28 -> 3534000
A29: ỚT CHUÔNG VÀNG L1 | B29: 7 | C29: 33000 | D29: =B29*C29 -> 231000
A30: ỚT CHUÔNG VÀNG(TRÁI) | D30: =B30*C30 -> 0
A31: ỚT CHUÔNG VÀNG+ XANH (VỈ) | D31: =B31*C31 -> 0
A32: ỚT CHUÔNG XANH | B32: 28 | C32: 27000 | D32: =B32*C32 -> 756000
A33: ỚT CHUÔNG XANH L1 | D33: =B33*C33 -> 0
A34: ỚT CHUÔNG XANH(TRÁI) | D34: =B34*C34 -> 0
A35: CỦ DỀN | B35: =47+6+10+40 -> 103 | C35: 11000 | D35: =B35*C35 -> 1133000
A36: CỦ DỀN 600G | D36: =B36*C36 -> 0
A37: GỪNG 250GR | D37: =B37*C37 -> 0
A38: HỒNG GIÒN | D38: =B38*C38 -> 0
A39: XÀ LÁCH MỸ | D39: =B39*C39 -> 0
A40: KHOAI TÂY HỒNG | B40: 5 | C40: 24000 | D40: =B40*C40 -> 120000
A41: KHOAI TÂY HỒNG TÚI LƯỚI 500G | D41: =B41*C41 -> 0
A42: KHOAI TÂY VÀNG | B42: 160 | C42: 12000 | D42: =B42*C42 -> 1920000
A43: KHOAI TÂY VÀNG ĐL | B43: =100+20+120+100 -> 340 | C43: 15000 | D43: =B43*C43 -> 5100000
A44: KHOAI TÂY VÀNG LỚN TÚI LƯỚI 500G | B44: 94 | C44: 15000 | D44: =B44*C44 -> 1410000
A45: KHOAI TÂY VÀNG RỬA | D45: =B45*C45 -> 0
A46: KHOAI TÂY VÀNG TRUNG TÚI LƯỚI 500G | D46: =B46*C46 -> 0
A47: CẢI THẢO DL | D47: =B47*C47 -> 0
A48: CẢI THẢO DL(BẮP) | D48: =B48*C48 -> 0
A49: CẢI THẢO KIM CHI | D49: =B49*C49 -> 0
A50: CẢI THẢO VR | D50: =B50*C50 -> 0
A51: BẦU | D51: =B51*C51 -> 0
A52: BÍ ĐAO XANH | D52: =B52*C52 -> 0
A53: BÍ ĐAO XANH 400G | D53: =B53*C53 -> 0
A54: DƯA LEO | D54: =B54*C54 -> 0
A55: DƯA LEO 400G | B55: 49 | C55: 10500 | D55: =B55*C55 -> 514500
A56: KHỔ QUA | D56: =B56*C56 -> 0
A57: KHỔ QUA 400GR | D57: =B57*C57 -> 0
A58: KHỔ QUA BÓ 350-500GR | D58: =B58*C58 -> 0
A59: MƯỚP HƯƠNG | B59: 1 | C59: 10000 | D59: =B59*C59 -> 10000
A60: MƯỚP HƯƠNG 300G | D60: =B60*C60 -> 0
A61: BÍ MINI VÀNG 300GR | D61: =B61*C61 -> 0
A62: BÍ MINI VÀNG KG | D62: =B62*C62 -> 0
A63: DƯA LEO GIỐNG NHẬT 600GR | B63: 8 | C63: 7200 | D63: =B63*C63 -> 57600
A64: DƯA LEO GIỐNG NHẬT KG | D64: =B64*C64 -> 0
A65: BƠ 034 | D65: =B65*C65 -> 0
A66: BƠ BOOTH | B66: 5 | C66: 70000 | D66: =B66*C66 -> 350000
A67: BƠ SÁP | D67: =B67*C67 -> 0
A68: KHOAI LANG MẬT (KG) 2-3 CỦ | B68: =30+145+140+80+40 -> 435 | C68: 28000 | D68: =B68*C68 -> 12180000
A69: KHOAI LANG MẬT (KG) 4-6 CỦ | B69: =220+30+15 -> 265 | C69: 28000 | D69: =B69*C69 -> 7420000
A70: KHOAI LANG MẬT 500G KQ | D70: =B70*C70 -> 0
A71: KHOAI LANG MẬT 500G VR | D71: =B71*C71 -> 0
A72: PARO | D72: =B72*C72 -> 0
A73: PARO (CÂY) | D73: =B73*C73 -> 0
A74: BẮP CẢI TÍM | D74: =B74*C74 -> 0
A75: BẮP CẢI TÍM (BẮP) | D75: =B75*C75 -> 0
A76: BẮP CẢI TÍM SUSHI | D76: =B76*C76 -> 0
A77: CÀ CHUA CHERRY MIX 300G | D77: =B77*C77 -> 0
A78: TÍA TÔ 50G | D78: =B78*C78 -> 0
A79: XÀ LÁCH LOLO XANH | B79: 12 | C79: 13000 | D79: =B79*C79 -> 156000
A80: XÀ LÁCH LOLO XANH SUSHI | D80: =B80*C80 -> 0
A81: XÀ LÁCH LOLO XANH TÚI 300GR | D81: =B81*C81 -> 0
A82: XÀ LÁCH ROMEN THUỶ CANH (KG) VR | D82: =B82*C82 -> 0
A83: CÀ RỐT DL | D83: =B83*C83 -> 0
A84: CÀ RỐT DL L1 | B84: =12+60+10+20+18 -> 120 | C84: 12000 | D84: =B84*C84 -> 1440000
A85: CÀ RỐT DL TÚI LƯỚI 500GR VR | D85: =B85*C85 -> 0
A86: CÀ RỐT TRUNG | D86: =B86*C86 -> 0
A87: CÀ RỐT TÚI LƯỚI 800G KQ | D87: =B87*C87 -> 0
A88: GỪNG | D88: =B88*C88 -> 0
A89: MỒNG TƠI | D89: =B89*C89 -> 0
A90: NGÒ RÍ | D90: =B90*C90 -> 0
A91: NGÒ RÍ TÚI 50GR | D91: =B91*C91 -> 0
A92: ỚT HIỂM | B92: 0.2 | C92: 40000 | D92: =B92*C92 -> 8000
A93: ỚT HIỂM 100G | D93: =B93*C93 -> 0
A94: THÌ LÀ | D94: =B94*C94 -> 0
A95: THÌ LÀ TÚI 80GR | D95: =B95*C95 -> 0
A96: CHUỐI LABA | D96: =B96*C96 -> 0
A97: BÔNG BÍ TÚI 300GR | D97: =B97*C97 -> 0
A98: BÔNG CẢI TRẮNG | D98: =B98*C98 -> 0
A99: BÔNG CẢI TRẮNG (CÂY) | D99: =B99*C99 -> 0
A100: SET RAU KÈM ỚT | D100: =B100*C100 -> 0
A101: SET RAU KHÔNG KÈM ỚT | D101: =B101*C101 -> 0
A102: ĐẬU BO | D102: =B102*C102 -> 0
A103: ĐẬU BO 250GR | D103: =B103*C103 -> 0
A104: ĐẬU CÚC | D104: =B104*C104 -> 0
... A113: ĐẬU TRẮNG 250GR | D113: =B113*C113 -> 0
A114: CÀ CHUA | B114: =200+10+300+100+80 -> 690 | C114: 19000 | D114: =B114*C114 -> 13110000
A115: CÀ CHUA L1 | B115: 40 | C115: 19000 | D115: =B115*C115 -> 760000
...

Sheet 29.12
A1: Hàng tồn cuối ngày 29/12/2023 | B1: Stock | D1: Safety stock
A2: TÊN SẢN PHẨM | B2: Tồn trước | C2: Gía nhập | D2: Thành tiền
A3: CÀ CHUA SÔCOLA 250GR (HỘP) VR | D3: =B3*C3 -> 0
A4: CÀ CHUA SÔCOLA 250GR (KG) -NA | D4: =B4*C4 -> 0
A5: CÀ CHUA SÔCOLA 250GR (KG) VR | D5: =B5*C5 -> 0
A6: CÀ CHUA SÔCOLA 250GR(KG) KQ | D6: =B6*C6 -> 0
A7: CÀ CHUA SÔCOLA 300GR (HỘP) VR | D7: =B7*C7 -> 0
A8: CÀ CHUA SOCOLA XÁ | D8: =B8*C8 -> 0
A9: CÀ CHUA SÔCOLA(HỘP) KQ | D9: =B9*C9 -> 0
A10: CÀ RỐT BABY | D10: =B10*C10 -> 0
A11: CÀ RỐT BABY (KG) KQ | D11: =B11*C11 -> 0
A12: CÀ RỐT BABY 200GR | D12: =B12*C12 -> 0
A13: CẢI CẦU VỒNG | D13: =B13*C13 -> 0
A14: CẢI CẦU VỒNG 300GR | D14: =B14*C14 -> 0
... A18: CHANH VÀNG TRÁI 180UP | D18: =B18*C18 -> 0
A19: CẦN TÂY (KG) | B19: 15 | C19: 18000 | D19: =B19*C19 -> 270000
A20: CẦN TÂY THUỶ CANH | D20: =B20*C20 -> 0
A21: CẦN TÂY(CÂY) | D21: =B21*C21 -> 0
A22: ỚT CHUÔNG 3 MÀU(KG)VR | D22: =B22*C22 -> 0
A23: ỚT CHUÔNG ĐỎ | B23: 24 | C23: 30000 | D23: =B23*C23 -> 720000
A24: ỚT CHUÔNG ĐỎ L1 | D24: =B24*C24 -> 0
A25: ỚT CHUÔNG ĐỎ(TRÁI) | D25: =B25*C25 -> 0
A26: ỚT CHUÔNG 3 MÀU 350G | D26: =B26*C26 -> 0
A27: ỚT CHUÔNG 3 MÀU KQ(KG) | D27: =B27*C27 -> 0
A28: ỚT CHUÔNG VÀNG | B28: =18+10 -> 28 | C28: 38000 | D28: =B28*C28 -> 1064000
A29: ỚT CHUÔNG VÀNG L1 | D29: =B29*C29 -> 0
A30: ỚT CHUÔNG VÀNG(TRÁI) | D30: =B30*C30 -> 0
A31: ỚT CHUÔNG VÀNG+ XANH (VỈ) | D31: =B31*C31 -> 0
A32: ỚT CHUÔNG XANH | B32: =10+18+2 -> 30 | C32: 27000 | D32: =B32*C32 -> 810000
A33: ỚT CHUÔNG XANH L1 | D33: =B33*C33 -> 0
A34: ỚT CHUÔNG XANH(TRÁI) | D34: =B34*C34 -> 0
A35: CỦ DỀN | B35: =100+10 -> 110 | C35: 11000 | D35: =B35*C35 -> 1210000
A36: CỦ DỀN 600G | D36: =B36*C36 -> 0
A37: GỪNG 250GR | D37: =B37*C37 -> 0
A38: HỒNG GIÒN | D38: =B38*C38 -> 0
A39: XÀ LÁCH MỸ | D39: =B39*C39 -> 0
A40: KHOAI TÂY HỒNG | D40: =B40*C40 -> 0
A41: KHOAI TÂY HỒNG TÚI LƯỚI 500G | D41: =B41*C41 -> 0
A42: KHOAI TÂY VÀNG | B42: =25+25 -> 50 | C42: 12000 | D42: =B42*C42 -> 600000
A43: KHOAI TÂY VÀNG ĐL | D43: =B43*C43 -> 0
A44: KHOAI TÂY VÀNG LỚN TÚI LƯỚI 500G | B44: 20 | C44: 15000 | D44: =B44*C44 -> 300000
A45: KHOAI TÂY VÀNG RỬA | D45: =B45*C45 -> 0
A46: KHOAI TÂY VÀNG TRUNG TÚI LƯỚI 500G | D46: =B46*C46 -> 0
A47: CẢI THẢO DL | D47: =B47*C47 -> 0
A48: CẢI THẢO DL(BẮP) | D48: =B48*C48 -> 0
A49: CẢI THẢO KIM CHI | D49: =B49*C49 -> 0
A50: CẢI THẢO VR | D50: =B50*C50 -> 0
A51: BẦU | D51: =B51*C51 -> 0
A52: BÍ ĐAO XANH | D52: =B52*C52 -> 0
A53: BÍ ĐAO XANH 400G | D53: =B53*C53 -> 0
A54: DƯA LEO | B54: 20 | C54: 14000 | D54: =B54*C54 -> 280000
A55: DƯA LEO 400G | D55: =B55*C55 -> 0
A56: KHỔ QUA | D56: =B56*C56 -> 0
A57: KHỔ QUA 400GR | D57: =B57*C57 -> 0
A58: KHỔ QUA BÓ 350-500GR | D58: =B58*C58 -> 0
A59: MƯỚP HƯƠNG | B59: 2 | C59: 10000 | D59: =B59*C59 -> 20000
A60: MƯỚP HƯƠNG 300G | D60: =B60*C60 -> 0
A61: BÍ MINI VÀNG 300GR | D61: =B61*C61 -> 0
A62: BÍ MINI VÀNG KG | D62: =B62*C62 -> 0
A63: DƯA LEO GIỐNG NHẬT 600GR | D63: =B63*C63 -> 0
A64: DƯA LEO GIỐNG NHẬT KG | D64: =B64*C64 -> 0
A65: BƠ 034 | D65: =B65*C65 -> 0
A66: BƠ BOOTH | D66: =B66*C66 -> 0
A67: BƠ SÁP | D67: =B67*C67 -> 0
A68: KHOAI LANG MẬT (KG) 2-3 CỦ | B68: =200+320+50-120 -> 450 | C68: 28000 | D68: =B68*C68 -> 12600000
A69: KHOAI LANG MẬT (KG) 4-6 CỦ | B69: =60+100 -> 160 | C69: 28000 | D69: =B69*C69 -> 4480000
A70: KHOAI LANG MẬT 500G KQ | D70: =B70*C70 -> 0
A71: KHOAI LANG MẬT 500G VR | D71: =B71*C71 -> 0
A72: PARO | D72: =B72*C72 -> 0
A73: PARO (CÂY) | D73: =B73*C73 -> 0
A74: BẮP CẢI TÍM | D74: =B74*C74 -> 0
A75: BẮP CẢI TÍM (BẮP) | D75: =B75*C75 -> 0
A76: BẮP CẢI TÍM SUSHI | D76: =B76*C76 -> 0
A77: CÀ CHUA CHERRY MIX 300G | B77: 5 | C77: 12000 | D77: =B77*C77 -> 60000
A78: TÍA TÔ 50G | D78: =B78*C78 -> 0
A79: XÀ LÁCH LOLO XANH | D79: =B79*C79 -> 0
A80: XÀ LÁCH LOLO XANH SUSHI | D80: =B80*C80 -> 0
A81: XÀ LÁCH LOLO XANH TÚI 300GR | D81: =B81*C81 -> 0
A82: XÀ LÁCH ROMEN THUỶ CANH (KG) VR | D82: =B82*C82 -> 0
A83: CÀ RỐT DL | D83: =B83*C83 -> 0
A84: CÀ RỐT DL L1 | D84: =B84*C84 -> 0
A85: CÀ RỐT DL TÚI LƯỚI 500GR VR | D85: =B85*C85 -> 0
A86: CÀ RỐT TRUNG | D86: =B86*C86 -> 0
A87: CÀ RỐT TÚI LƯỚI 800G KQ | D87: =B87*C87 -> 0
A88: GỪNG | B88: 3 | C88: 28000 | D88: =B88*C88 -> 84000
A89: MỒNG TƠI | D89: =B89*C89 -> 0
A90: NGÒ RÍ | D90: =B90*C90 -> 0
A91: NGÒ RÍ TÚI 50GR | D91: =B91*C91 -> 0
A92: ỚT HIỂM | D92: =B92*C92 -> 0
A93: ỚT HIỂM 100G | D93: =B93*C93 -> 0
A94: THÌ LÀ | D94: =B94*C94 -> 0
A95: THÌ LÀ TÚI 80GR | D95: =B95*C95 -> 0
A96: CHUỐI LABA | D96: =B96*C96 -> 0
A97: BÔNG BÍ TÚI 300GR | D97: =B97*C97 -> 0
A98: BÔNG CẢI TRẮNG | B98: 3 | C98: 13000 | D98: =B98*C98 -> 39000
A99: BÔNG CẢI TRẮNG (CÂY) | D99: =B99*C99 -> 0
A100: SET RAU KÈM ỚT | D100: =B100*C100 -> 0
A101: SET RAU KHÔNG KÈM ỚT | D101: =B101*C101 -> 0
A102: ĐẬU BO | D102: =B102*C102 -> 0
A103: ĐẬU BO 250GR | D103: =B103*C103 -> 0
...

Sheet 30.12
A1: hàng tồn cuối ngày 30/12
A2: TÊN SẢN PHẨM | B2: TỒN TRƯỚC | C2: GIÁ NHẬP | D2: THÀNH TIỀN
A3: CÀ CHUA SÔCOLA 250GR (HỘP) VR | D3: =B3*C3 -> 0
A4: CÀ CHUA SÔCOLA 250GR (KG) -NA | D4: =B4*C4 -> 0
A5: CÀ CHUA SÔCOLA 250GR (KG) VR | D5: =B5*C5 -> 0
A6: CÀ CHUA SÔCOLA 250GR(KG) KQ | D6: =B6*C6 -> 0
A7: CÀ CHUA SÔCOLA 300GR (HỘP) VR | D7: =B7*C7 -> 0
A8: CÀ CHUA SOCOLA XÁ | D8: =B8*C8 -> 0
A9: CÀ CHUA SÔCOLA(HỘP) KQ | D9: =B9*C9 -> 0
A10: CÀ RỐT BABY | D10: =B10*C10 -> 0
A11: CÀ RỐT BABY (KG) KQ | D11: =B11*C11 -> 0
A12: CÀ RỐT BABY 200GR | D12: =B12*C12 -> 0
A13: CẢI CẦU VỒNG | D13: =B13*C13 -> 0
A14: CẢI CẦU VỒNG 300GR | D14: =B14*C14 -> 0
... A22: ỚT CHUÔNG 3 MÀU(KG)VR | D22: =B22*C22 -> 0
A23: ỚT CHUÔNG ĐỎ | B23: =10+27 -> 37 | C23: 30000 | D23: =B23*C23 -> 1110000
A24: ỚT CHUÔNG ĐỎ L1 | D24: =B24*C24 -> 0
A25: ỚT CHUÔNG ĐỎ(TRÁI) | D25: =B25*C25 -> 0
A26: ỚT CHUÔNG 3 MÀU 350G | D26: =B26*C26 -> 0
A27: ỚT CHUÔNG 3 MÀU KQ(KG) | D27: =B27*C27 -> 0
A28: ỚT CHUÔNG VÀNG | B28: 15 | C28: 38000 | D28: =B28*C28 -> 570000
A29: ỚT CHUÔNG VÀNG L1 | D29: =B29*C29 -> 0
A30: ỚT CHUÔNG VÀNG(TRÁI) | D30: =B30*C30 -> 0
A31: ỚT CHUÔNG VÀNG+ XANH (VỈ) | D31: =B31*C31 -> 0
A32: ỚT CHUÔNG XANH | B32: =31+7+10+25 -> 73 | C32: 27000 | D32: =B32*C32 -> 1971000
A33: ỚT CHUÔNG XANH L1 | D33: =B33*C33 -> 0
A34: ỚT CHUÔNG XANH(TRÁI) | D34: =B34*C34 -> 0
A35: CỦ DỀN | B35: =60+50 -> 110 | C35: 12000 | D35: =B35*C35 -> 1320000
A36: CỦ DỀN 600G | D36: =B36*C36 -> 0
A37: GỪNG 250GR | D37: =B37*C37 -> 0
A38: HỒNG GIÒN | D38: =B38*C38 -> 0
A39: XÀ LÁCH MỸ | D39: =B39*C39 -> 0
A40: KHOAI TÂY HỒNG | B40: 20 | C40: 24000 | D40: =B40*C40 -> 480000
A41: KHOAI TÂY HỒNG TÚI LƯỚI 500G | D41: =B41*C41 -> 0
A42: KHOAI TÂY VÀNG | D42: =B42*C42 -> 0
A43: KHOAI TÂY VÀNG ĐL | B43: =40+90 -> 130 | C43: 15000 | D43: =B43*C43 -> 1950000
A44: KHOAI TÂY VÀNG LỚN TÚI LƯỚI 500G | B44: 45 | C44: 15000 | D44: =B44*C44 -> 675000
A45: KHOAI TÂY VÀNG RỬA | D45: =B45*C45 -> 0
A46: KHOAI TÂY VÀNG TRUNG TÚI LƯỚI 500G | D46: =B46*C46 -> 0
A47: CẢI THẢO DL | D47: =B47*C47 -> 0
A48: CẢI THẢO DL(BẮP) | D48: =B48*C48 -> 0
A49: CẢI THẢO KIM CHI | D49: =B49*C49 -> 0
A50: CẢI THẢO VR | D50: =B50*C50 -> 0
A51: BẦU | D51: =B51*C51 -> 0
A52: BÍ ĐAO XANH | D52: =B52*C52 -> 0
A53: BÍ ĐAO XANH 400G | D53: =B53*C53 -> 0
A54: DƯA LEO | D54: =B54*C54 -> 0
A55: DƯA LEO 400G | D55: =B55*C55 -> 0
A56: KHỔ QUA | D56: =B56*C56 -> 0
... A67: BƠ SÁP | D67: =B67*C67 -> 0
A68: KHOAI LANG MẬT (KG) 2-3 CỦ | B68: =200+100+80 -> 380 | C68: 28000 | D68: =B68*C68 -> 10640000
A69: KHOAI LANG MẬT (KG) 4-6 CỦ | B69: =80+60+90 -> 230 | C69: 27000 | D69: =B69*C69 -> 6210000
A70: KHOAI LANG MẬT 500G KQ | D70: =B70*C70 -> 0
A71: KHOAI LANG MẬT 500G VR | D71: =B71*C71 -> 0
A72: PARO | D72: =B72*C72 -> 0
A73: PARO (CÂY) | D73: =B73*C73 -> 0
A74: BẮP CẢI TÍM | B74: 7 | C74: 26000 | D74: =B74*C74 -> 182000
A75: BẮP CẢI TÍM (BẮP) | D75: =B75*C75 -> 0
A76: BẮP CẢI TÍM SUSHI | D76: =B76*C76 -> 0
A77: CÀ CHUA CHERRY MIX 300G | D77: =B77*C77 -> 0
A78: TÍA TÔ 50G | D78: =B78*C78 -> 0
A79: XÀ LÁCH LOLO XANH | D79: =B79*C79 -> 0
A80: XÀ LÁCH LOLO XANH SUSHI | D80: =B80*C80 -> 0
A81: XÀ LÁCH LOLO XANH TÚI 300GR | D81: =B81*C81 -> 0
A82: XÀ LÁCH ROMEN THUỶ CANH (KG) VR | D82: =B82*C82 -> 0
A83: CÀ RỐT DL | D83: =B83*C83 -> 0
A84: CÀ RỐT DL L1 | B84: =72+18+10 -> 100 | C84: 12000 | D84: =B84*C84 -> 1200000
A85: CÀ RỐT DL TÚI LƯỚI 500GR VR | D85: =B85*C85 -> 0
A86: CÀ RỐT TRUNG | D86: =B86*C86 -> 0
A87: CÀ RỐT TÚI LƯỚI 800G KQ | D87: =B87*C87 -> 0
A88: GỪNG | D88: =B88*C88 -> 0
A89: MỒNG TƠI | D89: =B89*C89 -> 0
A90: NGÒ RÍ | D90: =B90*C90 -> 0
A91: NGÒ RÍ TÚI 50GR | D91: =B91*C91 -> 0
A92: ỚT HIỂM | D92: =B92*C92 -> 0
A93: ỚT HIỂM 100G | D93: =B93*C93 -> 0
A94: THÌ LÀ | D94: =B94*C94 -> 0
A95: THÌ LÀ TÚI 80GR | D95: =B95*C95 -> 0
A96: CHUỐI LABA | D96: =B96*C96 -> 0
A97: BÔNG BÍ TÚI 300GR | D97: =B97*C97 -> 0
A98: BÔNG CẢI TRẮNG | B98: 4 | C98: 13000 | D98: =B98*C98 -> 52000
A99: BÔNG CẢI TRẮNG (CÂY) | D99: =B99*C99 -> 0
A100: SET RAU KÈM ỚT | D100: =B100*C100 -> 0
A101: SET RAU KHÔNG KÈM ỚT | D101: =B101*C101 -> 0
A102: ĐẬU BO | D102: =B102*C102 -> 0
A103: ĐẬU BO 250GR | D103: =B103*C103 -> 0
A104: ĐẬU CÚC | D104: =B104*C104 -> 0
A105: ĐẬU CÚC 250GR | D105: =B105*C105 -> 0
A106: ĐẬU ĐỎ | D106: =B106*C106 -> 0
A107: ĐẬU ĐỎ 250GR | D107: =B107*C107 -> 0
A108: ĐẬU HÀ LAN-FUJI | D108: =B108*C108 -> 0
A109: ĐẬU NGỰ | D109: =B109*C109 -> 0
A110: ĐẬU NGỰ 250GR | D110: =B110*C110 -> 0
... A113: ĐẬU TRẮNG 250GR | D113: =B113*C113 -> 0
A114: CÀ CHUA | B114: =140+280 -> 420 | C114: 13000 | D114: =B114*C114 -> 5460000
A115: CÀ CHUA L1 | D115: =B115*C115 -> 0
A116: CÀ CHUA VỈ 400GR | B116: 30 | C116: 5200 | D116: =B116*C116 -> 156000
A117: CÀ CHUA VR | D117: =B117*C117 -> 0
A118: BÍ ĐỎ MINI | D118: =B118*C118 -> 0
A119: ỚT SỪNG 100G | D119: =B119*C119 -> 0
...

Sheet 31.12
A1: hàng tồn cuối ngày 31/12
A2: TÊN SẢN PHẨM | B2: TỒN TRƯỚC | C2: GIÁ NHẬP | D2: THÀNH TIỀN
A3: CÀ CHUA SÔCOLA 250GR (HỘP) VR | D3: =B3*C3 -> 0
A4: CÀ CHUA SÔCOLA 250GR (KG) -NA | D4: =B4*C4 -> 0
A5: CÀ CHUA SÔCOLA 250GR (KG) VR | D5: =B5*C5 -> 0
A6: CÀ CHUA SÔCOLA 250GR(KG) KQ | D6: =B6*C6 -> 0
A7: CÀ CHUA SÔCOLA 300GR (HỘP) VR | D7: =B7*C7 -> 0
A8: CÀ CHUA SOCOLA XÁ | D8: =B8*C8 -> 0
A9: CÀ CHUA SÔCOLA(HỘP) KQ | D9: =B9*C9 -> 0
A10: CÀ RỐT BABY | D10: =B10*C10 -> 0
A11: CÀ RỐT BABY (KG) KQ | D11: =B11*C11 -> 0
A12: CÀ RỐT BABY 200GR | D12: =B12*C12 -> 0
A13: CẢI CẦU VỒNG | D13: =B13*C13 -> 0
A14: CẢI CẦU VỒNG 300GR | D14: =B14*C14 -> 0
... A18: CHANH VÀNG TRÁI 180UP | D18: =B18*C18 -> 0
A19: CẦN TÂY (KG) | B19: 5 | C19: 18000 | D19: =B19*C19 -> 90000
A20: CẦN TÂY THUỶ CANH | D20: =B20*C20 -> 0
A21: CẦN TÂY(CÂY) | D21: =B21*C21 -> 0
A22: ỚT CHUÔNG 3 MÀU(KG)VR | D22: =B22*C22 -> 0
A23: ỚT CHUÔNG ĐỎ | D23: =B23*C23 -> 0
A24: ỚT CHUÔNG ĐỎ L1 | D24: =B24*C24 -> 0
A25: ỚT CHUÔNG ĐỎ(TRÁI) | D25: =B25*C25 -> 0
A26: ỚT CHUÔNG 3 MÀU 350G | D26: =B26*C26 -> 0
A27: ỚT CHUÔNG 3 MÀU KQ(KG) | D27: =B27*C27 -> 0
A28: ỚT CHUÔNG VÀNG | D28: =B28*C28 -> 0
A29: ỚT CHUÔNG VÀNG L1 | D29: =B29*C29 -> 0
A30: ỚT CHUÔNG VÀNG(TRÁI) | D30: =B30*C30 -> 0
A31: ỚT CHUÔNG VÀNG+ XANH (VỈ) | D31: =B31*C31 -> 0
A32: ỚT CHUÔNG XANH | D32: =B32*C32 -> 0
A33: ỚT CHUÔNG XANH L1 | B33: 28 | C33: 22000 | D33: =B33*C33 -> 616000
A34: ỚT CHUÔNG XANH(TRÁI) | D34: =B34*C34 -> 0
A35: CỦ DỀN | B35: =15+15+45 -> 75 | C35: 12000 | D35: =B35*C35 -> 900000
A36: CỦ DỀN 600G | D36: =B36*C36 -> 0
A37: GỪNG 250GR | D37: =B37*C37 -> 0
A38: HỒNG GIÒN | D38: =B38*C38 -> 0
A39: XÀ LÁCH MỸ | D39: =B39*C39 -> 0
A40: KHOAI TÂY HỒNG | D40: =B40*C40 -> 0
A41: KHOAI TÂY HỒNG TÚI LƯỚI 500G | D41: =B41*C41 -> 0
A42: KHOAI TÂY VÀNG | B42: 30 | C42: 12000 | D42: =B42*C42 -> 360000
A43: KHOAI TÂY VÀNG ĐL | B43: =380+120+20 -> 520 | C43: 15000 | D43: =B43*C43 -> 7800000
A44: KHOAI TÂY VÀNG LỚN TÚI LƯỚI 500G | B44: 90 | C44: 15000 | D44: =B44*C44 -> 1350000
A45: KHOAI TÂY VÀNG RỬA | D45: =B45*C45 -> 0
A46: KHOAI TÂY VÀNG TRUNG TÚI LƯỚI 500G | D46: =B46*C46 -> 0
A47: CẢI THẢO DL | D47: =B47*C47 -> 0
A48: CẢI THẢO DL(BẮP) | D48: =B48*C48 -> 0
A49: CẢI THẢO KIM CHI | D49: =B49*C49 -> 0
A50: CẢI THẢO VR | D50: =B50*C50 -> 0
A51: BẦU | D51: =B51*C51 -> 0
A52: BÍ ĐAO XANH | B52: 6 | C52: 15000 | D52: =B52*C52 -> 90000
A53: BÍ ĐAO XANH 400G | D53: =B53*C53 -> 0
A54: DƯA LEO | B54: 8 | C54: 18000 | D54: =B54*C54 -> 144000
A55: DƯA LEO 400G | D55: =B55*C55 -> 0
A56: KHỔ QUA | D56: =B56*C56 -> 0
A57: KHỔ QUA 400GR | D57: =B57*C57 -> 0
A58: KHỔ QUA BÓ 350-500GR | D58: =B58*C58 -> 0
A59: MƯỚP HƯƠNG | D59: =B59*C59 -> 0
A60: MƯỚP HƯƠNG 300G | D60: =B60*C60 -> 0
A61: BÍ MINI VÀNG 300GR | D61: =B61*C61 -> 0
A62: BÍ MINI VÀNG KG | D62: =B62*C62 -> 0
A63: DƯA LEO GIỐNG NHẬT 600GR | D63: =B63*C63 -> 0
A64: DƯA LEO GIỐNG NHẬT KG | D64: =B64*C64 -> 0
A65: BƠ 034 | D65: =B65*C65 -> 0
A66: BƠ BOOTH | D66: =B66*C66 -> 0
A67: BƠ SÁP | D67: =B67*C67 -> 0
A68: KHOAI LANG MẬT (KG) 2-3 CỦ | B68: 300 | C68: 28000 | D68: =B68*C68 -> 8400000
A69: KHOAI LANG MẬT (KG) 4-6 CỦ | B69: 90 | C69: 27000 | D69: =B69*C69 -> 2430000
A70: KHOAI LANG MẬT 500G KQ | D70: =B70*C70 -> 0
A71: KHOAI LANG MẬT 500G VR | D71: =B71*C71 -> 0
A72: PARO | D72: =B72*C72 -> 0
A73: PARO (CÂY) | D73: =B73*C73 -> 0
A74: BẮP CẢI TÍM | B74: 10 | C74: 35000 | D74: =B74*C74 -> 350000
A75: BẮP CẢI TÍM (BẮP) | D75: =B75*C75 -> 0
A76: BẮP CẢI TÍM SUSHI | D76: =B76*C76 -> 0
A77: CÀ CHUA CHERRY MIX 300G | D77: =B77*C77 -> 0
A78: TÍA TÔ 50G | D78: =B78*C78 -> 0
A79: XÀ LÁCH LOLO XANH | D79: =B79*C79 -> 0
A80: XÀ LÁCH LOLO XANH SUSHI | D80: =B80*C80 -> 0
A81: XÀ LÁCH LOLO XANH TÚI 300GR | D81: =B81*C81 -> 0
A82: XÀ LÁCH ROMEN THUỶ CANH (KG) VR | D82: =B82*C82 -> 0
A83: CÀ RỐT DL | D83: =B83*C83 -> 0
A84: CÀ RỐT DL L1 | B84: 80 | C84: 13000 | D84: =B84*C84 -> 1040000
A85: CÀ RỐT DL TÚI LƯỚI 500GR VR | D85: =B85*C85 -> 0
A86: CÀ RỐT TRUNG | D86: =B86*C86 -> 0
A87: CÀ RỐT TÚI LƯỚI 800G KQ | D87: =B87*C87 -> 0
A88: GỪNG | B88: 5 | C88: 28000 | D88: =B88*C88 -> 140000
A89: MỒNG TƠI | D89: =B89*C89 -> 0
A90: NGÒ RÍ | D90: =B90*C90 -> 0
A91: NGÒ RÍ TÚI 50GR | D91: =B91*C91 -> 0
A92: ỚT HIỂM | D92: =B92*C92 -> 0
A93: ỚT HIỂM 100G | D93: =B93*C93 -> 0
A94: THÌ LÀ | D94: =B94*C94 -> 0
A95: THÌ LÀ TÚI 80GR | D95: =B95*C95 -> 0
A96: CHUỐI LABA | D96: =B96*C96 -> 0
A97: BÔNG BÍ TÚI 300GR | D97: =B97*C97 -> 0
A98: BÔNG CẢI TRẮNG | B98: 13 | C98: 13000 | D98: =B98*C98 -> 169000
A99: BÔNG CẢI TRẮNG (CÂY) | D99: =B99*C99 -> 0
A100: SET RAU KÈM ỚT | D100: =B100*C100 -> 0
A101: SET RAU KHÔNG KÈM ỚT | D101: =B101*C101 -> 0
A102: ĐẬU BO | D102: =B102*C102 -> 0
A103: ĐẬU BO 250GR | D103: =B103*C103 -> 0
...
