Workbook

Sheet 3011
A1: Tên Sản phẩm | B1: ĐVT | C1: SL | E1: Tên Sản phẩm | H1: =SUM(H3:H103) -> 63750350
A2: Hạt Dẻ Ngố | B2: KG | C2: 0
A3: Củ Dền | B3: KG | C3: 40 | D3: 45626 | E3: Củ Dền 30/11/2024 | F3: =VLOOKUP(E3,'[1]TIỀN MUA PHỤ'!$A:$B,2,0) -> 18000 | G3: 18000 | H3: =C3*G3 -> 720000
A4: Củ Hành Tây | B4: KG | C4: 50 | D4: 45626 | E4: Củ Hành Tây 30/11/2024 | F4: =VLOOKUP(E4,'[1]TIỀN MUA PHỤ'!$A:$B,2,0) -> 29000 | G4: 29000 | H4: =C4*G4 -> 1450000
A5: Củ Hành Tây | B5: Túi 300gr | C5: 0
A6: Củ Khoai Mỡ | B6: KG | C6: 0
A7: Cà Chua Beef | B7: KG | C7: 200 | D7: 45626 | E7: Cà Chua Beef 30/11/2024 | F7: =VLOOKUP(E7,'[1]TIỀN MUA PHỤ'!$A:$B,2,0) -> 22000 | G7: 22000 | H7: =C7*G7 -> 4400000
A8: Củ Khoai Lang Mật Size 46 | B8: KG | C8: 160 | D8: 45626 | E8: Củ Khoai Lang Mật Size 46 30/11/2024 | F8: =VLOOKUP(E8,'[1]TIỀN MUA PHỤ'!$A:$B,2,0) -> 31000 | G8: 31000 | H8: =C8*G8 -> 4960000
A9: Củ Khoai Lang Mật Size 46 | B9: Túi | C9: 0
A10: Củ Cải Đỏ | B10: KG | C10: 0
A11: Củ Cải Đỏ | B11: Hộp | C11: 30 | D11: 45626 | E11: Củ Cải Đỏ 30/11/2024 | F11: =VLOOKUP(E11,'[1]TIỀN MUA PHỤ'!$A:$B,2,0) -> 9500 | G11: 9500 | H11: =C11*G11 -> 285000
A12: Đậu Cove Trắng | B12: KG | C12: 0
A13: Đậu Cove Trắng | B13: Túi 300gr | C13: 100 | D13: 45626 | E13: Đậu Cove Trắng 30/11/2024 | F13: =VLOOKUP(E13,'[1]TIỀN MUA PHỤ'!$A:$B,2,0) -> 6500 | G13: 6500 | H13: =C13*G13 -> 650000
A14: Cà Chua Thường | B14: KG | C14: 100 | D14: 45626 | E14: Cà Chua Thường 30/11/2024 | F14: =VLOOKUP(E14,'[1]TIỀN MUA PHỤ'!$A:$B,2,0) -> 20000 | G14: 20000 | H14: =C14*G14 -> 2000000
A15: Cà Chua Thường | B15: Vỉ | C15: 0
A16: Bí Ngòi Xanh | B16: KG | C16: 0
A17: Bí Ngòi Xanh | B17: Trái 280gr | C17: 250 | D17: 45626 | E17: Bí Ngòi Xanh 30/11/2024 | F17: =VLOOKUP(E17,'[1]TIỀN MUA PHỤ'!$A:$B,2,0)*0.3 -> 2400 | G17: 2400 | H17: =C17*G17 -> 600000
A18: Cà Tím Sọc Pha Lê | B18: Hộp | C18: 0
A19: Hành Paro | B19: KG | C19: 15 | D19: 45626 | E19: Hành Paro 30/11/2024 | F19: =VLOOKUP(E19,'[1]TIỀN MUA PHỤ'!$A:$B,2,0) -> 28000 | G19: 28000 | H19: =C19*G19 -> 420000
A20: Hành Paro | B20: Cây | C20: 200 | D20: 45626 | E20: Hành Paro 30/11/2024 | F20: =VLOOKUP(E20,'[1]TIỀN MUA PHỤ'!$A:$B,2,0)/5 -> 5600 | G20: 5600 | H20: =C20*G20 -> 1120000
A21: Cải Bó Xôi | B21: KG | C21: 90 | D21: 45626 | E21: Cải Bó Xôi 30/11/2024 | F21: =VLOOKUP(E21,'[1]TIỀN MUA PHỤ'!$A:$B,2,0) -> 16000 | G21: 16000 | H21: =C21*G21 -> 1440000
A22: Cải Bó Xôi | B22: Túi | C22: 0
A23: Ớt Chuông Đỏ | B23: KG | C23: 0
A24: Ớt Chuông Đỏ | B24: Trái 180gr | C24: 800 | D24: 45626 | E24: Ớt Chuông Đỏ 30/11/2024 | F24: =VLOOKUP(E24,'[1]TIỀN MUA PHỤ'!$A:$B,2,0)/4 -> 7500 | G24: 7500 | H24: =C24*G24 -> 6000000
A25: Ớt Chuông Baby | B25: KG | C25: 20 | D25: 45626 | E25: Ớt Chuông Baby 30/11/2024 | F25: =VLOOKUP(E25,'[1]TIỀN MUA PHỤ'!$A:$B,2,0) -> 44000 | G25: 44000 | H25: =C25*G25 -> 880000
A26: Ớt Chuông Baby | B26: Hộp | C26: 0
A27: Cà Chua Bi Mix | B27: KG | C27: 0
A28: Cà Chua Bi Mix | B28: Hộp | C28: 59 | D28: 45626 | E28: Cà Chua Bi Mix 30/11/2024 | F28: =VLOOKUP(E28,'[1]TIỀN MUA PHỤ'!$A:$B,2,0)*0.3 -> 15450 | G28: 15450 | H28: =C28*G28 -> 911550
A29: Cà Chua Socola | B29: KG | C29: 0
A30: Cà Chua Socola | B30: Hộp 300gr | C30: 245 | D30: 45626 | E30: Cà Chua Socola 30/11/2024 | F30: =VLOOKUP(E30,'[1]TIỀN MUA PHỤ'!$A:$B,2,0) -> 14000 | G30: 14000 | H30: =C30*G30 -> 3430000
A31: Bí Đao Xanh | B31: KG | C31: 0
A32: Bí Đao Xanh | B32: Trái | C32: 50 | D32: 45626 | E32: Bí Đao Xanh 30/11/2024 | F32: =VLOOKUP(E32,'[1]TIỀN MUA PHỤ'!$A:$B,2,0)*0.4 -> 2600 | G32: 2600 | H32: =C32*G32 -> 130000
A33: Bí Non Nhật | B33: KG | C33: 0
A34: Bí Non Nhật | B34: Trái | C34: 200 | D34: 45626 | E34: Bí Non Nhật 30/11/2024 | F34: =VLOOKUP(E34,'[1]TIỀN MUA PHỤ'!$A:$B,2,0)*0.3 -> 3000 | G34: 3000 | H34: =C34*G34 -> 600000
A35: Xà Lách Lolo Tím | B35: KG | C35: 17 | D35: 45626 | E35: Xà Lách Lolo Tím 30/11/2024 | F35: =VLOOKUP(E35,'[1]TIỀN MUA PHỤ'!$A:$B,2,0) -> 35000 | G35: 35000 | H35: =C35*G35 -> 595000
A36: Xà Lách Lolo Tím | B36: Túi | C36: 0
A37: Ớt Sweet Palemo | B37: KG | C37: 0
A38: Ớt Sweet Palemo | B38: Túi | C38: 200 | D38: 45626 | E38: Ớt Sweet Palemo 30/11/2024 | F38: 18000 | G38: 18000 | H38: =C38*G38 -> 3600000
A39: Củ Khoai Lang Nhật | B39: KG | C39: 50 | D39: 45626 | E39: Củ Khoai Lang Nhật 30/11/2024 | F39: =VLOOKUP(E39,'[1]TIỀN MUA PHỤ'!$A:$B,2,0) -> 17500 | G39: 17500 | H39: =C39*G39 -> 875000
A40: Củ Khoai Lang Nhật | B40: Túi | C40: 0
A41: Bí Đỏ Tròn | B41: KG | C41: 35 | D41: 45626 | E41: Bí Đỏ Tròn 30/11/2024 | F41: 5500 | G41: 5500 | H41: =C41*G41 -> 192500
A42: Xà Lách Lolo Xanh | B42: KG | C42: 260 | D42: 45626 | E42: Xà Lách Lolo Xanh 30/11/2024 | F42: =VLOOKUP(E42,'[1]TIỀN MUA PHỤ'!$A:$B,2,0) -> 14000 | G42: 14000 | H42: =C42*G42 -> 3640000
A43: Xà Lách Lolo Xanh | B43: Túi | C43: 0
A44: Xà Lách Mỡ | B44: KG | C44: 0
A45: Măng Tây | B45: KG | C45: 20 | D45: 45626 | E45: Măng Tây 30/11/2024 | F45: =VLOOKUP(E45,'[1]TIỀN MUA PHỤ'!$A:$B,2,0) -> 60000 | G45: 60000 | H45: =C45*G45 -> 1200000
A46: Măng Tây | B46: Bó | C46: 0
A47: Dưa Leo Baby | B47: KG | C47: 0
A48: Dưa Leo Baby | B48: Vỉ | C48: 700 | D48: 45626 | E48: Dưa Leo Baby 30/11/2024 | F48: =VLOOKUP(E48,'[1]TIỀN MUA PHỤ'!$A:$B,2,0) -> 4500 | G48: 4500 | H48: =C48*G48 -> 3150000
A49: Dưa Leo Thường | B49: KG | C49: 50 | D49: 45626 | E49: Dưa Leo Thường 30/11/2024 | F49: =VLOOKUP(E49,'[1]TIỀN MUA PHỤ'!$A:$B,2,0) -> 4000 | G49: 4000 | H49: =C49*G49 -> 200000
A50: Cần Tây | B50: KG | C50: 0
A51: Cần Tây | B51: Cây | C51: 200 | D51: 45626 | E51: Cần Tây 30/11/2024 | F51: 10000 | G51: 10000 | H51: =C51*G51 -> 2000000
A52: Cần Tây | B52: Túi | C52: 0
A53: Rau Ngò Rí | B53: KG | C53: 10 | D53: 45626 | E53: Rau Ngò Rí 30/11/2024 | F53: =VLOOKUP(E53,'[1]TIỀN MUA PHỤ'!$A:$B,2,0) -> 35000 | G53: 35000 | H53: =C53*G53 -> 350000
A54: Rau Ngò Rí | B54: Gói | C54: 0
A55: Ớt Chuông Vàng | B55: KG | C55: 0
A56: Ớt Chuông Vàng | B56: Trái 180gr | C56: 300 | D56: 45626 | E56: Ớt Chuông Vàng 30/11/2024 | F56: =VLOOKUP(E56,'[1]TIỀN MUA PHỤ'!$A:$B,2,0)/4 -> 3750 | G56: 3750 | H56: =C56*G56 -> 1125000
A57: Ớt Chuông Xanh | B57: KG | C57: 0
A58: Ớt Chuông Xanh | B58: Trái 180gr | C58: 100 | D58: 45626 | E58: Ớt Chuông Xanh 30/11/2024 | F58: =VLOOKUP(E58,'[1]TIỀN MUA PHỤ'!$A:$B,2,0)/4 -> 7000 | G58: 7000 | H58: =C58*G58 -> 700000
A59: Lá Mè | B59: KG | C59: 0
A60: Lá Mè | B60: Túi | C60: 500 | D60: 45626 | E60: Lá Mè 30/11/2024 | F60: =VLOOKUP(E60,'[1]TIỀN MUA PHỤ'!$A:$B,2,0)/20 -> 1800 | G60: 1800 | H60: =C60*G60 -> 900000
A61: Xà Lách Mỡ T.C Cây | B61: Cây | C61: 30 | D61: 45626 | E61: Xà Lách Mỡ T.C Cây 30/11/2024 | F61: =VLOOKUP(E61,'[1]TIỀN MUA PHỤ'!$A:$B,2,0) -> 6800 | G61: 6800 | H61: =C61*G61 -> 204000
A62: Xà Lách Lolo Xanh T.C Cây | B62: Cây | C62: 140 | D62: 45626 | E62: Xà Lách Lolo Xanh T.C Cây 30/11/2024 | F62: =VLOOKUP(E62,'[1]TIỀN MUA PHỤ'!$A:$B,2,0) -> 6800 | G62: 6800 | H62: =C62*G62 -> 952000
A63: Bông Cải Xanh Baby | B63: KG | C63: 0
A64: Bông Cải Xanh Baby | B64: Vỉ | C64: 93 | D64: 45626 | E64: Bông Cải Xanh Baby 30/11/2024 | F64: =VLOOKUP(E64,'[1]TIỀN MUA PHỤ'!$A:$B,2,0)/5 -> 7600 | G64: 7600 | H64: =C64*G64 -> 706800
A65: Cải Kale | B65: KG | C65: 0
A66: Cải Kale | B66: Túi | C66: 50 | D66: 45626 | E66: Cải Kale 30/11/2024 | F66: =VLOOKUP(E66,'[1]TIỀN MUA PHỤ'!$A:$B,2,0)*0.3 -> 7650 | G66: 7650 | H66: =C66*G66 -> 382500
A67: Cải Kale | B67: Túi 150gr | C67: 20 | D67: 45626 | E67: Cải Kale 30/11/2024 | F67: =F66/2 -> 3825 | G67: 3825 | H67: =C67*G67 -> 76500
A68: Cà Rốt | B68: KG | C68: 50 | D68: 45626 | E68: Cà Rốt 30/11/2024 | F68: =VLOOKUP(E68,'[1]TIỀN MUA PHỤ'!$A:$B,2,0) -> 15000 | G68: 15000 | H68: =C68*G68 -> 750000
A69: Cà Rốt | B69: Túi | C69: 0
A70: Cà Chua Bi Đỏ | B70: KG | C70: 0
A71: Cà Chua Bi Đỏ | B71: Hộp 300gr | C71: 150 | D71: 45626 | E71: Cà Chua Bi Đỏ 30/11/2024 | F71: =VLOOKUP(E71,'[1]TIỀN MUA PHỤ'!$A:$B,2,0) -> 8700 | G71: 8700 | H71: =C71*G71 -> 1305000
A72: Cà Chua Beef Trung | B72: KG | C72: 60 | D72: 45626 | E72: Cà Chua Beef Trung 30/11/2024 | F72: =VLOOKUP(E72,'[1]TIỀN MUA PHỤ'!$A:$B,2,0) -> 17000 | G72: 17000 | H72: =C72*G72 -> 1020000
A73: Cà Chua Beef Trung | B73: Vỉ 500gr | C73: 173 | D73: 45626 | E73: Cà Chua Beef Trung 30/11/2024 | F73: =VLOOKUP(E73,'[1]TIỀN MUA PHỤ'!$A:$B,2,0)/2 -> 8500 | G73: 8500 | H73: =C73*G73 -> 1470500
A74: Cà Rốt Baby | B74: KG | C74: 0
A75: Cà Rốt Baby | B75: Vỉ | C75: 60 | D75: 45626 | E75: Cà Rốt Baby 30/11/2024 | F75: =VLOOKUP(E75,'[1]TIỀN MUA PHỤ'!$A:$B,2,0)/5 -> 7600 | G75: 7600 | H75: =C75*G75 -> 456000
A76: Xà Lách Mỡ T.C | B76: KG | C76: 0
A77: Bắp Cải Trái Tim | B77: KG | C77: 10 | D77: 45626 | E77: Bắp Cải Trái Tim 30/11/2024 | F77: =VLOOKUP(E77,'[1]TIỀN MUA PHỤ'!$A:$B,2,0) -> 10000 | G77: 10000 | H77: =C77*G77 -> 100000
A78: Bắp Cải Trắng | B78: KG | C78: 20 | D78: 45626 | E78: Bắp Cải Trắng 30/11/2024 | F78: =VLOOKUP(E78,'[1]TIỀN MUA PHỤ'!$A:$B,2,0) -> 11000 | G78: 11000 | H78: =C78*G78 -> 220000
A79: Bơ Booth | B79: KG | C79: 60 | D79: 45626 | E79: Bơ Booth 30/11/2024 | F79: =VLOOKUP(E79,'[1]TIỀN MUA PHỤ'!$A:$B,2,0) -> 41000 | G79: 41000 | H79: =C79*G79 -> 2460000
A80: Bông Cải Xanh 7Cm | B80: KG | C80: 30 | D80: 45626 | E80: Bông Cải Xanh 7Cm 30/11/2024 | F80: =VLOOKUP(E80,'[1]TIỀN MUA PHỤ'!$A:$B,2,0) -> 35000 | G80: 35000 | H80: =C80*G80 -> 1050000
A81: Cải Thảo | B81: KG | C81: 25 | D81: 45626 | E81: Cải Thảo 30/11/2024 | F81: =VLOOKUP(E81,'[1]TIỀN MUA PHỤ'!$A:$B,2,0) -> 7000 | G81: 7000 | H81: =C81*G81 -> 175000
A82: Chanh Không Hạt | B82: KG | C82: 0
A83: Chanh Không Hạt | B83: Vỉ | C83: 40 | D83: 45626 | E83: Chanh Không Hạt 30/11/2024 | F83: =VLOOKUP(E83,'[1]TIỀN MUA PHỤ'!$A:$B,2,0)/4 -> 6500 | G83: 6500 | H83: =C83*G83 -> 260000
A84: Củ Cải Trắng | B84: KG | C84: 20 | D84: 45626 | E84: Củ Cải Trắng 30/11/2024 | F84: =VLOOKUP(E84,'[1]TIỀN MUA PHỤ'!$A:$B,2,0) -> 4500 | G84: 4500 | H84: =C84*G84 -> 90000
A85: Củ Hành Tây Tím | B85: KG | C85: 30 | D85: 45626 | E85: Củ Hành Tây Tím 30/11/2024 | F85: =VLOOKUP(E85,'[1]TIỀN MUA PHỤ'!$A:$B,2,0) -> 20000 | G85: 20000 | H85: =C85*G85 -> 600000
A86: Củ Hành Tây Tím | B86: Túi | C86: 0
A87: Củ Su Hào | B87: KG | C87: 10 | D87: 45626 | E87: Củ Su Hào 30/11/2024 | F87: =VLOOKUP(E87,'[1]TIỀN MUA PHỤ'!$A:$B,2,0) -> 13000 | G87: 13000 | H87: =C87*G87 -> 130000
A88: Dưa Leo Nhật | B88: KG | C88: 0
A89: Dưa Leo Nhật | B89: Túi | C89: 60 | D89: 45626 | E89: Dưa Leo Nhật 30/11/2024 | F89: =VLOOKUP(E89,'[1]TIỀN MUA PHỤ'!$A:$B,2,0)*0.6 -> 5400 | G89: 5400 | H89: =C89*G89 -> 324000
A90: Lá Hương Thảo | B90: KG | C90: 0
A91: Lá Hương Thảo | B91: Túi | C91: 0
A92: Lá Nha Đam | B92: KG | C92: 5 | D92: 45626 | E92: Lá Nha Đam 30/11/2024 | F92: =VLOOKUP(E92,'[1]TIỀN MUA PHỤ'!$A:$B,2,0) -> 14000 | G92: 14000 | H92: =C92*G92 -> 70000
A93: Lá Tía Tô | B93: KG | C93: 0
A94: Lá Tía Tô | B94: Túi | C94: 20 | D94: 45626 | E94: Lá Tía Tô 30/11/2024 | F94: =VLOOKUP(E94,'[1]TIỀN MUA PHỤ'!$A:$B,2,0) -> 32000 | G94: 32000 | H94: =C94*G94 -> 640000
A95: Ớt Chuông Ba Màu | B95: KG | C95: 0
A96: Ớt Chuông Ba Màu | B96: Vỉ | C96: 5 | D96: 45626 | E96: Ớt Chuông Ba Màu 30/11/2024 | F96: 20000 | G96: 20000 | H96: =C96*G96 -> 100000
A97: Ớt Chuông Snack | B97: KG | C97: 0
A98: Ớt Chuông Snack | B98: Hộp | C98: 0
A99: Xà Lách Mỹ | B99: KG | C99: 30 | D99: 45626 | E99: Xà Lách Mỹ 30/11/2024 | F99: =VLOOKUP(E99,'[1]TIỀN MUA PHỤ'!$A:$B,2,0) -> 30000 | G99: 30000 | H99: =C99*G99 -> 900000
A100: Xà Lách Rocket | B100: KG | C100: 2 | D100: 45626 | E100: Xà Lách Rocket 30/11/2024 | F100: =VLOOKUP(E100,'[1]TIỀN MUA PHỤ'!$A:$B,2,0) -> 120000 | G100: 120000 | H100: =C100*G100 -> 240000
...

Sheet 2911
A1: Tên Sản phẩm | B1: ĐVT | C1: SL | E1: Tên Sản phẩm | H1: =SUM(H2:H97) -> 59956550
A2: Dưa Leo Thường | B2: KG | C2: 40 | D2: 45625 | E2: Dưa Leo Thường 29/11/2024 | F2: =VLOOKUP(E2,'[1]TIỀN MUA PHỤ'!$A:$B,2,0) -> 4000 | G2: 4000 | H2: =C2*G2 -> 160000
A3: Hạt Dẻ Ngố | B3: KG | C3: 0 | D3: 45625
A4: Cà Chua Beef | B4: KG | C4: 140 | D4: 45625 | E4: Cà Chua Beef 29/11/2024 | F4: =VLOOKUP(E4,'[1]TIỀN MUA PHỤ'!$A:$B,2,0) -> 19000 | G4: 19000 | H4: =C4*G4 -> 2660000
A5: Cà Chua Thường | B5: KG | C5: 100 | D5: 45625 | E5: Cà Chua Thường 29/11/2024 | F5: =VLOOKUP(E5,'[1]TIỀN MUA PHỤ'!$A:$B,2,0) -> 18000 | G5: 18000 | H5: =C5*G5 -> 1800000
A6: Cà Chua Thường | B6: Vỉ | C6: 0 | D6: 45625
A7: Cần Tây | B7: KG | C7: 0 | D7: 45625
A8: Cần Tây | B8: Cây | C8: 200 | D8: 45625 | E8: Cần Tây 29/11/2024 | F8: 10000 | G8: 10000 | H8: =C8*G8 -> 2000000
A9: Cần Tây | B9: Túi | C9: 0 | D9: 45625
A10: Bí Ngòi Xanh | B10: KG | C10: 0 | D10: 45625
A11: Bí Ngòi Xanh | B11: Trái 280gr | C11: 400 | D11: 45625 | E11: Bí Ngòi Xanh 29/11/2024 | F11: =VLOOKUP(E11,'[1]TIỀN MUA PHỤ'!$A:$B,2,0)*0.3 -> 2400 | G11: 2400 | H11: =C11*G11 -> 960000
A12: Hành Paro | B12: KG | C12: 0 | D12: 45625
A13: Hành Paro | B13: Cây | C13: 300 | D13: 45625 | E13: Hành Paro 29/11/2024 | F13: =VLOOKUP(E13,'[1]TIỀN MUA PHỤ'!$A:$B,2,0)/5 -> 5800 | G13: 5800 | H13: =C13*G13 -> 1740000
A14: Cải Bó Xôi | B14: KG | C14: 60 | D14: 45625 | E14: Cải Bó Xôi 29/11/2024 | F14: =VLOOKUP(E14,'[1]TIỀN MUA PHỤ'!$A:$B,2,0) -> 16000 | G14: 16000 | H14: =C14*G14 -> 960000
A15: Cải Bó Xôi | B15: Túi | C15: 0 | D15: 45625
A16: Bông Cải Xanh Baby | B16: KG | C16: 0 | D16: 45625
A17: Bông Cải Xanh Baby | B17: Vỉ | C17: 55 | D17: 45625 | E17: Bông Cải Xanh Baby 29/11/2024 | F17: =VLOOKUP(E17,'[1]TIỀN MUA PHỤ'!$A:$B,2,0)/5 -> 9400 | G17: 9400 | H17: =C17*G17 -> 517000
A18: Cà Chua Socola | B18: KG | C18: 0 | D18: 45625
A19: Cà Chua Socola | B19: Hộp 300gr | C19: 0 | D19: 45625
A20: Ớt Sweet Palemo | B20: KG | C20: 0 | D20: 45625
A21: Ớt Sweet Palemo | B21: Túi | C21: 443 | D21: 45625 | E21: Ớt Sweet Palemo 29/11/2024 | F21: 18000 | G21: 18000 | H21: =C21*G21 -> 7974000
A22: Xà Lách Lolo Xanh | B22: KG | C22: 140 | D22: 45625 | E22: Xà Lách Lolo Xanh 29/11/2024 | F22: =VLOOKUP(E22,'[1]TIỀN MUA PHỤ'!$A:$B,2,0) -> 14000 | G22: 14000 | H22: =C22*G22 -> 1960000
A23: Xà Lách Lolo Xanh | B23: Túi | C23: 0 | D23: 45625
A24: Cải Kale | B24: KG | C24: 0 | D24: 45625
A25: Cải Kale | B25: Túi | C25: 50 | D25: 45625 | E25: Cải Kale 29/11/2024 | F25: =VLOOKUP(E25,'[1]TIỀN MUA PHỤ'!$A:$B,2,0)*0.3 -> 7350 | G25: 7350 | H25: =C25*G25 -> 367500
A26: Cải Kale | B26: Túi 150gr | C26: 20 | D26: 45625 | E26: Cải Kale 29/11/2024 | F26: =F25/2 -> 3675 | G26: 3675 | H26: =C26*G26 -> 73500
A27: Bí Đao Xanh | B27: KG | C27: 0 | D27: 45625
A28: Bí Đao Xanh | B28: Trái | C28: 20 | D28: 45625 | E28: Bí Đao Xanh 29/11/2024 | F28: =VLOOKUP(E28,'[1]TIỀN MUA PHỤ'!$A:$B,2,0)*0.4 -> 2600 | G28: 2600 | H28: =C28*G28 -> 52000
A29: Xà Lách Lolo Tím | B29: KG | C29: 5 | D29: 45625 | E29: Xà Lách Lolo Tím 29/11/2024 | F29: =VLOOKUP(E29,'[1]TIỀN MUA PHỤ'!$A:$B,2,0) -> 35000 | G29: 35000 | H29: =C29*G29 -> 175000
A30: Xà Lách Lolo Tím | B30: Túi | C30: 0 | D30: 45625
A31: Lá Mè | B31: KG | C31: 0 | D31: 45625
A32: Lá Mè | B32: Túi | C32: 800 | D32: 45625 | E32: Lá Mè 29/11/2024 | F32: =VLOOKUP(E32,'[1]TIỀN MUA PHỤ'!$A:$B,2,0)/20 -> 1800 | G32: 1800 | H32: =C32*G32 -> 1440000
A33: Củ Dền | B33: KG | C33: 20 | D33: 45625 | E33: Củ Dền 29/11/2024 | F33: =VLOOKUP(E33,'[1]TIỀN MUA PHỤ'!$A:$B,2,0) -> 18000 | G33: 18000 | H33: =C33*G33 -> 360000
A34: Củ Hành Tây | B34: KG | C34: 0 | D34: 45625
A35: Củ Hành Tây | B35: Túi 300gr | C35: 0 | D35: 45625
A36: Củ Khoai Lang Nhật | B36: KG | C36: 100 | D36: 45625 | E36: Củ Khoai Lang Nhật 29/11/2024 | F36: =VLOOKUP(E36,'[1]TIỀN MUA PHỤ'!$A:$B,2,0) -> 17500 | G36: 17500 | H36: =C36*G36 -> 1750000
A37: Củ Khoai Lang Nhật | B37: Túi | C37: 0 | D37: 45625
A38: Bí Đỏ Tròn | B38: KG | C38: 0 | D38: 45625
A39: Xà Lách Mỡ | B39: KG | C39: 50 | D39: 45625 | E39: Xà Lách Mỡ 29/11/2024 | F39: 25000 | G39: 25000 | H39: =C39*G39 -> 1250000
A40: Củ Khoai Mỡ | B40: KG | C40: 0 | D40: 45625
A41: Củ Khoai Lang Mật Size 46 | B41: KG | C41: 100 | D41: 45625 | E41: Củ Khoai Lang Mật Size 46 29/11/2024 | F41: 23000 | G41: 23000 | H41: =C41*G41 -> 2300000
A42: Củ Khoai Lang Mật Size 46 | B42: Túi | C42: 0 | D42: 45625
A43: Măng Tây | B43: KG | C43: 40 | D43: 45625 | E43: Măng Tây 29/11/2024 | F43: =VLOOKUP(E43,'[1]TIỀN MUA PHỤ'!$A:$B,2,0) -> 60000 | G43: 60000 | H43: =C43*G43 -> 2400000
A44: Măng Tây | B44: Bó | C44: 0 | D44: 45625
A45: Dưa Leo Baby | B45: KG | C45: 0 | D45: 45625
A46: Dưa Leo Baby | B46: Vỉ | C46: 1105 | D46: 45625 | E46: Dưa Leo Baby 29/11/2024 | F46: =VLOOKUP(E46,'[1]TIỀN MUA PHỤ'!$A:$B,2,0) -> 4500 | G46: 4500 | H46: =C46*G46 -> 4972500
A47: Củ Cải Đỏ | B47: KG | C47: 0 | D47: 45625
A48: Củ Cải Đỏ | B48: Hộp | C48: 60 | D48: 45625 | E48: Củ Cải Đỏ 29/11/2024 | F48: =VLOOKUP(E48,'[1]TIỀN MUA PHỤ'!$A:$B,2,0) -> 9500 | G48: 9500 | H48: =C48*G48 -> 570000
A49: Đậu Cove Trắng | B49: KG | C49: 0 | D49: 45625
A50: Đậu Cove Trắng | B50: Túi 300gr | C50: 50 | D50: 45625 | E50: Đậu Cove Trắng 29/11/2024 | F50: =VLOOKUP(E50,'[1]TIỀN MUA PHỤ'!$A:$B,2,0) -> 6500 | G50: 6500 | H50: =C50*G50 -> 325000
A51: Rau Ngò Rí | B51: KG | C51: 10 | D51: 45625 | E51: Rau Ngò Rí 29/11/2024 | F51: =VLOOKUP(E51,'[1]TIỀN MUA PHỤ'!$A:$B,2,0) -> 35000 | G51: 35000 | H51: =C51*G51 -> 350000
A52: Rau Ngò Rí | B52: Gói | C52: 0 | D52: 45625
A53: Ớt Chuông Đỏ | B53: KG | C53: 0 | D53: 45625
A54: Ớt Chuông Đỏ | B54: Trái 180gr | C54: 500 | D54: 45625 | E54: Ớt Chuông Đỏ 29/11/2024 | F54: =VLOOKUP(E54,'[1]TIỀN MUA PHỤ'!$A:$B,2,0)/4 -> 7500 | G54: 7500 | H54: =C54*G54 -> 3750000
A55: Ớt Chuông Vàng | B55: KG | C55: 0 | D55: 45625
A56: Ớt Chuông Vàng | B56: Trái 180gr | C56: 250 | D56: 45625 | E56: Ớt Chuông Vàng 29/11/2024 | F56: =VLOOKUP(E56,'[1]TIỀN MUA PHỤ'!$A:$B,2,0)/4 -> 3750 | G56: 3750 | H56: =C56*G56 -> 937500
A57: Ớt Chuông Xanh | B57: KG | C57: 0 | D57: 45625
A58: Ớt Chuông Xanh | B58: Trái 180gr | C58: 50 | D58: 45625 | E58: Ớt Chuông Xanh 29/11/2024 | F58: =VLOOKUP(E58,'[1]TIỀN MUA PHỤ'!$A:$B,2,0)/4 -> 7000 | G58: 7000 | H58: =C58*G58 -> 350000
A59: Ớt Chuông Baby | B59: KG | C59: 35 | D59: 45625 | E59: Ớt Chuông Baby 29/11/2024 | F59: =VLOOKUP(E59,'[1]TIỀN MUA PHỤ'!$A:$B,2,0) -> 44000 | G59: 44000 | H59: =C59*G59 -> 1540000
A60: Ớt Chuông Baby | B60: Hộp | C60: 0 | D60: 45625
A61: Cà Chua Bi Mix | B61: KG | C61: 0 | D61: 45625
A62: Cà Chua Bi Mix | B62: Hộp | C62: 69 | D62: 45625 | E62: Cà Chua Bi Mix 29/11/2024 | F62: =VLOOKUP(E62,'[1]TIỀN MUA PHỤ'!$A:$B,2,0)*0.3 -> 15450 | G62: 15450 | H62: =C62*G62 -> 1066050
A63: Bí Non Nhật | B63: KG | C63: 0 | D63: 45625
A64: Bí Non Nhật | B64: Trái | C64: 200 | D64: 45625 | E64: Bí Non Nhật 29/11/2024 | F64: =VLOOKUP(E64,'[1]TIỀN MUA PHỤ'!$A:$B,2,0)*0.3 -> 3000 | G64: 3000 | H64: =C64*G64 -> 600000
A65: Cà Rốt | B65: KG | C65: 20 | D65: 45625 | E65: Cà Rốt 29/11/2024 | F65: =VLOOKUP(E65,'[1]TIỀN MUA PHỤ'!$A:$B,2,0) -> 15000 | G65: 15000 | H65: =C65*G65 -> 300000
A66: Cà Rốt | B66: Túi | C66: 0 | D66: 45625
A67: Cà Chua Bi Đỏ | B67: KG | C67: 0 | D67: 45625
A68: Cà Chua Bi Đỏ | B68: Hộp 300gr | C68: 100 | D68: 45625 | E68: Cà Chua Bi Đỏ 29/11/2024 | F68: =VLOOKUP(E68,'[1]TIỀN MUA PHỤ'!$A:$B,2,0) -> 8700 | G68: 8700 | H68: =C68*G68 -> 870000
A69: Cà Tím Sọc Pha Lê | B69: Hộp | C69: 0 | D69: 45625
A70: Xà Lách Mỡ T.C Cây | B70: Cây | C70: 20 | D70: 45625 | E70: Xà Lách Mỡ T.C Cây 29/11/2024 | F70: =VLOOKUP(E70,'[1]TIỀN MUA PHỤ'!$A:$B,2,0) -> 6800 | G70: 6800 | H70: =C70*G70 -> 136000
A71: Xà Lách Lolo Xanh T.C Cây | B71: Cây | C71: 100 | D71: 45625 | E71: Xà Lách Lolo Xanh T.C Cây 29/11/2024 | F71: =VLOOKUP(E71,'[1]TIỀN MUA PHỤ'!$A:$B,2,0) -> 6800 | G71: 6800 | H71: =C71*G71 -> 680000
A72: Cà Chua Beef Trung | B72: KG | C72: 0 | D72: 45625
A73: Cà Chua Beef Trung | B73: Vỉ 500gr | C73: 300 | D73: 45625 | E73: Cà Chua Beef Trung 29/11/2024 | F73: =VLOOKUP(E73,'[1]TIỀN MUA PHỤ'!$A:$B,2,0)/2 -> 8500 | G73: 8500 | H73: =C73*G73 -> 2550000
A74: Cà Rốt Baby | B74: KG | C74: 0 | D74: 45625
A75: Cà Rốt Baby | B75: Vỉ | C75: 100 | D75: 45625 | E75: Cà Rốt Baby 29/11/2024 | F75: =VLOOKUP(E75,'[1]TIỀN MUA PHỤ'!$A:$B,2,0)/5 -> 7000 | G75: 7000 | H75: =C75*G75 -> 700000
A76: Xà Lách Mỡ T.C | B76: KG | C76: 0 | D76: 45625
A77: Bắp Cải Tím | B77: KG | C77: 20 | D77: 45625 | E77: Bắp Cải Tím 29/11/2024 | F77: =VLOOKUP(E77,'[1]TIỀN MUA PHỤ'!$A:$B,2,0) -> 30000 | G77: 30000 | H77: =C77*G77 -> 600000
A78: Bắp Cải Trái Tim | B78: KG | C78: 20 | D78: 45625 | E78: Bắp Cải Trái Tim 29/11/2024 | F78: =VLOOKUP(E78,'[1]TIỀN MUA PHỤ'!$A:$B,2,0) -> 10000 | G78: 10000 | H78: =C78*G78 -> 200000
A79: Bí Ngô Mini | B79: KG | C79: 0 | D79: 45625
A80: Bơ Booth | B80: KG | C80: 60 | D80: 45625 | E80: Bơ Booth 29/11/2024 | F80: =VLOOKUP(E80,'[1]TIỀN MUA PHỤ'!$A:$B,2,0) -> 41000 | G80: 41000 | H80: =C80*G80 -> 2460000
A81: Bông Cải Xanh 7Cm | B81: KG | C81: 20 | D81: 45625 | E81: Bông Cải Xanh 7Cm 29/11/2024 | F81: =VLOOKUP(E81,'[1]TIỀN MUA PHỤ'!$A:$B,2,0) -> 35000 | G81: 35000 | H81: =C81*G81 -> 700000
A82: Chanh Không Hạt | B82: KG | C82: 0 | D82: 45625
A83: Chanh Không Hạt | B83: Vỉ | C83: 15 | D83: 45625 | E83: Chanh Không Hạt 29/11/2024 | F83: =VLOOKUP(E83,'[1]TIỀN MUA PHỤ'!$A:$B,2,0)/4 -> 6500 | G83: 6500 | H83: =C83*G83 -> 97500
A84: Củ Su Hào | B84: KG | C84: 20 | D84: 45625 | E84: Củ Su Hào 29/11/2024 | F84: =VLOOKUP(E84,'[1]TIỀN MUA PHỤ'!$A:$B,2,0) -> 13000 | G84: 13000 | H84: =C84*G84 -> 260000
A85: Đậu Cove Nhật | B85: KG | C85: 0 | D85: 45625
A86: Đậu Cove Nhật | B86: Túi | C86: 20 | D86: 45625 | E86: Đậu Cove Nhật 29/11/2024 | F86: =VLOOKUP(E86,'[1]TIỀN MUA PHỤ'!$A:$B,2,0) -> 6000 | G86: 6000 | H86: =C86*G86 -> 120000
A87: Hồng Treo Gió | B87: Hộp | C87: 15 | D87: 45625 | E87: Hồng Treo Gió 29/11/2024 | F87: 100000 | G87: 100000 | H87: =C87*G87 -> 1500000
A88: Lá Quế Tây | B88: Túi | C88: 10 | D88: 45625 | E88: Lá Quế Tây 29/11/2024 | F88: =VLOOKUP(E88,'[1]TIỀN MUA PHỤ'!$A:$B,2,0) -> 100000 | G88: 100000 | H88: =C88*G88 -> 1000000
A89: Ớt Chuông Snack | B89: KG | C89: 15 | D89: 45625 | E89: Ớt Chuông Snack 29/11/2024 | F89: =VLOOKUP(E89,'[1]TIỀN MUA PHỤ'!$A:$B,2,0) -> 49000 | G89: 49000 | H89: =C89*G89 -> 735000
A90: Ớt Chuông Snack | B90: Hộp | C90: 0 | D90: 45625
A91: Xà Lách Lolo Xanh T.C | B91: KG | C91: 30 | D91: 45625 | E91: Xà Lách Lolo Xanh T.C 29/11/2024 | F91: =VLOOKUP(E91,'[1]TIỀN MUA PHỤ'!$A:$B,2,0) -> 28000 | G91: 28000 | H91: =C91*G91 -> 840000
A92: Xà Lách Mỹ | B92: KG | C92: 20 | D92: 45625 | E92: Xà Lách Mỹ 29/11/2024 | F92: =VLOOKUP(E92,'[1]TIỀN MUA PHỤ'!$A:$B,2,0) -> 33000 | G92: 33000 | H92: =C92*G92 -> 660000
A93: Xà Lách Rocket | B93: KG | C93: 1 | D93: 45625 | E93: Xà Lách Rocket 29/11/2024 | F93: =VLOOKUP(E93,'[1]TIỀN MUA PHỤ'!$A:$B,2,0) -> 120000 | G93: 120000 | H93: =C93*G93 -> 120000
A94: Xà Lách Rocket | B94: Túi | C94: 0 | D94: 45625
A95: Xà Lách Romaine | B95: KG | C95: 0 | D95: 45625
A96: Xà Lách Romaine | B96: Túi | C96: 0 | D96: 45625
A97: Xà Lách Thủy Tinh T.C Cây | B97: Cây | C97: 10 | D97: 45625 | E97: Xà Lách Thủy Tinh T.C Cây 29/11/2024 | F97: =VLOOKUP(E97,'[1]TIỀN MUA PHỤ'!$A:$B,2,0) -> 6800 | G97: 6800 | H97: =C97*G97 -> 68000
A98: Bắp Cải Trắng | B98: KG | C98: 0 | D98: 45625
A99: Cải Thảo | B99: KG | C99: 0 | D99: 45625
A100: Củ Cải Trắng | B100: KG | C100: 0 | D100: 45625
...

Sheet 2811
A1: Tên Sản phẩm | B1: ĐVT | C1: SL | D1: NGÀY | H1: =SUM(H2:H102) -> 74548500
A2: Dưa Leo Thường | B2: KG | C2: 20 | D2: 45624 | E2: Dưa Leo Thường 28/11/2024 | F2: =VLOOKUP(E2,'[1]TIỀN MUA PHỤ'!$A:$B,2,0) -> 4000 | G2: 4000 | H2: =C2*G2 -> 80000
A3: Ớt Chuông Đỏ | B3: KG | C3: 0 | D3: 45624 | E3: Ớt Chuông Đỏ 28/11/2024 | F3: =VLOOKUP(E3,'[1]TIỀN MUA PHỤ'!$A:$B,2,0) -> 32000 | G3: 32000
A4: Ớt Chuông Đỏ | B4: Trái 180gr | C4: 800 | D4: 45624 | E4: Ớt Chuông Đỏ 28/11/2024 | F4: =VLOOKUP(E4,'[1]TIỀN MUA PHỤ'!$A:$B,2,0)/4 -> 8000 | G4: 8000 | H4: =C4*G4 -> 6400000
A5: Hạt Dẻ Ngố | B5: KG | C5: 0 | D5: 45624 | E5: Hạt Dẻ Ngố 28/11/2024 | F5: =VLOOKUP(E5,'[1]TIỀN MUA PHỤ'!$A:$B,2,0) -> #N/A | G5: #N/A
A6: Xà Lách Lolo Xanh | B6: KG | C6: 100 | D6: 45624 | E6: Xà Lách Lolo Xanh 28/11/2024 | F6: =VLOOKUP(E6,'[1]TIỀN MUA PHỤ'!$A:$B,2,0) -> 14000 | G6: 14000 | H6: =C6*G6 -> 1400000
A7: Xà Lách Lolo Xanh | B7: Túi | C7: 0 | D7: 45624 | E7: Xà Lách Lolo Xanh 28/11/2024 | F7: =VLOOKUP(E7,'[1]TIỀN MUA PHỤ'!$A:$B,2,0) -> 14000 | G7: 14000
A8: Cà Chua Beef | B8: KG | C8: 300 | D8: 45624 | E8: Cà Chua Beef 28/11/2024 | F8: =VLOOKUP(E8,'[1]TIỀN MUA PHỤ'!$A:$B,2,0) -> 16000 | G8: 16000 | H8: =C8*G8 -> 4800000
A9: Dưa Leo Baby | B9: KG | C9: 0 | D9: 45624 | E9: Dưa Leo Baby 28/11/2024 | F9: =VLOOKUP(E9,'[1]TIỀN MUA PHỤ'!$A:$B,2,0) -> 6000 | G9: 6000
A10: Dưa Leo Baby | B10: Vỉ | C10: 840 | D10: 45624 | E10: Dưa Leo Baby 28/11/2024 | F10: =VLOOKUP(E10,'[1]TIỀN MUA PHỤ'!$A:$B,2,0) -> 6000 | G10: 6000 | H10: =C10*G10 -> 5040000
A11: Cà Chua Thường | B11: KG | C11: 100 | D11: 45624 | E11: Cà Chua Thường 28/11/2024 | F11: =VLOOKUP(E11,'[1]TIỀN MUA PHỤ'!$A:$B,2,0) -> 18000 | G11: 18000 | H11: =C11*G11 -> 1800000
A12: Cà Chua Thường | B12: Vỉ | C12: 0 | D12: 45624 | E12: Cà Chua Thường 28/11/2024 | F12: =VLOOKUP(E12,'[1]TIỀN MUA PHỤ'!$A:$B,2,0) -> 18000 | G12: 18000
A13: Cần Tây | B13: KG | C13: 0 | D13: 45624 | E13: Cần Tây 28/11/2024 | F13: =VLOOKUP(E13,'[1]TIỀN MUA PHỤ'!$A:$B,2,0) -> 20000 | G13: 20000
A14: Cần Tây | B14: Cây | C14: 300 | D14: 45624 | E14: Cần Tây 28/11/2024 | F14: 10000 | G14: 10000 | H14: =C14*G14 -> 3000000
A15: Cần Tây | B15: Túi | C15: 0 | D15: 45624 | E15: Cần Tây 28/11/2024 | F15: =VLOOKUP(E15,'[1]TIỀN MUA PHỤ'!$A:$B,2,0) -> 20000 | G15: 20000
A16: Cải Bó Xôi | B16: KG | C16: 40 | D16: 45624 | E16: Cải Bó Xôi 28/11/2024 | F16: =VLOOKUP(E16,'[1]TIỀN MUA PHỤ'!$A:$B,2,0) -> 16000 | G16: 16000 | H16: =C16*G16 -> 640000
A17: Cải Bó Xôi | B17: Túi | C17: 0 | D17: 45624 | E17: Cải Bó Xôi 28/11/2024 | F17: =VLOOKUP(E17,'[1]TIỀN MUA PHỤ'!$A:$B,2,0) -> 16000 | G17: 16000
A18: Bông Cải Xanh Baby | B18: KG | C18: 5 | D18: 45624 | E18: Bông Cải Xanh Baby 28/11/2024 | F18: =VLOOKUP(E18,'[1]TIỀN MUA PHỤ'!$A:$B,2,0) -> 47000 | G18: 47000 | H18: =C18*G18 -> 235000
A19: Bông Cải Xanh Baby | B19: Vỉ | C19: 70 | D19: 45624 | E19: Bông Cải Xanh Baby 28/11/2024 | F19: =VLOOKUP(E19,'[1]TIỀN MUA PHỤ'!$A:$B,2,0)/5 -> 9400 | G19: 9400 | H19: =C19*G19 -> 658000
A20: Cà Chua Socola | B20: KG | C20: 0 | D20: 45624 | E20: Cà Chua Socola 28/11/2024 | F20: =VLOOKUP(E20,'[1]TIỀN MUA PHỤ'!$A:$B,2,0) -> 10000 | G20: 10000
A21: Cà Chua Socola | B21: Hộp 300gr | C21: 200 | D21: 45624 | E21: Cà Chua Socola 28/11/2024 | F21: 12450 | G21: 12450 | H21: =C21*G21 -> 2490000
A22: Ớt Sweet Palemo | B22: KG | C22: 0 | D22: 45624 | E22: Ớt Sweet Palemo 28/11/2024 | F22: =VLOOKUP(E22,'[1]TIỀN MUA PHỤ'!$A:$B,2,0) -> 55000 | G22: 55000
A23: Ớt Sweet Palemo | B23: Túi | C23: 300 | D23: 45624 | E23: Ớt Sweet Palemo 28/11/2024 | F23: 20000 | G23: 20000 | H23: =C23*G23 -> 6000000
A24: Bí Ngòi Xanh | B24: KG | C24: 0 | D24: 45624 | E24: Bí Ngòi Xanh 28/11/2024 | F24: =VLOOKUP(E24,'[1]TIỀN MUA PHỤ'!$A:$B,2,0) -> 9000 | G24: 9000
A25: Bí Ngòi Xanh | B25: Trái 280gr | C25: 500 | D25: 45624 | E25: Bí Ngòi Xanh 28/11/2024 | F25: =VLOOKUP(E25,'[1]TIỀN MUA PHỤ'!$A:$B,2,0)*0.3 -> 2700 | G25: 2700 | H25: =C25*G25 -> 1350000
A26: Bí Non Nhật | B26: KG | C26: 0 | D26: 45624 | E26: Bí Non Nhật 28/11/2024 | F26: =VLOOKUP(E26,'[1]TIỀN MUA PHỤ'!$A:$B,2,0) -> 10000 | G26: 10000
A27: Bí Non Nhật | B27: Trái | C27: 460 | D27: 45624 | E27: Bí Non Nhật 28/11/2024 | F27: =VLOOKUP(E27,'[1]TIỀN MUA PHỤ'!$A:$B,2,0)*0.3 -> 3000 | G27: 3000 | H27: =C27*G27 -> 1380000
A28: Xà Lách Lolo Tím | B28: KG | C28: 10 | D28: 45624 | E28: Xà Lách Lolo Tím 28/11/2024 | F28: =VLOOKUP(E28,'[1]TIỀN MUA PHỤ'!$A:$B,2,0) -> 35000 | G28: 35000 | H28: =C28*G28 -> 350000
A29: Xà Lách Lolo Tím | B29: Túi | C29: 0 | D29: 45624 | E29: Xà Lách Lolo Tím 28/11/2024 | F29: =VLOOKUP(E29,'[1]TIỀN MUA PHỤ'!$A:$B,2,0) -> 35000 | G29: 35000
A30: Lá Mè | B30: KG | C30: 0 | D30: 45624 | E30: Lá Mè 28/11/2024 | F30: =VLOOKUP(E30,'[1]TIỀN MUA PHỤ'!$A:$B,2,0) -> 38000 | G30: 38000
A31: Lá Mè | B31: Túi | C31: 400 | D31: 45624 | E31: Lá Mè 28/11/2024 | F31: =VLOOKUP(E31,'[1]TIỀN MUA PHỤ'!$A:$B,2,0)/20 -> 1900 | G31: 1900 | H31: =C31*G31 -> 760000
A32: Cà Chua Bi Đỏ | B32: KG | C32: 0 | D32: 45624 | E32: Cà Chua Bi Đỏ 28/11/2024 | F32: =VLOOKUP(E32,'[1]TIỀN MUA PHỤ'!$A:$B,2,0) -> 8700 | G32: 8700
A33: Cà Chua Bi Đỏ | B33: Hộp 300gr | C33: 150 | D33: 45624 | E33: Cà Chua Bi Đỏ 28/11/2024 | F33: =VLOOKUP(E33,'[1]TIỀN MUA PHỤ'!$A:$B,2,0) -> 8700 | G33: 8700 | H33: =C33*G33 -> 1305000
A34: Xà Lách Lolo Xanh Sushi | B34: KG | C34: 40 | D34: 45624 | E34: Xà Lách Lolo Xanh Sushi 28/11/2024 | F34: 14000 | G34: 14000 | H34: =C34*G34 -> 560000
A35: Củ Dền | B35: KG | C35: 30 | D35: 45624 | E35: Củ Dền 28/11/2024 | F35: =VLOOKUP(E35,'[1]TIỀN MUA PHỤ'!$A:$B,2,0) -> 18000 | G35: 18000 | H35: =C35*G35 -> 540000
A36: Củ Hành Tây | B36: KG | C36: 110 | D36: 45624 | E36: Củ Hành Tây 28/11/2024 | F36: 21000 | G36: 21000 | H36: =C36*G36 -> 2310000
A37: Củ Hành Tây | B37: Túi 300gr | C37: 0 | D37: 45624 | E37: Củ Hành Tây 28/11/2024 | F37: =VLOOKUP(E37,'[1]TIỀN MUA PHỤ'!$A:$B,2,0) -> #N/A | G37: #N/A
A38: Củ Khoai Lang Nhật | B38: KG | C38: 150 | D38: 45624 | E38: Củ Khoai Lang Nhật 28/11/2024 | F38: =VLOOKUP(E38,'[1]TIỀN MUA PHỤ'!$A:$B,2,0) -> 17000 | G38: 17000 | H38: =C38*G38 -> 2550000
A39: Củ Khoai Lang Nhật | B39: Túi | C39: 0 | D39: 45624 | E39: Củ Khoai Lang Nhật 28/11/2024 | F39: =VLOOKUP(E39,'[1]TIỀN MUA PHỤ'!$A:$B,2,0) -> 17000 | G39: 17000
A40: Xà Lách Mỡ | B40: KG | C40: 30 | D40: 45624 | E40: Xà Lách Mỡ 28/11/2024 | F40: 26000 | G40: 26000 | H40: =C40*G40 -> 780000
A41: Củ Khoai Mỡ | B41: KG | C41: 0 | D41: 45624 | E41: Củ Khoai Mỡ 28/11/2024 | F41: =VLOOKUP(E41,'[1]TIỀN MUA PHỤ'!$A:$B,2,0) -> 25000 | G41: 25000
A42: Củ Khoai Lang Mật Size 46 | B42: KG | C42: 150 | D42: 45624 | E42: Củ Khoai Lang Mật Size 46 28/11/2024 | F42: 23000 | G42: 23000 | H42: =C42*G42 -> 3450000
A43: Củ Khoai Lang Mật Size 46 | B43: Túi | C43: 0 | D43: 45624 | E43: Củ Khoai Lang Mật Size 46 28/11/2024 | F43: =VLOOKUP(E43,'[1]TIỀN MUA PHỤ'!$A:$B,2,0) -> #N/A | G43: #N/A
A44: Măng Tây | B44: KG | C44: 60 | D44: 45624 | E44: Măng Tây 28/11/2024 | F44: =VLOOKUP(E44,'[1]TIỀN MUA PHỤ'!$A:$B,2,0) -> 62000 | G44: 62000 | H44: =C44*G44 -> 3720000
A45: Măng Tây | B45: Bó | C45: 0 | D45: 45624 | E45: Măng Tây 28/11/2024 | F45: =VLOOKUP(E45,'[1]TIỀN MUA PHỤ'!$A:$B,2,0) -> 62000 | G45: 62000
A46: Củ Cải Đỏ | B46: KG | C46: 0 | D46: 45624 | E46: Củ Cải Đỏ 28/11/2024 | F46: =VLOOKUP(E46,'[1]TIỀN MUA PHỤ'!$A:$B,2,0) -> 9500 | G46: 9500
A47: Củ Cải Đỏ | B47: Hộp | C47: 48 | D47: 45624 | E47: Củ Cải Đỏ 28/11/2024 | F47: =VLOOKUP(E47,'[1]TIỀN MUA PHỤ'!$A:$B,2,0) -> 9500 | G47: 9500 | H47: =C47*G47 -> 456000
A48: Đậu Cove Trắng | B48: KG | C48: 0 | D48: 45624 | E48: Đậu Cove Trắng 28/11/2024 | F48: =VLOOKUP(E48,'[1]TIỀN MUA PHỤ'!$A:$B,2,0) -> 6500 | G48: 6500
A49: Đậu Cove Trắng | B49: Túi 300gr | C49: 40 | D49: 45624 | E49: Đậu Cove Trắng 28/11/2024 | F49: =VLOOKUP(E49,'[1]TIỀN MUA PHỤ'!$A:$B,2,0) -> 6500 | G49: 6500 | H49: =C49*G49 -> 260000
A50: Rau Ngò Rí | B50: KG | C50: 10 | D50: 45624 | E50: Rau Ngò Rí 28/11/2024 | F50: =VLOOKUP(E50,'[1]TIỀN MUA PHỤ'!$A:$B,2,0) -> 35000 | G50: 35000 | H50: =C50*G50 -> 350000
A51: Rau Ngò Rí | B51: Gói | C51: 0 | D51: 45624 | E51: Rau Ngò Rí 28/11/2024 | F51: =VLOOKUP(E51,'[1]TIỀN MUA PHỤ'!$A:$B,2,0) -> 35000 | G51: 35000
A52: Hành Paro | B52: KG | C52: 0 | D52: 45624 | E52: Hành Paro 28/11/2024 | F52: =VLOOKUP(E52,'[1]TIỀN MUA PHỤ'!$A:$B,2,0) -> 30000 | G52: 30000
A53: Hành Paro | B53: Cây | C53: 100 | D53: 45624 | E53: Hành Paro 28/11/2024 | F53: =VLOOKUP(E53,'[1]TIỀN MUA PHỤ'!$A:$B,2,0)/5 -> 6000 | G53: 6000 | H53: =C53*G53 -> 600000
A54: Ớt Chuông Vàng | B54: KG | C54: 0 | D54: 45624 | E54: Ớt Chuông Vàng 28/11/2024 | F54: =VLOOKUP(E54,'[1]TIỀN MUA PHỤ'!$A:$B,2,0) -> 17000 | G54: 17000
A55: Ớt Chuông Vàng | B55: Trái 180gr | C55: 260 | D55: 45624 | E55: Ớt Chuông Vàng 28/11/2024 | F55: =VLOOKUP(E55,'[1]TIỀN MUA PHỤ'!$A:$B,2,0)/4 -> 4250 | G55: 4250 | H55: =C55*G55 -> 1105000
A56: Ớt Chuông Xanh | B56: KG | C56: 0 | D56: 45624 | E56: Ớt Chuông Xanh 28/11/2024 | F56: =VLOOKUP(E56,'[1]TIỀN MUA PHỤ'!$A:$B,2,0) -> 28000 | G56: 28000
A57: Ớt Chuông Xanh | B57: Trái 180gr | C57: 200 | D57: 45624 | E57: Ớt Chuông Xanh 28/11/2024 | F57: =VLOOKUP(E57,'[1]TIỀN MUA PHỤ'!$A:$B,2,0)/4 -> 7000 | G57: 7000 | H57: =C57*G57 -> 1400000
A58: Ớt Chuông Baby | B58: KG | C58: 0 | D58: 45624 | E58: Ớt Chuông Baby 28/11/2024 | F58: =VLOOKUP(E58,'[1]TIỀN MUA PHỤ'!$A:$B,2,0) -> #N/A | G58: #N/A
A59: Ớt Chuông Baby | B59: Hộp | C59: 0 | D59: 45624 | E59: Ớt Chuông Baby 28/11/2024 | F59: =VLOOKUP(E59,'[1]TIỀN MUA PHỤ'!$A:$B,2,0) -> #N/A | G59: #N/A
A60: Cà Chua Bi Mix | B60: KG | C60: 0 | D60: 45624 | E60: Cà Chua Bi Mix 28/11/2024 | F60: =VLOOKUP(E60,'[1]TIỀN MUA PHỤ'!$A:$B,2,0) -> 51500 | G60: 51500
A61: Cà Chua Bi Mix | B61: Hộp | C61: 30 | D61: 45624 | E61: Cà Chua Bi Mix 28/11/2024 | F61: =VLOOKUP(E61,'[1]TIỀN MUA PHỤ'!$A:$B,2,0)*0.3 -> 15450 | G61: 15450 | H61: =C61*G61 -> 463500
A62: Cải Kale | B62: KG | C62: 0 | D62: 45624 | E62: Cải Kale 28/11/2024 | F62: =VLOOKUP(E62,'[1]TIỀN MUA PHỤ'!$A:$B,2,0) -> 25500 | G62: 25500
A63: Cải Kale | B63: Túi | C63: 200 | D63: 45624 | E63: Cải Kale 28/11/2024 | F63: =VLOOKUP(E63,'[1]TIỀN MUA PHỤ'!$A:$B,2,0)*0.3 -> 7650 | G63: 7650 | H63: =C63*G63 -> 1530000
A64: Cải Kale | B64: Túi 150gr | C64: 20 | D64: 45624 | E64: Cải Kale 28/11/2024 | F64: =VLOOKUP(E64,'[1]TIỀN MUA PHỤ'!$A:$B,2,0)*0.15 -> 3825 | G64: 3825 | H64: =C64*G64 -> 76500
A65: Bí Đao Xanh | B65: KG | C65: 0 | D65: 45624 | E65: Bí Đao Xanh 28/11/2024 | F65: =VLOOKUP(E65,'[1]TIỀN MUA PHỤ'!$A:$B,2,0) -> 7500 | G65: 7500
A66: Bí Đao Xanh | B66: Trái | C66: 43 | D66: 45624 | E66: Bí Đao Xanh 28/11/2024 | F66: =VLOOKUP(E66,'[1]TIỀN MUA PHỤ'!$A:$B,2,0)*0.4 -> 3000 | G66: 3000 | H66: =C66*G66 -> 129000
A67: Xà Lách Mỡ T.C Cây | B67: Cây | C67: 20 | D67: 45624 | E67: Xà Lách Mỡ T.C Cây 28/11/2024 | F67: =VLOOKUP(E67,'[1]TIỀN MUA PHỤ'!$A:$B,2,0) -> 6800 | G67: 6800 | H67: =C67*G67 -> 136000
A68: Xà Lách Lolo Xanh T.C Cây | B68: Cây | C68: 50 | D68: 45624 | E68: Xà Lách Lolo Xanh T.C Cây 28/11/2024 | F68: =VLOOKUP(E68,'[1]TIỀN MUA PHỤ'!$A:$B,2,0) -> 6800 | G68: 6800 | H68: =C68*G68 -> 340000
A69: Lá Tía Tô | B69: Túi | C69: 30 | D69: 45624 | E69: Lá Tía Tô 28/11/2024 | F69: =VLOOKUP(E69,'[1]TIỀN MUA PHỤ'!$A:$B,2,0) -> 32000 | G69: 32000 | H69: =C69*G69 -> 960000
A70: Lá É | B70: Gói | C70: 40 | D70: 45624 | E70: Lá É 28/11/2024 | F70: =VLOOKUP(E70,'[1]TIỀN MUA PHỤ'!$A:$B,2,0) -> 25000 | G70: 25000 | H70: =C70*G70 -> 1000000
A71: Bí Đỏ Tròn | B71: KG | C71: 0 | D71: 45624 | E71: Bí Đỏ Tròn 28/11/2024 | F71: =VLOOKUP(E71,'[1]TIỀN MUA PHỤ'!$A:$B,2,0) -> #N/A | G71: #N/A
A72: Cà Rốt | B72: KG | C72: 60 | D72: 45624 | E72: Cà Rốt 28/11/2024 | F72: =VLOOKUP(E72,'[1]TIỀN MUA PHỤ'!$A:$B,2,0) -> 15000 | G72: 15000 | H72: =C72*G72 -> 900000
A73: Cà Rốt | B73: Túi | C73: 0 | D73: 45624 | E73: Cà Rốt 28/11/2024 | F73: =VLOOKUP(E73,'[1]TIỀN MUA PHỤ'!$A:$B,2,0) -> 15000 | G73: 15000
A74: Xà Lách Lolo Xanh T.C | B74: KG | C74: 30 | D74: 45624 | E74: Xà Lách Lolo Xanh T.C 28/11/2024 | F74: =VLOOKUP(E74,'[1]TIỀN MUA PHỤ'!$A:$B,2,0) -> 28000 | G74: 28000 | H74: =C74*G74 -> 840000
A75: Trái Chanh Vàng | B75: KG | C75: 0 | D75: 45624 | E75: Trái Chanh Vàng 28/11/2024 | F75: =VLOOKUP(E75,'[1]TIỀN MUA PHỤ'!$A:$B,2,0) -> #N/A | G75: #N/A
A76: Trái Chanh Vàng | B76: Trái 180gr | C76: 0 | D76: 45624 | E76: Trái Chanh Vàng 28/11/2024 | F76: =VLOOKUP(E76,'[1]TIỀN MUA PHỤ'!$A:$B,2,0) -> #N/A | G76: #N/A
A77: Đậu Cove Nhật | B77: KG | C77: 0 | D77: 45624 | E77: Đậu Cove Nhật 28/11/2024 | F77: =VLOOKUP(E77,'[1]TIỀN MUA PHỤ'!$A:$B,2,0) -> 6000 | G77: 6000
A78: Đậu Cove Nhật | B78: Túi | C78: 0 | D78: 45624 | E78: Đậu Cove Nhật 28/11/2024 | F78: =VLOOKUP(E78,'[1]TIỀN MUA PHỤ'!$A:$B,2,0) -> 6000 | G78: 6000
A79: Củ Khoai Tây Bi Vàng | B79: KG | C79: 0 | D79: 45624 | E79: Củ Khoai Tây Bi Vàng 28/11/2024 | F79: =VLOOKUP(E79,'[1]TIỀN MUA PHỤ'!$A:$B,2,0) -> 12000 | G79: 12000
A80: Ớt Chuông Ba Màu | B80: KG | C80: 0 | D80: 45624 | E80: Ớt Chuông Ba Màu 28/11/2024 | F80: =VLOOKUP(E80,'[1]TIỀN MUA PHỤ'!$A:$B,2,0) -> #N/A | G80: #N/A
A81: Ớt Chuông Ba Màu | B81: Vỉ | C81: 40 | D81: 45624 | E81: Ớt Chuông Ba Màu 28/11/2024 | F81: 23000 | G81: 23000 | H81: =C81*G81 -> 920000
A82: Cà Chua Beef Trung | B82: KG | C82: 0 | D82: 45624 | E82: Cà Chua Beef Trung 28/11/2024 | F82: =VLOOKUP(E82,'[1]TIỀN MUA PHỤ'!$A:$B,2,0) -> 16000 | G82: 16000
A83: Cà Chua Beef Trung | B83: Vỉ 500gr | C83: 200 | D83: 45624 | E83: Cà Chua Beef Trung 28/11/2024 | F83: 8000 | G83: 8000 | H83: =C83*G83 -> 1600000
A84: Cà Rốt Baby | B84: KG | C84: 0 | D84: 45624 | E84: Cà Rốt Baby 28/11/2024 | F84: =VLOOKUP(E84,'[1]TIỀN MUA PHỤ'!$A:$B,2,0) -> 35000 | G84: 35000
A85: Cà Rốt Baby | B85: Vỉ | C85: 100 | D85: 45624 | E85: Cà Rốt Baby 28/11/2024 | F85: =VLOOKUP(E85,'[1]TIỀN MUA PHỤ'!$A:$B,2,0)/5 -> 7000 | G85: 7000 | H85: =C85*G85 -> 700000
A86: Xà Lách Mỡ T.C | B86: KG | C86: 0 | D86: 45624 | E86: Xà Lách Mỡ T.C 28/11/2024 | F86: =VLOOKUP(E86,'[1]TIỀN MUA PHỤ'!$A:$B,2,0) -> 28000 | G86: 28000
A87: Bơ Booth | B87: KG | C87: 0 | D87: 45624 | E87: Bơ Booth 28/11/2024 | F87: =VLOOKUP(E87,'[1]TIỀN MUA PHỤ'!$A:$B,2,0) -> 41000 | G87: 41000
A88: Chanh Không Hạt | B88: KG | C88: 0 | D88: 45624 | E88: Chanh Không Hạt 28/11/2024 | F88: =VLOOKUP(E88,'[1]TIỀN MUA PHỤ'!$A:$B,2,0) -> 26000 | G88: 26000
A89: Chanh Không Hạt | B89: Vỉ | C89: 27 | D89: 45624 | E89: Chanh Không Hạt 28/11/2024 | F89: =VLOOKUP(E89,'[1]TIỀN MUA PHỤ'!$A:$B,2,0)/4 -> 6500 | G89: 6500 | H89: =C89*G89 -> 175500
A90: Củ Hành Tây Tím | B90: KG | C90: 30 | D90: 45624 | E90: Củ Hành Tây Tím 28/11/2024 | F90: =VLOOKUP(E90,'[1]TIỀN MUA PHỤ'!$A:$B,2,0) -> 20000 | G90: 20000 | H90: =C90*G90 -> 600000
A91: Củ Hành Tây Tím | B91: Túi | C91: 0 | D91: 45624 | E91: Củ Hành Tây Tím 28/11/2024 | F91: =VLOOKUP(E91,'[1]TIỀN MUA PHỤ'!$A:$B,2,0) -> 20000 | G91: 20000
A92: Củ Khoai Tây Vàng | B92: KG | C92: 200 | D92: 45624 | E92: Củ Khoai Tây Vàng 28/11/2024 | F92: =VLOOKUP(E92,'[1]TIỀN MUA PHỤ'!$A:$B,2,0) -> 15000 | G92: 15000 | H92: =C92*G92 -> 3000000
A93: Củ Khoai Tây Vàng | B93: Túi | C93: 0 | D93: 45624 | E93: Củ Khoai Tây Vàng 28/11/2024 | F93: =VLOOKUP(E93,'[1]TIỀN MUA PHỤ'!$A:$B,2,0) -> 15000 | G93: 15000
A94: Đậu Đỏ | B94: KG | C94: 10 | D94: 45624 | E94: Đậu Đỏ 28/11/2024 | F94: =VLOOKUP(E94,'[1]TIỀN MUA PHỤ'!$A:$B,2,0) -> 80000 | G94: 80000 | H94: =C94*G94 -> 800000
A95: Đậu Đỏ | B95: Vỉ | C95: 0 | D95: 45624 | E95: Đậu Đỏ 28/11/2024 | F95: =VLOOKUP(E95,'[1]TIỀN MUA PHỤ'!$A:$B,2,0) -> 80000 | G95: 80000
A96: Hồng Treo Gió | B96: Hộp | C96: 20 | D96: 45624 | E96: Hồng Treo Gió 28/11/2024 | F96: 100000 | G96: 100000 | H96: =C96*G96 -> 2000000
A97: Ớt Chuông Snack | B97: KG | C97: 25 | D97: 45624 | E97: Ớt Chuông Snack 28/11/2024 | F97: =VLOOKUP(E97,'[1]TIỀN MUA PHỤ'!$A:$B,2,0) -> 49000 | G97: 49000 | H97: =C97*G97 -> 1225000
A98: Ớt Chuông Snack | B98: Hộp | C98: 0 | D98: 45624 | E98: Ớt Chuông Snack 28/11/2024 | F98: =VLOOKUP(E98,'[1]TIỀN MUA PHỤ'!$A:$B,2,0) -> 49000 | G98: 49000
A99: Xà Lách Mỹ | B99: KG | C99: 30 | D99: 45624 | E99: Xà Lách Mỹ 28/11/2024 | F99: =VLOOKUP(E99,'[1]TIỀN MUA PHỤ'!$A:$B,2,0) -> 33000 | G99: 33000 | H99: =C99*G99 -> 990000
A100: Xà Lách Rocket | B100: KG | C100: 3 | D100: 45624 | E100: Xà Lách Rocket 28/11/2024 | F100: =VLOOKUP(E100,'[1]TIỀN MUA PHỤ'!$A:$B,2,0) -> 120000 | G100: 120000 | H100: =C100*G100 -> 360000
...

Sheet 2711
H1: =SUM(H2:H132) -> 48280500
A2: Bắp Cải Tím | B2: KG | C2: 20 | D2: 45623 | E2: Bắp Cải Tím 27/11/2024 | F2: =VLOOKUP(E2,'[1]TIỀN MUA PHỤ'!$A:$B,2,0) -> 30000 | G2: 30000 | H2: =C2*G2 -> 600000
A3: Bắp Cải Trái Tim | B3: KG | C3: 20 | D3: 45623 | E3: Bắp Cải Trái Tim 27/11/2024 | F3: =VLOOKUP(E3,'[1]TIỀN MUA PHỤ'!$A:$B,2,0) -> 10000 | G3: 10000 | H3: =C3*G3 -> 200000
A4: Bắp Cải Trắng | B4: KG | C4: 0
A5: Bí Đao Xanh | B5: KG | C5: 0
A6: Bí Đao Xanh | B6: Trái | C6: 30 | D6: 45623 | E6: Bí Đao Xanh 27/11/2024 | F6: =VLOOKUP(E6,'[1]TIỀN MUA PHỤ'!$A:$B,2,0)*0.4 -> 3000 | G6: 3000 | H6: =C6*G6 -> 90000
A7: Bí Đỏ Tròn | B7: KG | C7: 0
A8: Bí Ngô Mini | B8: KG | C8: 0
A9: Bí Ngòi Xanh | B9: Trái 280gr | C9: 300 | D9: 45623 | E9: Bí Ngòi Xanh 27/11/2024 | F9: =VLOOKUP(E9,'[1]TIỀN MUA PHỤ'!$A:$B,2,0)*0.3 -> 2700 | G9: 2700 | H9: =C9*G9 -> 810000
A10: Bí Ngòi Xanh | B10: KG | C10: 0
A11: Bí Non Nhật | B11: KG | C11: 20 | D11: 45623 | E11: Bí Non Nhật 27/11/2024 | F11: =VLOOKUP(E11,'[1]TIỀN MUA PHỤ'!$A:$B,2,0) -> 10000 | G11: 10000 | H11: =C11*G11 -> 200000
A12: Bí Non Nhật | B12: Trái | C12: 187 | D12: 45623 | E12: Bí Non Nhật 27/11/2024 | F12: =VLOOKUP(E12,'[1]TIỀN MUA PHỤ'!$A:$B,2,0)*0.3 -> 3000 | G12: 3000 | H12: =C12*G12 -> 561000
A13: Bơ Booth | B13: KG | C13: 80 | D13: 45623 | E13: Bơ Booth 27/11/2024 | F13: =VLOOKUP(E13,'[1]TIỀN MUA PHỤ'!$A:$B,2,0) -> 41000 | G13: 41000 | H13: =C13*G13 -> 3280000
A14: Bông Bí Nụ | B14: KG | C14: 0
A15: Bông Cải Xanh 7Cm | B15: KG | C15: 25 | D15: 45623 | E15: Bông Cải Xanh 7Cm 27/11/2024 | F15: =VLOOKUP(E15,'[1]TIỀN MUA PHỤ'!$A:$B,2,0) -> 32000 | G15: 32000 | H15: =C15*G15 -> 800000
A16: Bông Cải Xanh Baby | B16: KG | C16: 0
A17: Bông Cải Xanh Baby | B17: vỉ | C17: 15 | D17: 45623 | E17: Bông Cải Xanh Baby 27/11/2024 | F17: =VLOOKUP(E17,'[1]TIỀN MUA PHỤ'!$A:$B,2,0)/10 -> 4700 | G17: 4700 | H17: =C17*G17 -> 70500
A18: Cà Chua Beef | B18: KG | C18: 220 | D18: 45623 | E18: Cà Chua Beef 27/11/2024 | F18: =VLOOKUP(E18,'[1]TIỀN MUA PHỤ'!$A:$B,2,0) -> 16000 | G18: 16000 | H18: =C18*G18 -> 3520000
A19: Cà Chua Beef Trung | B19: KG | C19: 0
A20: Cà Chua Beef Trung | B20: Vỉ 500gr | C20: 160 | D20: 45623 | E20: Cà Chua Beef Trung 27/11/2024 | F20: =VLOOKUP(E20,'[1]TIỀN MUA PHỤ'!$A:$B,2,0)/2 -> 7500 | G20: 7500 | H20: =C20*G20 -> 1200000
A21: Cà Chua Bi Đỏ | B21: KG | C21: 0
A22: Cà Chua Bi Đỏ | B22: Hộp 300gr | C22: 150 | D22: 45623 | E22: Cà Chua Bi Đỏ 27/11/2024 | F22: =VLOOKUP(E22,'[1]TIỀN MUA PHỤ'!$A:$B,2,0) -> 8700 | G22: 8700 | H22: =C22*G22 -> 1305000
A23: Cà Chua Bi Mix | B23: KG | C23: 0
A24: Cà Chua Bi Mix | B24: hộp | C24: 50 | D24: 45623 | E24: Cà Chua Bi Mix 27/11/2024 | F24: =VLOOKUP(E24,'[1]TIỀN MUA PHỤ'!$A:$B,2,0)*0.3 -> 15450 | G24: 15450 | H24: =C24*G24 -> 772500
A25: Cà Chua Socola | B25: KG | C25: 0
A26: Cà Chua Socola | B26: Hộp 300gr | C26: 120 | D26: 45623 | E26: Cà Chua Socola 27/11/2024 | F26: =VLOOKUP(E26,'[1]TIỀN MUA PHỤ'!$A:$B,2,0)*0.3 -> 12450 | G26: 12450 | H26: =C26*G26 -> 1494000
A27: Cà Chua Thường | B27: KG | C27: 80 | D27: 45623 | E27: Cà Chua Thường 27/11/2024 | F27: =VLOOKUP(E27,'[1]TIỀN MUA PHỤ'!$A:$B,2,0) -> 17000 | G27: 17000 | H27: =C27*G27 -> 1360000
A28: Cà Chua Thường | B28: vỉ | C28: 0
A29: Cà Rốt | B29: KG | C29: 40 | D29: 45623 | E29: Cà Rốt 27/11/2024 | F29: =VLOOKUP(E29,'[1]TIỀN MUA PHỤ'!$A:$B,2,0) -> 14000 | G29: 14000 | H29: =C29*G29 -> 560000
A30: Cà Rốt | B30: túi | C30: 0
A31: Cà Rốt Baby | B31: KG | C31: 0
A32: Cà Rốt Baby | B32: vỉ | C32: 80 | D32: 45623 | E32: Cà Rốt Baby 27/11/2024 | F32: =VLOOKUP(E32,'[1]TIỀN MUA PHỤ'!$A:$B,2,0)/5 -> 8000 | G32: 8000 | H32: =C32*G32 -> 640000
A33: Cà Tím Sọc Pha Lê | B33: hộp | C33: 0
A34: Cải Bó Xôi | B34: KG | C34: 40 | D34: 45623 | E34: Cải Bó Xôi 27/11/2024 | F34: =VLOOKUP(E34,'[1]TIỀN MUA PHỤ'!$A:$B,2,0) -> 16000 | G34: 16000 | H34: =C34*G34 -> 640000
A35: Cải Bó Xôi | B35: túi | C35: 0
A36: Cải Cầu Vồng | B36: KG | C36: 0
A37: Cải Kale | B37: KG | C37: 0
A38: Cải Kale | B38: túi | C38: 150 | D38: 45623 | E38: Cải Kale 27/11/2024 | F38: =VLOOKUP(E38,'[1]TIỀN MUA PHỤ'!$A:$B,2,0)*0.3 -> 6900 | G38: 6900 | H38: =C38*G38 -> 1035000
A39: Cải Kale | B39: Túi 150gr | C39: 0
A40: Cải Thảo | B40: KG | C40: 0
A41: Cần Tây | B41: KG | C41: 0
A42: Cần Tây | B42: túi | C42: 0
A43: Cần Tây | B43: Cây | C43: 160 | D43: 45623 | E43: Cần Tây 27/11/2024 | F43: 10000 | G43: 10000 | H43: =C43*G43 -> 1600000
A44: Chanh Không Hạt | B44: KG | C44: 0
A45: Chanh Không Hạt | B45: vỉ | C45: 27 | D45: 45623 | E45: Chanh Không Hạt 27/11/2024 | F45: =VLOOKUP(E45,'[1]TIỀN MUA PHỤ'!$A:$B,2,0)/4 -> 6500 | G45: 6500 | H45: =C45*G45 -> 175500
A46: Chuối Laba | B46: KG | C46: 0
A47: Củ Cải Đỏ | B47: KG | C47: 0
A48: Củ Cải Đỏ | B48: hộp | C48: 60 | D48: 45623 | E48: Củ Cải Đỏ 27/11/2024 | F48: =VLOOKUP(E48,'[1]TIỀN MUA PHỤ'!$A:$B,2,0) -> 9500 | G48: 9500 | H48: =C48*G48 -> 570000
A49: Củ Cải Trắng | B49: KG | C49: 20 | D49: 45623 | E49: Củ Cải Trắng 27/11/2024 | F49: =VLOOKUP(E49,'[1]TIỀN MUA PHỤ'!$A:$B,2,0) -> 5500 | G49: 5500 | H49: =C49*G49 -> 110000
A50: Củ Dền | B50: KG | C50: 40 | D50: 45623 | E50: Củ Dền 27/11/2024 | F50: =VLOOKUP(E50,'[1]TIỀN MUA PHỤ'!$A:$B,2,0) -> 18000 | G50: 18000 | H50: =C50*G50 -> 720000
A51: Củ Hành Tây | B51: KG | C51: 0
A52: Củ Hành Tây | B52: Túi 300gr | C52: 0
A53: Củ Hành Tây Tím | B53: KG | C53: 0
A54: Củ Hành Tây Tím | B54: túi | C54: 0
A55: Củ Khoai Lang Mật Size 46 | B55: KG | C55: 100 | D55: 45623 | E55: Củ Khoai Lang Mật Size 46 27/11/2024 | F55: 23000 | G55: 23000 | H55: =C55*G55 -> 2300000
A56: Củ Khoai Lang Mật Size 46 | B56: túi | C56: 0
A57: Củ Khoai Lang Nhật | B57: KG | C57: 100 | D57: 45623 | E57: Củ Khoai Lang Nhật 27/11/2024 | F57: =VLOOKUP(E57,'[1]TIỀN MUA PHỤ'!$A:$B,2,0) -> 16000 | G57: 16000 | H57: =C57*G57 -> 1600000
A58: Củ Khoai Lang Nhật | B58: túi | C58: 0
A59: Củ Khoai Mỡ | B59: KG | C59: 0
A60: Củ Khoai Sâm | B60: KG | C60: 0
A61: Củ Khoai Tây Vàng | B61: KG | C61: 0
A62: Củ Khoai Tây Vàng | B62: túi | C62: 0
A63: Củ Su Hào | B63: KG | C63: 0
A64: Đậu Cove Nhật | B64: KG | C64: 0
A65: Đậu Cove Nhật | B65: túi | C65: 0
A66: Đậu Cove Trắng | B66: KG | C66: 0
A67: Đậu Cove Trắng | B67: Túi 300gr | C67: 40 | D67: 45623 | E67: Đậu Cove Trắng 27/11/2024 | F67: =VLOOKUP(E67,'[1]TIỀN MUA PHỤ'!$A:$B,2,0) -> 6500 | G67: 6500 | H67: =C67*G67 -> 260000
A68: Đậu Đỏ | B68: KG | C68: 4 | D68: 45623 | E68: Đậu Đỏ 27/11/2024 | F68: =VLOOKUP(E68,'[1]TIỀN MUA PHỤ'!$A:$B,2,0) -> 80000 | G68: 80000 | H68: =C68*G68 -> 320000
A69: Đậu Đỏ | B69: vỉ | C69: 0
A70: Đậu Tươi Hỗn Hợp Túi 100gr | B70: túi | C70: 0
A71: Dưa Leo Baby | B71: KG | C71: 0
A72: Dưa Leo Baby | B72: vỉ | C72: 500 | D72: 45623 | E72: Dưa Leo Baby 27/11/2024 | F72: =VLOOKUP(E72,'[1]TIỀN MUA PHỤ'!$A:$B,2,0) -> 6000 | G72: 6000 | H72: =C72*G72 -> 3000000
A73: Dưa Leo Nhật | B73: KG | C73: 0
A74: Dưa Leo Nhật | B74: túi | C74: 30 | D74: 45623 | E74: Dưa Leo Nhật 27/11/2024 | F74: =VLOOKUP(E74,'[1]TIỀN MUA PHỤ'!$A:$B,2,0)*0.6 -> 5400 | G74: 5400 | H74: =C74*G74 -> 162000
A75: Dưa Leo Thường | B75: KG | C75: 20 | D75: 45623 | E75: Dưa Leo Thường 27/11/2024 | F75: =VLOOKUP(E75,'[1]TIỀN MUA PHỤ'!$A:$B,2,0) -> 4000 | G75: 4000 | H75: =C75*G75 -> 80000
A76: Hành Paro | B76: KG | C76: 0
A77: Hành Paro | B77: Cây | C77: 80 | D77: 45623 | E77: Hành Paro 27/11/2024 | F77: =VLOOKUP(E77,'[1]TIỀN MUA PHỤ'!$A:$B,2,0)/5 -> 6000 | G77: 6000 | H77: =C77*G77 -> 480000
A78: Hạt Dẻ Ngố | B78: KG | C78: 0
A79: Hồng Treo Gió | B79: KG | C79: 0
A80: Hồng Treo Gió | B80: hộp | C80: 0
A81: Lá É | B81: Gói | C81: 0
A82: Lá Hương Thảo | B82: KG | C82: 1 | D82: 45623 | E82: Lá Hương Thảo 27/11/2024 | F82: =VLOOKUP(E82,'[1]TIỀN MUA PHỤ'!$A:$B,2,0) -> 100000 | G82: 100000 | H82: =C82*G82 -> 100000
A83: Lá Hương Thảo | B83: túi | C83: 0
A84: Lá Mè | B84: KG | C84: 0
A85: Lá Mè | B85: túi | C85: 200 | D85: 45623 | E85: Lá Mè 27/11/2024 | F85: =VLOOKUP(E85,'[1]TIỀN MUA PHỤ'!$A:$B,2,0)/20 -> 1800 | G85: 1800 | H85: =C85*G85 -> 360000
A86: Lá Nha Đam | B86: KG | C86: 0
A87: Lá Quế Tây | B87: túi | C87: 0
A88: Lá Tía Tô | B88: túi | C88: 0
A89: Măng Tây | B89: KG | C89: 30 | D89: 45623 | E89: Măng Tây 27/11/2024 | F89: =VLOOKUP(E89,'[1]TIỀN MUA PHỤ'!$A:$B,2,0) -> 62000 | G89: 62000 | H89: =C89*G89 -> 1860000
A90: Măng Tây | B90: Bó | C90: 0
A91: Ngọn Su Su | B91: KG | C91: 0
A92: Nguyên Liệu Cơm Chiên Dương Châu Túi 150gr | B92: túi | C92: 0
A93: Ớt Chuông Ba Màu | B93: vỉ | C93: 0
A94: Ớt Chuông Baby | B94: KG | C94: 30 | D94: 45623 | E94: Ớt Chuông Baby 27/11/2024 | F94: =VLOOKUP(E94,'[1]TIỀN MUA PHỤ'!$A:$B,2,0) -> 44000 | G94: 44000 | H94: =C94*G94 -> 1320000
A95: Ớt Chuông Baby | B95: hộp | C95: 0
A96: Ớt Chuông Đỏ | B96: KG | C96: 0
A97: Ớt Chuông Đỏ | B97: Trái 180gr | C97: 350 | D97: 45623 | E97: Ớt Chuông Đỏ 27/11/2024 | F97: =VLOOKUP(E97,'[1]TIỀN MUA PHỤ'!$A:$B,2,0)/4 -> 8000 | G97: 8000 | H97: =C97*G97 -> 2800000
A98: Ớt Chuông Snack | B98: KG | C98: 9 | D98: 45623 | E98: Ớt Chuông Snack 27/11/2024 | F98: =VLOOKUP(E98,'[1]TIỀN MUA PHỤ'!$A:$B,2,0) -> 49000 | G98: 49000 | H98: =C98*G98 -> 441000
A99: Ớt Chuông Snack | B99: hộp | C99: 0
A100: Ớt Chuông Vàng | B100: KG | C100: 0
...

Sheet 2611
A1: TÊN | B1: ĐVT | C1: SL | D1: NGÀY | H1: =SUM(H6:H137) -> 42283350
A2: Bắp Cải Tím | B2: KG | C2: 0
A3: Bắp Cải Trái Tim | B3: KG | C3: 0
A4: Bắp Cải Trắng | B4: KG | C4: 0
A5: Bí Đao Xanh | B5: KG | C5: 0
A6: Bí Đao Xanh | B6: Trái | C6: 40 | D6: 45622 | E6: Bí Đao Xanh 26/11/2024 | F6: =VLOOKUP(E6,'[1]TIỀN MUA PHỤ'!$A:$B,2,0)*0.4 -> 3600 | G6: 3600 | H6: =C6*G6 -> 144000
A7: Bí Ngô Mini | B7: KG | C7: 0
A8: Bí Ngòi Xanh | B8: KG | C8: 70 | D8: 45622 | E8: Bí Ngòi Xanh 26/11/2024 | F8: =VLOOKUP(E8,'[1]TIỀN MUA PHỤ'!$A:$B,2,0) -> 10000 | G8: 10000 | H8: =C8*G8 -> 700000
A9: Bí Ngòi Xanh | B9: Trái 280gr | C9: 240 | D9: 45622 | E9: Bí Ngòi Xanh 26/11/2024 | F9: =VLOOKUP(E9,'[1]TIỀN MUA PHỤ'!$A:$B,2,0)*0.3 -> 3000 | G9: 3000 | H9: =C9*G9 -> 720000
A10: Bí Non Nhật | B10: KG | C10: 0
A11: Bí Non Nhật | B11: Trái | C11: 160 | D11: 45622 | E11: Bí Non Nhật 26/11/2024 | F11: =VLOOKUP(E11,'[1]TIỀN MUA PHỤ'!$A:$B,2,0)*0.3 -> 3000 | G11: 3000 | H11: =C11*G11 -> 480000
A12: Bơ Booth | B12: KG | C12: 0
A13: Bông Bí Nụ | B13: KG | C13: 0
A14: Bông Cải Trắng | B14: KG | C14: 0
A15: Bông Cải Xanh 7Cm | B15: KG | C15: 65 | D15: 45622 | E15: Bông Cải Xanh 7Cm 26/11/2024 | F15: =VLOOKUP(E15,'[1]TIỀN MUA PHỤ'!$A:$B,2,0) -> 32000 | G15: 32000 | H15: =C15*G15 -> 2080000
A16: Bông Cải Xanh Baby | B16: KG | C16: 8 | D16: 45622 | E16: Bông Cải Xanh Baby 26/11/2024 | F16: =VLOOKUP(E16,'[1]TIỀN MUA PHỤ'!$A:$B,2,0) -> 47000 | G16: 47000 | H16: =C16*G16 -> 376000
A17: Bông Cải Xanh Baby | B17: Vỉ | C17: 0
A18: Cà Chua Beef | B18: KG | C18: 80 | D18: 45622 | E18: Cà Chua Beef 26/11/2024 | F18: =VLOOKUP(E18,'[1]TIỀN MUA PHỤ'!$A:$B,2,0) -> 16000 | G18: 16000 | H18: =C18*G18 -> 1280000
A19: Cà Chua Beef Trung | B19: KG | C19: 50 | D19: 45622 | E19: Cà Chua Beef Trung 26/11/2024 | F19: =VLOOKUP(E19,'[1]TIỀN MUA PHỤ'!$A:$B,2,0) -> 16000 | G19: 16000 | H19: =C19*G19 -> 800000
A20: Cà Chua Beef Trung | B20: Vỉ 500gr | C20: 200 | D20: 45622 | E20: Cà Chua Beef Trung 26/11/2024 | F20: =VLOOKUP(E20,'[1]TIỀN MUA PHỤ'!$A:$B,2,0)/2 -> 8000 | G20: 8000 | H20: =C20*G20 -> 1600000
A21: Cà Chua Bi Đỏ | B21: KG | C21: 0
A22: Cà Chua Bi Đỏ | B22: Hộp 300gr | C22: 240 | D22: 45622 | E22: Cà Chua Bi Đỏ 26/11/2024 | F22: =VLOOKUP(E22,'[1]TIỀN MUA PHỤ'!$A:$B,2,0) -> 8700 | G22: 8700 | H22: =C22*G22 -> 2088000
A23: Cà Chua Bi Mix | B23: KG | C23: 0
A24: Cà Chua Bi Mix | B24: Hộp | C24: 50 | D24: 45622 | E24: Cà Chua Bi Mix 26/11/2024 | F24: =VLOOKUP(E24,'[1]TIỀN MUA PHỤ'!$A:$B,2,0)*0.3 -> 14250 | G24: 14250 | H24: =C24*G24 -> 712500
A25: Cà Chua Socola | B25: KG | C25: 0
A26: Cà Chua Socola | B26: Hộp 300gr | C26: 20 | D26: 45622 | E26: Cà Chua Socola 26/11/2024 | F26: =VLOOKUP(E26,'[1]TIỀN MUA PHỤ'!$A:$B,2,0)*0.3 -> 11400 | G26: 11400 | H26: =C26*G26 -> 228000
A27: Cà Chua Thường | B27: KG | C27: 100 | D27: 45622 | E27: Cà Chua Thường 26/11/2024 | F27: =VLOOKUP(E27,'[1]TIỀN MUA PHỤ'!$A:$B,2,0) -> 21000 | G27: 21000 | H27: =C27*G27 -> 2100000
A28: Cà Chua Thường | B28: Vỉ | C28: 0
A29: Cà Rốt | B29: KG | C29: 20 | D29: 45622 | E29: Cà Rốt 26/11/2024 | F29: =VLOOKUP(E29,'[1]TIỀN MUA PHỤ'!$A:$B,2,0) -> 13500 | G29: 13500 | H29: =C29*G29 -> 270000
A30: Cà Rốt | B30: Túi | C30: 0
A31: Cà Rốt Baby | B31: KG | C31: 0
A32: Cà Rốt Baby | B32: Vỉ | C32: 120 | D32: 45622 | E32: Cà Rốt Baby 26/11/2024 | F32: =VLOOKUP(E32,'[1]TIỀN MUA PHỤ'!$A:$B,2,0)/5 -> 8000 | G32: 8000 | H32: =C32*G32 -> 960000
A33: Cà Rốt Trung | B33: KG | C33: 40 | D33: 45622 | E33: Cà Rốt Trung 26/11/2024 | F33: =VLOOKUP(E33,'[1]TIỀN MUA PHỤ'!$A:$B,2,0) -> 11000 | G33: 11000 | H33: =C33*G33 -> 440000
A34: Cà Tím | B34: KG | C34: 0
A35: Cà Tím Sọc Pha Lê | B35: Hộp | C35: 0
A36: Cải Bó Xôi | B36: KG | C36: 40 | D36: 45622 | E36: Cải Bó Xôi 26/11/2024 | F36: =VLOOKUP(E36,'[1]TIỀN MUA PHỤ'!$A:$B,2,0) -> 17000 | G36: 17000 | H36: =C36*G36 -> 680000
A37: Cải Bó Xôi | B37: Túi | C37: 0
A38: Cải Cầu Vồng | B38: KG | C38: 0
A39: Cải Kale | B39: KG | C39: 0
A40: Cải Kale | B40: Túi | C40: 105 | D40: 45622 | E40: Cải Kale 26/11/2024 | F40: =VLOOKUP(E40,'[1]TIỀN MUA PHỤ'!$A:$B,2,0)*0.3 -> 6900 | G40: 6900 | H40: =C40*G40 -> 724500
A41: Cải Kale | B41: Túi 150gr | C41: 15 | D41: 45622 | E41: Cải Kale 26/11/2024 | F41: =F40/2 -> 3450 | G41: 3450 | H41: =C41*G41 -> 51750
A42: Cải Thảo | B42: KG | C42: 0
A43: Cần Tây | B43: KG | C43: 80 | D43: 45622 | E43: Cần Tây 26/11/2024 | F43: 20000 | G43: 20000 | H43: =C43*G43 -> 1600000
A44: Cần Tây | B44: Cây | C44: 200 | D44: 45622 | E44: Cần Tây 26/11/2024 | F44: 10000 | G44: 10000 | H44: =C44*G44 -> 2000000
A45: Cần Tây | B45: Túi | C45: 0
A46: Chanh Không Hạt | B46: KG | C46: 0
A47: Chanh Không Hạt | B47: Vỉ | C47: 31 | D47: 45622 | E47: Chanh Không Hạt 26/11/2024 | F47: =VLOOKUP(E47,'[1]TIỀN MUA PHỤ'!$A:$B,2,0)/4 -> 6500 | G47: 6500 | H47: =C47*G47 -> 201500
A48: Chuối Laba | B48: KG | C48: 0
A49: Củ Cải Đỏ | B49: KG | C49: 0
A50: Củ Cải Đỏ | B50: Hộp | C50: 12 | D50: 45622 | E50: Củ Cải Đỏ 26/11/2024 | F50: =VLOOKUP(E50,'[1]TIỀN MUA PHỤ'!$A:$B,2,0) -> 10000 | G50: 10000 | H50: =C50*G50 -> 120000
A51: Củ Cải Trắng | B51: KG | C51: 0
A52: Củ Dền | B52: KG | C52: 0
A53: Củ Hành Tây | B53: KG | C53: 20 | D53: 45622 | E53: Củ Hành Tây 26/11/2024 | F53: 21000 | G53: 21000 | H53: =C53*G53 -> 420000
A54: Củ Hành Tây | B54: Túi 300gr | C54: 0
A55: Củ Hành Tây Tím | B55: KG | C55: 40 | D55: 45622 | E55: Củ Hành Tây Tím 26/11/2024 | F55: =VLOOKUP(E55,'[1]TIỀN MUA PHỤ'!$A:$B,2,0) -> 20000 | G55: 20000 | H55: =C55*G55 -> 800000
A56: Củ Hành Tây Tím | B56: Túi | C56: 0
A57: Củ Khoai Lang Mật Size 46 | B57: KG | C57: 0
A58: Củ Khoai Lang Mật Size 46 | B58: Túi | C58: 0
A59: Củ Khoai Lang Nhật | B59: KG | C59: 0
A60: Củ Khoai Lang Nhật | B60: Túi | C60: 0
A61: Củ Khoai Mỡ | B61: KG | C61: 0
A62: Củ Khoai Sâm | B62: KG | C62: 0
A63: Củ Khoai Tây Vàng | B63: KG | C63: 0
A64: Củ Khoai Tây Vàng | B64: Túi | C64: 0
A65: Củ Sắn | B65: Vỉ | C65: 0
A66: Củ Su Hào | B66: KG | C66: 0
A67: Đậu Cove Nhật | B67: KG | C67: 0
A68: Đậu Cove Nhật | B68: Túi | C68: 40 | D68: 45622 | E68: Đậu Cove Nhật 26/11/2024 | F68: =VLOOKUP(E68,'[1]TIỀN MUA PHỤ'!$A:$B,2,0) -> 6000 | G68: 6000 | H68: =C68*G68 -> 240000
A69: Đậu Cove Trắng | B69: KG | C69: 0
A70: Đậu Cove Trắng | B70: Túi 300gr | C70: 20 | D70: 45622 | E70: Đậu Cove Trắng 26/11/2024 | F70: =VLOOKUP(E70,'[1]TIỀN MUA PHỤ'!$A:$B,2,0) -> 6500 | G70: 6500 | H70: =C70*G70 -> 130000
A71: Đậu Đỏ | B71: KG | C71: 2 | D71: 45622 | E71: Đậu Đỏ 26/11/2024 | F71: 80000 | G71: 80000 | H71: =C71*G71 -> 160000
A72: Đậu Đỏ | B72: Vỉ | C72: 0
A73: Đậu Tươi Hỗn Hợp Túi 100gr | B73: Túi | C73: 0
A74: Dưa Leo Baby | B74: KG | C74: 0
A75: Dưa Leo Baby | B75: Vỉ | C75: 740 | D75: 45622 | E75: Dưa Leo Baby 26/11/2024 | F75: =VLOOKUP(E75,'[1]TIỀN MUA PHỤ'!$A:$B,2,0) -> 5000 | G75: 5000 | H75: =C75*G75 -> 3700000
A76: Dưa Leo Nhật | B76: KG | C76: 0
A77: Dưa Leo Nhật | B77: Túi | C77: 20 | D77: 45622 | E77: Dưa Leo Nhật 26/11/2024 | F77: =VLOOKUP(E77,'[1]TIỀN MUA PHỤ'!$A:$B,2,0)*0.6 -> 6000 | G77: 6000 | H77: =C77*G77 -> 120000
A78: Dưa Leo Thường | B78: KG | C78: 20 | D78: 45622 | E78: Dưa Leo Thường 26/11/2024 | F78: =VLOOKUP(E78,'[1]TIỀN MUA PHỤ'!$A:$B,2,0) -> 3000 | G78: 3000 | H78: =C78*G78 -> 60000
A79: Hành Paro | B79: KG | C79: 0
A80: Hành Paro | B80: Cây | C80: 50 | D80: 45622 | E80: Hành Paro 26/11/2024 | F80: =VLOOKUP(E80,'[1]TIỀN MUA PHỤ'!$A:$B,2,0)/5 -> 6000 | G80: 6000 | H80: =C80*G80 -> 300000
A81: Hạt Dẻ Ngố | B81: KG | C81: 0
A82: Hồng Treo Gió | B82: KG | C82: 0
A83: Hồng Treo Gió | B83: Hộp | C83: 0
A84: Lá É | B84: KG | C84: 0
A85: Lá É | B85: Gói | C85: 0
A86: Lá Hương Thảo | B86: KG | C86: 0
A87: Lá Hương Thảo | B87: Túi | C87: 0
A88: Lá Mè | B88: KG | C88: 12 | D88: 45622 | E88: Lá Mè 26/11/2024 | F88: =VLOOKUP(E88,'[1]TIỀN MUA PHỤ'!$A:$B,2,0) -> 36000 | G88: 36000 | H88: =C88*G88 -> 432000
A89: Lá Mè | B89: Túi | C89: 601 | D89: 45622 | E89: Lá Mè 26/11/2024 | F89: =VLOOKUP(E89,'[1]TIỀN MUA PHỤ'!$A:$B,2,0)/20 -> 1800 | G89: 1800 | H89: =C89*G89 -> 1081800
A90: Lá Nha Đam | B90: KG | C90: 10 | D90: 45622 | E90: Lá Nha Đam 26/11/2024 | F90: =VLOOKUP(E90,'[1]TIỀN MUA PHỤ'!$A:$B,2,0) -> 14000 | G90: 14000 | H90: =C90*G90 -> 140000
A91: Lá Quế Tây | B91: Túi | C91: 0
A92: Lá Tía Tô | B92: Túi | C92: 0
A93: Măng Tây | B93: KG | C93: 20 | D93: 45622 | E93: Măng Tây 26/11/2024 | F93: =VLOOKUP(E93,'[1]TIỀN MUA PHỤ'!$A:$B,2,0) -> 63000 | G93: 63000 | H93: =C93*G93 -> 1260000
A94: Măng Tây | B94: Bó | C94: 0
A95: Ngọn Su Su | B95: KG | C95: 0
A96: Nguyên Liệu Cơm Chiên Dương Châu Túi 150gr | B96: Túi | C96: 0
A97: Ớt Chuông Ba Màu | B97: KG | C97: 20 | D97: 45622 | E97: Ớt Chuông Ba Màu 26/11/2024 | F97: 23000 | G97: 23000 | H97: =C97*G97 -> 460000
A98: Ớt Chuông Ba Màu | B98: Vỉ | C98: 0
A99: Ớt Chuông Baby | B99: KG | C99: 30 | D99: 45622 | E99: Ớt Chuông Baby 26/11/2024 | F99: =VLOOKUP(E99,'[1]TIỀN MUA PHỤ'!$A:$B,2,0) -> 44000 | G99: 44000 | H99: =C99*G99 -> 1320000
A100: Ớt Chuông Baby | B100: Hộp | C100: 0
...

Sheet 2511
A1: Dưa Leo Thường | B1: KG | C1: 20 | D1: 45621 | E1: Dưa Leo Thường 25/11/2024 | F1: =VLOOKUP(E1,'[1]TIỀN MUA PHỤ'!$A:$B,2,0) -> 3000 | G1: =C1*F1 -> 60000
A2: Cần Tây | B2: Cây | C2: 200 | D2: 45621 | E2: Cần Tây 25/11/2024 | F2: 10000 | G2: =C2*F2 -> 2000000
A3: Bí Ngòi Xanh | B3: Trái 280gr | C3: 500 | D3: 45621 | E3: Bí Ngòi Xanh 25/11/2024 | F3: =VLOOKUP(E3,'[1]TIỀN MUA PHỤ'!$A:$B,2,0)*0.3 -> 3000 | G3: =C3*F3 -> 1500000
A4: Cải Bó Xôi | B4: KG | C4: 80 | D4: 45621 | E4: Cải Bó Xôi 25/11/2024 | F4: =VLOOKUP(E4,'[1]TIỀN MUA PHỤ'!$A:$B,2,0)*0.3 -> 5100 | G4: =C4*F4 -> 408000
A5: Cà Chua Socola | B5: KG | C5: 6 | D5: 45621 | E5: Cà Chua Socola 25/11/2024 | F5: =VLOOKUP(E5,'[1]TIỀN MUA PHỤ'!$A:$B,2,0) -> 38500 | G5: =C5*F5 -> 231000
A6: Cà Chua Socola | B6: Hộp 300gr | C6: 172 | D6: 45621 | E6: Cà Chua Socola 25/11/2024 | F6: =40000*0.3 -> 12000 | G6: =C6*F6 -> 2064000
A7: Bí Đao Xanh | B7: Trái | C7: 20 | D7: 45621 | E7: Bí Đao Xanh 25/11/2024 | F7: 4000 | G7: =C7*F7 -> 80000
A8: Bí Non Nhật | B8: Trái | C8: 200 | D8: 45621 | E8: Bí Non Nhật 25/11/2024 | F8: =VLOOKUP(E8,'[1]TIỀN MUA PHỤ'!$A:$B,2,0)*0.3 -> 3000 | G8: =C8*F8 -> 600000
A9: Ớt Sweet Palemo | B9: Túi | C9: 200 | D9: 45621 | E9: Ớt Sweet Palemo 25/11/2024 | F9: 20000 | G9: =C9*F9 -> 4000000
A10: Bông Cải Xanh Baby | B10: Vỉ | C10: 70 | D10: 45621 | E10: Bông Cải Xanh Baby 25/11/2024 | F10: =VLOOKUP(E10,'[1]TIỀN MUA PHỤ'!$A:$B,2,0)/5 -> 10600 | G10: =C10*F10 -> 742000
A11: Xà Lách Lolo Tím | B11: KG | C11: 10 | D11: 45621 | E11: Xà Lách Lolo Tím 25/11/2024 | F11: =VLOOKUP(E11,'[1]TIỀN MUA PHỤ'!$A:$B,2,0) -> 35000 | G11: =C11*F11 -> 350000
A12: Lá Mè | B12: Túi | C12: 300 | D12: 45621 | E12: Lá Mè 25/11/2024 | F12: =VLOOKUP(E12,'[1]TIỀN MUA PHỤ'!$A:$B,2,0)/20 -> 1800 | G12: =C12*F12 -> 540000
A13: Xà Lách Mỡ | B13: KG | C13: 20 | D13: 45621 | E13: Xà Lách Mỡ 25/11/2024 | F13: 28000 | G13: =C13*F13 -> 560000
A14: Măng Tây | B14: KG | C14: 40 | D14: 45621 | E14: Măng Tây 25/11/2024 | F14: =VLOOKUP(E14,'[1]TIỀN MUA PHỤ'!$A:$B,2,0) -> 62000 | G14: =C14*F14 -> 2480000
A15: Đậu Cove Trắng | B15: Túi 300gr | C15: 20 | D15: 45621 | E15: Đậu Cove Trắng 25/11/2024 | F15: =VLOOKUP(E15,'[1]TIỀN MUA PHỤ'!$A:$B,2,0)*3 -> 19500 | G15: =C15*F15 -> 390000
A16: Củ Khoai Lang Mật Size 46 | B16: KG | C16: 100 | D16: 45621 | E16: Củ Khoai Lang Mật Size 46 25/11/2024 | F16: 26000 | G16: =C16*F16 -> 2600000
A17: Hành Paro | B17: Cây | C17: 100 | D17: 45621 | E17: Hành Paro 25/11/2024 | F17: =VLOOKUP(E17,'[1]TIỀN MUA PHỤ'!$A:$B,2,0)/5 -> 6000 | G17: =C17*F17 -> 600000
A18: Ớt Chuông Vàng | B18: Trái 180gr | C18: 250 | D18: 45621 | E18: Ớt Chuông Vàng 25/11/2024 | F18: =VLOOKUP(E18,'[1]TIỀN MUA PHỤ'!$A:$B,2,0)/4 -> 4500 | G18: =C18*F18 -> 1125000
A19: Ớt Chuông Xanh | B19: Trái 180gr | C19: 150 | D19: 45621 | E19: Ớt Chuông Xanh 25/11/2024 | F19: =VLOOKUP(E19,'[1]TIỀN MUA PHỤ'!$A:$B,2,0)/4 -> 7000 | G19: =C19*F19 -> 1050000
A20: Ớt Chuông Baby | B20: KG | C20: 25 | D20: 45621 | E20: Ớt Chuông Baby 25/11/2024 | F20: =VLOOKUP(E20,'[1]TIỀN MUA PHỤ'!$A:$B,2,0) -> 44000 | G20: =C20*F20 -> 1100000
A21: Cà Chua Bi Mix | B21: Hộp | C21: 90 | D21: 45621 | E21: Cà Chua Bi Mix 25/11/2024 | F21: =VLOOKUP(E21,'[1]TIỀN MUA PHỤ'!$A:$B,2,0)*0.3 -> 14100 | G21: =C21*F21 -> 1269000
A22: Cải Kale | B22: KG | C22: 15 | D22: 45621 | E22: Cải Kale 25/11/2024 | F22: 27000 | G22: =C22*F22 -> 405000
A23: Cải Kale | B23: Túi | C23: 131 | D23: 45621 | E23: Cải Kale 25/11/2024 | F23: 9000 | G23: =C23*F23 -> 1179000
A24: Cải Kale | B24: Túi 150gr | C24: 15 | D24: 45621 | E24: Cải Kale 25/11/2024 | F24: 4500 | G24: =C24*F24 -> 67500
A25: Cà Rốt | B25: KG | C25: 108 | D25: 45621 | E25: Cà Rốt 25/11/2024 | F25: =VLOOKUP(E25,'[1]TIỀN MUA PHỤ'!$A:$B,2,0) -> 12500 | G25: =C25*F25 -> 1350000
A26: Cà Chua Bi Đỏ | B26: Hộp 300gr | C26: 100 | D26: 45621 | E26: Cà Chua Bi Đỏ 25/11/2024 | F26: =VLOOKUP(E26,'[1]TIỀN MUA PHỤ'!$A:$B,2,0) -> 8700 | G26: =C26*F26 -> 870000
A27: Lá É | B27: KG | C27: 5 | D27: 45621 | E27: Lá É 25/11/2024 | F27: =VLOOKUP(E27,'[1]TIỀN MUA PHỤ'!$A:$B,2,0) -> 27000 | G27: =C27*F27 -> 135000
A28: Xà Lách Lolo Xanh | B28: KG | C28: 100 | D28: 45621 | E28: Xà Lách Lolo Xanh 25/11/2024 | F28: =VLOOKUP(E28,'[1]TIỀN MUA PHỤ'!$A:$B,2,0) -> 14000 | G28: =C28*F28 -> 1400000
A29: Dưa Leo Baby | B29: Vỉ | C29: 820 | D29: 45621 | E29: Dưa Leo Baby 25/11/2024 | F29: =VLOOKUP(E29,'[1]TIỀN MUA PHỤ'!$A:$B,2,0) -> 4000 | G29: =C29*F29 -> 3280000
A30: Ớt Chuông Đỏ | B30: Trái 180gr | C30: 100 | D30: 45621 | E30: Ớt Chuông Đỏ 25/11/2024 | F30: =VLOOKUP(E30,'[1]TIỀN MUA PHỤ'!$A:$B,2,0)/4 -> 8750 | G30: =C30*F30 -> 875000
A31: Đậu Cove Nhật | B31: Túi | C31: 15 | D31: 45621 | E31: Đậu Cove Nhật 25/11/2024 | F31: =VLOOKUP(E31,'[1]TIỀN MUA PHỤ'!$A:$B,2,0) -> 6000 | G31: =C31*F31 -> 90000
A32: Củ Khoai Tây Vàng | B32: KG | C32: 50 | D32: 45621 | E32: Củ Khoai Tây Vàng 25/11/2024 | F32: 18000 | G32: =C32*F32 -> 900000
A33: Ớt Chuông Ba Màu | B33: Vỉ | C33: 20 | D33: 45621 | E33: Ớt Chuông Ba Màu 25/11/2024 | F33: 22000 | G33: =C33*F33 -> 440000
A34: Bông Cải Xanh 7Cm | B34: KG | C34: 20 | D34: 45621 | E34: Bông Cải Xanh 7Cm 25/11/2024 | F34: =VLOOKUP(E34,'[1]TIỀN MUA PHỤ'!$A:$B,2,0) -> 36000 | G34: =C34*F34 -> 720000
A35: Củ Hành Tây | B35: KG | C35: 100 | D35: 45621 | E35: Củ Hành Tây 25/11/2024 | F35: =VLOOKUP(E35,'[1]TIỀN MUA PHỤ'!$A:$B,2,0) -> 21000 | G35: =C35*F35 -> 2100000
A36: Cà Chua Beef Trung | B36: Vỉ 500gr | C36: 242 | D36: 45621 | E36: Cà Chua Beef Trung 25/11/2024 | F36: 9000 | G36: =C36*F36 -> 2178000
A37: Cà Rốt Baby | B37: Vỉ | C37: 60 | D37: 45621 | E37: Cà Rốt Baby 25/11/2024 | F37: =VLOOKUP(E37,'[1]TIỀN MUA PHỤ'!$A:$B,2,0)/5 -> 8400 | G37: =C37*F37 -> 504000
A38: Bắp Cải Tím | B38: KG | C38: 15 | D38: 45621 | E38: Bắp Cải Tím 25/11/2024 | F38: =VLOOKUP(E38,'[1]TIỀN MUA PHỤ'!$A:$B,2,0) -> 30000 | G38: =C38*F38 -> 450000
A39: Dưa Leo Nhật | B39: Túi | C39: 25 | D39: 45621 | E39: Dưa Leo Nhật 25/11/2024 | F39: 6000 | G39: =C39*F39 -> 150000
A40: Xà Lách Lolo Xanh T.C Cây | B40: Cây | C40: 50 | D40: 45621 | E40: Xà Lách Lolo Xanh T.C Cây 25/11/2024 | F40: =VLOOKUP(E40,'[1]TIỀN MUA PHỤ'!$A:$B,2,0) -> 6800 | G40: =C40*F40 -> 340000
A41: Xà Lách Thủy Tinh T.C Cây | B41: Cây | C41: 5 | D41: 45621 | E41: Xà Lách Thủy Tinh T.C Cây 25/11/2024 | F41: =VLOOKUP(E41,'[1]TIỀN MUA PHỤ'!$A:$B,2,0) -> 6800 | G41: =C41*F41 -> 34000
A42: Bơ Booth | B42: KG | C42: 40 | D42: 45621 | E42: Bơ Booth 25/11/2024 | F42: =VLOOKUP(E42,'[1]TIỀN MUA PHỤ'!$A:$B,2,0) -> 41000 | G42: =C42*F42 -> 1640000
G43: =SUM(G1:G42) -> 42856500

Sheet 2411
H1: =SUM(H2:H49) -> 47592450
A2: Bí Ngòi Xanh | B2: Trái 280gr | C2: 376 | D2: 45620 | E2: Bí Ngòi Xanh Trái 280gr 24/11/2024 | F2: 3000 | G2: 3000 | H2: =C2*G2 -> 1128000
A3: Bí Non Nhật | B3: Trái | C3: 250 | D3: 45620 | E3: Bí Non Nhật Trái 24/11/2024 | F3: 3000 | G3: 3000 | H3: =C3*G3 -> 750000
A4: Bông Cải Xanh Baby | B4: Vỉ | C4: 50 | D4: 45620 | E4: Bông Cải Xanh Baby Vỉ 24/11/2024 | F4: 10600 | G4: 10600 | H4: =C4*G4 -> 530000
A5: Cà Chua Beef Trung | B5: KG | C5: 110 | D5: 45620 | E5: Cà Chua Beef Trung KG 24/11/2024 | F5: =VLOOKUP(E5,'[2]SỔ CHI TIẾT MUA HÀNG'!$I:$K,3,0) -> 15000 | G5: 15000 | H5: =C5*G5 -> 1650000
A6: Cà Chua Beef Trung | B6: Vỉ 500gr | C6: 200 | D6: 45620 | E6: Cà Chua Beef Trung Vỉ 500gr 24/11/2024 | F6: =16500/2 -> 8250 | G6: 8250 | H6: =C6*G6 -> 1650000
A7: Cà Chua Bi Đỏ | B7: KG | C7: 5 | D7: 45620 | E7: Cà Chua Bi Đỏ KG 24/11/2024 | F7: 33000 | G7: 33000 | H7: =C7*G7 -> 165000
A8: Cà Chua Bi Đỏ | B8: Hộp 300gr | C8: 100 | D8: 45620 | E8: Cà Chua Bi Đỏ Hộp 300gr 24/11/2024 | F8: =VLOOKUP(E8,'[2]SỔ CHI TIẾT MUA HÀNG'!$I:$K,3,0) -> 10500 | G8: 10500 | H8: =C8*G8 -> 1050000
A9: Cà Chua Bi Mix | B9: Hộp | C9: 69 | D9: 45620 | E9: Cà Chua Bi Mix Hộp 24/11/2024 | F9: ='2111'!H10 -> 15450 | G9: 15450 | H9: =C9*G9 -> 1066050
A10: Cà Chua Socola | B10: Hộp 300gr | C10: 96 | D10: 45620 | E10: Cà Chua Socola Hộp 300gr 24/11/2024 | F10: 11550 | G10: 11550 | H10: =C10*G10 -> 1108800
A11: Cà Chua Thường | B11: KG | C11: 100 | D11: 45620 | E11: Cà Chua Thường KG 24/11/2024 | F11: =VLOOKUP(E11,'[2]SỔ CHI TIẾT MUA HÀNG'!$I:$K,3,0) -> 14000 | G11: 14000 | H11: =C11*G11 -> 1400000
A12: Cà Rốt | B12: KG | C12: 60 | D12: 45620 | E12: Cà Rốt KG 24/11/2024 | F12: 12500 | G12: 12500 | H12: =C12*G12 -> 750000
A13: Cà Rốt Baby | B13: KG | C13: 5 | D13: 45620 | E13: Cà Rốt Baby KG 24/11/2024 | F13: =VLOOKUP(E13,'[2]SỔ CHI TIẾT MUA HÀNG'!$I:$K,3,0) -> 42000 | G13: 42000 | H13: =C13*G13 -> 210000
A14: Cà Rốt Baby | B14: Vỉ | C14: 100 | D14: 45620 | E14: Cà Rốt Baby Vỉ 24/11/2024 | F14: 8400 | G14: 8400 | H14: =C14*G14 -> 840000
A15: Cải Bó Xôi | B15: KG | C15: 20 | D15: 45620 | E15: Cải Bó Xôi KG 24/11/2024 | F15: =VLOOKUP(E15,'[2]SỔ CHI TIẾT MUA HÀNG'!$I:$K,3,0) -> 20000 | G15: 20000 | H15: =C15*G15 -> 400000
A16: Cải Kale | B16: Túi | C16: 50 | D16: 45620 | E16: Cải Kale Túi 24/11/2024 | F16: 8400 | G16: 8400 | H16: =C16*G16 -> 420000
A17: Cải Kale | B17: Túi 150gr | C17: 15 | D17: 45620 | E17: Cải Kale Túi 150gr 24/11/2024 | F17: 4200 | G17: 4200 | H17: =C17*G17 -> 63000
A18: Cần Tây | B18: Cây | C18: 180 | D18: 45620 | E18: Cần Tây Cây 24/11/2024 | F18: 10000 | G18: 10000 | H18: =C18*G18 -> 1800000
A19: Củ Cải Đỏ | B19: Hộp | C19: 17 | D19: 45620 | E19: Củ Cải Đỏ Hộp 24/11/2024 | F19: =VLOOKUP(E19,'[2]SỔ CHI TIẾT MUA HÀNG'!$I:$K,3,0) -> 11000 | G19: 11000 | H19: =C19*G19 -> 187000
A20: Củ Hành Tây | B20: KG | C20: 45 | D20: 45620 | E20: Củ Hành Tây KG 24/11/2024 | F20: 20000 | G20: 20000 | H20: =C20*G20 -> 900000
A21: Củ Khoai Lang Mật Size 46 | B21: KG | C21: 100 | D21: 45620 | E21: Củ Khoai Lang Mật Size 46 KG 24/11/2024 | F21: 26000 | G21: 26000 | H21: =C21*G21 -> 2600000
A22: Củ Khoai Lang Nhật | B22: KG | C22: 100 | D22: 45620 | E22: Củ Khoai Lang Nhật KG 24/11/2024 | F22: =VLOOKUP(E22,'[2]SỔ CHI TIẾT MUA HÀNG'!$I:$K,3,0) -> 17000 | G22: 17000 | H22: =C22*G22 -> 1700000
A23: Củ Khoai Mỡ | B23: KG | C23: 20 | D23: 45620 | E23: Củ Khoai Mỡ KG 24/11/2024 | F23: =VLOOKUP(E23,'[2]SỔ CHI TIẾT MUA HÀNG'!$I:$K,3,0) -> 30000 | G23: 30000 | H23: =C23*G23 -> 600000
A24: Củ Khoai Tây Vàng | B24: KG | C24: 30 | D24: 45620 | E24: Củ Khoai Tây Vàng KG 24/11/2024 | F24: =VLOOKUP(E24,'[2]SỔ CHI TIẾT MUA HÀNG'!$I:$K,3,0) -> 15000 | G24: 15000 | H24: =C24*G24 -> 450000
A25: Dưa Leo Baby | B25: Vỉ | C25: 700 | D25: 45620 | E25: Dưa Leo Baby Vỉ 24/11/2024 | F25: =VLOOKUP(E25,'[2]SỔ CHI TIẾT MUA HÀNG'!$I:$K,3,0) -> 6000 | G25: 6000 | H25: =C25*G25 -> 4200000
A26: Dưa Leo Nhật | B26: Túi | C26: 30 | D26: 45620 | E26: Dưa Leo Nhật Túi 24/11/2024 | F26: 6000 | G26: 6000 | H26: =C26*G26 -> 180000
A27: Dưa Leo Thường | B27: KG | C27: 40 | D27: 45620 | E27: Dưa Leo Thường KG 24/11/2024 | F27: =VLOOKUP(E27,'[2]SỔ CHI TIẾT MUA HÀNG'!$I:$K,3,0) -> 3000 | G27: 3000 | H27: =C27*G27 -> 120000
A28: Hành Paro | B28: Cây | C28: 100 | D28: 45620 | E28: Hành Paro Cây 24/11/2024 | F28: =33000/5 -> 6600 | G28: 6600 | H28: =C28*G28 -> 660000
A29: Lá É | B29: Gói | C29: 10 | D29: 45620 | E29: Lá É Gói 24/11/2024 | F29: 7800 | G29: 7800 | H29: =C29*G29 -> 78000
A30: Lá Mè | B30: KG | C30: 16 | D30: 45620 | E30: Lá Mè KG 24/11/2024 | F30: =VLOOKUP(E30,'[2]SỔ CHI TIẾT MUA HÀNG'!$I:$K,3,0) -> 36000 | G30: 36000 | H30: =C30*G30 -> 576000
A31: Lá Mè | B31: Túi | C31: 514 | D31: 45620 | E31: Lá Mè Túi 24/11/2024 | F31: 1900 | G31: 1900 | H31: =C31*G31 -> 976600
A32: Măng Tây | B32: KG | C32: 30 | D32: 45620 | E32: Măng Tây KG 24/11/2024 | F32: =VLOOKUP(E32,'[2]SỔ CHI TIẾT MUA HÀNG'!$I:$K,3,0) -> 62000 | G32: 62000 | H32: =C32*G32 -> 1860000
A33: Ớt Chuông Baby | B33: KG | C33: 40 | D33: 45620 | E33: Ớt Chuông Baby KG 24/11/2024 | F33: =VLOOKUP(E33,'[2]SỔ CHI TIẾT MUA HÀNG'!$I:$K,3,0) -> 44000 | G33: 44000 | H33: =C33*G33 -> 1760000
A34: Ớt Chuông Đỏ | B34: Trái 180gr | C34: 200 | D34: 45620 | E34: Ớt Chuông Đỏ Trái 180gr 24/11/2024 | F34: =35000/4 -> 8750 | G34: 8750 | H34: =C34*G34 -> 1750000
A35: Ớt Chuông Vàng | B35: Trái 180gr | C35: 200 | D35: 45620 | E35: Ớt Chuông Vàng Trái 180gr 24/11/2024 | F35: =18000/4 -> 4500 | G35: 4500 | H35: =C35*G35 -> 900000
A36: Ớt Chuông Xanh | B36: Trái 180gr | C36: 100 | D36: 45620 | E36: Ớt Chuông Xanh Trái 180gr 24/11/2024 | F36: =28000/4 -> 7000 | G36: 7000 | H36: =C36*G36 -> 700000
A37: Ớt Sweet Palemo | B37: KG | C37: 30 | D37: 45620 | E37: Ớt Sweet Palemo KG 24/11/2024 | F37: =VLOOKUP(E37,'[2]SỔ CHI TIẾT MUA HÀNG'!$I:$K,3,0) -> 55000 | G37: 55000 | H37: =C37*G37 -> 1650000
A38: Ớt Sweet Palemo | B38: Túi | C38: 150 | D38: 45620 | E38: Ớt Sweet Palemo Túi 24/11/2024 | F38: =VLOOKUP(E38,'[2]SỔ CHI TIẾT MUA HÀNG'!$I:$K,3,0) -> 20000 | G38: 20000 | H38: =C38*G38 -> 3000000
A39: Rau Ngò Rí | B39: KG | C39: 6 | D39: 45620 | E39: Rau Ngò Rí KG 24/11/2024 | F39: =VLOOKUP(E39,'[2]SỔ CHI TIẾT MUA HÀNG'!$I:$K,3,0) -> 35000 | G39: 35000 | H39: =C39*G39 -> 210000
A40: Xà Lách Lolo Tím | B40: Túi | C40: 20 | D40: 45620 | E40: Xà Lách Lolo Tím Túi 24/11/2024 | F40: =35000*0.3 -> 10500 | G40: 10500 | H40: =C40*G40 -> 210000
A41: Xà Lách Lolo Xanh | B41: KG | C41: 100 | D41: 45620 | E41: Xà Lách Lolo Xanh KG 24/11/2024 | F41: =VLOOKUP(E41,'[2]SỔ CHI TIẾT MUA HÀNG'!$I:$K,3,0) -> 14000 | G41: 14000 | H41: =C41*G41 -> 1400000
A42: Xà Lách Lolo Xanh T.C | B42: KG | C42: 30 | D42: 45620 | E42: Xà Lách Lolo Xanh T.C KG 24/11/2024 | F42: =VLOOKUP(E42,'[2]SỔ CHI TIẾT MUA HÀNG'!$I:$K,3,0) -> 28000 | G42: 28000 | H42: =C42*G42 -> 840000
A43: Xà Lách Lolo Xanh T.C Cây | B43: Cây | C43: 200 | D43: 45620 | E43: Xà Lách Lolo Xanh T.C Cây Cây 24/11/2024 | F43: =VLOOKUP(E43,'[2]SỔ CHI TIẾT MUA HÀNG'!$I:$K,3,0) -> 6800 | G43: 6800 | H43: =C43*G43 -> 1360000
A44: Xà Lách Mỡ | B44: KG | C44: 60 | D44: 45620 | E44: Xà Lách Mỡ KG 24/11/2024 | F44: 28000 | G44: 28000 | H44: =C44*G44 -> 1680000
A45: Xà Lách Mỡ T.C Cây | B45: Cây | C45: 20 | D45: 45620 | E45: Xà Lách Mỡ T.C Cây Cây 24/11/2024 | F45: 6800 | G45: 6800 | H45: =C45*G45 -> 136000
A46: Xà Lách Mỹ | B46: KG | C46: 40 | D46: 45620 | E46: Xà Lách Mỹ KG 24/11/2024 | F46: 33000 | G46: 33000 | H46: =C46*G46 -> 1320000
A47: Xà Lách Rocket | B47: KG | C47: 2 | D47: 45620 | E47: Xà Lách Rocket KG 24/11/2024 | F47: =VLOOKUP(E47,'[2]SỔ CHI TIẾT MUA HÀNG'!$I:$K,3,0) -> 120000 | G47: 120000 | H47: =C47*G47 -> 240000
A48: Xà Lách Romaine | B48: KG | C48: 10 | D48: 45620 | E48: Xà Lách Romaine KG 24/11/2024 | F48: =VLOOKUP(E48,'[2]SỔ CHI TIẾT MUA HÀNG'!$I:$K,3,0) -> 30000 | G48: 30000 | H48: =C48*G48 -> 300000
A49: Xà Lách Thủy Tinh T.C Cây | B49: Cây | C49: 10 | D49: 45620 | E49: Xà Lách Thủy Tinh T.C Cây Cây 24/11/2024 | F49: =VLOOKUP(E49,'[2]SỔ CHI TIẾT MUA HÀNG'!$I:$K,3,0) -> 6800 | G49: 6800 | H49: =C49*G49 -> 68000

Sheet 2311
H1: =SUM(H2:H47) -> 42164950
A2: Bắp Cải Trái Tim | B2: KG | C2: 25 | D2: 45619 | E2: Bắp Cải Trái Tim KG 23/11/2024 | F2: 12000 | G2: 12000 | H2: =C2*G2 -> 300000
A3: Bí Đao Xanh | B3: Trái | C3: 30 | D3: 45619 | E3: Bí Đao Xanh Trái 23/11/2024 | F3: 4000 | G3: 4000 | H3: =C3*G3 -> 120000
A4: Bí Ngòi Xanh | B4: Trái 280gr | C4: 250 | D4: 45619 | E4: Bí Ngòi Xanh Trái 280gr 23/11/2024 | F4: 3000 | G4: 3000 | H4: =C4*G4 -> 750000
A5: Bí Non Nhật | B5: Trái | C5: 150 | D5: 45619 | E5: Bí Non Nhật Trái 23/11/2024 | F5: 3000 | G5: 3000 | H5: =C5*G5 -> 450000
A6: Bông Cải Xanh Baby | B6: Vỉ | C6: 50 | D6: 45619 | E6: Bông Cải Xanh Baby Vỉ 23/11/2024 | F6: 11200 | G6: 11200 | H6: =C6*G6 -> 560000
A7: Cà Chua Beef | B7: KG | C7: 150 | D7: 45619 | E7: Cà Chua Beef KG 23/11/2024 | F7: =VLOOKUP(E7,'[2]SỔ CHI TIẾT MUA HÀNG'!$I:$K,3,0) -> 18000 | G7: 18000 | H7: =C7*G7 -> 2700000
A8: Cà Chua Beef Trung | B8: Vỉ 500gr | C8: 100 | D8: 45619 | E8: Cà Chua Beef Trung Vỉ 500gr 23/11/2024 | F8: =16500/2 -> 8250 | G8: 8250 | H8: =C8*G8 -> 825000
A9: Cà Chua Bi Mix | B9: Hộp | C9: 55 | D9: 45619 | E9: Cà Chua Bi Mix Hộp 23/11/2024 | F9: 12450 | G9: 12450 | H9: =C9*G9 -> 684750
A10: Cà Chua Socola | B10: Hộp 300gr | C10: 100 | D10: 45619 | E10: Cà Chua Socola Hộp 300gr 23/11/2024 | F10: 11550 | G10: 11550 | H10: =C10*G10 -> 1155000
A11: Cà Chua Thường | B11: KG | C11: 100 | D11: 45619 | E11: Cà Chua Thường KG 23/11/2024 | F11: 17000 | G11: 17000 | H11: =C11*G11 -> 1700000
A12: Cà Rốt | B12: KG | C12: 100 | D12: 45619 | E12: Cà Rốt KG 23/11/2024 | F12: =VLOOKUP(E12,'[2]SỔ CHI TIẾT MUA HÀNG'!$I:$K,3,0) -> 14000 | G12: 14000 | H12: =C12*G12 -> 1400000
A13: Cà Rốt Baby | B13: Vỉ | C13: 60 | D13: 45619 | E13: Cà Rốt Baby Vỉ 23/11/2024 | F13: 9600 | G13: 9600 | H13: =C13*G13 -> 576000
A14: Cải Bó Xôi | B14: KG | C14: 60 | D14: 45619 | E14: Cải Bó Xôi KG 23/11/2024 | F14: =VLOOKUP(E14,'[2]SỔ CHI TIẾT MUA HÀNG'!$I:$K,3,0) -> 20000 | G14: 20000 | H14: =C14*G14 -> 1200000
A15: Cải Kale | B15: Túi | C15: 123 | D15: 45619 | E15: Cải Kale Túi 23/11/2024 | F15: =28000*0.3 -> 8400 | G15: 8400 | H15: =C15*G15 -> 1033200
A16: Cải Kale | B16: Túi 150gr | C16: 10 | D16: 45619 | E16: Cải Kale Túi 150gr 23/11/2024 | F16: =F15/2 -> 4200 | G16: 4200 | H16: =C16*G16 -> 42000
A17: Cần Tây | B17: Cây | C17: 100 | D17: 45619 | E17: Cần Tây Cây 23/11/2024 | F17: 10000 | G17: 10000 | H17: =C17*G17 -> 1000000
A18: Chanh Không Hạt | B18: Vỉ | C18: 30 | D18: 45619 | E18: Chanh Không Hạt Vỉ 23/11/2024 | F18: 6500 | G18: 6500 | H18: =C18*G18 -> 195000
A19: Củ Cải Trắng | B19: KG | C19: 20 | D19: 45619 | E19: Củ Cải Trắng KG 23/11/2024 | F19: =VLOOKUP(E19,'[2]SỔ CHI TIẾT MUA HÀNG'!$I:$K,3,0) -> 5000 | G19: 5000 | H19: =C19*G19 -> 100000
A20: Củ Dền | B20: KG | C20: 20 | D20: 45619 | E20: Củ Dền KG 23/11/2024 | F20: =VLOOKUP(E20,'[2]SỔ CHI TIẾT MUA HÀNG'!$I:$K,3,0) -> 18000 | G20: 18000 | H20: =C20*G20 -> 360000
A21: Củ Hành Tây | B21: KG | C21: 50 | D21: 45619 | E21: Củ Hành Tây KG 23/11/2024 | F21: =VLOOKUP(E21,'[2]SỔ CHI TIẾT MUA HÀNG'!$I:$K,3,0) -> 28000 | G21: 28000 | H21: =C21*G21 -> 1400000
A22: Củ Khoai Lang Mật Size 46 | B22: KG | C22: 80 | D22: 45619 | E22: Củ Khoai Lang Mật Size 46 KG 23/11/2024 | F22: 23000 | G22: 23000 | H22: =C22*G22 -> 1840000
A23: Củ Khoai Lang Nhật | B23: KG | C23: 80 | D23: 45619 | E23: Củ Khoai Lang Nhật KG 23/11/2024 | F23: =VLOOKUP(E23,'[2]SỔ CHI TIẾT MUA HÀNG'!$I:$K,3,0) -> 17000 | G23: 17000 | H23: =C23*G23 -> 1360000
A24: Củ Khoai Tây Vàng | B24: KG | C24: 40 | D24: 45619 | E24: Củ Khoai Tây Vàng KG 23/11/2024 | F24: =VLOOKUP(E24,'[2]SỔ CHI TIẾT MUA HÀNG'!$I:$K,3,0) -> 15000 | G24: 15000 | H24: =C24*G24 -> 600000
A25: Đậu Cove Nhật | B25: Túi | C25: 15 | D25: 45619 | E25: Đậu Cove Nhật Túi 23/11/2024 | F25: =VLOOKUP(E25,'[2]SỔ CHI TIẾT MUA HÀNG'!$I:$K,3,0) -> 6000 | G25: 6000 | H25: =C25*G25 -> 90000
A26: Đậu Đỏ | B26: KG | C26: 3 | D26: 45619 | E26: Đậu Đỏ KG 23/11/2024 | F26: =VLOOKUP(E26,'[2]SỔ CHI TIẾT MUA HÀNG'!$I:$K,3,0) -> 80000 | G26: 80000 | H26: =C26*G26 -> 240000
A27: Dưa Leo Baby | B27: Vỉ | C27: 450 | D27: 45619 | E27: Dưa Leo Baby Vỉ 23/11/2024 | F27: =VLOOKUP(E27,'[2]SỔ CHI TIẾT MUA HÀNG'!$I:$K,3,0) -> 6000 | G27: 6000 | H27: =C27*G27 -> 2700000
A28: Dưa Leo Nhật | B28: Túi | C28: 20 | D28: 45619 | E28: Dưa Leo Nhật Túi 23/11/2024 | F28: 6000 | G28: 6000 | H28: =C28*G28 -> 120000
A29: Hành Paro | B29: KG | C29: 20 | D29: 45619 | E29: Hành Paro KG 23/11/2024 | F29: =VLOOKUP(E29,'[2]SỔ CHI TIẾT MUA HÀNG'!$I:$K,3,0) -> 30000 | G29: 30000 | H29: =C29*G29 -> 600000
A30: Hành Paro | B30: Cây | C30: 100 | D30: 45619 | E30: Hành Paro Cây 23/11/2024 | F30: 6600 | G30: 6600 | H30: =C30*G30 -> 660000
A31: Hồng Treo Gió | B31: Hộp | C31: 20 | D31: 45619 | E31: Hồng Treo Gió Hộp 23/11/2024 | F31: 100000 | G31: 100000 | H31: =C31*G31 -> 2000000
A32: Lá É | B32: Gói | C32: 25 | D32: 45619 | E32: Lá É Gói 23/11/2024 | F32: =26000*0.3 -> 7800 | G32: 7800 | H32: =C32*G32 -> 195000
A33: Lá Mè | B33: Túi | C33: 300 | D33: 45619 | E33: Lá Mè Túi 23/11/2024 | F33: 1900 | G33: 1900 | H33: =C33*G33 -> 570000
A34: Măng Tây | B34: KG | C34: 35 | D34: 45619 | E34: Măng Tây KG 23/11/2024 | F34: =VLOOKUP(E34,'[2]SỔ CHI TIẾT MUA HÀNG'!$I:$K,3,0) -> 62000 | G34: 62000 | H34: =C34*G34 -> 2170000
A35: Ớt Chuông Baby | B35: KG | C35: 24 | D35: 45619 | E35: Ớt Chuông Baby KG 23/11/2024 | F35: =VLOOKUP(E35,'[2]SỔ CHI TIẾT MUA HÀNG'!$I:$K,3,0) -> 44000 | G35: 44000 | H35: =C35*G35 -> 1056000
A36: Ớt Chuông Đỏ | B36: Trái 180gr | C36: 150 | D36: 45619 | E36: Ớt Chuông Đỏ Trái 180gr 23/11/2024 | F36: =35000/4 -> 8750 | G36: 8750 | H36: =C36*G36 -> 1312500
A37: Ớt Chuông Vàng | B37: Trái 180gr | C37: 150 | D37: 45619 | E37: Ớt Chuông Vàng Trái 180gr 23/11/2024 | F37: =18000/4 -> 4500 | G37: 4500 | H37: =C37*G37 -> 675000
A38: Ớt Chuông Xanh | B38: Trái 180gr | C38: 60 | D38: 45619 | E38: Ớt Chuông Xanh Trái 180gr 23/11/2024 | F38: =28000/4 -> 7000 | G38: 7000 | H38: =C38*G38 -> 420000
A39: Ớt Sweet Palemo | B39: Túi | C39: 200 | D39: 45619 | E39: Ớt Sweet Palemo Túi 23/11/2024 | F39: =VLOOKUP(E39,'[2]SỔ CHI TIẾT MUA HÀNG'!$I:$K,3,0) -> 22000 | G39: 22000 | H39: =C39*G39 -> 4400000
A40: Rau Ngò Rí | B40: KG | C40: 8 | D40: 45619 | E40: Rau Ngò Rí KG 23/11/2024 | F40: =VLOOKUP(E40,'[2]SỔ CHI TIẾT MUA HÀNG'!$I:$K,3,0) -> 35000 | G40: 35000 | H40: =C40*G40 -> 280000
A41: Xà Lách Lolo Xanh | B41: KG | C41: 50 | D41: 45619 | E41: Xà Lách Lolo Xanh KG 23/11/2024 | F41: =VLOOKUP(E41,'[2]SỔ CHI TIẾT MUA HÀNG'!$I:$K,3,0) -> 14000 | G41: 14000 | H41: =C41*G41 -> 700000
A42: Xà Lách Lolo Xanh T.C | B42: KG | C42: 35 | D42: 45619 | E42: Xà Lách Lolo Xanh T.C KG 23/11/2024 | F42: =VLOOKUP(E42,'[2]SỔ CHI TIẾT MUA HÀNG'!$I:$K,3,0) -> 28000 | G42: 28000 | H42: =C42*G42 -> 980000
A43: Xà Lách Lolo Xanh T.C Cây | B43: Cây | C43: 100 | D43: 45619 | E43: Xà Lách Lolo Xanh T.C Cây Cây 23/11/2024 | F43: =VLOOKUP(E43,'[2]SỔ CHI TIẾT MUA HÀNG'!$I:$K,3,0) -> 6800 | G43: 6800 | H43: =C43*G43 -> 680000
A44: Xà Lách Mỡ T.C | B44: KG | C44: 40 | D44: 45619 | E44: Xà Lách Mỡ T.C KG 23/11/2024 | F44: =VLOOKUP(E44,'[2]SỔ CHI TIẾT MUA HÀNG'!$I:$K,3,0) -> 28000 | G44: 28000 | H44: =C44*G44 -> 1120000
A45: Xà Lách Mỡ T.C Cây | B45: Cây | C45: 20 | D45: 45619 | E45: Xà Lách Mỡ T.C Cây Cây 23/11/2024 | F45: 6800 | G45: 6800 | H45: =C45*G45 -> 136000
A46: Xà Lách Mỹ | B46: KG | C46: 20 | D46: 45619 | E46: Xà Lách Mỹ KG 23/11/2024 | F46: 33000 | G46: 33000 | H46: =C46*G46 -> 660000
A47: Xà Lách Romaine | B47: Túi | C47: 5 | D47: 45619 | E47: Xà Lách Romaine Túi 23/11/2024 | F47: =33000*0.3 -> 9900 | G47: 9900 | H47: =C47*G47 -> 49500

Sheet 2211
H1: =SUM(H2:H50) -> 44752500
A2: Bí Đao Xanh | B2: Trái | C2: 20 | D2: 45618 | E2: Bí Đao Xanh Trái 22/11/2024 | F2: 4000 | G2: 4000 | H2: =C2*G2 -> 80000
A3: Bí Đỏ Tròn | B3: KG | C3: 30 | D3: 45618 | E3: Bí Đỏ Tròn KG 22/11/2024 | F3: 5000 | G3: 5000 | H3: =C3*G3 -> 150000
A4: Bí Ngòi Xanh | B4: KG | C4: 30 | D4: 45618 | E4: Bí Ngòi Xanh KG 22/11/2024 | F4: =VLOOKUP(E4,'[2]SỔ CHI TIẾT MUA HÀNG'!$I:$K,3,0) -> 11000 | G4: 11000 | H4: =C4*G4 -> 330000
A5: Bí Ngòi Xanh | B5: Trái 280gr | C5: 200 | D5: 45618 | E5: Bí Ngòi Xanh Trái 280gr 22/11/2024 | F5: =11000*0.3 -> 3300 | G5: 3300 | H5: =C5*G5 -> 660000
A6: Bí Non Nhật | B6: Trái | C6: 140 | D6: 45618 | E6: Bí Non Nhật Trái 22/11/2024 | F6: 3000 | G6: 3000 | H6: =C6*G6 -> 420000
A7: Bơ Booth | B7: KG | C7: 20 | D7: 45618 | E7: Bơ Booth KG 22/11/2024 | F7: =VLOOKUP(E7,'[2]SỔ CHI TIẾT MUA HÀNG'!$I:$K,3,0) -> 39000 | G7: 39000 | H7: =C7*G7 -> 780000
A8: Bông Cải Xanh Baby | B8: Vỉ | C8: 10 | D8: 45618 | E8: Bông Cải Xanh Baby Vỉ 22/11/2024 | F8: 11200 | G8: 11200 | H8: =C8*G8 -> 112000
A9: Cà Chua Beef | B9: KG | C9: 200 | D9: 45618 | E9: Cà Chua Beef KG 22/11/2024 | F9: =VLOOKUP(E9,'[2]SỔ CHI TIẾT MUA HÀNG'!$I:$K,3,0) -> 18000 | G9: 18000 | H9: =C9*G9 -> 3600000
A10: Cà Chua Beef Trung | B10: Vỉ 500gr | C10: 200 | D10: 45618 | E10: Cà Chua Beef Trung Vỉ 500gr 22/11/2024 | F10: =17000/2 -> 8500 | G10: 8500 | H10: =C10*G10 -> 1700000
A11: Cà Chua Bi Mix | B11: Hộp | C11: 60 | D11: 45618 | E11: Cà Chua Bi Mix Hộp 22/11/2024 | F11: ='2111'!H12 -> 17000 | G11: 17000 | H11: =C11*G11 -> 1020000
A12: Cà Chua Socola | B12: Hộp 300gr | C12: 50 | D12: 45618 | E12: Cà Chua Socola Hộp 300gr 22/11/2024 | F12: 12450 | G12: 12450 | H12: =C12*G12 -> 622500
A13: Cà Chua Thường | B13: KG | C13: 140 | D13: 45618 | E13: Cà Chua Thường KG 22/11/2024 | F13: =VLOOKUP(E13,'[2]SỔ CHI TIẾT MUA HÀNG'!$I:$K,3,0) -> 17000 | G13: 17000 | H13: =C13*G13 -> 2380000
A14: Cà Rốt | B14: KG | C14: 40 | D14: 45618 | E14: Cà Rốt KG 22/11/2024 | F14: =VLOOKUP(E14,'[2]SỔ CHI TIẾT MUA HÀNG'!$I:$K,3,0) -> 14000 | G14: 14000 | H14: =C14*G14 -> 560000
A15: Cà Rốt Baby | B15: Vỉ | C15: 80 | D15: 45618 | E15: Cà Rốt Baby Vỉ 22/11/2024 | F15: 9600 | G15: 9600 | H15: =C15*G15 -> 768000
A16: Cải Kale | B16: Túi | C16: 100 | D16: 45618 | E16: Cải Kale Túi 22/11/2024 | F16: =28000*0.3 -> 8400 | G16: 8400 | H16: =C16*G16 -> 840000
A17: Cần Tây | B17: Cây | C17: 100 | D17: 45618 | E17: Cần Tây Cây 22/11/2024 | F17: 10000 | G17: 10000 | H17: =C17*G17 -> 1000000
A18: Chanh Không Hạt | B18: Vỉ | C18: 50 | D18: 45618 | E18: Chanh Không Hạt Vỉ 22/11/2024 | F18: =VLOOKUP(A18,'2111'!A:I,8,0) -> 6500 | G18: 6500 | H18: =C18*G18 -> 325000
A19: Củ Cải Trắng | B19: KG | C19: 20 | D19: 45618 | E19: Củ Cải Trắng KG 22/11/2024 | F19: =VLOOKUP(E19,'[2]SỔ CHI TIẾT MUA HÀNG'!$I:$K,3,0) -> 6000 | G19: 6000 | H19: =C19*G19 -> 120000
A20: Củ Dền | B20: KG | C20: 20 | D20: 45618 | E20: Củ Dền KG 22/11/2024 | F20: =VLOOKUP(E20,'[2]SỔ CHI TIẾT MUA HÀNG'!$I:$K,3,0) -> 18000 | G20: 18000 | H20: =C20*G20 -> 360000
A21: Củ Hành Tây | B21: KG | C21: 60 | D21: 45618 | E21: Củ Hành Tây KG 22/11/2024 | F21: 20000 | G21: 20000 | H21: =C21*G21 -> 1200000
A22: Củ Khoai Lang Mật Size 46 | B22: KG | C22: 140 | D22: 45618 | E22: Củ Khoai Lang Mật Size 46 KG 22/11/2024 | F22: =VLOOKUP(A22,'2111'!A:I,8,0) -> 26000 | G22: 26000 | H22: =C22*G22 -> 3640000
A23: Củ Khoai Lang Nhật | B23: KG | C23: 120 | D23: 45618 | E23: Củ Khoai Lang Nhật KG 22/11/2024 | F23: =VLOOKUP(E23,'[2]SỔ CHI TIẾT MUA HÀNG'!$I:$K,3,0) -> 17000 | G23: 17000 | H23: =C23*G23 -> 2040000
A24: Củ Khoai Mỡ | B24: KG | C24: 10 | D24: 45618 | E24: Củ Khoai Mỡ KG 22/11/2024 | F24: =VLOOKUP(E24,'[2]SỔ CHI TIẾT MUA HÀNG'!$I:$K,3,0) -> 25000 | G24: 25000 | H24: =C24*G24 -> 250000
A25: Củ Khoai Tây Vàng | B25: KG | C25: 40 | D25: 45618 | E25: Củ Khoai Tây Vàng KG 22/11/2024 | F25: =VLOOKUP(E25,'[2]SỔ CHI TIẾT MUA HÀNG'!$I:$K,3,0) -> 15000 | G25: 15000 | H25: =C25*G25 -> 600000
A26: Đậu Cove Nhật | B26: Túi | C26: 15 | D26: 45618 | E26: Đậu Cove Nhật Túi 22/11/2024 | F26: =VLOOKUP(E26,'[2]SỔ CHI TIẾT MUA HÀNG'!$I:$K,3,0) -> 6000 | G26: 6000 | H26: =C26*G26 -> 90000
A27: Đậu Cove Trắng | B27: Túi 300gr | C27: 20 | D27: 45618 | E27: Đậu Cove Trắng Túi 300gr 22/11/2024 | F27: =VLOOKUP(E27,'[2]SỔ CHI TIẾT MUA HÀNG'!$I:$K,3,0) -> 8000 | G27: 8000 | H27: =C27*G27 -> 160000
A28: Dưa Leo Baby | B28: Vỉ | C28: 500 | D28: 45618 | E28: Dưa Leo Baby Vỉ 22/11/2024 | F28: =VLOOKUP(A28,'2111'!A:I,8,0) -> 5000 | G28: 5000 | H28: =C28*G28 -> 2500000
A29: Dưa Leo Thường | B29: KG | C29: 20 | D29: 45618 | E29: Dưa Leo Thường KG 22/11/2024 | F29: =VLOOKUP(E29,'[2]SỔ CHI TIẾT MUA HÀNG'!$I:$K,3,0) -> 3000 | G29: 3000 | H29: =C29*G29 -> 60000
A30: Hành Paro | B30: KG | C30: 15 | D30: 45618 | E30: Hành Paro KG 22/11/2024 | F30: =VLOOKUP(A30,'2111'!A:I,8,0) -> 33000 | G30: 33000 | H30: =C30*G30 -> 495000
A31: Hành Paro | B31: Cây | C31: 80 | D31: 45618 | E31: Hành Paro Cây 22/11/2024 | F31: =F30/5 -> 6600 | G31: 6600 | H31: =C31*G31 -> 528000
A32: Hồng Treo Gió | B32: Hộp | C32: 15 | D32: 45618 | E32: Hồng Treo Gió Hộp 22/11/2024 | F32: =VLOOKUP(A32,'2111'!A:I,8,0) -> 100000 | G32: 100000 | H32: =C32*G32 -> 1500000
A33: Lá É | B33: Gói | C33: 30 | D33: 45618 | E33: Lá É Gói 22/11/2024 | F33: =VLOOKUP(A33,'2111'!A:I,8,0)*0.3 -> 7800 | G33: 7800 | H33: =C33*G33 -> 234000
A34: Lá Hương Thảo | B34: Túi | C34: 10 | D34: 45618 | E34: Lá Hương Thảo Túi 22/11/2024 | F34: =VLOOKUP(A34,'2111'!A:I,8,0)/20 -> 5000 | G34: 5000 | H34: =C34*G34 -> 50000
A35: Lá Nha Đam | B35: KG | C35: 10 | D35: 45618 | E35: Lá Nha Đam KG 22/11/2024 | F35: =VLOOKUP(E35,'[2]SỔ CHI TIẾT MUA HÀNG'!$I:$K,3,0) -> 14000 | G35: 14000 | H35: =C35*G35 -> 140000
A36: Măng Tây | B36: KG | C36: 20 | D36: 45618 | E36: Măng Tây KG 22/11/2024 | F36: =VLOOKUP(E36,'[2]SỔ CHI TIẾT MUA HÀNG'!$I:$K,3,0) -> 63000 | G36: 63000 | H36: =C36*G36 -> 1260000
A37: Ớt Chuông Baby | B37: KG | C37: 30 | D37: 45618 | E37: Ớt Chuông Baby KG 22/11/2024 | F37: =VLOOKUP(E37,'[2]SỔ CHI TIẾT MUA HÀNG'!$I:$K,3,0) -> 44000 | G37: 44000 | H37: =C37*G37 -> 1320000
A38: Ớt Chuông Đỏ | B38: Trái 180gr | C38: 200 | D38: 45618 | E38: Ớt Chuông Đỏ Trái 180gr 22/11/2024 | F38: =VLOOKUP(A38,'2111'!A:I,8,0)/4 -> 8750 | G38: 8750 | H38: =C38*G38 -> 1750000
A39: Ớt Chuông Vàng | B39: Trái 180gr | C39: 160 | D39: 45618 | E39: Ớt Chuông Vàng Trái 180gr 22/11/2024 | F39: =VLOOKUP(A39,'2111'!A:I,8,0)/4 -> 4500 | G39: 4500 | H39: =C39*G39 -> 720000
A40: Ớt Chuông Xanh | B40: Trái 180gr | C40: 80 | D40: 45618 | E40: Ớt Chuông Xanh Trái 180gr 22/11/2024 | F40: =VLOOKUP(A40,'2111'!A:I,8,0)/4 -> 7000 | G40: 7000 | H40: =C40*G40 -> 560000
A41: Ớt Sweet Palemo | B41: Túi | C41: 220 | D41: 45618 | E41: Ớt Sweet Palemo Túi 22/11/2024 | F41: 22000 | G41: 22000 | H41: =C41*G41 -> 4840000
A42: Rau Ngò Rí | B42: KG | C42: 6 | D42: 45618 | E42: Rau Ngò Rí KG 22/11/2024 | F42: =VLOOKUP(E42,'[2]SỔ CHI TIẾT MUA HÀNG'!$I:$K,3,0) -> 35000 | G42: 35000 | H42: =C42*G42 -> 210000
A43: Xà Lách Lolo Xanh T.C | B43: KG | C43: 35 | D43: 45618 | E43: Xà Lách Lolo Xanh T.C KG 22/11/2024 | F43: =VLOOKUP(A43,'2111'!A:I,8,0) -> 28000 | G43: 28000 | H43: =C43*G43 -> 980000
A44: Xà Lách Lolo Xanh T.C Cây | B44: Cây | C44: 120 | D44: 45618 | E44: Xà Lách Lolo Xanh T.C Cây Cây 22/11/2024 | F44: =VLOOKUP(A44,'2111'!A:I,8,0) -> 6800 | G44: 6800 | H44: =C44*G44 -> 816000
A45: Xà Lách Mỡ | B45: KG | C45: 60 | D45: 45618 | E45: Xà Lách Mỡ KG 22/11/2024 | F45: =VLOOKUP(A45,'2111'!A:I,8,0) -> 28000 | G45: 28000 | H45: =C45*G45 -> 1680000
A46: Xà Lách Mỡ T.C | B46: KG | C46: 10 | D46: 45618 | E46: Xà Lách Mỡ T.C KG 22/11/2024 | F46: =VLOOKUP(E46,'[2]SỔ CHI TIẾT MUA HÀNG'!$I:$K,3,0) -> 28000 | G46: 28000 | H46: =C46*G46 -> 280000
A47: Xà Lách Mỡ T.C Cây | B47: Cây | C47: 10 | D47: 45618 | E47: Xà Lách Mỡ T.C Cây Cây 22/11/2024 | F47: =VLOOKUP(E47,'[2]SỔ CHI TIẾT MUA HÀNG'!$I:$K,3,0) -> 6800 | G47: 6800 | H47: =C47*G47 -> 68000
A48: Xà Lách Mỹ | B48: KG | C48: 20 | D48: 45618 | E48: Xà Lách Mỹ KG 22/11/2024 | F48: =VLOOKUP(E48,'[2]SỔ CHI TIẾT MUA HÀNG'!$I:$K,3,0) -> 33000 | G48: 33000 | H48: =C48*G48 -> 660000
A49: Xà Lách Rocket | B49: Túi | C49: 6 | D49: 45618 | E49: Xà Lách Rocket Túi 22/11/2024 | F49: =120000/5 -> 24000 | G49: 24000 | H49: =C49*G49 -> 144000
A50: Xà Lách Romaine | B50: KG | C50: 5 | D50: 45618 | E50: Xà Lách Romaine KG 22/11/2024 | F50: =VLOOKUP(E50,'[2]SỔ CHI TIẾT MUA HÀNG'!$I:$K,3,0) -> 30000 | G50: 30000 | H50: =C50*G50 -> 150000

Sheet 2111
I1: =SUM(I2:I48) -> 43308150
A2: Bắp Cải Trái Tim | B2: Bắp Cải Trái Tim 21/11/2024 | C2: KG | D2: 20 | E2: 45617 | F2: Bắp Cải Trái Tim KG 21/11/2024 | G2: 12000 | H2: 12000 | I2: =D2*H2 -> 240000
A3: Bí Đỏ Tròn | B3: Bí Đỏ Tròn 21/11/2024 | C3: KG | D3: 40 | E3: 45617 | F3: Bí Đỏ Tròn KG 21/11/2024 | G3: 5000 | H3: 5000 | I3: =D3*H3 -> 200000
A4: Bí Ngòi Xanh | B4: Bí Ngòi Xanh 21/11/2024 | C4: Trái 280gr | D4: 350 | E4: 45617 | F4: Bí Ngòi Xanh Trái 280gr 21/11/2024 | G4: =VLOOKUP(B4,[2]Sheet1!$K:$N,4,0) -> 3000 | H4: 3000 | I4: =D4*H4 -> 1050000
A5: Bí Non Nhật | B5: Bí Non Nhật 20/11/2024 | C5: Trái | D5: 136 | E5: 45617 | F5: Bí Non Nhật Trái 21/11/2024 | G5: =VLOOKUP(B5,[2]Sheet1!$K:$N,4,0) -> 3000 | H5: 3000 | I5: =D5*H5 -> 408000
A6: Bông Cải Xanh 7Cm | B6: Bông Cải Xanh 7Cm 21/11/2024 | C6: KG | D6: 20 | E6: 45617 | F6: Bông Cải Xanh 7Cm KG 21/11/2024 | G6: 30000 | H6: 30000 | I6: =D6*H6 -> 600000
A7: Bông Cải Xanh Baby | C7: KG | D7: 7 | E7: 45617 | F7: Bông Cải Xanh Baby KG 21/11/2024 | G7: =VLOOKUP(F7,'[2]SỔ CHI TIẾT MUA HÀNG'!$I:$K,3,0) -> 56000 | H7: 56000 | I7: =D7*H7 -> 392000
A8: Bông Cải Xanh Baby | B8: Bông Cải Xanh Baby 21/11/2024 | C8: Vỉ | D8: 12 | E8: 45617 | F8: Bông Cải Xanh Baby Vỉ 21/11/2024 | G8: =VLOOKUP(B8,[2]Sheet1!$K:$N,4,0) -> 11200 | H8: 11200 | I8: =D8*H8 -> 134400
A9: Cà Chua Beef | C9: KG | D9: 190 | E9: 45617 | F9: Cà Chua Beef KG 21/11/2024 | G9: =VLOOKUP(F9,'[2]SỔ CHI TIẾT MUA HÀNG'!$I:$K,3,0) -> 19000 | H9: 19000 | I9: =D9*H9 -> 3610000
A10: Cà Chua Bi Mix | B10: Cà Chua Bi Mix 21/11/2024 | C10: Hộp | D10: 65 | E10: 45617 | F10: Cà Chua Bi Mix Hộp 21/11/2024 | G10: ='1911'!F16 -> 15450 | H10: 15450 | I10: =D10*H10 -> 1004250
A11: Cà Chua Socola | B11: Cà Chua Socola Hộp 21/11/2024 | C11: Hộp 300gr | D11: 95 | E11: 45617 | F11: Cà Chua Socola Hộp 300gr 21/11/2024 | G11: 15000 | H11: 15000 | I11: =D11*H11 -> 1425000
A12: Cà Chua Thường | C12: KG | D12: 25 | E12: 45617 | F12: Cà Chua Thường KG 21/11/2024 | G12: =VLOOKUP(F12,'[2]SỔ CHI TIẾT MUA HÀNG'!$I:$K,3,0) -> 17000 | H12: 17000 | I12: =D12*H12 -> 425000
A13: Cà Rốt | C13: KG | D13: 24 | E13: 45617 | F13: Cà Rốt KG 21/11/2024 | G13: =VLOOKUP(F13,'[2]SỔ CHI TIẾT MUA HÀNG'!$I:$K,3,0) -> 15000 | H13: 15000 | I13: =D13*H13 -> 360000
A14: Cà Rốt Baby | B14: Cà Rốt Baby 21/11/2024 | C14: Vỉ | D14: 60 | E14: 45617 | F14: Cà Rốt Baby Vỉ 21/11/2024 | G14: =VLOOKUP(B14,[2]Sheet1!$K:$N,4,0) -> 9600 | H14: 9600 | I14: =D14*H14 -> 576000
A15: Cải Kale | B15: Cải Kale 21/11/2024 | C15: Túi | D15: 150 | E15: 45617 | F15: Cải Kale Túi 21/11/2024 | G15: =VLOOKUP(B15,[2]Sheet1!$K:$N,4,0) -> 8700 | H15: 8700 | I15: =D15*H15 -> 1305000
A16: Cải Kale | B16: Cải Kale Túi 21/11/2024 | C16: Túi 150gr | D16: 6 | E16: 45617 | F16: Cải Kale Túi 150gr 21/11/2024 | G16: =G15/2 -> 4350 | H16: 4350 | I16: =D16*H16 -> 26100
A17: Cần Tây | B17: Cần Tây 21/11/2024 | C17: Cây | D17: 200 | E17: 45617 | F17: Cần Tây Cây 21/11/2024 | G17: =VLOOKUP(B17,[2]Sheet1!$K:$N,4,0) -> 10000 | H17: 10000 | I17: =D17*H17 -> 2000000
A18: Chanh Không Hạt | B18: Chanh Không Hạt 21/11/2024 | C18: Vỉ | D18: 48 | E18: 45617 | F18: Chanh Không Hạt Vỉ 21/11/2024 | G18: =VLOOKUP(B18,[2]Sheet1!$K:$N,4,0) -> 6500 | H18: 6500 | I18: =D18*H18 -> 312000
A19: Củ Cải Trắng | C19: KG | D19: 15 | E19: 45617 | F19: Củ Cải Trắng KG 21/11/2024 | G19: =VLOOKUP(F19,'[2]SỔ CHI TIẾT MUA HÀNG'!$I:$K,3,0) -> 6000 | H19: 6000 | I19: =D19*H19 -> 90000
A20: Củ Hành Tây | B20: Củ Hành Tây 21/11/2024 | C20: KG | D20: 120 | E20: 45617 | F20: Củ Hành Tây KG 21/11/2024 | G20: 21000 | H20: 21000 | I20: =D20*H20 -> 2520000
A21: Củ Khoai Lang Mật Size 46 | B21: Củ Khoai Lang Mật Size 46 21/11/2024 | C21: KG | D21: 100 | E21: 45617 | F21: Củ Khoai Lang Mật Size 46 KG 21/11/2024 | G21: 26000 | H21: 26000 | I21: =D21*H21 -> 2600000
A22: Củ Khoai Lang Nhật | C22: KG | D22: 55 | E22: 45617 | F22: Củ Khoai Lang Nhật KG 21/11/2024 | G22: =VLOOKUP(F22,'[2]SỔ CHI TIẾT MUA HÀNG'!$I:$K,3,0) -> 17000 | H22: 17000 | I22: =D22*H22 -> 935000
A23: Dưa Leo Baby | B23: Dưa Leo Baby 21/11/2024 | C23: Vỉ | D23: 200 | E23: 45617 | F23: Dưa Leo Baby Vỉ 21/11/2024 | G23: 5000 | H23: 5000 | I23: =D23*H23 -> 1000000
A24: Dưa Leo Thường | B24: Dưa Leo Thường 21/11/2024 | C24: KG | D24: 60 | E24: 45617 | F24: Dưa Leo Thường KG 21/11/2024 | G24: 3000 | H24: 3000 | I24: =D24*H24 -> 180000
A25: Hành Paro | B25: Hành Paro 21/11/2024 | C25: KG | D25: 10 | E25: 45617 | F25: Hành Paro KG 21/11/2024 | G25: 33000 | H25: 33000 | I25: =D25*H25 -> 330000
A26: Hành Paro | B26: Hành Paro 21/11/2024 | C26: Cây | D26: 120 | E26: 45617 | F26: Hành Paro Cây 21/11/2024 | G26: =33000/5 -> 6600 | H26: 6600 | I26: =D26*H26 -> 792000
A27: Hồng Treo Gió | B27: Hồng Treo Gió 21/11/2024 | C27: Hộp | D27: 39 | E27: 45617 | F27: Hồng Treo Gió Hộp 21/11/2024 | G27: 100000 | H27: 100000 | I27: =D27*H27 -> 3900000
A28: Lá É | C28: KG | D28: 10 | E28: 45617 | F28: Lá É KG 21/11/2024 | G28: =VLOOKUP(F28,'[2]SỔ CHI TIẾT MUA HÀNG'!$I:$K,3,0) -> 26000 | H28: 26000 | I28: =D28*H28 -> 260000
A29: Lá Hương Thảo | C29: KG | D29: 1 | E29: 45617 | F29: Lá Hương Thảo KG 21/11/2024 | G29: =VLOOKUP(F29,'[2]SỔ CHI TIẾT MUA HÀNG'!$I:$K,3,0) -> 100000 | H29: 100000 | I29: =D29*H29 -> 100000
A30: Lá Mè | B30: Lá Mè 21/11/2024 | C30: Túi | D30: 290 | E30: 45617 | F30: Lá Mè Túi 21/11/2024 | G30: 2000 | H30: 2000 | I30: =D30*H30 -> 580000
A31: Lá Nha Đam | C31: KG | D31: 2 | E31: 45617 | F31: Lá Nha Đam KG 21/11/2024 | G31: =VLOOKUP(F31,'[2]SỔ CHI TIẾT MUA HÀNG'!$I:$K,3,0) -> 14000 | H31: 14000 | I31: =D31*H31 -> 28000
A32: Lá Tía Tô | B32: Lá Tía Tô 21/11/2024 | C32: KG | D32: 3 | E32: 45617 | F32: Lá Tía Tô KG 21/11/2024 | G32: 32000 | H32: 32000 | I32: =D32*H32 -> 96000
A33: Măng Tây | C33: KG | D33: 40 | E33: 45617 | F33: Măng Tây KG 21/11/2024 | G33: =VLOOKUP(F33,'[2]SỔ CHI TIẾT MUA HÀNG'!$I:$K,3,0) -> 62000 | H33: 62000 | I33: =D33*H33 -> 2480000
A34: Ớt Chuông Baby | B34: Ớt Chuông Baby 21/11/2024 | C34: KG | D34: 34 | E34: 45617 | F34: Ớt Chuông Baby KG 21/11/2024 | G34: 44000 | H34: 44000 | I34: =D34*H34 -> 1496000
A35: Ớt Chuông Đỏ | C35: KG | D35: 25 | E35: 45617 | F35: Ớt Chuông Đỏ KG 21/11/2024 | G35: =VLOOKUP(F35,'[2]SỔ CHI TIẾT MUA HÀNG'!$I:$K,3,0) -> 35000 | H35: 35000 | I35: =D35*H35 -> 875000
A36: Ớt Chuông Snack | C36: KG | D36: 13 | E36: 45617 | F36: Ớt Chuông Snack KG 21/11/2024 | G36: =VLOOKUP(F36,'[2]SỔ CHI TIẾT MUA HÀNG'!$I:$K,3,0) -> 49000 | H36: 49000 | I36: =D36*H36 -> 637000
A37: Ớt Chuông Vàng | C37: KG | D37: 40 | E37: 45617 | F37: Ớt Chuông Vàng KG 21/11/2024 | G37: =VLOOKUP(F37,'[2]SỔ CHI TIẾT MUA HÀNG'!$I:$K,3,0) -> 18000 | H37: 18000 | I37: =D37*H37 -> 720000
A38: Ớt Chuông Xanh | C38: KG | D38: 30 | E38: 45617 | F38: Ớt Chuông Xanh KG 21/11/2024 | G38: =VLOOKUP(F38,'[2]SỔ CHI TIẾT MUA HÀNG'!$I:$K,3,0) -> 28000 | H38: 28000 | I38: =D38*H38 -> 840000
A39: Ớt Sweet Palemo | B39: Ớt Sweet Palemo 21/11/2024 | C39: KG | D39: 20 | E39: 45617 | F39: Ớt Sweet Palemo KG 21/11/2024 | G39: 66000 | H39: 66000 | I39: =D39*H39 -> 1320000
A40: Ớt Sweet Palemo | B40: Ớt Sweet Palemo 21/11/2024 | C40: Túi | D40: 163 | E40: 45617 | F40: Ớt Sweet Palemo Túi 21/11/2024 | G40: 23000 | H40: 23000 | I40: =D40*H40 -> 3749000
A41: Rau Ngò Rí | B41: Rau Ngò Rí 21/11/2024 | C41: KG | D41: 10 | E41: 45617 | F41: Rau Ngò Rí KG 21/11/2024 | G41: 35000 | H41: 35000 | I41: =D41*H41 -> 350000
A42: Xà Lách Lolo Tím | C42: KG | D42: 10 | E42: 45617 | F42: Xà Lách Lolo Tím KG 21/11/2024 | G42: =VLOOKUP(F42,'[2]SỔ CHI TIẾT MUA HÀNG'!$I:$K,3,0) -> 40000 | H42: 40000 | I42: =D42*H42 -> 400000
A43: Xà Lách Lolo Xanh T.C | C43: KG | D43: 30 | E43: 45617 | F43: Xà Lách Lolo Xanh T.C KG 21/11/2024 | G43: =VLOOKUP(F43,'[2]SỔ CHI TIẾT MUA HÀNG'!$I:$K,3,0) -> 28000 | H43: 28000 | I43: =D43*H43 -> 840000
A44: Xà Lách Lolo Xanh T.C Cây | C44: Cây | D44: 100 | E44: 45617 | F44: Xà Lách Lolo Xanh T.C Cây Cây 21/11/2024 | G44: =VLOOKUP(F44,'[2]SỔ CHI TIẾT MUA HÀNG'!$I:$K,3,0) -> 6800 | H44: 6800 | I44: =D44*H44 -> 680000
A45: Xà Lách Mỡ | B45: Xà Lách Mỡ 21/11/2024 | C45: KG | D45: 20 | E45: 45617 | F45: Xà Lách Mỡ KG 21/11/2024 | G45: 28000 | H45: 28000 | I45: =D45*H45 -> 560000
A46: Xà Lách Mỡ T.C Cây | C46: Cây | D46: 20 | E46: 45617 | F46: Xà Lách Mỡ T.C Cây Cây 21/11/2024 | G46: =VLOOKUP(F46,'[2]SỔ CHI TIẾT MUA HÀNG'!$I:$K,3,0) -> 6800 | H46: 6800 | I46: =D46*H46 -> 136000
A47: Xà Lách Mỹ | B47: Xà Lách Mỹ 21/11/2024 | C47: KG | D47: 22 | E47: 45617 | F47: Xà Lách Mỹ KG 21/11/2024 | G47: 33000 | H47: 33000 | I47: =D47*H47 -> 726000
A48: Xà Lách Thủy Tinh T.C Cây | C48: Cây | D48: 3 | E48: 45617 | F48: Xà Lách Thủy Tinh T.C Cây Cây 21/11/2024 | G48: =VLOOKUP(F48,'[2]SỔ CHI TIẾT MUA HÀNG'!$I:$K,3,0) -> 6800 | H48: 6800 | I48: =D48*H48 -> 20400

Sheet 2011
A1: Tên hàng | B1: ĐVT | C1: Số lượng | D1: NGÀY NHẬP | H1: =SUM(H2:H53) -> 42153500
A2: Bắp Cải Tím | B2: KG | C2: 20 | D2: 45616 | E2: Bắp Cải Tím KG 20/11/2024 | F2: =VLOOKUP(E2,'[2]SỔ CHI TIẾT MUA HÀNG'!$I:$K,3,0) -> 30000 | G2: 30000 | H2: =C2*G2 -> 600000
A3: Bí Đao Xanh | B3: Trái | C3: 10 | D3: 45616 | E3: Bí Đao Xanh Trái 20/11/2024 | F3: 3000 | G3: 3000 | H3: =C3*G3 -> 30000
A4: Bí Đỏ Tròn | B4: KG | C4: 40 | D4: 45616 | E4: Bí Đỏ Tròn KG 20/11/2024 | F4: =VLOOKUP(E4,'[2]SỔ CHI TIẾT MUA HÀNG'!$I:$K,3,0) -> 5000 | G4: 5000 | H4: =C4*G4 -> 200000
A5: Bí Ngô Mini | B5: KG | C5: 10 | D5: 45616 | E5: Bí Ngô Mini KG 20/11/2024 | F5: =VLOOKUP(E5,'[2]SỔ CHI TIẾT MUA HÀNG'!$I:$K,3,0) -> 48000 | G5: 48000 | H5: =C5*G5 -> 480000
A6: Bí Ngòi Xanh | B6: Trái 280gr | C6: 260 | D6: 45616 | E6: Bí Ngòi Xanh Trái 280gr 20/11/2024 | F6: =VLOOKUP(A6,[2]Sheet1!$G:$N,7,0) -> 0.3 | G6: 3000 | H6: =C6*G6 -> 780000
A7: Bí Non Nhật | B7: KG | C7: 10 | D7: 45616 | E7: Bí Non Nhật KG 20/11/2024 | F7: =VLOOKUP(E7,'[2]SỔ CHI TIẾT MUA HÀNG'!$I:$K,3,0) -> 10000 | G7: 10000 | H7: =C7*G7 -> 100000
A8: Bí Non Nhật | B8: Trái | C8: 140 | D8: 45616 | E8: Bí Non Nhật Trái 20/11/2024 | F8: =VLOOKUP(A8,[2]Sheet1!$G:$N,7,0) -> 0.3 | G8: 3300 | H8: =C8*G8 -> 462000
A9: Bông Cải Xanh Baby | B9: Vỉ | C9: 39 | D9: 45616 | E9: Bông Cải Xanh Baby Vỉ 20/11/2024 | F9: =VLOOKUP(A9,[2]Sheet1!$G:$N,7,0) -> 0.2 | G9: 11400 | H9: =C9*G9 -> 444600
A10: Cà Chua Beef | B10: KG | C10: 140 | D10: 45616 | E10: Cà Chua Beef KG 20/11/2024 | F10: =VLOOKUP(E10,'[2]SỔ CHI TIẾT MUA HÀNG'!$I:$K,3,0) -> 20000 | G10: 20000 | H10: =C10*G10 -> 2800000
A11: Cà Chua Beef Trung | B11: Vỉ 500gr | C11: 100 | D11: 45616 | E11: Cà Chua Beef Trung Vỉ 500gr 20/11/2024 | F11: =VLOOKUP(A11,[2]Sheet1!$G:$N,7,0) -> 0.5 | G11: 9500 | H11: =C11*G11 -> 950000
A12: Cà Chua Bi Đỏ | B12: Hộp 300gr | C12: 90 | D12: 45616 | E12: Cà Chua Bi Đỏ Hộp 300gr 20/11/2024 | F12: =VLOOKUP(E12,'[2]SỔ CHI TIẾT MUA HÀNG'!$I:$K,3,0) -> 10500 | G12: 10500 | H12: =C12*G12 -> 945000
A13: Cà Chua Socola | B13: Hộp 300gr | C13: 120 | D13: 45616 | E13: Cà Chua Socola Hộp 300gr 20/11/2024 | F13: =51500*0.3 -> 15450 | G13: 15450 | H13: =C13*G13 -> 1854000
A14: Cà Chua Thường | B14: KG | C14: 40 | D14: 45616 | E14: Cà Chua Thường KG 20/11/2024 | F14: =VLOOKUP(E14,'[2]SỔ CHI TIẾT MUA HÀNG'!$I:$K,3,0) -> 14000 | G14: 14000 | H14: =C14*G14 -> 560000
A15: Cà Rốt Baby | B15: Vỉ | C15: 65 | D15: 45616 | E15: Cà Rốt Baby Vỉ 20/11/2024 | F15: =52000/5 -> 10400 | G15: 10400 | H15: =C15*G15 -> 676000
A16: Cải Bó Xôi | B16: KG | C16: 40 | D16: 45616 | E16: Cải Bó Xôi KG 20/11/2024 | F16: =VLOOKUP(E16,'[2]SỔ CHI TIẾT MUA HÀNG'!$I:$K,3,0) -> 25000 | G16: 25000 | H16: =C16*G16 -> 1000000
A17: Cải Kale | B17: Túi | C17: 40 | D17: 45616 | E17: Cải Kale Túi 20/11/2024 | F17: =VLOOKUP(A17,[2]Sheet1!$G:$N,7,0) -> 0.3 | G17: 9150 | H17: =C17*G17 -> 366000
A18: Cải Kale | B18: Túi 150gr | C18: 10 | D18: 45616 | E18: Cải Kale Túi 150gr 20/11/2024 | F18: =VLOOKUP(A18,[2]Sheet1!$G:$N,7,0) -> 0.3 | G18: 9150 | H18: =C18*G18 -> 91500
A19: Cải Thảo | B19: KG | C19: 30 | D19: 45616 | E19: Cải Thảo KG 20/11/2024 | F19: 7000 | G19: 7000 | H19: =C19*G19 -> 210000
A20: Cần Tây | B20: Cây | C20: 200 | D20: 45616 | E20: Cần Tây Cây 20/11/2024 | F20: =VLOOKUP(A20,[2]Sheet1!$G:$N,7,0) -> 0.5 | G20: 8500 | H20: =C20*G20 -> 1700000
A21: Chanh Không Hạt | B21: Vỉ | C21: 40 | D21: 45616 | E21: Chanh Không Hạt Vỉ 20/11/2024 | F21: =VLOOKUP(A21,[2]Sheet1!$G:$N,7,0) -> 0.25 | G21: 6500 | H21: =C21*G21 -> 260000
A22: Củ Cải Đỏ | B22: Hộp | C22: 30 | D22: 45616 | E22: Củ Cải Đỏ Hộp 20/11/2024 | F22: =VLOOKUP(E22,'[2]SỔ CHI TIẾT MUA HÀNG'!$I:$K,3,0) -> 14000 | G22: 14000 | H22: =C22*G22 -> 420000
A23: Củ Cải Trắng | B23: KG | C23: 10 | D23: 45616 | E23: Củ Cải Trắng KG 20/11/2024 | F23: =VLOOKUP(E23,'[2]SỔ CHI TIẾT MUA HÀNG'!$I:$K,3,0) -> 6000 | G23: 6000 | H23: =C23*G23 -> 60000
A24: Củ Hành Tây | B24: KG | C24: 50 | D24: 45616 | E24: Củ Hành Tây KG 20/11/2024 | F24: 21000 | G24: 21000 | H24: =C24*G24 -> 1050000
A25: Củ Hành Tây Tím | B25: KG | C25: 40 | D25: 45616 | E25: Củ Hành Tây Tím KG 20/11/2024 | F25: =VLOOKUP(E25,'[2]SỔ CHI TIẾT MUA HÀNG'!$I:$K,3,0) -> 20000 | G25: 20000 | H25: =C25*G25 -> 800000
A26: Củ Khoai Lang Mật Size 46 | B26: KG | C26: 100 | D26: 45616 | E26: Củ Khoai Lang Mật Size 46 KG 20/11/2024 | F26: 26000 | G26: 26000 | H26: =C26*G26 -> 2600000
A27: Củ Khoai Lang Nhật | B27: KG | C27: 110 | D27: 45616 | E27: Củ Khoai Lang Nhật KG 20/11/2024 | F27: =VLOOKUP(E27,'[2]SỔ CHI TIẾT MUA HÀNG'!$I:$K,3,0) -> 17000 | G27: 17000 | H27: =C27*G27 -> 1870000
A28: Củ Khoai Mỡ | B28: KG | C28: 20 | D28: 45616 | E28: Củ Khoai Mỡ KG 20/11/2024 | F28: =VLOOKUP(E28,'[2]SỔ CHI TIẾT MUA HÀNG'!$I:$K,3,0) -> 30000 | G28: 30000 | H28: =C28*G28 -> 600000
A29: Củ Khoai Tây Vàng | B29: KG | C29: 30 | D29: 45616 | E29: Củ Khoai Tây Vàng KG 20/11/2024 | F29: 15000 | G29: 15000 | H29: =C29*G29 -> 450000
A30: Củ Su Hào | B30: KG | C30: 10 | D30: 45616 | E30: Củ Su Hào KG 20/11/2024 | F30: =VLOOKUP(E30,'[2]SỔ CHI TIẾT MUA HÀNG'!$I:$K,3,0) -> 18000 | G30: 18000 | H30: =C30*G30 -> 180000
A31: Đậu Cove Trắng | B31: Túi 300gr | C31: 20 | D31: 45616 | E31: Đậu Cove Trắng Túi 300gr 20/11/2024 | F31: =VLOOKUP(E31,'[2]SỔ CHI TIẾT MUA HÀNG'!$I:$K,3,0) -> 8000 | G31: 8000 | H31: =C31*G31 -> 160000
A32: Dưa Leo Baby | B32: Vỉ | C32: 609 | D32: 45616 | E32: Dưa Leo Baby Vỉ 20/11/2024 | F32: =VLOOKUP(E32,'[2]SỔ CHI TIẾT MUA HÀNG'!$I:$K,3,0) -> 4000 | G32: 4000 | H32: =C32*G32 -> 2436000
A33: Dưa Leo Nhật | B33: Túi | C33: 38 | D33: 45616 | E33: Dưa Leo Nhật Túi 20/11/2024 | F33: =VLOOKUP(A33,[2]Sheet1!$G:$N,7,0) -> 0.6 | G33: 6000 | H33: =C33*G33 -> 228000
A34: Hành Paro | B34: KG | C34: 12 | D34: 45616 | E34: Hành Paro KG 20/11/2024 | F34: =VLOOKUP(A34,[2]Sheet1!$G:$N,7,0) -> 0.2 | G34: 7200 | H34: =C34*G34 -> 86400
A35: Hành Paro | B35: Cây | C35: 90 | D35: 45616 | E35: Hành Paro Cây 20/11/2024 | F35: =VLOOKUP(A35,[2]Sheet1!$G:$N,7,0) -> 0.2 | G35: 7200 | H35: =C35*G35 -> 648000
A36: Lá É | B36: KG | C36: 10 | D36: 45616 | E36: Lá É KG 20/11/2024 | F36: =VLOOKUP(E36,'[2]SỔ CHI TIẾT MUA HÀNG'!$I:$K,3,0) -> 28000 | G36: 28000 | H36: =C36*G36 -> 280000
A37: Lá Mè | B37: Túi | C37: 200 | D37: 45616 | E37: Lá Mè Túi 20/11/2024 | F37: =VLOOKUP(A37,[2]Sheet1!$G:$N,7,0) -> 0.02 | G37: 800 | H37: =C37*G37 -> 160000
A38: Lá Quế Tây | B38: KG | C38: 0.5 | D38: 45616 | E38: Lá Quế Tây KG 20/11/2024 | F38: =VLOOKUP(E38,'[2]SỔ CHI TIẾT MUA HÀNG'!$I:$K,3,0) -> 100000 | G38: 100000 | H38: =C38*G38 -> 50000
A39: Măng Tây | B39: KG | C39: 20 | D39: 45616 | E39: Măng Tây KG 20/11/2024 | F39: =VLOOKUP(E39,'[2]SỔ CHI TIẾT MUA HÀNG'!$I:$K,3,0) -> 57000 | G39: 57000 | H39: =C39*G39 -> 1140000
A40: Ớt Chuông Baby | B40: KG | C40: 45 | D40: 45616 | E40: Ớt Chuông Baby KG 20/11/2024 | F40: =VLOOKUP(E40,'[2]SỔ CHI TIẾT MUA HÀNG'!$I:$K,3,0) -> 44000 | G40: 44000 | H40: =C40*G40 -> 1980000
A41: Ớt Chuông Đỏ | B41: Trái 180gr | C41: 300 | D41: 45616 | E41: Ớt Chuông Đỏ Trái 180gr 20/11/2024 | F41: =VLOOKUP(A41,[2]Sheet1!$G:$N,7,0) -> 0.25 | G41: 9250 | H41: =C41*G41 -> 2775000
A42: Ớt Chuông Snack | B42: KG | C42: 24 | D42: 45616 | E42: Ớt Chuông Snack KG 20/11/2024 | F42: =VLOOKUP(E42,'[2]SỔ CHI TIẾT MUA HÀNG'!$I:$K,3,0) -> 49000 | G42: 49000 | H42: =C42*G42 -> 1176000
A43: Ớt Chuông Vàng | B43: Trái 180gr | C43: 140 | D43: 45616 | E43: Ớt Chuông Vàng Trái 180gr 20/11/2024 | F43: =VLOOKUP(A43,[2]Sheet1!$G:$N,7,0) -> 0.25 | G43: 4500 | H43: =C43*G43 -> 630000
A44: Ớt Chuông Xanh | B44: Trái 180gr | C44: 80 | D44: 45616 | E44: Ớt Chuông Xanh Trái 180gr 20/11/2024 | F44: =VLOOKUP(A44,[2]Sheet1!$G:$N,7,0) -> 0.25 | G44: 6750 | H44: =C44*G44 -> 540000
A45: Ớt Sweet Palemo | B45: Túi | C45: 140 | D45: 45616 | E45: Ớt Sweet Palemo Túi 20/11/2024 | F45: =VLOOKUP(E45,'[2]SỔ CHI TIẾT MUA HÀNG'!$I:$K,3,0) -> 23000 | G45: 23000 | H45: =C45*G45 -> 3220000
A46: Rau Ngò Rí | B46: KG | C46: 5 | D46: 45616 | E46: Rau Ngò Rí KG 20/11/2024 | F46: =VLOOKUP(E46,'[2]SỔ CHI TIẾT MUA HÀNG'!$I:$K,3,0) -> 35000 | G46: 35000 | H46: =C46*G46 -> 175000
A47: Xà Lách Lolo Xanh T.C | B47: KG | C47: 30 | D47: 45616 | E47: Xà Lách Lolo Xanh T.C KG 20/11/2024 | F47: =VLOOKUP(E47,'[2]SỔ CHI TIẾT MUA HÀNG'!$I:$K,3,0) -> 28000 | G47: 28000 | H47: =C47*G47 -> 840000
A48: Xà Lách Lolo Xanh T.C Cây | B48: Cây | C48: 100 | D48: 45616 | E48: Xà Lách Lolo Xanh T.C Cây Cây 20/11/2024 | F48: =VLOOKUP(E48,'[2]SỔ CHI TIẾT MUA HÀNG'!$I:$K,3,0) -> 6800 | G48: 6800 | H48: =C48*G48 -> 680000
A49: Xà Lách Mỡ | B49: KG | C49: 50 | D49: 45616 | E49: Xà Lách Mỡ KG 20/11/2024 | F49: 28000 | G49: 28000 | H49: =C49*G49 -> 1400000
A50: Xà Lách Mỡ T.C Cây | B50: Cây | C50: 15 | D50: 45616 | E50: Xà Lách Mỡ T.C Cây Cây 20/11/2024 | F50: 6800 | G50: 6800 | H50: =C50*G50 -> 102000
A51: Xà Lách Mỹ | B51: KG | C51: 20 | D51: 45616 | E51: Xà Lách Mỹ KG 20/11/2024 | F51: =VLOOKUP(E51,'[2]SỔ CHI TIẾT MUA HÀNG'!$I:$K,3,0) -> 33000 | G51: 33000 | H51: =C51*G51 -> 660000
A52: Xà Lách Romaine | B52: KG | C52: 6 | D52: 45616 | E52: Xà Lách Romaine KG 20/11/2024 | F52: 30000 | G52: 30000 | H52: =C52*G52 -> 180000
A53: Xà Lách Thủy Tinh T.C Cây | B53: Cây | C53: 10 | D53: 45616 | E53: Xà Lách Thủy Tinh T.C Cây Cây 20/11/2024 | F53: =VLOOKUP(E53,'[2]SỔ CHI TIẾT MUA HÀNG'!$I:$K,3,0) -> 6800 | G53: 6800 | H53: =C53*G53 -> 68000

Sheet 1911
A1: Tên hàng | B1: ĐVT | C1: Số lượng | D1: NGÀY NHẬP | E1: Tên hàng ĐVT NGÀY NHẬP | I1: =SUM(H2:H65) -> 51433700
A2: Bắp Cải Tím | B2: Kg | C2: 22 | D2: 45615 | E2: Bắp Cải Tím Kg 19/11/2024 | F2: =VLOOKUP(E2,'[2]SỔ CHI TIẾT MUA HÀNG'!$I:$K,3,0) -> 30000 | G2: 30000 | H2: =C2*G2 -> 660000
A3: Bí Ngòi Xanh | B3: Trái 280gr | C3: 200 | D3: 45615 | E3: Cà Chua Beef KG 20/11/2024 | F3: =10000*0.3 -> 3000 | G3: 3000 | H3: =C3*G3 -> 600000
A4: Bí Ngòi Xanh | B4: Kg | C4: 20 | D4: 45615 | E4: Bí Ngòi Xanh Kg 19/11/2024 | F4: 3000 | G4: 3000 | H4: =C4*G4 -> 60000
A5: Bí Non Nhật | B5: Trái | C5: 110 | D5: 45615 | E5: Bí Non Nhật Trái 19/11/2024 | F5: =F6*0.3 -> 3300 | G5: 3300 | H5: =C5*G5 -> 363000
A6: Bí Non Nhật | B6: Kg | C6: 40 | D6: 45615 | E6: Bí Non Nhật Kg 19/11/2024 | F6: =VLOOKUP(E6,'[2]SỔ CHI TIẾT MUA HÀNG'!$I:$K,3,0) -> 11000 | G6: 11000 | H6: =C6*G6 -> 440000
A7: Bơ Booth | B7: Kg | C7: 0 | D7: 45615 | E7: Bơ Booth Kg 19/11/2024 | F7: 0 | G7: 0 | H7: =C7*G7 -> 0
A8: Bông Cải Xanh 7Cm | B8: Kg | C8: 20 | D8: 45615 | E8: Bông Cải Xanh 7Cm Kg 19/11/2024 | F8: =VLOOKUP(E8,'[2]SỔ CHI TIẾT MUA HÀNG'!$I:$K,3,0) -> 39000 | G8: 39000 | H8: =C8*G8 -> 780000
A9: Bông Cải Xanh 7Cm | B9: Kg | C9: 45 | D9: 45615 | E9: Bông Cải Xanh 7Cm Kg 19/11/2024 | F9: =VLOOKUP(E9,'[2]SỔ CHI TIẾT MUA HÀNG'!$I:$K,3,0) -> 39000 | G9: 39000 | H9: =C9*G9 -> 1755000
A10: Bông Cải Xanh Baby | B10: Vỉ | C10: 72 | D10: 45615 | E10: Cải Bó Xôi KG 20/11/2024 | F10: =57000/5 -> 11400 | G10: 11400 | H10: =C10*G10 -> 820800
A11: Cà Chua Beef | B11: Kg | C11: 60 | D11: 45615 | E11: Cải Kale Túi 20/11/2024 | F11: 20000 | G11: 20000 | H11: =C11*G11 -> 1200000
A12: Cà Chua Beef Trung | B12: Vỉ 500gr | C12: 100 | D12: 45615 | E12: Cải Kale Túi 150gr 20/11/2024 | F12: =19000/2 -> 9500 | G12: 9500 | H12: =C12*G12 -> 950000
A13: Cà Chua Beef Trung | B13: Kg | C13: 65 | D13: 45615 | E13: Cà Chua Beef Trung Kg 19/11/2024 | F13: =VLOOKUP(E13,'[2]SỔ CHI TIẾT MUA HÀNG'!$I:$K,3,0) -> 19000 | G13: 19000 | H13: =C13*G13 -> 1235000
A14: Cà Chua Bi Đỏ | B14: Hộp 300gr | C14: 140 | D14: 45615 | E14: Cà Chua Bi Đỏ Hộp 300gr 19/11/2024 | F14: =VLOOKUP(E14,'[2]SỔ CHI TIẾT MUA HÀNG'!$I:$K,3,0) -> 10500 | G14: 10500 | H14: =C14*G14 -> 1470000
A15: Cà Chua Bi Đỏ | B15: Kg | C15: 30 | D15: 45615 | E15: Cà Chua Bi Đỏ Kg 19/11/2024 | F15: =10500/3*10 -> 35000 | G15: 35000 | H15: =C15*G15 -> 1050000
A16: Cà Chua Bi Mix | B16: Hộp | C16: 70 | D16: 45615 | E16: Ớt Sweet Palemo Túi 20/11/2024 | F16: =51500*0.3 -> 15450 | G16: 15450 | H16: =C16*G16 -> 1081500
A17: Cà Chua Socola | B17: Hộp 300gr | C17: 60 | D17: 45615 | E17: Bí Ngòi Xanh Trái 280gr 20/11/2024 | F17: =41500*0.3 -> 12450 | G17: 12450 | H17: =C17*G17 -> 747000
A18: Cà Chua Thường | B18: Kg | C18: 60 | D18: 45615 | E18: Cà Chua Thường Kg 19/11/2024 | F18: =VLOOKUP(E18,'[2]SỔ CHI TIẾT MUA HÀNG'!$I:$K,3,0) -> 15000 | G18: 15000 | H18: =C18*G18 -> 900000
A19: Cà Chua Thường | B19: Kg | C19: 100 | D19: 45615 | E19: Cà Chua Thường Kg 19/11/2024 | F19: =VLOOKUP(E19,'[2]SỔ CHI TIẾT MUA HÀNG'!$I:$K,3,0) -> 15000 | G19: 15000 | H19: =C19*G19 -> 1500000
A20: Cà Rốt | B20: Kg | C20: 60 | D20: 45615 | E20: Củ Hành Tây KG 20/11/2024 | F20: 15000 | G20: 15000 | H20: =C20*G20 -> 900000
A21: Cà Rốt | B21: Kg | C21: 45 | D21: 45615 | E21: Cà Rốt Kg 19/11/2024 | F21: 15000 | G21: 15000 | H21: =C21*G21 -> 675000
A22: Cà Rốt Baby | B22: Kg | C22: 10 | D22: 45615 | E22: Cà Rốt Baby Kg 19/11/2024 | F22: =52000/5 -> 10400 | G22: 10400 | H22: =C22*G22 -> 104000
A23: Cải Bó Xôi | B23: Kg | C23: 70 | D23: 45615 | E23: Cải Bó Xôi Kg 19/11/2024 | F23: =VLOOKUP(E23,'[2]SỔ CHI TIẾT MUA HÀNG'!$I:$K,3,0) -> 26000 | G23: 26000 | H23: =C23*G23 -> 1820000
A24: Cải Kale | B24: Túi | C24: 76 | D24: 45615 | E24: Cải Kale Túi 19/11/2024 | F24: =9900 -> 9900 | G24: 9900 | H24: =C24*G24 -> 752400
A25: Cần Tây | B25: Cây | C25: 110 | D25: 45615 | E25: Cần Tây Cây 19/11/2024 | F25: =17000/2 -> 8500 | G25: 8500 | H25: =C25*G25 -> 935000
A26: Chanh Không Hạt | B26: Vỉ | C26: 25 | D26: 45615 | E26: Chanh Không Hạt Vỉ 19/11/2024 | F26: =26000/4 -> 6500 | G26: 6500 | H26: =C26*G26 -> 162500
A27: Củ Cải Đỏ | B27: Hộp | C27: 24 | D27: 45615 | E27: Củ Cải Đỏ Hộp 19/11/2024 | F27: =VLOOKUP(E27,'[2]SỔ CHI TIẾT MUA HÀNG'!$I:$K,3,0) -> 14000 | G27: 14000 | H27: =C27*G27 -> 336000
A28: Củ Cải Trắng | B28: Kg | C28: 20 | D28: 45615 | E28: Củ Cải Trắng Kg 19/11/2024 | F28: =VLOOKUP(E28,'[2]SỔ CHI TIẾT MUA HÀNG'!$I:$K,3,0) -> 6000 | G28: 6000 | H28: =C28*G28 -> 120000
A29: Củ Dền | B29: Kg | C29: 45 | D29: 45615 | E29: Củ Dền Kg 19/11/2024 | F29: =VLOOKUP(E29,'[2]SỔ CHI TIẾT MUA HÀNG'!$I:$K,3,0) -> 18000 | G29: 18000 | H29: =C29*G29 -> 810000
A30: Củ Dền | B30: Kg | C30: 10 | D30: 45615 | E30: Củ Dền Kg 19/11/2024 | F30: =VLOOKUP(E30,'[2]SỔ CHI TIẾT MUA HÀNG'!$I:$K,3,0) -> 18000 | G30: 18000 | H30: =C30*G30 -> 180000
A31: Củ Hành Tây | B31: Kg | C31: 90 | D31: 45615 | E31: Củ Hành Tây Kg 19/11/2024 | F31: 20000 | G31: 20000 | H31: =C31*G31 -> 1800000
A32: Củ Khoai Lang Mật Size 46 | B32: Kg | C32: 100 | D32: 45615 | E32: Củ Khoai Lang Mật Size 46 Kg 19/11/2024 | F32: 26000 | G32: 26000 | H32: =C32*G32 -> 2600000
A33: Củ Khoai Lang Nhật | B33: Kg | C33: 80 | D33: 45615 | E33: Củ Khoai Lang Nhật Kg 19/11/2024 | F33: =VLOOKUP(E33,'[2]SỔ CHI TIẾT MUA HÀNG'!$I:$K,3,0) -> 17000 | G33: 17000 | H33: =C33*G33 -> 1360000
A34: Củ Khoai Mỡ | B34: Kg | C34: 20 | D34: 45615 | E34: Củ Khoai Mỡ Kg 19/11/2024 | F34: =VLOOKUP(E34,'[2]SỔ CHI TIẾT MUA HÀNG'!$I:$K,3,0) -> 30000 | G34: 30000 | H34: =C34*G34 -> 600000
A35: Củ Khoai Tây Vàng | B35: Kg | C35: 30 | D35: 45615 | E35: Củ Khoai Tây Vàng Kg 19/11/2024 | F35: =VLOOKUP(E35,'[2]SỔ CHI TIẾT MUA HÀNG'!$I:$K,3,0) -> 15000 | G35: 15000 | H35: =C35*G35 -> 450000
A36: Củ Su Hào | B36: Kg | C36: 10 | D36: 45615 | E36: Củ Su Hào Kg 19/11/2024 | F36: =VLOOKUP(E36,'[2]SỔ CHI TIẾT MUA HÀNG'!$I:$K,3,0) -> 18000 | G36: 18000 | H36: =C36*G36 -> 180000
A37: Đậu Cove Trắng | B37: Túi 300gr | C37: 35 | D37: 45615 | E37: Đậu Cove Trắng Túi 300gr 19/11/2024 | F37: =VLOOKUP(E37,'[2]SỔ CHI TIẾT MUA HÀNG'!$I:$K,3,0) -> 6000 | G37: 6000 | H37: =C37*G37 -> 210000
A38: Đậu Đỏ | B38: Kg | C38: 4 | D38: 45615 | E38: Đậu Đỏ Kg 19/11/2024 | F38: 80000 | G38: 80000 | H38: =C38*G38 -> 320000
A39: Dưa Leo Baby | B39: Vỉ | C39: 350 | D39: 45615 | E39: Dưa Leo Baby Vỉ 19/11/2024 | F39: =VLOOKUP(E39,'[2]SỔ CHI TIẾT MUA HÀNG'!$I:$K,3,0) -> 4500 | G39: 4500 | H39: =C39*G39 -> 1575000
A40: Dưa Leo Baby | B40: Kg | C40: 80 | D40: 45615 | E40: Dưa Leo Baby Kg 19/11/2024 | F40: 4500 | G40: 4500 | H40: =C40*G40 -> 360000
A41: Dưa Leo Nhật | B41: Túi | C41: 30 | D41: 45615 | E41: Dưa Leo Nhật Túi 19/11/2024 | F41: 6000 | G41: 6000 | H41: =C41*G41 -> 180000
A42: Hành Paro | B42: Kg | C42: 10 | D42: 45615 | E42: Hành Paro Kg 19/11/2024 | F42: =VLOOKUP(E42,'[2]SỔ CHI TIẾT MUA HÀNG'!$I:$K,3,0) -> 36000 | G42: 36000 | H42: =C42*G42 -> 360000
A43: Hành Paro | B43: Cây | C43: 60 | D43: 45615 | E43: Hành Paro Cây 19/11/2024 | F43: =F44/5 -> 7200 | G43: 7200 | H43: =C43*G43 -> 432000
A44: Hành Paro | B44: Kg | C44: 5 | D44: 45615 | E44: Hành Paro Kg 19/11/2024 | F44: =VLOOKUP(E44,'[2]SỔ CHI TIẾT MUA HÀNG'!$I:$K,3,0) -> 36000 | G44: 36000 | H44: =C44*G44 -> 180000
A45: Lá Mè | B45: Túi | C45: 400 | D45: 45615 | E45: Lá Mè Túi 19/11/2024 | F45: 2000 | G45: 2000 | H45: =C45*G45 -> 800000
A46: Lá Mè | B46: Kg | C46: 10 | D46: 45615 | E46: Lá Mè Kg 19/11/2024 | F46: =VLOOKUP(E46,'[2]SỔ CHI TIẾT MUA HÀNG'!$I:$K,3,0) -> 40000 | G46: 40000 | H46: =C46*G46 -> 400000
A47: Lá Nha Đam | B47: Kg | C47: 10 | D47: 45615 | E47: Lá Nha Đam Kg 19/11/2024 | F47: =VLOOKUP(E47,'[2]SỔ CHI TIẾT MUA HÀNG'!$I:$K,3,0) -> 13000 | G47: 13000 | H47: =C47*G47 -> 130000
A48: Lá Quế Tây | B48: Kg | C48: 0.5 | D48: 45615 | E48: Lá Quế Tây Kg 19/11/2024 | F48: =VLOOKUP(E48,'[2]SỔ CHI TIẾT MUA HÀNG'!$I:$K,3,0) -> 100000 | G48: 100000 | H48: =C48*G48 -> 50000
A49: Ớt Chuông Baby | B49: Kg | C49: 27 | D49: 45615 | E49: Ớt Chuông Baby Kg 19/11/2024 | F49: =VLOOKUP(E49,'[2]SỔ CHI TIẾT MUA HÀNG'!$I:$K,3,0) -> 44000 | G49: 44000 | H49: =C49*G49 -> 1188000
A50: Ớt Chuông Đỏ | B50: Trái 180gr | C50: 150 | D50: 45615 | E50: Ớt Chuông Đỏ Trái 180gr 19/11/2024 | F50: =F51/4 -> 9250 | G50: 9250 | H50: =C50*G50 -> 1387500
A51: Ớt Chuông Đỏ | B51: Kg | C51: 40 | D51: 45615 | E51: Ớt Chuông Đỏ Kg 19/11/2024 | F51: =VLOOKUP(E51,'[2]SỔ CHI TIẾT MUA HÀNG'!$I:$K,3,0) -> 37000 | G51: 37000 | H51: =C51*G51 -> 1480000
A52: Ớt Chuông Vàng | B52: Trái 180gr | C52: 200 | D52: 45615 | E52: Ớt Chuông Vàng Trái 180gr 19/11/2024 | F52: =F53/4 -> 4500 | G52: 4500 | H52: =C52*G52 -> 900000
A53: Ớt Chuông Vàng | B53: Kg | C53: 10 | D53: 45615 | E53: Ớt Chuông Vàng Kg 19/11/2024 | F53: =VLOOKUP(E53,'[2]SỔ CHI TIẾT MUA HÀNG'!$I:$K,3,0) -> 18000 | G53: 18000 | H53: =C53*G53 -> 180000
A54: Ớt Chuông Xanh | B54: Trái 180gr | C54: 100 | D54: 45615 | E54: Ớt Chuông Xanh Trái 180gr 19/11/2024 | F54: =27000/4 -> 6750 | G54: 6750 | H54: =C54*G54 -> 675000
A55: Ớt Sweet Palemo | B55: Túi | C55: 100 | D55: 45615 | E55: Ớt Sweet Palemo Túi 19/11/2024 | F55: =VLOOKUP(E55,'[2]SỔ CHI TIẾT MUA HÀNG'!$I:$K,3,0) -> 23000 | G55: 23000 | H55: =C55*G55 -> 2300000
A56: Ớt Sweet Palemo | B56: Kg | C56: 20 | D56: 45615 | E56: Ớt Sweet Palemo Kg 19/11/2024 | F56: 65000 | G56: 65000 | H56: =C56*G56 -> 1300000
A57: Rau Ngò Rí | B57: Kg | C57: 5 | D57: 45615 | E57: Rau Ngò Rí Kg 19/11/2024 | F57: =VLOOKUP(E57,'[2]SỔ CHI TIẾT MUA HÀNG'!$I:$K,3,0) -> 35000 | G57: 35000 | H57: =C57*G57 -> 175000
A58: Xà Lách Lolo Xanh | B58: Kg | C58: 80 | D58: 45615 | E58: Xà Lách Lolo Xanh Kg 19/11/2024 | F58: =VLOOKUP(E58,'[2]SỔ CHI TIẾT MUA HÀNG'!$I:$K,3,0) -> 23000 | G58: 23000 | H58: =C58*G58 -> 1840000
A59: Xà Lách Lolo Xanh T.C | B59: Kg | C59: 110 | D59: 45615 | E59: Xà Lách Lolo Xanh T.C Kg 19/11/2024 | F59: =VLOOKUP(E59,'[2]SỔ CHI TIẾT MUA HÀNG'!$I:$K,3,0) -> 28000 | G59: 28000 | H59: =C59*G59 -> 3080000
A60: Xà Lách Lolo Xanh T.C Cây | B60: Cây | C60: 100 | D60: 45615 | E60: Xà Lách Lolo Xanh T.C Cây Cây 19/11/2024 | F60: =VLOOKUP(E60,'[2]SỔ CHI TIẾT MUA HÀNG'!$I:$K,3,0) -> 6800 | G60: 6800 | H60: =C60*G60 -> 680000
A61: Xà Lách Mỡ | B61: Kg | C61: 30 | D61: 45615 | E61: Xà Lách Mỡ Kg 19/11/2024 | F61: 28000 | G61: 28000 | H61: =C61*G61 -> 840000
A62: Xà Lách Mỡ T.C Cây | B62: Cây | C62: 20 | D62: 45615 | E62: Xà Lách Mỡ T.C Cây Cây 19/11/2024 | F62: =VLOOKUP(E62,'[2]SỔ CHI TIẾT MUA HÀNG'!$I:$K,3,0) -> 6800 | G62: 6800 | H62: =C62*G62 -> 136000
A63: Xà Lách Mỹ | B63: Kg | C63: 20 | D63: 45615 | E63: Xà Lách Mỹ Kg 19/11/2024 | F63: 33000 | G63: 33000 | H63: =C63*G63 -> 660000
A64: Xà Lách Romaine | B64: Kg | C64: 5 | D64: 45615 | E64: Xà Lách Romaine Kg 19/11/2024 | F64: =VLOOKUP(E64,'[2]SỔ CHI TIẾT MUA HÀNG'!$I:$K,3,0) -> 30000 | G64: 30000 | H64: =C64*G64 -> 150000
A65: Xà Lách Thủy Tinh T.C Cây | B65: Cây | C65: 10 | D65: 45615 | E65: Xà Lách Thủy Tinh T.C Cây Cây 19/11/2024 | F65: =VLOOKUP(E65,'[2]SỔ CHI TIẾT MUA HÀNG'!$I:$K,3,0) -> 6800 | G65: 6800 | H65: =C65*G65 -> 68000

Sheet 1811
A1: Bắp Cải Tím | B1: Kg | C1: 24 | D1: 45614 | E1: Bắp Cải Tím 18/11/2024 | F1: =VLOOKUP(E1,'[1]TIỀN MUA PHỤ'!$A:$B,2,0) -> 30000 | G1: =C1*F1 -> 720000
A2: Bí Đao Xanh | B2: Kg | C2: 2 | D2: 45614 | E2: Bí Đao Xanh 18/11/2024 | F2: =VLOOKUP(E2,'[1]TIỀN MUA PHỤ'!$A:$B,2,0) -> 10000 | G2: =C2*F2 -> 20000
A3: Bí Đao Xanh | B3: Trái | C3: 20 | D3: 45614 | E3: Bí Đao Xanh 18/11/2024 | F3: 5000 | G3: =C3*F3 -> 100000
A4: Bí Ngòi Xanh | B4: Kg | C4: 12 | D4: 45614 | E4: Bí Ngòi Xanh 18/11/2024 | F4: =VLOOKUP(E4,'[1]TIỀN MUA PHỤ'!$A:$B,2,0) -> 11000 | G4: =C4*F4 -> 132000
A5: Bí Ngòi Xanh | B5: Trái 280gr | C5: 236 | D5: 45614 | E5: Bí Ngòi Xanh 18/11/2024 | F5: =VLOOKUP(E5,'[1]TIỀN MUA PHỤ'!$A:$B,2,0)*0.3 -> 3300 | G5: =C5*F5 -> 778800
A6: Bí Non Nhật | B6: Trái | C6: 55 | D6: 45614 | E6: Bí Non Nhật 18/11/2024 | F6: =VLOOKUP(E6,'[1]TIỀN MUA PHỤ'!$A:$B,2,0)*0.3 -> 3000 | G6: =C6*F6 -> 165000
A7: Bí Non Nhật | B7: Kg | C7: 55 | D7: 45614 | E7: Bí Non Nhật 18/11/2024 | F7: =VLOOKUP(E7,'[1]TIỀN MUA PHỤ'!$A:$B,2,0) -> 10000 | G7: =C7*F7 -> 550000
A8: Bơ Booth | B8: Kg | C8: 62 | D8: 45614 | E8: Bơ Booth 18/11/2024 | F8: =VLOOKUP(E8,'[1]TIỀN MUA PHỤ'!$A:$B,2,0) -> 29000 | G8: =C8*F8 -> 1798000
A9: Bông Cải Xanh 7Cm | B9: Kg | C9: 18.5 | D9: 45614 | E9: Bông Cải Xanh 7Cm 18/11/2024 | F9: =VLOOKUP(E9,'[1]TIỀN MUA PHỤ'!$A:$B,2,0) -> 39000 | G9: =C9*F9 -> 721500
A10: Bông Cải Xanh Baby | B10: Vỉ | C10: 52 | D10: 45614 | E10: Bông Cải Xanh Baby 18/11/2024 | F10: =VLOOKUP(E10,'[1]TIỀN MUA PHỤ'!$A:$B,2,0)/5 -> 11400 | G10: =C10*F10 -> 592800
A11: Cà Chua Beef | B11: Kg | C11: 170 | D11: 45614 | E11: Cà Chua Beef 18/11/2024 | F11: =VLOOKUP(E11,'[1]TIỀN MUA PHỤ'!$A:$B,2,0) -> 22000 | G11: =C11*F11 -> 3740000
A12: Cà Chua Beef Trung | B12: Kg | C12: 20 | D12: 45614 | E12: Cà Chua Beef Trung 18/11/2024 | F12: =VLOOKUP(E12,'[1]TIỀN MUA PHỤ'!$A:$B,2,0) -> 17000 | G12: =C12*F12 -> 340000
A13: Cà Chua Beef Trung | B13: Vỉ 500gr | C13: 100 | D13: 45614 | E13: Cà Chua Beef Trung 18/11/2024 | F13: 11000 | G13: =C13*F13 -> 1100000
A14: Cà Chua Bi Đỏ | B14: Hộp 300gr | C14: 70 | D14: 45614 | E14: Cà Chua Bi Đỏ 18/11/2024 | F14: =35000*0.3 -> 10500 | G14: =C14*F14 -> 735000
A15: Cà Chua Bi Đỏ | B15: Hộp 500gr | C15: 3 | D15: 45614 | E15: Cà Chua Bi Đỏ 18/11/2024 | F15: =VLOOKUP(E15,'[1]TIỀN MUA PHỤ'!$A:$B,2,0) -> 17500 | G15: =C15*F15 -> 52500
A16: Cà Chua Bi Mix | B16: Hộp | C16: 100 | D16: 45614 | E16: Cà Chua Bi Mix 18/11/2024 | F16: =56500*0.3 -> 16950 | G16: =C16*F16 -> 1695000
A17: Cà Chua Socola | B17: Hộp 300gr | C17: 60 | D17: 45614 | E17: Cà Chua Socola 18/11/2024 | F17: =VLOOKUP(E17,'[1]TIỀN MUA PHỤ'!$A:$B,2,0) -> 11000 | G17: =C17*F17 -> 660000
A18: Cà Chua Thường | B18: Kg | C18: 45 | D18: 45614 | E18: Cà Chua Thường 18/11/2024 | F18: =VLOOKUP(E18,'[1]TIỀN MUA PHỤ'!$A:$B,2,0) -> 16000 | G18: =C18*F18 -> 720000
A19: Cà Rốt | B19: Kg | C19: 100 | D19: 45614 | E19: Cà Rốt 18/11/2024 | F19: =VLOOKUP(E19,'[1]TIỀN MUA PHỤ'!$A:$B,2,0) -> 14000 | G19: =C19*F19 -> 1400000
A20: Cà Rốt Baby | B20: Vỉ | C20: 50 | D20: 45614 | E20: Cà Rốt Baby 18/11/2024 | F20: =VLOOKUP(E20,'[1]TIỀN MUA PHỤ'!$A:$B,2,0)/5 -> 10400 | G20: =C20*F20 -> 520000
A21: Cải Bó Xôi | B21: Túi | C21: 90 | D21: 45614 | E21: Cải Bó Xôi 18/11/2024 | F21: =VLOOKUP(E21,'[1]TIỀN MUA PHỤ'!$A:$B,2,0)*0.3 -> 8400 | G21: =C21*F21 -> 756000
A22: Cải Kale | B22: Túi | C22: 160 | D22: 45614 | E22: Cải Kale 18/11/2024 | F22: =VLOOKUP(E22,'[1]TIỀN MUA PHỤ'!$A:$B,2,0)*0.3 -> 8100 | G22: =C22*F22 -> 1296000
A23: Cải Kale | B23: Túi 150gr | C23: 9 | D23: 45614 | E23: Cải Kale 18/11/2024 | F23: =F22/2 -> 4050 | G23: =C23*F23 -> 36450
A24: Cải Thảo | B24: Kg | C24: 18 | D24: 45614 | E24: Cải Thảo 18/11/2024 | F24: 7000 | G24: =C24*F24 -> 126000
A25: Cần Tây | B25: Cây | C25: 180 | D25: 45614 | E25: Cần Tây 18/11/2024 | F25: =VLOOKUP(E25,'[1]TIỀN MUA PHỤ'!$A:$B,2,0) -> 14000 | G25: =C25*F25 -> 2520000
A26: Chanh Không Hạt | B26: Vỉ | C26: 29 | D26: 45614 | E26: Chanh Không Hạt 18/11/2024 | F26: =VLOOKUP(E26,'[1]TIỀN MUA PHỤ'!$A:$B,2,0)/4 -> 6500 | G26: =C26*F26 -> 188500
A27: Củ Cải Đỏ | B27: Hộp | C27: 29 | D27: 45614 | E27: Củ Cải Đỏ 18/11/2024 | F27: =VLOOKUP(E27,'[1]TIỀN MUA PHỤ'!$A:$B,2,0) -> 14000 | G27: =C27*F27 -> 406000
A28: Củ Cải Trắng | B28: Kg | C28: 6 | D28: 45614 | E28: Củ Cải Trắng 18/11/2024 | F28: =VLOOKUP(E28,'[1]TIỀN MUA PHỤ'!$A:$B,2,0) -> 6500 | G28: =C28*F28 -> 39000
A29: Củ Dền | B29: Kg | C29: 35 | D29: 45614 | E29: Củ Dền 18/11/2024 | F29: =VLOOKUP(E29,'[1]TIỀN MUA PHỤ'!$A:$B,2,0) -> 18000 | G29: =C29*F29 -> 630000
A30: Củ Hành Tây | B30: Kg | C30: 60 | D30: 45614 | E30: Củ Hành Tây 18/11/2024 | F30: 22000 | G30: =C30*F30 -> 1320000
A31: Củ Hành Tây Tím | B31: Kg | C31: 5 | D31: 45614 | E31: Củ Hành Tây Tím 18/11/2024 | F31: 20000 | G31: =C31*F31 -> 100000
A32: Củ Khoai Lang Mật Size 46 | B32: Kg | C32: 200 | D32: 45614 | E32: Củ Khoai Lang Mật Size 46 18/11/2024 | F32: 26000 | G32: =C32*F32 -> 5200000
A33: Củ Khoai Lang Nhật | B33: Kg | C33: 90 | D33: 45614 | E33: Củ Khoai Lang Nhật 18/11/2024 | F33: =VLOOKUP(E33,'[1]TIỀN MUA PHỤ'!$A:$B,2,0) -> 18500 | G33: =C33*F33 -> 1665000
A34: Củ Khoai Mỡ | B34: Kg | C34: 20 | D34: 45614 | E34: Củ Khoai Mỡ 18/11/2024 | F34: =VLOOKUP(E34,'[1]TIỀN MUA PHỤ'!$A:$B,2,0) -> 30000 | G34: =C34*F34 -> 600000
A35: Củ Khoai Tây Vàng | B35: Kg | C35: 15 | D35: 45614 | E35: Củ Khoai Tây Vàng 18/11/2024 | F35: =VLOOKUP(E35,'[1]TIỀN MUA PHỤ'!$A:$B,2,0) -> 15000 | G35: =C35*F35 -> 225000
A36: Đậu Cove Nhật | B36: Túi | C36: 5 | D36: 45614 | E36: Đậu Cove Nhật 18/11/2024 | F36: =VLOOKUP(E36,'[1]TIỀN MUA PHỤ'!$A:$B,2,0) -> 6000 | G36: =C36*F36 -> 30000
A37: Đậu Cove Trắng | B37: Túi 300gr | C37: 26 | D37: 45614 | E37: Đậu Cove Trắng 18/11/2024 | F37: 6000 | G37: =C37*F37 -> 156000
A38: Đậu Đỏ | B38: Kg | C38: 1 | D38: 45614 | E38: Đậu Đỏ 18/11/2024 | F38: =VLOOKUP(E38,'[1]TIỀN MUA PHỤ'!$A:$B,2,0) -> 80000 | G38: =C38*F38 -> 80000
A39: Dưa Leo Baby | B39: Vỉ | C39: 560 | D39: 45614 | E39: Dưa Leo Baby 18/11/2024 | F39: =VLOOKUP(E39,'[1]TIỀN MUA PHỤ'!$A:$B,2,0) -> 6000 | G39: =C39*F39 -> 3360000
A40: Dưa Leo Nhật | B40: Túi | C40: 30 | D40: 45614 | E40: Dưa Leo Nhật 18/11/2024 | F40: 6000 | G40: =C40*F40 -> 180000
A41: Dưa Leo Thường | B41: Kg | C41: 20 | D41: 45614 | E41: Dưa Leo Thường 18/11/2024 | F41: =VLOOKUP(E41,'[1]TIỀN MUA PHỤ'!$A:$B,2,0) -> 3000 | G41: =C41*F41 -> 60000
A42: Hành Paro | B42: Kg | C42: 13 | D42: 45614 | E42: Hành Paro 18/11/2024 | F42: =VLOOKUP(E42,'[1]TIỀN MUA PHỤ'!$A:$B,2,0) -> 36000 | G42: =C42*F42 -> 468000
A43: Hành Paro | B43: Cây | C43: 69 | D43: 45614 | E43: Hành Paro 18/11/2024 | F43: =VLOOKUP(E43,'[1]TIỀN MUA PHỤ'!$A:$B,2,0)/5 -> 7200 | G43: =C43*F43 -> 496800
A44: Lá É | B44: Kg | C44: 10 | D44: 45614 | E44: Lá É 18/11/2024 | F44: =VLOOKUP(E44,'[1]TIỀN MUA PHỤ'!$A:$B,2,0) -> 27000 | G44: =C44*F44 -> 270000
A45: Lá Mè | B45: Túi | C45: 251 | D45: 45614 | E45: Lá Mè 18/11/2024 | F45: =VLOOKUP(E45,'[1]TIỀN MUA PHỤ'!$A:$B,2,0)/20 -> 1800 | G45: =C45*F45 -> 451800
A46: Lá Nha Đam | B46: Kg | C46: 4 | D46: 45614 | E46: Lá Nha Đam 18/11/2024 | F46: =VLOOKUP(E46,'[1]TIỀN MUA PHỤ'!$A:$B,2,0) -> 14000 | G46: =C46*F46 -> 56000
A47: Lá Quế Tây | B47: Kg | C47: 0.5 | D47: 45614 | E47: Lá Quế Tây 18/11/2024 | F47: =VLOOKUP(E47,'[1]TIỀN MUA PHỤ'!$A:$B,2,0) -> 100000 | G47: =C47*F47 -> 50000
A48: Măng Tây | B48: Kg | C48: 15 | D48: 45614 | E48: Măng Tây 18/11/2024 | F48: =VLOOKUP(E48,'[1]TIỀN MUA PHỤ'!$A:$B,2,0) -> 57000 | G48: =C48*F48 -> 855000
A49: Ớt Chuông Ba Màu | B49: Vỉ | C49: 2 | D49: 45614 | E49: Ớt Chuông Ba Màu 18/11/2024 | F49: 23000 | G49: =C49*F49 -> 46000
A50: Ớt Chuông Đỏ | B50: Kg | C50: 12 | D50: 45614 | E50: Ớt Chuông Đỏ 18/11/2024 | F50: =VLOOKUP(E50,'[1]TIỀN MUA PHỤ'!$A:$B,2,0) -> 37000 | G50: =C50*F50 -> 444000
A51: Ớt Chuông Đỏ | B51: Trái 180gr | C51: 97 | D51: 45614 | E51: Ớt Chuông Đỏ 18/11/2024 | F51: =VLOOKUP(E51,'[1]TIỀN MUA PHỤ'!$A:$B,2,0)/4 -> 9250 | G51: =C51*F51 -> 897250
A52: Ớt Chuông Snack | B52: Kg | C52: 15 | D52: 45614 | E52: Ớt Chuông Snack 18/11/2024 | F52: =VLOOKUP(E52,'[1]TIỀN MUA PHỤ'!$A:$B,2,0) -> 49000 | G52: =C52*F52 -> 735000
A53: Ớt Chuông Vàng | B53: Kg | C53: 6 | D53: 45614 | E53: Ớt Chuông Vàng 18/11/2024 | F53: =VLOOKUP(E53,'[1]TIỀN MUA PHỤ'!$A:$B,2,0) -> 18000 | G53: =C53*F53 -> 108000
A54: Ớt Chuông Vàng | B54: Trái 180gr | C54: 155 | D54: 45614 | E54: Ớt Chuông Vàng 18/11/2024 | F54: =VLOOKUP(E54,'[1]TIỀN MUA PHỤ'!$A:$B,2,0)/4 -> 4500 | G54: =C54*F54 -> 697500
A55: Ớt Chuông Xanh | B55: Trái 180gr | C55: 93 | D55: 45614 | E55: Ớt Chuông Xanh 18/11/2024 | F55: =VLOOKUP(E55,'[1]TIỀN MUA PHỤ'!$A:$B,2,0)/4 -> 6750 | G55: =C55*F55 -> 627750
A56: Ớt Sweet Palemo | B56: Túi | C56: 195 | D56: 45614 | E56: Ớt Sweet Palemo 18/11/2024 | F56: =VLOOKUP(E56,'[1]TIỀN MUA PHỤ'!$A:$B,2,0) -> 23000 | G56: =C56*F56 -> 4485000
A57: Rau Ngò Rí | B57: Kg | C57: 5 | D57: 45614 | E57: Rau Ngò Rí 18/11/2024 | F57: =VLOOKUP(E57,'[1]TIỀN MUA PHỤ'!$A:$B,2,0) -> 35000 | G57: =C57*F57 -> 175000
A58: Trái Chanh Vàng | B58: Kg | C58: 15 | D58: 45614 | E58: Trái Chanh Vàng 18/11/2024 | F58: =VLOOKUP(E58,'[1]TIỀN MUA PHỤ'!$A:$B,2,0) -> 60000 | G58: =C58*F58 -> 900000
A59: Trái Mâm Xôi | B59: Hộp | C59: 5 | D59: 45614 | E59: Trái Mâm Xôi 18/11/2024 | F59: =VLOOKUP(E59,'[1]TIỀN MUA PHỤ'!$A:$B,2,0) -> 35000 | G59: =C59*F59 -> 175000
A60: Xà Lách Lolo Xanh | B60: Kg | C60: 165 | D60: 45614 | E60: Xà Lách Lolo Xanh 18/11/2024 | F60: =VLOOKUP(E60,'[1]TIỀN MUA PHỤ'!$A:$B,2,0) -> 28000 | G60: =C60*F60 -> 4620000
A61: Xà Lách Lolo Xanh Sushi | B61: Kg | C61: 30 | D61: 45614 | E61: Xà Lách Lolo Xanh Sushi 18/11/2024 | F61: 28000 | G61: =C61*F61 -> 840000
A62: Xà Lách Lolo Xanh T.C Cây | B62: Cây | C62: 103 | D62: 45614 | E62: Xà Lách Lolo Xanh T.C Cây 18/11/2024 | F62: =VLOOKUP(E62,'[1]TIỀN MUA PHỤ'!$A:$B,2,0) -> 6800 | G62: =C62*F62 -> 700400
A63: Xà Lách Mỡ | B63: Kg | C63: 20 | D63: 45614 | E63: Xà Lách Mỡ 18/11/2024 | F63: 28000 | G63: =C63*F63 -> 560000
A64: Xà Lách Mỡ T.C Cây | B64: Cây | C64: 16 | D64: 45614 | E64: Xà Lách Mỡ T.C Cây 18/11/2024 | F64: =VLOOKUP(E64,'[1]TIỀN MUA PHỤ'!$A:$B,2,0) -> 6800 | G64: =C64*F64 -> 108800
A65: Xà Lách Mỹ | B65: Kg | C65: 20 | D65: 45614 | E65: Xà Lách Mỹ 18/11/2024 | F65: =VLOOKUP(E65,'[1]TIỀN MUA PHỤ'!$A:$B,2,0) -> 33000 | G65: =C65*F65 -> 660000
A66: Xà Lách Rocket | B66: Kg | C66: 2.5 | D66: 45614 | E66: Xà Lách Rocket 18/11/2024 | F66: =VLOOKUP(E66,'[1]TIỀN MUA PHỤ'!$A:$B,2,0) -> 120000 | G66: =C66*F66 -> 300000
A67: Xà Lách Thủy Tinh T.C Cây | B67: Cây | C67: 3 | D67: 45614 | E67: Xà Lách Thủy Tinh T.C Cây 18/11/2024 | F67: =VLOOKUP(E67,'[1]TIỀN MUA PHỤ'!$A:$B,2,0) -> 7500 | G67: =C67*F67 -> 22500
A68: Bắp Cải Trắng | B68: Kg | C68: 45 | D68: 45614 | E68: Bắp Cải Trắng 18/11/2024 | F68: =VLOOKUP(E68,'[1]TIỀN MUA PHỤ'!$A:$B,2,0) -> 13500 | G68: =C68*F68 -> 607500
A69: Bí Ngòi Xanh | B69: Kg | C69: 33.5 | D69: 45614 | E69: Bí Ngòi Xanh 18/11/2024 | F69: =VLOOKUP(E69,'[1]TIỀN MUA PHỤ'!$A:$B,2,0) -> 11000 | G69: =C69*F69 -> 368500
A70: Cà Chua Beef Trung | B70: Kg | C70: 125 | D70: 45614 | E70: Cà Chua Beef Trung 18/11/2024 | F70: =VLOOKUP(E70,'[1]TIỀN MUA PHỤ'!$A:$B,2,0) -> 17000 | G70: =C70*F70 -> 2125000
A71: Cần Tây | B71: Kg | C71: 86 | D71: 45614 | E71: Cần Tây 18/11/2024 | F71: =VLOOKUP(E71,'[1]TIỀN MUA PHỤ'!$A:$B,2,0) -> 14000 | G71: =C71*F71 -> 1204000
A72: Đậu Cove Nhật | B72: Túi | C72: 75 | D72: 45614 | E72: Đậu Cove Nhật 18/11/2024 | F72: =VLOOKUP(E72,'[1]TIỀN MUA PHỤ'!$A:$B,2,0) -> 6000 | G72: =C72*F72 -> 450000
A73: Dưa Leo Thường | B73: Kg | C73: 44 | D73: 45614 | E73: Dưa Leo Thường 18/11/2024 | F73: 5000 | G73: =C73*F73 -> 220000
A74: Củ Khoai Lang Mật Size 46 | B74: Kg | C74: 9 | D74: 45614 | E74: Củ Khoai Lang Mật Size 46 18/11/2024 | F74: 26000 | G74: =C74*F74 -> 234000
A75: Củ Khoai Tây Vàng | B75: Kg | C75: 27 | D75: 45614 | E75: Củ Khoai Tây Vàng 18/11/2024 | F75: =VLOOKUP(E75,'[1]TIỀN MUA PHỤ'!$A:$B,2,0) -> 15000 | G75: =C75*F75 -> 405000
A76: Ớt Chuông Ba Màu | B76: Kg | C76: 31 | D76: 45614 | E76: Ớt Chuông Ba Màu 18/11/2024 | F76: 26000 | G76: =C76*F76 -> 806000
A77: Ớt Chuông Đỏ | B77: Kg | C77: 16 | D77: 45614 | E77: Ớt Chuông Đỏ 18/11/2024 | F77: =VLOOKUP(E77,'[1]TIỀN MUA PHỤ'!$A:$B,2,0) -> 37000 | G77: =C77*F77 -> 592000
A78: Ớt Chuông Vàng | B78: Kg | C78: 7 | D78: 45614 | E78: Ớt Chuông Vàng 18/11/2024 | F78: =VLOOKUP(E78,'[1]TIỀN MUA PHỤ'!$A:$B,2,0) -> 18000 | G78: =C78*F78 -> 126000
A79: Ớt Chuông Xanh | B79: Kg | C79: 9.5 | D79: 45614 | E79: Ớt Chuông Xanh 18/11/2024 | F79: =VLOOKUP(E79,'[1]TIỀN MUA PHỤ'!$A:$B,2,0) -> 27000 | G79: =C79*F79 -> 256500
A80: Cải Kale | B80: Kg | C80: 33 | D80: 45614 | E80: Cải Kale 18/11/2024 | F80: 30000 | G80: =C80*F80 -> 990000
A81: Củ Hành Tây | B81: Kg | C81: 25 | D81: 45614 | E81: Củ Hành Tây 18/11/2024 | F81: 22000 | G81: =C81*F81 -> 550000
A82: Xà Lách Lolo Xanh | B82: Kg | C82: 23 | D82: 45614 | E82: Xà Lách Lolo Xanh 18/11/2024 | F82: =VLOOKUP(E82,'[1]TIỀN MUA PHỤ'!$A:$B,2,0) -> 28000 | G82: =C82*F82 -> 644000
A83: Lá Mè | B83: Túi | C83: 128 | D83: 45614 | E83: Lá Mè 18/11/2024 | F83: 1800 | G83: =C83*F83 -> 230400
G84: =SUM(G1:G83) -> 65073250

Sheet 1711
E1: HÀNG | G1: TỈ LỆ | I1: =SUM(I2:I47) -> 33129367
A2: Bắp Cải Tím | B2: Kg | C2: 20 | D2: 45613 | E2: Bắp Cải Tím 17/11/2024 | F2: =VLOOKUP(E2,'[1]TIỀN MUA PHỤ'!$A:$B,2,0) -> 30000 | G2: 1 | H2: =F2*G2 -> 30000 | I2: =C2*H2 -> 600000
A3: Bí Đao Xanh | B3: Trái | C3: 10 | D3: 45613 | E3: Bí Đao Xanh 17/11/2024 | F3: =VLOOKUP(E3,'[1]TIỀN MUA PHỤ'!$A:$B,2,0) -> 8000 | G3: 0.4 | H3: =F3*G3 -> 3200 | I3: =C3*H3 -> 32000
A4: Bí Ngô Mini | B4: Kg | C4: 14 | D4: 45613 | E4: Bí Ngô Mini 17/11/2024 | F4: =VLOOKUP(E4,'[1]TIỀN MUA PHỤ'!$A:$B,2,0) -> 48000 | G4: 1 | H4: =F4*G4 -> 48000 | I4: =C4*H4 -> 672000
A5: Bí Ngòi Xanh | B5: Trái 280gr | C5: 160 | D5: 45613 | E5: Bí Ngòi Xanh 17/11/2024 | F5: =VLOOKUP(E5,'[1]TIỀN MUA PHỤ'!$A:$B,2,0) -> 10000 | G5: 0.3 | H5: =F5*G5 -> 3000 | I5: =C5*H5 -> 480000
A6: Bí Non Nhật | B6: Trái | C6: 170 | D6: 45613 | E6: Bí Non Nhật 17/11/2024 | F6: =VLOOKUP(E6,'[1]TIỀN MUA PHỤ'!$A:$B,2,0) -> 10000 | G6: 0.3 | H6: =F6*G6 -> 3000 | I6: =C6*H6 -> 510000
A7: Bông Cải Xanh 7Cm | B7: Kg | C7: 30 | D7: 45613 | E7: Bông Cải Xanh 7Cm 17/11/2024 | F7: =VLOOKUP(E7,'[1]TIỀN MUA PHỤ'!$A:$B,2,0) -> 39000 | G7: 1 | H7: =F7*G7 -> 39000 | I7: =C7*H7 -> 1170000
A8: Bông Cải Xanh Baby | B8: Vỉ | C8: 10 | D8: 45613 | E8: Bông Cải Xanh Baby 17/11/2024 | F8: =VLOOKUP(E8,'[1]TIỀN MUA PHỤ'!$A:$B,2,0) -> 57000 | G8: 0.2 | H8: =F8*G8 -> 11400 | I8: =C8*H8 -> 114000
A9: Cà Chua Beef Trung | B9: Kg | C9: 20 | D9: 45613 | E9: Cà Chua Beef Trung 17/11/2024 | F9: =VLOOKUP(E9,'[1]TIỀN MUA PHỤ'!$A:$B,2,0) -> 17000 | G9: 1 | H9: =F9*G9 -> 17000 | I9: =C9*H9 -> 340000
A10: Cà Chua Beef Trung | B10: Vỉ 500gr | C10: 200 | D10: 45613 | E10: Cà Chua Beef Trung 17/11/2024 | F10: =VLOOKUP(E10,'[1]TIỀN MUA PHỤ'!$A:$B,2,0) -> 17000 | G10: 0.5 | H10: =F10*G10 -> 8500 | I10: =C10*H10 -> 1700000
A11: Cà Chua Bi Mix | B11: Hộp | C11: 50 | D11: 45613 | E11: Cà Chua Bi Mix 17/11/2024 | F11: =VLOOKUP(E11,'[1]TIỀN MUA PHỤ'!$A:$B,2,0) -> 55000 | G11: 0.3 | H11: =F11*G11 -> 16500 | I11: =C11*H11 -> 825000
A12: Cà Chua Socola | B12: Hộp 300gr | C12: 100 | D12: 45613 | E12: Cà Chua Socola 17/11/2024 | F12: =VLOOKUP(E12,'[1]TIỀN MUA PHỤ'!$A:$B,2,0) -> 12000 | G12: 0.3 | H12: =F12*G12 -> 3600 | I12: =C12*H12 -> 360000
A13: Cà Rốt | B13: Kg | C13: 2 | D13: 45613 | E13: Cà Rốt 17/11/2024 | F13: =VLOOKUP(E13,'[1]TIỀN MUA PHỤ'!$A:$B,2,0) -> 15000 | G13: 1 | H13: =F13*G13 -> 15000 | I13: =C13*H13 -> 30000
... A20: Đậu Cove Nhật | B20: Túi | C20: 5 | D20: 45613 | E20: Đậu Cove Nhật 17/11/2024 | F20: =VLOOKUP(E20,'[1]TIỀN MUA PHỤ'!$A:$B,2,0) -> 6000 | G20: 1 | H20: =F20*G20 -> 6000 | I20: =C20*H20 -> 30000
A21: Đậu Cove Trắng | B21: Túi 300gr | C21: 40 | D21: 45613 | E21: Đậu Cove Trắng 17/11/2024 | F21: =VLOOKUP(E21,'[1]TIỀN MUA PHỤ'!$A:$B,2,0) -> 10000 | G21: =2/3 -> 0.66666667 | H21: =F21*G21 -> 6666.6667 | I21: =C21*H21 -> 266666.67
A22: Dưa Leo Baby | B22: Vỉ | C22: 248 | D22: 45613 | E22: Dưa Leo Baby 17/11/2024 | F22: =VLOOKUP(E22,'[1]TIỀN MUA PHỤ'!$A:$B,2,0) -> 4000 | G22: 1 | H22: =F22*G22 -> 4000 | I22: =C22*H22 -> 992000
A23: Dưa Leo Thường | B23: Kg | C23: 30 | D23: 45613 | E23: Dưa Leo Thường 17/11/2024 | F23: =VLOOKUP(E23,'[1]TIỀN MUA PHỤ'!$A:$B,2,0) -> 6000 | G23: 1 | H23: =F23*G23 -> 6000 | I23: =C23*H23 -> 180000
A24: Hành Paro | B24: Cây | C24: 100 | D24: 45613 | E24: Hành Paro 17/11/2024 | F24: =VLOOKUP(E24,'[1]TIỀN MUA PHỤ'!$A:$B,2,0) -> 38000 | G24: 0.2 | H24: =F24*G24 -> 7600 | I24: =C24*H24 -> 760000
A25: Lá É | B25: Kg | C25: 3 | D25: 45613 | E25: Lá É 17/11/2024 | F25: =VLOOKUP(E25,'[1]TIỀN MUA PHỤ'!$A:$B,2,0) -> 25000 | G25: 1 | H25: =F25*G25 -> 25000 | I25: =C25*H25 -> 75000
A26: Lá Mè | B26: Túi | C26: 200 | D26: 45613 | E26: Lá Mè 17/11/2024 | F26: =VLOOKUP(E26,'[1]TIỀN MUA PHỤ'!$A:$B,2,0) -> 38000 | G26: 0.05 | H26: =F26*G26 -> 1900 | I26: =C26*H26 -> 380000
A27: Lá Nha Đam | B27: Kg | C27: 10 | D27: 45613 | E27: Lá Nha Đam 17/11/2024 | F27: =VLOOKUP(E27,'[1]TIỀN MUA PHỤ'!$A:$B,2,0) -> 14000 | G27: 1 | H27: =F27*G27 -> 14000 | I27: =C27*H27 -> 140000
A28: Măng Tây | B28: Kg | C28: 15 | D28: 45613 | E28: Măng Tây 17/11/2024 | F28: =VLOOKUP(E28,'[1]TIỀN MUA PHỤ'!$A:$B,2,0) -> 59000 | G28: 1 | H28: =F28*G28 -> 59000 | I28: =C28*H28 -> 885000
A29: Ớt Chuông Ba Màu | B29: Vỉ | C29: 10 | D29: 45613 | E29: Ớt Chuông Ba Màu 17/11/2024 | F29: 23000 | G29: 1 | H29: =F29*G29 -> 23000 | I29: =C29*H29 -> 230000
A30: Ớt Chuông Baby | B30: Kg | C30: 25 | D30: 45613 | E30: Ớt Chuông Baby 17/11/2024 | F30: =VLOOKUP(E30,'[1]TIỀN MUA PHỤ'!$A:$B,2,0) -> 48000 | G30: 1 | H30: =F30*G30 -> 48000 | I30: =C30*H30 -> 1200000
A31: Ớt Chuông Đỏ | B31: Trái 180gr | C31: 200 | D31: 45613 | E31: Ớt Chuông Đỏ 17/11/2024 | F31: =VLOOKUP(E31,'[1]TIỀN MUA PHỤ'!$A:$B,2,0) -> 37000 | G31: 0.25 | H31: =F31*G31 -> 9250 | I31: =C31*H31 -> 1850000
A32: Ớt Chuông Vàng | B32: Trái 180gr | C32: 120 | D32: 45613 | E32: Ớt Chuông Vàng 17/11/2024 | F32: =VLOOKUP(E32,'[1]TIỀN MUA PHỤ'!$A:$B,2,0) -> 18000 | G32: 0.25 | H32: =F32*G32 -> 4500 | I32: =C32*H32 -> 540000
A33: Ớt Chuông Xanh | B33: Trái 180gr | C33: 40 | D33: 45613 | E33: Ớt Chuông Xanh 17/11/2024 | F33: =VLOOKUP(E33,'[1]TIỀN MUA PHỤ'!$A:$B,2,0) -> 26000 | G33: 0.25 | H33: =F33*G33 -> 6500 | I33: =C33*H33 -> 260000
A34: Ớt Sweet Palemo | B34: Túi | C34: 220 | D34: 45613 | E34: Ớt Sweet Palemo 17/11/2024 | F34: =VLOOKUP(E34,'[1]TIỀN MUA PHỤ'!$A:$B,2,0) -> 23000 | G34: 1 | H34: =F34*G34 -> 23000 | I34: =C34*H34 -> 5060000
A35: Rau Ngò Rí | B35: Kg | C35: 5 | D35: 45613 | E35: Rau Ngò Rí 17/11/2024 | F35: =VLOOKUP(E35,'[1]TIỀN MUA PHỤ'!$A:$B,2,0) -> 35000 | G35: 1 | H35: =F35*G35 -> 35000 | I35: =C35*H35 -> 175000
A36: Xà Lách Lolo Xanh | B36: Kg | C36: 110 | D36: 45613 | E36: Xà Lách Lolo Xanh 17/11/2024 | F36: =VLOOKUP(E36,'[1]TIỀN MUA PHỤ'!$A:$B,2,0) -> 28000 | G36: 1 | H36: =F36*G36 -> 28000 | I36: =C36*H36 -> 3080000
A37: Xà Lách Lolo Xanh Sushi | B37: Kg | C37: 50 | D37: 45613 | E37: Xà Lách Lolo Xanh Sushi 17/11/2024 | F37: 28000 | G37: 1 | H37: =F37*G37 -> 28000 | I37: =C37*H37 -> 1400000
A38: Xà Lách Lolo Xanh T.C | B38: Kg | C38: 30 | D38: 45613 | E38: Xà Lách Lolo Xanh T.C 17/11/2024 | F38: =VLOOKUP(E38,'[1]TIỀN MUA PHỤ'!$A:$B,2,0) -> 28000 | G38: 1 | H38: =F38*G38 -> 28000 | I38: =C38*H38 -> 840000
A39: Xà Lách Lolo Xanh T.C Cây | B39: Cây | C39: 150 | D39: 45613 | E39: Xà Lách Lolo Xanh T.C Cây 17/11/2024 | F39: =VLOOKUP(E39,'[1]TIỀN MUA PHỤ'!$A:$B,2,0) -> 6800 | G39: 1 | H39: =F39*G39 -> 6800 | I39: =C39*H39 -> 1020000
A40: Xà Lách Mỡ | B40: Kg | C40: 40 | D40: 45613 | E40: Xà Lách Mỡ 17/11/2024 | F40: 27000 | G40: 1 | H40: =F40*G40 -> 27000 | I40: =C40*H40 -> 1080000
A41: Xà Lách Mỡ T.C | B41: Kg | C41: 30 | D41: 45613 | E41: Xà Lách Mỡ T.C 17/11/2024 | F41: =VLOOKUP(E41,'[1]TIỀN MUA PHỤ'!$A:$B,2,0) -> 27000 | G41: 1 | H41: =F41*G41 -> 27000 | I41: =C41*H41 -> 810000
A42: Xà Lách Mỡ T.C Cây | B42: Cây | C42: 14 | D42: 45613 | E42: Xà Lách Mỡ T.C Cây 17/11/2024 | F42: =VLOOKUP(E42,'[1]TIỀN MUA PHỤ'!$A:$B,2,0) -> 6800 | G42: 1 | H42: =F42*G42 -> 6800 | I42: =C42*H42 -> 95200
A43: Xà Lách Mỹ | B43: Kg | C43: 20 | D43: 45613 | E43: Xà Lách Mỹ 17/11/2024 | F43: =VLOOKUP(E43,'[1]TIỀN MUA PHỤ'!$A:$B,2,0) -> 33000 | G43: 1 | H43: =F43*G43 -> 33000 | I43: =C43*H43 -> 660000
A44: Xà Lách Rocket | B44: Kg | C44: 2 | D44: 45613 | E44: Xà Lách Rocket 17/11/2024 | F44: =VLOOKUP(E44,'[1]TIỀN MUA PHỤ'!$A:$B,2,0) -> 120000 | G44: 1 | H44: =F44*G44 -> 120000 | I44: =C44*H44 -> 240000
A45: Xà Lách Romaine | B45: Kg | C45: 5 | D45: 45613 | E45: Xà Lách Romaine 17/11/2024 | F45: =VLOOKUP(E45,'[1]TIỀN MUA PHỤ'!$A:$B,2,0) -> 30000 | G45: 1 | H45: =F45*G45 -> 30000 | I45: =C45*H45 -> 150000
A46: Xà Lách Thủy Tinh T.C Cây | B46: Cây | C46: 10 | D46: 45613 | E46: Xà Lách Thủy Tinh T.C Cây 17/11/2024 | F46: =VLOOKUP(E46,'[1]TIỀN MUA PHỤ'!$A:$B,2,0) -> 6000 | G46: 1 | H46: =F46*G46 -> 6000 | I46: =C46*H46 -> 60000
A47: HÀNH PARO | B47: KG | C47: 6 | D47: 45613 | E47: HÀNH PARO 17/11/2024 | F47: =VLOOKUP(E47,'[1]TIỀN MUA PHỤ'!$A:$B,2,0) -> 38000 | G47: 1 | H47: =F47*G47 -> 38000 | I47: =C47*H47 -> 228000

Sheet 1611
G1: =SUM(G2:G84) -> 66696450
A2: Bắp Cải Tím | B2: Kg | C2: 22 | D2: 45612 | E2: Bắp Cải Tím 16/11/2024 | F2: =VLOOKUP(E2,'[1]TIỀN MUA PHỤ'!$A:$B,2,0) -> 30000 | G2: =C2*F2 -> 660000
A3: Bắp Cải Trái Tim | B3: Kg | C3: 5 | D3: 45612 | E3: Bắp Cải Trái Tim 16/11/2024 | F3: =VLOOKUP(E3,'[1]TIỀN MUA PHỤ'!$A:$B,2,0) -> 12000 | G3: =C3*F3 -> 60000
A4: Bắp Cải Trắng | B4: Kg | C4: 15 | D4: 45612 | E4: Bắp Cải Trắng 16/11/2024 | F4: =VLOOKUP(E4,'[1]TIỀN MUA PHỤ'!$A:$B,2,0) -> 11000 | G4: =C4*F4 -> 165000
A5: Bí Đao Xanh | B5: Trái | C5: 20 | D5: 45612 | E5: Bí Đao Xanh 16/11/2024 | F5: 5000 | G5: =C5*F5 -> 100000
A6: Bí Ngòi Xanh | B6: Trái 280gr | C6: 240 | D6: 45612 | E6: Bí Ngòi Xanh 16/11/2024 | F6: =VLOOKUP(E6,'[1]TIỀN MUA PHỤ'!$A:$B,2,0)*0.3 -> 3300 | G6: =C6*F6 -> 792000
A7: Bí Non Nhật | B7: Trái | C7: 186 | D7: 45612 | E7: Bí Non Nhật 16/11/2024 | F7: =VLOOKUP(E7,'[1]TIỀN MUA PHỤ'!$A:$B,2,0)/3 -> 3333.3333 | G7: =C7*F7 -> 620000
A8: Bơ Booth | B8: Kg | C8: 78 | D8: 45612 | E8: Bơ Booth 16/11/2024 | F8: =VLOOKUP(E8,'[1]TIỀN MUA PHỤ'!$A:$B,2,0) -> 28000 | G8: =C8*F8 -> 2184000
A9: Bông Cải Xanh 7Cm | B9: Kg | C9: 36 | D9: 45612 | E9: Bông Cải Xanh 7Cm 16/11/2024 | F9: =VLOOKUP(E9,'[1]TIỀN MUA PHỤ'!$A:$B,2,0) -> 39000 | G9: =C9*F9 -> 1404000
A10: Bông Cải Xanh Baby | B10: Vỉ | C10: 47 | D10: 45612 | E10: Bông Cải Xanh Baby 16/11/2024 | F10: =VLOOKUP(E10,'[1]TIỀN MUA PHỤ'!$A:$B,2,0)/5 -> 11400 | G10: =C10*F10 -> 535800
A11: Cà Chua Beef | B11: Kg | C11: 130 | D11: 45612 | E11: Cà Chua Beef 16/11/2024 | F11: =VLOOKUP(E11,'[1]TIỀN MUA PHỤ'!$A:$B,2,0) -> 22000 | G11: =C11*F11 -> 2860000
A12: Cà Chua Beef Trung | B12: Kg | C12: 20 | D12: 45612 | E12: Cà Chua Beef Trung 16/11/2024 | F12: =VLOOKUP(E12,'[1]TIỀN MUA PHỤ'!$A:$B,2,0) -> 21000 | G12: =C12*F12 -> 420000
A13: Cà Chua Beef Trung | B13: Vỉ 500gr | C13: 144 | D13: 45612 | E13: Cà Chua Beef Trung 16/11/2024 | F13: =VLOOKUP(E13,'[1]TIỀN MUA PHỤ'!$A:$B,2,0)/2 -> 10500 | G13: =C13*F13 -> 1512000
A14: Cà Chua Bi Đỏ | B14: Kg | C14: 28 | D14: 45612 | E14: Cà Chua Bi Đỏ 16/11/2024 | F14: 33000 | G14: =C14*F14 -> 924000
A15: Cà Chua Bi Đỏ | B15: Hộp 300gr | C15: 74 | D15: 45612 | E15: Cà Chua Bi Đỏ 16/11/2024 | F15: =VLOOKUP(E15,'[1]TIỀN MUA PHỤ'!$A:$B,2,0) -> 9900 | G15: =C15*F15 -> 732600
A16: Cà Chua Bi Mix | B16: Hộp | C16: 56 | D16: 45612 | E16: Cà Chua Bi Mix 16/11/2024 | F16: =VLOOKUP(E16,'[1]TIỀN MUA PHỤ'!$A:$B,2,0)*0.3 -> 16500 | G16: =C16*F16 -> 924000
A17: Cà Chua Socola | B17: Hộp 300gr | C17: 205 | D17: 45612 | E17: Cà Chua Socola 16/11/2024 | F17: =VLOOKUP(E17,'[1]TIỀN MUA PHỤ'!$A:$B,2,0)*0.3 -> 13950 | G17: =C17*F17 -> 2859750
A18: Cà Chua Thường | B18: Kg | C18: 26 | D18: 45612 | E18: Cà Chua Thường 16/11/2024 | F18: =VLOOKUP(E18,'[1]TIỀN MUA PHỤ'!$A:$B,2,0) -> 17000 | G18: =C18*F18 -> 442000
A19: Cà Rốt | B19: Kg | C19: 120 | D19: 45612 | E19: Cà Rốt 16/11/2024 | F19: =VLOOKUP(E19,'[1]TIỀN MUA PHỤ'!$A:$B,2,0) -> 15000 | G19: =C19*F19 -> 1800000
A20: Cà Rốt Baby | B20: Vỉ | C20: 73 | D20: 45612 | E20: Cà Rốt Baby 16/11/2024 | F20: 11000 | G20: =C20*F20 -> 803000
A21: Cải Bó Xôi | B21: Kg | C21: 55 | D21: 45612 | E21: Cải Bó Xôi 16/11/2024 | F21: 28000 | G21: =C21*F21 -> 1540000
A22: Cải Kale | B22: Túi | C22: 115 | D22: 45612 | E22: Cải Kale 16/11/2024 | F22: =VLOOKUP(E22,'[1]TIỀN MUA PHỤ'!$A:$B,2,0)*0.3 -> 9600 | G22: =C22*F22 -> 1104000
A23: Cải Kale | B23: Túi 150gr | C23: 9 | D23: 45612 | E23: Cải Kale 16/11/2024 | F23: =F22/2 -> 4800 | G23: =C23*F23 -> 43200
A24: Cải Thảo | B24: Kg | C24: 30 | D24: 45612 | E24: Cải Thảo 16/11/2024 | F24: 7000 | G24: =C24*F24 -> 210000
A25: Cần Tây | B25: Cây | C25: 140 | D25: 45612 | E25: Cần Tây 16/11/2024 | F25: 7000 | G25: =C25*F25 -> 980000
A26: Chanh Không Hạt | B26: Vỉ | C26: 26 | D26: 45612 | E26: Chanh Không Hạt 16/11/2024 | F26: =VLOOKUP(E26,'[1]TIỀN MUA PHỤ'!$A:$B,2,0)/4 -> 6500 | G26: =C26*F26 -> 169000
A27: Củ Cải Đỏ | B27: Hộp | C27: 16 | D27: 45612 | E27: Củ Cải Đỏ 16/11/2024 | F27: =VLOOKUP(E27,'[1]TIỀN MUA PHỤ'!$A:$B,2,0) -> 15000 | G27: =C27*F27 -> 240000
A28: Củ Cải Trắng | B28: Kg | C28: 10 | D28: 45612 | E28: Củ Cải Trắng 16/11/2024 | F28: =VLOOKUP(E28,'[1]TIỀN MUA PHỤ'!$A:$B,2,0) -> 6500 | G28: =C28*F28 -> 65000
A29: Củ Dền | B29: Kg | C29: 11.5 | D29: 45612 | E29: Củ Dền 16/11/2024 | F29: =VLOOKUP(E29,'[1]TIỀN MUA PHỤ'!$A:$B,2,0) -> 18000 | G29: =C29*F29 -> 207000
A30: Củ Hành Tây | B30: Kg | C30: 40 | D30: 45612 | E30: Củ Hành Tây 16/11/2024 | F30: 22000 | G30: =C30*F30 -> 880000
A31: Củ Hành Tây Tím | B31: Kg | C31: 10 | D31: 45612 | E31: Củ Hành Tây Tím 16/11/2024 | F31: 20000 | G31: =C31*F31 -> 200000
A32: Củ Khoai Lang Mật Size 46 | B32: Kg | C32: 100 | D32: 45612 | E32: Củ Khoai Lang Mật Size 46 16/11/2024 | F32: 26000 | G32: =C32*F32 -> 2600000
A33: Củ Khoai Lang Nhật | B33: Kg | C33: 100 | D33: 45612 | E33: Củ Khoai Lang Nhật 16/11/2024 | F33: =VLOOKUP(E33,'[1]TIỀN MUA PHỤ'!$A:$B,2,0) -> 18000 | G33: =C33*F33 -> 1800000
A34: Củ Khoai Tây Vàng | B34: Kg | C34: 15 | D34: 45612 | E34: Củ Khoai Tây Vàng 16/11/2024 | F34: =VLOOKUP(E34,'[1]TIỀN MUA PHỤ'!$A:$B,2,0) -> 15000 | G34: =C34*F34 -> 225000
A35: Củ Su Hào | B35: Kg | C35: 5 | D35: 45612 | E35: Củ Su Hào 16/11/2024 | F35: =VLOOKUP(E35,'[1]TIỀN MUA PHỤ'!$A:$B,2,0) -> 18000 | G35: =C35*F35 -> 90000
A36: Đậu Cove Nhật | B36: Túi | C36: 8 | D36: 45612 | E36: Đậu Cove Nhật 16/11/2024 | F36: =VLOOKUP(E36,'[1]TIỀN MUA PHỤ'!$A:$B,2,0) -> 6000 | G36: =C36*F36 -> 48000
A37: Đậu Cove Trắng | B37: Túi 300gr | C37: 38 | D37: 45612 | E37: Đậu Cove Trắng 16/11/2024 | F37: =VLOOKUP(E37,'[1]TIỀN MUA PHỤ'!$A:$B,2,0) -> 7000 | G37: =C37*F37 -> 266000
A38: Đậu Đỏ | B38: Kg | C38: 2 | D38: 45612 | E38: Đậu Đỏ 16/11/2024 | F38: =VLOOKUP(E38,'[1]TIỀN MUA PHỤ'!$A:$B,2,0) -> 80000 | G38: =C38*F38 -> 160000
A39: Dưa Leo Baby | B39: Vỉ | C39: 870 | D39: 45612 | E39: Dưa Leo Baby 16/11/2024 | F39: =VLOOKUP(E39,'[1]TIỀN MUA PHỤ'!$A:$B,2,0) -> 3500 | G39: =C39*F39 -> 3045000
A40: Dưa Leo Nhật | B40: Túi | C40: 30 | D40: 45612 | E40: Dưa Leo Nhật 16/11/2024 | F40: 6000 | G40: =C40*F40 -> 180000
A41: Dưa Leo Thường | B41: Kg | C41: 55 | D41: 45612 | E41: Dưa Leo Thường 16/11/2024 | F41: =VLOOKUP(E41,'[1]TIỀN MUA PHỤ'!$A:$B,2,0) -> 7000 | G41: =C41*F41 -> 385000
A42: Hành Paro | B42: Kg | C42: 12 | D42: 45612 | E42: Hành Paro 16/11/2024 | F42: =VLOOKUP(E42,'[1]TIỀN MUA PHỤ'!$A:$B,2,0) -> 38000 | G42: =C42*F42 -> 456000
A43: Hành Paro | B43: Cây | C43: 83 | D43: 45612 | E43: Hành Paro 16/11/2024 | F43: =VLOOKUP(E43,'[1]TIỀN MUA PHỤ'!$A:$B,2,0)/5 -> 7600 | G43: =C43*F43 -> 630800
A44: Hồng Treo Gió | B44: Hộp | C44: 6 | D44: 45612 | E44: Hồng Treo Gió 16/11/2024 | F44: 100000 | G44: =C44*F44 -> 600000
A45: Lá Mè | B45: Túi | C45: 300 | D45: 45612 | E45: Lá Mè 16/11/2024 | F45: =VLOOKUP(E45,'[1]TIỀN MUA PHỤ'!$A:$B,2,0)/20 -> 1900 | G45: =C45*F45 -> 570000
A46: Lá Nha Đam | B46: Kg | C46: 2 | D46: 45612 | E46: Lá Nha Đam 16/11/2024 | F46: =VLOOKUP(E46,'[1]TIỀN MUA PHỤ'!$A:$B,2,0) -> 14000 | G46: =C46*F46 -> 28000
A47: Măng Tây | B47: Kg | C47: 30 | D47: 45612 | E47: Măng Tây 16/11/2024 | F47: =VLOOKUP(E47,'[1]TIỀN MUA PHỤ'!$A:$B,2,0) -> 58000 | G47: =C47*F47 -> 1740000
A48: Ớt Chuông Ba Màu | B48: Vỉ | C48: 10 | D48: 45612 | E48: Ớt Chuông Ba Màu 16/11/2024 | F48: 23000 | G48: =C48*F48 -> 230000
A49: Ớt Chuông Baby | B49: Kg | C49: 30 | D49: 45612 | E49: Ớt Chuông Baby 16/11/2024 | F49: =VLOOKUP(E49,'[1]TIỀN MUA PHỤ'!$A:$B,2,0) -> 48000 | G49: =C49*F49 -> 1440000
A50: Ớt Chuông Đỏ | B50: Kg | C50: 7 | D50: 45612 | E50: Ớt Chuông Đỏ 16/11/2024 | F50: =VLOOKUP(E50,'[1]TIỀN MUA PHỤ'!$A:$B,2,0) -> 40000 | G50: =C50*F50 -> 280000
A51: Ớt Chuông Đỏ | B51: Trái 180gr | C51: 127 | D51: 45612 | E51: Ớt Chuông Đỏ 16/11/2024 | F51: 10000 | G51: =C51*F51 -> 1270000
A52: Ớt Chuông Snack | B52: Kg | C52: 15 | D52: 45612 | E52: Ớt Chuông Snack 16/11/2024 | F52: =VLOOKUP(E52,'[1]TIỀN MUA PHỤ'!$A:$B,2,0) -> 58000 | G52: =C52*F52 -> 870000
A53: Ớt Chuông Vàng | B53: Kg | C53: 8 | D53: 45612 | E53: Ớt Chuông Vàng 16/11/2024 | F53: =VLOOKUP(E53,'[1]TIỀN MUA PHỤ'!$A:$B,2,0) -> 20000 | G53: =C53*F53 -> 160000
A54: Ớt Chuông Vàng | B54: Trái 180gr | C54: 131 | D54: 45612 | E54: Ớt Chuông Vàng 16/11/2024 | F54: 5000 | G54: =C54*F54 -> 655000
A55: Ớt Chuông Xanh | B55: Kg | C55: 1 | D55: 45612 | E55: Ớt Chuông Xanh 16/11/2024 | F55: =VLOOKUP(E55,'[1]TIỀN MUA PHỤ'!$A:$B,2,0) -> 30000 | G55: =C55*F55 -> 30000
A56: Ớt Chuông Xanh | B56: Trái 180gr | C56: 45 | D56: 45612 | E56: Ớt Chuông Xanh 16/11/2024 | F56: =VLOOKUP(E56,'[1]TIỀN MUA PHỤ'!$A:$B,2,0)/4 -> 7500 | G56: =C56*F56 -> 337500
A57: Ớt Sweet Palemo | B57: Túi | C57: 140 | D57: 45612 | E57: Ớt Sweet Palemo 16/11/2024 | F57: =VLOOKUP(E57,'[1]TIỀN MUA PHỤ'!$A:$B,2,0) -> 21000 | G57: =C57*F57 -> 2940000
A58: Rau Ngò Rí | B58: Kg | C58: 5 | D58: 45612 | E58: Rau Ngò Rí 16/11/2024 | F58: =VLOOKUP(E58,'[1]TIỀN MUA PHỤ'!$A:$B,2,0) -> 35000 | G58: =C58*F58 -> 175000
A59: Trái Chanh Vàng | B59: Kg | C59: 7.5 | D59: 45612 | E59: Trái Chanh Vàng 16/11/2024 | F59: =VLOOKUP(E59,'[1]TIỀN MUA PHỤ'!$A:$B,2,0) -> 60000 | G59: =C59*F59 -> 450000
A60: Trái Mâm Xôi | B60: Hộp | C60: 4 | D60: 45612 | E60: Trái Mâm Xôi 16/11/2024 | F60: =VLOOKUP(E60,'[1]TIỀN MUA PHỤ'!$A:$B,2,0) -> 35000 | G60: =C60*F60 -> 140000
A61: Xà Lách Lolo Xanh | B61: Kg | C61: 140 | D61: 45612 | E61: Xà Lách Lolo Xanh 16/11/2024 | F61: =VLOOKUP(E61,'[1]TIỀN MUA PHỤ'!$A:$B,2,0) -> 26000 | G61: =C61*F61 -> 3640000
A62: Xà Lách Lolo Xanh Sushi | B62: Kg | C62: 50 | D62: 45612 | E62: Xà Lách Lolo Xanh Sushi 16/11/2024 | F62: 26000 | G62: =C62*F62 -> 1300000
A63: Xà Lách Lolo Xanh T.C | B63: Kg | C63: 30 | D63: 45612 | E63: Xà Lách Lolo Xanh T.C 16/11/2024 | F63: =VLOOKUP(E63,'[1]TIỀN MUA PHỤ'!$A:$B,2,0) -> 26000 | G63: =C63*F63 -> 780000
A64: Xà Lách Lolo Xanh T.C Cây | B64: Cây | C64: 106 | D64: 45612 | E64: Xà Lách Lolo Xanh T.C Cây 16/11/2024 | F64: =VLOOKUP(E64,'[1]TIỀN MUA PHỤ'!$A:$B,2,0) -> 6800 | G64: =C64*F64 -> 720800
A65: Xà Lách Mỡ | B65: Kg | C65: 14 | D65: 45612 | E65: Xà Lách Mỡ 16/11/2024 | F65: 28000 | G65: =C65*F65 -> 392000
A66: Xà Lách Mỡ T.C Cây | B66: Cây | C66: 12 | D66: 45612 | E66: Xà Lách Mỡ T.C Cây 16/11/2024 | F66: =VLOOKUP(E66,'[1]TIỀN MUA PHỤ'!$A:$B,2,0) -> 6800 | G66: =C66*F66 -> 81600
A67: Xà Lách Mỹ | B67: Kg | C67: 20 | D67: 45612 | E67: Xà Lách Mỹ 16/11/2024 | F67: =VLOOKUP(E67,'[1]TIỀN MUA PHỤ'!$A:$B,2,0) -> 33000 | G67: =C67*F67 -> 660000
A68: Xà Lách Rocket | B68: Kg | C68: 3 | D68: 45612 | E68: Xà Lách Rocket 16/11/2024 | F68: =VLOOKUP(E68,'[1]TIỀN MUA PHỤ'!$A:$B,2,0) -> 120000 | G68: =C68*F68 -> 360000
A69: Xà Lách Romaine | B69: Kg | C69: 5 | D69: 45612 | E69: Xà Lách Romaine 16/11/2024 | F69: =VLOOKUP(E69,'[1]TIỀN MUA PHỤ'!$A:$B,2,0) -> 30000 | G69: =C69*F69 -> 150000
A70: Xà Lách Thủy Tinh T.C Cây | B70: Cây | C70: 3 | D70: 45612 | E70: Xà Lách Thủy Tinh T.C Cây 16/11/2024 | F70: =VLOOKUP(E70,'[1]TIỀN MUA PHỤ'!$A:$B,2,0) -> 6800 | G70: =C70*F70 -> 20400
A71: Cải Cầu Vồng | B71: Túi | C71: 15 | D71: 45612 | E71: Cải Cầu Vồng 16/11/2024 | F71: =VLOOKUP(E71,'[1]TIỀN MUA PHỤ'!$A:$B,2,0) -> 18000 | G71: =C71*F71 -> 270000
A72: Cà Chua Thường | B72: Kg | C72: 130 | D72: 45612 | E72: Cà Chua Thường 16/11/2024 | F72: =VLOOKUP(E72,'[1]TIỀN MUA PHỤ'!$A:$B,2,0) -> 17000 | G72: =C72*F72 -> 2210000
A73: Dưa Leo Baby | B73: Kg | C73: 80 | D73: 45612 | E73: Dưa Leo Baby 16/11/2024 | F73: 7000 | G73: =C73*F73 -> 560000
A74: Cà Chua Beef Trung | B74: Kg | C74: 71 | D74: 45612 | E74: Cà Chua Beef Trung 16/11/2024 | F74: =VLOOKUP(E74,'[1]TIỀN MUA PHỤ'!$A:$B,2,0) -> 21000 | G74: =C74*F74 -> 1491000
A75: Ớt Chuông Đỏ | B75: Kg | C75: 40 | D75: 45612 | E75: Ớt Chuông Đỏ 16/11/2024 | F75: =VLOOKUP(E75,'[1]TIỀN MUA PHỤ'!$A:$B,2,0) -> 40000 | G75: =C75*F75 -> 1600000
A76: Bí Ngòi Xanh | B76: Kg | C76: 50 | D76: 45612 | E76: Bí Ngòi Xanh 16/11/2024 | F76: =VLOOKUP(E76,'[1]TIỀN MUA PHỤ'!$A:$B,2,0) -> 11000 | G76: =C76*F76 -> 550000
A77: Cà Chua Bi Đỏ | B77: Kg | C77: 35 | D77: 45612 | E77: Cà Chua Bi Đỏ 16/11/2024 | F77: 33000 | G77: =C77*F77 -> 1155000
A78: Ớt Sweet Palemo | B78: Kg | C78: 25 | D78: 45612 | E78: Ớt Sweet Palemo 16/11/2024 | F78: 66000 | G78: =C78*F78 -> 1650000
A79: Ớt Chuông Vàng | B79: Kg | C79: 20 | D79: 45612 | E79: Ớt Chuông Vàng 16/11/2024 | F79: =VLOOKUP(E79,'[1]TIỀN MUA PHỤ'!$A:$B,2,0) -> 20000 | G79: =C79*F79 -> 400000
A80: Củ Dền | B80: Kg | C80: 20 | D80: 45612 | E80: Củ Dền 16/11/2024 | F80: =VLOOKUP(E80,'[1]TIỀN MUA PHỤ'!$A:$B,2,0) -> 18000 | G80: =C80*F80 -> 360000
A81: Bí Non Nhật | B81: Kg | C81: 20 | D81: 45612 | E81: Bí Non Nhật 16/11/2024 | F81: =VLOOKUP(E81,'[1]TIỀN MUA PHỤ'!$A:$B,2,0) -> 10000 | G81: =C81*F81 -> 200000
A82: Ớt Chuông Xanh | B82: Kg | C82: 10 | D82: 45612 | E82: Ớt Chuông Xanh 16/11/2024 | F82: =VLOOKUP(E82,'[1]TIỀN MUA PHỤ'!$A:$B,2,0) -> 30000 | G82: =C82*F82 -> 300000
A83: Cà Rốt Baby | B83: Kg | C83: 8 | D83: 45612 | E83: Cà Rốt Baby 16/11/2024 | F83: =VLOOKUP(E83,'[1]TIỀN MUA PHỤ'!$A:$B,2,0) -> 55000 | G83: =C83*F83 -> 440000
A84: Xà Lách Mỡ T.C | B84: Kg | C84: 6 | D84: 45612 | E84: Xà Lách Mỡ T.C 16/11/2024 | F84: =VLOOKUP(E84,'[1]TIỀN MUA PHỤ'!$A:$B,2,0) -> 28000 | G84: =C84*F84 -> 168000

Sheet 1511
G1: =SUM(G2:G53) -> 58743750
A2: Bắp Cải Trái Tim | B2: Kg | C2: 20 | D2: 45611 | E2: Bắp Cải Trái Tim 15/11/2024 | F2: =VLOOKUP(E2,'[1]TIỀN MUA PHỤ'!$A:$B,2,0) -> 13000 | G2: =F2*C2 -> 260000
A3: Bí Đao Xanh | B3: Trái | C3: 50 | D3: 45611 | E3: Bí Đao Xanh 15/11/2024 | F3: =VLOOKUP(E3,'[1]TIỀN MUA PHỤ'!$A:$B,2,0)/2 -> 5000 | G3: =F3*C3 -> 250000
A4: Bí Ngòi Xanh | B4: Trái 280gr | C4: 300 | D4: 45611 | E4: Bí Ngòi Xanh 15/11/2024 | F4: =VLOOKUP(E4,'[1]TIỀN MUA PHỤ'!$A:$B,2,0)*0.3 -> 4200 | G4: =F4*C4 -> 1260000
A5: Bí Non Nhật | B5: Trái | C5: 190 | D5: 45611 | E5: Bí Non Nhật 15/11/2024 | F5: 4000 | G5: =F5*C5 -> 760000
A6: Bơ Booth | B6: Kg | C6: 70 | D6: 45611 | E6: Bơ Booth 15/11/2024 | F6: =VLOOKUP(E6,'[1]TIỀN MUA PHỤ'!$A:$B,2,0) -> 28000 | G6: =F6*C6 -> 1960000
A7: Bông Cải Xanh 7Cm | B7: Kg | C7: 20 | D7: 45611 | E7: Bông Cải Xanh 7Cm 15/11/2024 | F7: =VLOOKUP(E7,'[1]TIỀN MUA PHỤ'!$A:$B,2,0) -> 39000 | G7: =F7*C7 -> 780000
A8: Bông Cải Xanh Baby | B8: Vỉ | C8: 85 | D8: 45611 | E8: Bông Cải Xanh Baby 15/11/2024 | F8: =VLOOKUP(E8,'[1]TIỀN MUA PHỤ'!$A:$B,2,0)/5 -> 11400 | G8: =F8*C8 -> 969000
A9: Cà Chua Beef | B9: Kg | C9: 200 | D9: 45611 | E9: Cà Chua Beef 15/11/2024 | F9: =VLOOKUP(E9,'[1]TIỀN MUA PHỤ'!$A:$B,2,0) -> 23000 | G9: =F9*C9 -> 4600000
A10: Cà Chua Beef Trung | B10: Kg | C10: 160 | D10: 45611 | E10: Cà Chua Beef Trung 15/11/2024 | F10: =VLOOKUP(E10,'[1]TIỀN MUA PHỤ'!$A:$B,2,0) -> 21000 | G10: =F10*C10 -> 3360000
A11: Cà Chua Beef Trung | B11: Vỉ 500gr | C11: 86 | D11: 45611 | E11: Cà Chua Beef Trung 15/11/2024 | F11: =VLOOKUP(E11,'[1]TIỀN MUA PHỤ'!$A:$B,2,0)/2 -> 10500 | G11: =F11*C11 -> 903000
A12: Cà Chua Bi Đỏ | B12: Hộp 300gr | C12: 70 | D12: 45611 | E12: Cà Chua Bi Đỏ 15/11/2024 | F12: =33000*0.3 -> 9900 | G12: =F12*C12 -> 693000
A13: Cà Chua Bi Mix | B13: Hộp | C13: 55 | D13: 45611 | E13: Cà Chua Bi Mix 15/11/2024 | F13: =VLOOKUP(E13,'[1]TIỀN MUA PHỤ'!$A:$B,2,0)*0.3 -> 16950 | G13: =F13*C13 -> 932250
A14: Cà Chua Thường | B14: Kg | C14: 90 | D14: 45611 | E14: Cà Chua Thường 15/11/2024 | F14: =VLOOKUP(E14,'[1]TIỀN MUA PHỤ'!$A:$B,2,0) -> 15000 | G14: =F14*C14 -> 1350000
A15: Cà Rốt | B15: Kg | C15: 140 | D15: 45611 | E15: Cà Rốt 15/11/2024 | F15: =VLOOKUP(E15,'[1]TIỀN MUA PHỤ'!$A:$B,2,0) -> 14000 | G15: =F15*C15 -> 1960000
A16: Cà Rốt Baby | B16: Vỉ | C16: 65 | D16: 45611 | E16: Cà Rốt Baby 15/11/2024 | F16: 11000 | G16: =F16*C16 -> 715000
A17: Cải Bó Xôi | B17: Kg | C17: 58 | D17: 45611 | E17: Cải Bó Xôi 15/11/2024 | F17: =VLOOKUP(E17,'[1]TIỀN MUA PHỤ'!$A:$B,2,0) -> 28000 | G17: =F17*C17 -> 1624000
A18: Cải Kale | B18: Túi | C18: 170 | D18: 45611 | E18: Cải Kale 15/11/2024 | F18: =VLOOKUP(E18,'[1]TIỀN MUA PHỤ'!$A:$B,2,0)*0.3 -> 10050 | G18: =F18*C18 -> 1708500
A19: Cải Thảo | B19: Kg | C19: 11.5 | D19: 45611 | E19: Cải Thảo 15/11/2024 | F19: 7000 | G19: =F19*C19 -> 80500
A20: Cần Tây | B20: Cây | C20: 120 | D20: 45611 | E20: Cần Tây 15/11/2024 | F20: 6000 | G20: =F20*C20 -> 720000
A21: Chanh Không Hạt | B21: Vỉ | C21: 20 | D21: 45611 | E21: Chanh Không Hạt 15/11/2024 | F21: =VLOOKUP(E21,'[1]TIỀN MUA PHỤ'!$A:$B,2,0)/4 -> 6500 | G21: =F21*C21 -> 130000
A22: Củ Cải Đỏ | B22: Hộp | C22: 46 | D22: 45611 | E22: Củ Cải Đỏ 15/11/2024 | F22: =VLOOKUP(E22,'[1]TIỀN MUA PHỤ'!$A:$B,2,0) -> 14000 | G22: =F22*C22 -> 644000
A23: Củ Cải Trắng | B23: Kg | C23: 20 | D23: 45611 | E23: Củ Cải Trắng 15/11/2024 | F23: =VLOOKUP(E23,'[1]TIỀN MUA PHỤ'!$A:$B,2,0) -> 6500 | G23: =F23*C23 -> 130000
A24: Củ Dền | B24: Kg | C24: 20 | D24: 45611 | E24: Củ Dền 15/11/2024 | F24: =VLOOKUP(E24,'[1]TIỀN MUA PHỤ'!$A:$B,2,0) -> 18000 | G24: =F24*C24 -> 360000
A25: Củ Hành Tây | B25: Kg | C25: 100 | D25: 45611 | E25: Củ Hành Tây 15/11/2024 | F25: 22000 | G25: =F25*C25 -> 2200000
A26: Củ Hành Tây Tím | B26: Kg | C26: 20 | D26: 45611 | E26: Củ Hành Tây Tím 15/11/2024 | F26: =VLOOKUP(E26,'[1]TIỀN MUA PHỤ'!$A:$B,2,0) -> 20000 | G26: =F26*C26 -> 400000
A27: Củ Khoai Lang Nhật | B27: Kg | C27: 130 | D27: 45611 | E27: Củ Khoai Lang Nhật 15/11/2024 | F27: =VLOOKUP(E27,'[1]TIỀN MUA PHỤ'!$A:$B,2,0) -> 18500 | G27: =F27*C27 -> 2405000
A28: Đậu Cove Nhật | B28: Túi | C28: 10 | D28: 45611 | E28: Đậu Cove Nhật 15/11/2024 | F28: =VLOOKUP(E28,'[1]TIỀN MUA PHỤ'!$A:$B,2,0) -> 6000 | G28: =F28*C28 -> 60000
A29: Đậu Cove Trắng | B29: Túi 300gr | C29: 60 | D29: 45611 | E29: Đậu Cove Trắng 15/11/2024 | F29: =23000*0.3 -> 6900 | G29: =F29*C29 -> 414000
A30: Đậu Đỏ | B30: Kg | C30: 6 | D30: 45611 | E30: Đậu Đỏ 15/11/2024 | F30: =VLOOKUP(E30,'[1]TIỀN MUA PHỤ'!$A:$B,2,0) -> 80000 | G30: =F30*C30 -> 480000
A31: Dưa Leo Baby | B31: Vỉ | C31: 980 | D31: 45611 | E31: Dưa Leo Baby 15/11/2024 | F31: =VLOOKUP(E31,'[1]TIỀN MUA PHỤ'!$A:$B,2,0) -> 3500 | G31: =F31*C31 -> 3430000
A32: Dưa Leo Nhật | B32: Túi | C32: 40 | D32: 45611 | E32: Dưa Leo Nhật 15/11/2024 | F32: 6000 | G32: =F32*C32 -> 240000
A33: Hành Paro | B33: Cây | C33: 100 | D33: 45611 | E33: Hành Paro 15/11/2024 | F33: =VLOOKUP(E33,'[1]TIỀN MUA PHỤ'!$A:$B,2,0)/5 -> 7600 | G33: =F33*C33 -> 760000
A34: Hồng Treo Gió | B34: Hộp | C34: 50 | D34: 45611 | E34: Hồng Treo Gió 15/11/2024 | F34: 100000 | G34: =F34*C34 -> 5000000
A35: Lá Hương Thảo | B35: Kg | C35: 0.5 | D35: 45611 | E35: Lá Hương Thảo 15/11/2024 | F35: =VLOOKUP(E35,'[1]TIỀN MUA PHỤ'!$A:$B,2,0) -> 100000 | G35: =F35*C35 -> 50000
A36: Lá Mè | B36: Túi | C36: 450 | D36: 45611 | E36: Lá Mè 15/11/2024 | F36: 1800 | G36: =F36*C36 -> 810000
A37: Lá Tía Tô | B37: Kg | C37: 3 | D37: 45611 | E37: Lá Tía Tô 15/11/2024 | F37: =VLOOKUP(E37,'[1]TIỀN MUA PHỤ'!$A:$B,2,0) -> 32000 | G37: =F37*C37 -> 96000
A38: Măng Tây | B38: Kg | C38: 15 | D38: 45611 | E38: Măng Tây 15/11/2024 | F38: =VLOOKUP(E38,'[1]TIỀN MUA PHỤ'!$A:$B,2,0) -> 58000 | G38: =F38*C38 -> 870000
A39: Ớt Chuông Ba Màu | B39: Vỉ | C39: 10 | D39: 45611 | E39: Ớt Chuông Ba Màu 15/11/2024 | F39: 23000 | G39: =F39*C39 -> 230000
A40: Ớt Chuông Baby | B40: Kg | C40: 43 | D40: 45611 | E40: Ớt Chuông Baby 15/11/2024 | F40: =VLOOKUP(E40,'[1]TIỀN MUA PHỤ'!$A:$B,2,0) -> 48000 | G40: =F40*C40 -> 2064000
A41: Ớt Chuông Đỏ | B41: Trái 180gr | C41: 90 | D41: 45611 | E41: Ớt Chuông Đỏ 15/11/2024 | F41: =VLOOKUP(E41,'[1]TIỀN MUA PHỤ'!$A:$B,2,0)/4 -> 9250 | G41: =F41*C41 -> 832500
A42: Ớt Chuông Snack | B42: Kg | C42: 18 | D42: 45611 | E42: Ớt Chuông Snack 15/11/2024 | F42: =VLOOKUP(E42,'[1]TIỀN MUA PHỤ'!$A:$B,2,0) -> 58000 | G42: =F42*C42 -> 1044000
A43: Ớt Chuông Vàng | B43: Trái 180gr | C43: 60 | D43: 45611 | E43: Ớt Chuông Vàng 15/11/2024 | F43: =VLOOKUP(E43,'[1]TIỀN MUA PHỤ'!$A:$B,2,0)/4 -> 4250 | G43: =F43*C43 -> 255000
A44: Ớt Chuông Xanh | B44: Trái 180gr | C44: 20 | D44: 45611 | E44: Ớt Chuông Xanh 15/11/2024 | F44: =VLOOKUP(E44,'[1]TIỀN MUA PHỤ'!$A:$B,2,0)/4 -> 6500 | G44: =F44*C44 -> 130000
A45: Ớt Sweet Palemo | B45: Túi | C45: 170 | D45: 45611 | E45: Ớt Sweet Palemo 15/11/2024 | F45: =VLOOKUP(E45,'[1]TIỀN MUA PHỤ'!$A:$B,2,0) -> 21000 | G45: =F45*C45 -> 3570000
A46: Rau Ngò Rí | B46: Kg | C46: 15 | D46: 45611 | E46: Rau Ngò Rí 15/11/2024 | F46: =VLOOKUP(E46,'[1]TIỀN MUA PHỤ'!$A:$B,2,0) -> 35000 | G46: =F46*C46 -> 525000
A47: Rau Ngót | B47: Kg | C47: 10 | D47: 45611 | E47: Rau Ngót 15/11/2024 | F47: =VLOOKUP(E47,'[1]TIỀN MUA PHỤ'!$A:$B,2,0) -> 18000 | G47: =F47*C47 -> 180000
A48: Trái Mâm Xôi | B48: Hộp | C48: 5 | D48: 45611 | E48: Trái Mâm Xôi 15/11/2024 | F48: =VLOOKUP(E48,'[1]TIỀN MUA PHỤ'!$A:$B,2,0) -> 35000 | G48: =F48*C48 -> 175000
A49: Xà Lách Lolo Xanh | B49: Kg | C49: 180 | D49: 45611 | E49: Xà Lách Lolo Xanh 15/11/2024 | F49: =VLOOKUP(E49,'[1]TIỀN MUA PHỤ'!$A:$B,2,0) -> 27000 | G49: =F49*C49 -> 4860000
A50: Xà Lách Lolo Xanh T.C Cây | B50: Cây | C50: 50 | D50: 45611 | E50: Xà Lách Lolo Xanh T.C Cây 15/11/2024 | F50: =VLOOKUP(E50,'[1]TIỀN MUA PHỤ'!$A:$B,2,0) -> 6800 | G50: =F50*C50 -> 340000
A51: Xà Lách Mỡ | B51: Kg | C51: 28 | D51: 45611 | E51: Xà Lách Mỡ 15/11/2024 | F51: 28000 | G51: =F51*C51 -> 784000
A52: Xà Lách Rocket | B52: Kg | C52: 2 | D52: 45611 | E52: Xà Lách Rocket 15/11/2024 | F52: =VLOOKUP(E52,'[1]TIỀN MUA PHỤ'!$A:$B,2,0) -> 120000 | G52: =F52*C52 -> 240000
A53: Xà Lách Romaine | B53: Kg | C53: 5 | D53: 45611 | E53: Xà Lách Romaine 15/11/2024 | F53: =VLOOKUP(E53,'[1]TIỀN MUA PHỤ'!$A:$B,2,0) -> 30000 | G53: =F53*C53 -> 150000

Sheet 1411
G1: =SUM(G2:G68) -> 87492900
A2: Bắp Cải Tím | B2: Kg | C2: 20 | D2: 45610 | E2: Bắp Cải Tím 14/11/2024 | F2: =VLOOKUP(E2,'[1]TIỀN MUA PHỤ'!$A:$B,2,0) -> 30000 | G2: =C2*F2 -> 600000
A3: Bí Đỏ Tròn | B3: Kg | C3: 42 | D3: 45610 | E3: Bí Đỏ Tròn 14/11/2024 | F3: 5200 | G3: =C3*F3 -> 218400
A4: Bí Ngòi Xanh | B4: Trái 280gr | C4: 400 | D4: 45610 | E4: Bí Ngòi Xanh 14/11/2024 | F4: =11000*0.3 -> 3300 | G4: =C4*F4 -> 1320000
A5: Bí Non Nhật | B5: Trái | C5: 270 | D5: 45610 | E5: Bí Non Nhật 14/11/2024 | F5: =VLOOKUP(E5,'[1]TIỀN MUA PHỤ'!$A:$B,2,0)*0.3 -> 3600 | G5: =C5*F5 -> 972000
A6: Bơ Booth | B6: Kg | C6: 80 | D6: 45610 | E6: Bơ Booth 14/11/2024 | F6: =VLOOKUP(E6,'[1]TIỀN MUA PHỤ'!$A:$B,2,0) -> 26000 | G6: =C6*F6 -> 2080000
A7: Bông Cải Xanh 7Cm | B7: Kg | C7: 65 | D7: 45610 | E7: Bông Cải Xanh 7Cm 14/11/2024 | F7: =VLOOKUP(E7,'[1]TIỀN MUA PHỤ'!$A:$B,2,0) -> 39000 | G7: =C7*F7 -> 2535000
A8: Bông Cải Xanh Baby | B8: Kg | D8: 45610 | E8: Bông Cải Xanh Baby 14/11/2024 | F8: =VLOOKUP(E8,'[1]TIỀN MUA PHỤ'!$A:$B,2,0) -> 57000 | G8: =C8*F8 -> 0
A9: Bông Cải Xanh Baby | B9: Vỉ | C9: 75 | D9: 45610 | E9: Bông Cải Xanh Baby 14/11/2024 | F9: =VLOOKUP(E9,'[1]TIỀN MUA PHỤ'!$A:$B,2,0) -> 57000 | G9: =C9*F9 -> 4275000
A10: Cà Chua Beef | B10: Kg | C10: 250 | D10: 45610 | E10: Cà Chua Beef 14/11/2024 | F10: =VLOOKUP(E10,'[1]TIỀN MUA PHỤ'!$A:$B,2,0) -> 23000 | G10: =C10*F10 -> 5750000
A11: Cà Chua Beef Trung | B11: Vỉ 500gr | C11: 100 | D11: 45610 | E11: Cà Chua Beef Trung 14/11/2024 | F11: 11500 | G11: =C11*F11 -> 1150000
A12: Cà Chua Beef Trung | B12: Kg | C12: 50 | D12: 45610 | E12: Cà Chua Beef Trung 14/11/2024 | F12: =VLOOKUP(E12,'[1]TIỀN MUA PHỤ'!$A:$B,2,0) -> 21000 | G12: =C12*F12 -> 1050000
A13: Cà Chua Bi Mix | B13: Hộp | C13: 59 | D13: 45610 | E13: Cà Chua Bi Mix 14/11/2024 | F13: =VLOOKUP(E13,'[1]TIỀN MUA PHỤ'!$A:$B,2,0) -> 56500 | G13: =C13*F13 -> 3333500
A14: Cà Chua Socola | B14: Hộp 300gr | C14: 181 | D14: 45610 | E14: Cà Chua Socola 14/11/2024 | F14: 12500 | G14: =C14*F14 -> 2262500
A15: Cà Chua Thường | B15: Kg | C15: 125 | D15: 45610 | E15: Cà Chua Thường 14/11/2024 | F15: =VLOOKUP(E15,'[1]TIỀN MUA PHỤ'!$A:$B,2,0) -> 18000 | G15: =C15*F15 -> 2250000
A16: Cà Rốt | B16: Kg | C16: 200 | D16: 45610 | E16: Cà Rốt 14/11/2024 | F16: 16000 | G16: =C16*F16 -> 3200000
A17: Cà Rốt Baby | B17: Vỉ | C17: 80 | D17: 45610 | E17: Cà Rốt Baby 14/11/2024 | F17: 11000 | G17: =C17*F17 -> 880000
A18: Cải Bó Xôi | B18: Kg | C18: 60 | D18: 45610 | E18: Cải Bó Xôi 14/11/2024 | F18: =VLOOKUP(E18,'[1]TIỀN MUA PHỤ'!$A:$B,2,0) -> 30000 | G18: =C18*F18 -> 1800000
A19: Cải Kale | B19: Túi | C19: 149 | D19: 45610 | E19: Cải Kale 14/11/2024 | F19: =VLOOKUP(E19,'[1]TIỀN MUA PHỤ'!$A:$B,2,0)*0.3 -> 9600 | G19: =C19*F19 -> 1430400
A20: Cải Kale | B20: Túi 150gr | C20: 8 | D20: 45610 | E20: Cải Kale 14/11/2024 | F20: =35000*0.15 -> 5250 | G20: =C20*F20 -> 42000
A21: Cần Tây | B21: Cây | C21: 240 | D21: 45610 | E21: Cần Tây 14/11/2024 | F21: 6000 | G21: =C21*F21 -> 1440000
A22: Củ Cải Đỏ | B22: Hộp | C22: 50 | D22: 45610 | E22: Củ Cải Đỏ 14/11/2024 | F22: =VLOOKUP(E22,'[1]TIỀN MUA PHỤ'!$A:$B,2,0) -> 15000 | G22: =C22*F22 -> 750000
A23: Củ Dền | B23: Kg | C23: 40 | D23: 45610 | E23: Củ Dền 14/11/2024 | F23: =VLOOKUP(E23,'[1]TIỀN MUA PHỤ'!$A:$B,2,0) -> 18000 | G23: =C23*F23 -> 720000
A24: Củ Khoai Lang Mật Size 46 | B24: Kg | C24: 150 | D24: 45610 | E24: Củ Khoai Lang Mật Size 46 14/11/2024 | F24: =VLOOKUP(E24,'[1]TIỀN MUA PHỤ'!$A:$B,2,0) -> 23000 | G24: =C24*F24 -> 3450000
A25: Củ Khoai Lang Nhật | B25: Kg | C25: 140 | D25: 45610 | E25: Củ Khoai Lang Nhật 14/11/2024 | F25: =VLOOKUP(E25,'[1]TIỀN MUA PHỤ'!$A:$B,2,0) -> 19000 | G25: =C25*F25 -> 2660000
A26: Củ Khoai Mỡ | B26: Kg | C26: 20 | D26: 45610 | E26: Củ Khoai Mỡ 14/11/2024 | F26: =VLOOKUP(E26,'[1]TIỀN MUA PHỤ'!$A:$B,2,0) -> 30000 | G26: =C26*F26 -> 600000
A27: Dưa Leo Baby | B27: Vỉ | C27: 1391 | D27: 45610 | E27: Dưa Leo Baby 14/11/2024 | F27: =VLOOKUP(E27,'[1]TIỀN MUA PHỤ'!$A:$B,2,0) -> 4500 | G27: =C27*F27 -> 6259500
A28: Dưa Leo Nhật | B28: Túi | C28: 30 | D28: 45610 | E28: Dưa Leo Nhật 14/11/2024 | F28: 6000 | G28: =C28*F28 -> 180000
A29: Hành Paro | B29: Cây | C29: 100 | D29: 45610 | E29: Hành Paro 14/11/2024 | F29: =VLOOKUP(E29,'[1]TIỀN MUA PHỤ'!$A:$B,2,0)/5 -> 7600 | G29: =C29*F29 -> 760000
A30: Lá É | B30: Kg | C30: 5.5 | D30: 45610 | E30: Lá É 14/11/2024 | F30: =VLOOKUP(E30,'[1]TIỀN MUA PHỤ'!$A:$B,2,0) -> 27000 | G30: =C30*F30 -> 148500
A31: Lá Mè | B31: Túi | C31: 267 | D31: 45610 | E31: Lá Mè 14/11/2024 | F31: =VLOOKUP(E31,'[1]TIỀN MUA PHỤ'!$A:$B,2,0)/20 -> 1800 | G31: =C31*F31 -> 480600
A32: Lá Tía Tô | B32: Kg | C32: 1 | D32: 45610 | E32: Lá Tía Tô 14/11/2024 | F32: =VLOOKUP(E32,'[1]TIỀN MUA PHỤ'!$A:$B,2,0) -> 32000 | G32: =C32*F32 -> 32000
A33: Măng Tây | B33: Kg | C33: 60 | D33: 45610 | E33: Măng Tây 14/11/2024 | F33: =VLOOKUP(E33,'[1]TIỀN MUA PHỤ'!$A:$B,2,0) -> 57000 | G33: =C33*F33 -> 3420000
A34: Ớt Chuông Baby | B34: Kg | C34: 33 | D34: 45610 | E34: Ớt Chuông Baby 14/11/2024 | F34: =VLOOKUP(E34,'[1]TIỀN MUA PHỤ'!$A:$B,2,0) -> 48000 | G34: =C34*F34 -> 1584000
A35: Ớt Chuông Đỏ | B35: Kg | C35: 10 | D35: 45610 | E35: Ớt Chuông Đỏ 14/11/2024 | F35: =VLOOKUP(E35,'[1]TIỀN MUA PHỤ'!$A:$B,2,0) -> 42000 | G35: =C35*F35 -> 420000
A36: Ớt Chuông Đỏ | B36: Kg | C36: 112 | D36: 45610 | E36: Ớt Chuông Đỏ 14/11/2024 | F36: =F35/4 -> 10500 | G36: =C36*F36 -> 1176000
A37: Ớt Chuông Snack | B37: Kg | C37: 15 | D37: 45610 | E37: Ớt Chuông Snack 14/11/2024 | F37: =VLOOKUP(E37,'[1]TIỀN MUA PHỤ'!$A:$B,2,0) -> 58000 | G37: =C37*F37 -> 870000
A38: Ớt Chuông Vàng | B38: Kg | C38: 10 | D38: 45610 | E38: Ớt Chuông Vàng 14/11/2024 | F38: =VLOOKUP(E38,'[1]TIỀN MUA PHỤ'!$A:$B,2,0) -> 22000 | G38: =C38*F38 -> 220000
A39: Ớt Chuông Vàng | B39: Trái 180gr | C39: 80 | D39: 45610 | E39: Ớt Chuông Vàng 14/11/2024 | F39: =F38/4 -> 5500 | G39: =C39*F39 -> 440000
A40: Ớt Chuông Xanh | B40: Kg | C40: 5 | D40: 45610 | E40: Ớt Chuông Xanh 14/11/2024 | F40: =VLOOKUP(E40,'[1]TIỀN MUA PHỤ'!$A:$B,2,0) -> 26000 | G40: =C40*F40 -> 130000
A41: Ớt Chuông Xanh | B41: Trái 180gr | C41: 55 | D41: 45610 | E41: Ớt Chuông Xanh 14/11/2024 | F41: =F40/4 -> 6500 | G41: =C41*F41 -> 357500
A42: Ớt Sweet Palemo | B42: Túi | C42: 228 | D42: 45610 | E42: Ớt Sweet Palemo 14/11/2024 | F42: 22000 | G42: =C42*F42 -> 5016000
A43: Xà Lách Lolo Tím | B43: Túi | C43: 33 | D43: 45610 | E43: Xà Lách Lolo Tím 14/11/2024 | F43: =VLOOKUP(E43,'[1]TIỀN MUA PHỤ'!$A:$B,2,0)*0.3 -> 15000 | G43: =C43*F43 -> 495000
A44: Xà Lách Lolo Xanh | B44: Kg | C44: 240 | D44: 45610 | E44: Xà Lách Lolo Xanh 14/11/2024 | F44: =VLOOKUP(E44,'[1]TIỀN MUA PHỤ'!$A:$B,2,0) -> 30000 | G44: =C44*F44 -> 7200000
A45: Xà Lách Mỡ | B45: Kg | C45: 40 | D45: 45610 | E45: Xà Lách Mỡ 14/11/2024 | F45: 28000 | G45: =C45*F45 -> 1120000
A46: Xà Lách Mỹ | B46: Kg | C46: 15 | D46: 45610 | E46: Xà Lách Mỹ 14/11/2024 | F46: =VLOOKUP(E46,'[1]TIỀN MUA PHỤ'!$A:$B,2,0) -> 38000 | G46: =C46*F46 -> 570000
A47: Xà Lách Rocket | B47: Kg | C47: 2 | D47: 45610 | E47: Xà Lách Rocket 14/11/2024 | F47: =VLOOKUP(E47,'[1]TIỀN MUA PHỤ'!$A:$B,2,0) -> 120000 | G47: =C47*F47 -> 240000
A48: Xà Lách Romaine | B48: Túi | C48: 36 | D48: 45610 | E48: Xà Lách Romaine 14/11/2024 | F48: =VLOOKUP(E48,'[1]TIỀN MUA PHỤ'!$A:$B,2,0)*0.3 -> 9000 | G48: =C48*F48 -> 324000
A49: Xà Lách Thủy Tinh T.C Cây | B49: Cây | C49: 3 | D49: 45610 | E49: Xà Lách Thủy Tinh T.C Cây 14/11/2024 | F49: =VLOOKUP(E49,'[1]TIỀN MUA PHỤ'!$A:$B,2,0) -> 7000 | G49: =C49*F49 -> 21000
A50: bí đao xanh | B50: Trái | C50: 30 | D50: 45610 | E50: bí đao xanh 14/11/2024 | F50: =VLOOKUP(E50,'[1]TIỀN MUA PHỤ'!$A:$B,2,0)*0.4 -> 3000 | G50: =C50*F50 -> 90000
A51: dưa leo thường | B51: Kg | C51: 38 | D51: 45610 | E51: dưa leo thường 14/11/2024 | F51: =VLOOKUP(E51,'[1]TIỀN MUA PHỤ'!$A:$B,2,0) -> 8000 | G51: =C51*F51 -> 304000
A52: cải cầu vồng | B52: Túi | C52: 3 | D52: 45610 | E52: cải cầu vồng 14/11/2024 | F52: =20000*0.3 -> 6000 | G52: =C52*F52 -> 18000
A53: trái chanh vàng | B53: Kg | C53: 15 | D53: 45610 | E53: trái chanh vàng 14/11/2024 | F53: =VLOOKUP(E53,'[1]TIỀN MUA PHỤ'!$A:$B,2,0) -> 60000 | G53: =C53*F53 -> 900000
A54: đậu cove trắng | B54: Túi 300gr | C54: 40 | D54: 45610 | E54: đậu cove trắng 14/11/2024 | F54: =23000*0.3 -> 6900 | G54: =C54*F54 -> 276000
A55: Cà Chua Thường | B55: Kg | C55: 120 | D55: 45610 | E55: Cà Chua Thường 14/11/2024 | F55: =VLOOKUP(E55,'[1]TIỀN MUA PHỤ'!$A:$B,2,0) -> 18000 | G55: =C55*F55 -> 2160000
A56: Dưa Leo Baby | B56: Kg | C56: 40 | D56: 45610 | E56: Dưa Leo Baby 14/11/2024 | F56: 9000 | G56: =C56*F56 -> 360000
A57: Cà Chua Beef Trung | B57: Kg | C57: 51 | D57: 45610 | E57: Cà Chua Beef Trung 14/11/2024 | F57: =VLOOKUP(E57,'[1]TIỀN MUA PHỤ'!$A:$B,2,0) -> 21000 | G57: =C57*F57 -> 1071000
A58: Ớt Chuông Đỏ | B58: Kg | C58: 30 | D58: 45610 | E58: Ớt Chuông Đỏ 14/11/2024 | F58: =VLOOKUP(E58,'[1]TIỀN MUA PHỤ'!$A:$B,2,0) -> 42000 | G58: =C58*F58 -> 1260000
A59: Bí Ngòi Xanh | B59: Kg | C59: 40 | D59: 45610 | E59: Bí Ngòi Xanh 14/11/2024 | F59: 11000 | G59: =C59*F59 -> 440000
A60: Cà Chua Bi Đỏ | B60: Kg | C60: 25 | D60: 45610 | E60: Cà Chua Bi Đỏ 14/11/2024 | F60: 33000 | G60: =C60*F60 -> 825000
A61: Ớt Sweet Palemo | B61: Kg | C61: 20 | D61: 45610 | E61: Ớt Sweet Palemo 14/11/2024 | F61: =21000/3*10 -> 70000 | G61: =C61*F61 -> 1400000
A62: Củ Dền | B62: Kg | C62: 20 | D62: 45610 | E62: Củ Dền 14/11/2024 | F62: =VLOOKUP(E62,'[1]TIỀN MUA PHỤ'!$A:$B,2,0) -> 18000 | G62: =C62*F62 -> 360000
A63: Ớt Chuông Vàng | B63: Kg | C63: 10 | D63: 45610 | E63: Ớt Chuông Vàng 14/11/2024 | F63: =VLOOKUP(E63,'[1]TIỀN MUA PHỤ'!$A:$B,2,0) -> 22000 | G63: =C63*F63 -> 220000
A64: Cà Rốt Baby | B64: Kg | C64: 10 | D64: 45610 | E64: Cà Rốt Baby 14/11/2024 | F64: =VLOOKUP(E64,'[1]TIỀN MUA PHỤ'!$A:$B,2,0) -> 55000 | G64: =C64*F64 -> 550000
A65: Lá Mè | B65: Kg | C65: 10 | D65: 45610 | E65: Lá Mè 14/11/2024 | F65: =VLOOKUP(E65,'[1]TIỀN MUA PHỤ'!$A:$B,2,0) -> 36000 | G65: =C65*F65 -> 360000
A66: Xà Lách Mỡ T.C | B66: Kg | C66: 8 | D66: 45610 | E66: Xà Lách Mỡ T.C 14/11/2024 | F66: =VLOOKUP(E66,'[1]TIỀN MUA PHỤ'!$A:$B,2,0) -> 27000 | G66: =C66*F66 -> 216000
A67: Ớt Chuông Xanh | B67: Kg | C67: 10 | D67: 45610 | E67: Ớt Chuông Xanh 14/11/2024 | F67: =VLOOKUP(E67,'[1]TIỀN MUA PHỤ'!$A:$B,2,0) -> 26000 | G67: =C67*F67 -> 260000
A68: Hành Paro | B68: Kg | C68: 5 | D68: 45610 | E68: Hành Paro 14/11/2024 | F68: =VLOOKUP(E68,'[1]TIỀN MUA PHỤ'!$A:$B,2,0) -> 38000 | G68: =C68*F68 -> 190000

Sheet 1311
G1: =SUM(G2:G76) -> 61958300
A2: Bắp Cải Trái Tim | B2: Kg | C2: 23 | D2: 45609 | E2: Bắp Cải Trái Tim 13/11/2024 | F2: =VLOOKUP(E2,'[1]TIỀN MUA PHỤ'!$A:$B,2,0) -> 18000 | G2: =F2*C2 -> 414000
A3: Bí Đao Xanh | B3: Trái | C3: 30 | D3: 45609 | E3: Bí Đao Xanh 13/11/2024 | F3: 5000 | G3: =F3*C3 -> 150000
A4: Bí Ngô Mini | B4: Kg | C4: 5 | D4: 45609 | E4: Bí Ngô Mini 13/11/2024 | F4: =VLOOKUP(E4,'[1]TIỀN MUA PHỤ'!$A:$B,2,0) -> 48000 | G4: =F4*C4 -> 240000
A5: Bí Ngòi Xanh | B5: Kg | C5: 10 | D5: 45609 | E5: Bí Ngòi Xanh 13/11/2024 | F5: =VLOOKUP(E5,'[1]TIỀN MUA PHỤ'!$A:$B,2,0) -> 14000 | G5: =F5*C5 -> 140000
A6: Bí Ngòi Xanh | B6: Trái 280gr | C6: 300 | D6: 45609 | E6: Bí Ngòi Xanh 13/11/2024 | F6: =F5*0.3 -> 4200 | G6: =F6*C6 -> 1260000
A7: Bí Non Nhật | B7: Trái | C7: 150 | D7: 45609 | E7: Bí Non Nhật 13/11/2024 | F7: =VLOOKUP(E7,'[1]TIỀN MUA PHỤ'!$A:$B,2,0)*0.3 -> 4200 | G7: =F7*C7 -> 630000
A8: Bơ Booth | B8: Kg | C8: 60 | D8: 45609 | E8: Bơ Booth 13/11/2024 | F8: =VLOOKUP(E8,'[1]TIỀN MUA PHỤ'!$A:$B,2,0) -> 28000 | G8: =F8*C8 -> 1680000
A9: Bông Cải Xanh 7Cm | B9: Kg | C9: 45 | D9: 45609 | E9: Bông Cải Xanh 7Cm 13/11/2024 | F9: =VLOOKUP(E9,'[1]TIỀN MUA PHỤ'!$A:$B,2,0) -> 39000 | G9: =F9*C9 -> 1755000
A10: Bông Cải Xanh Baby | B10: Vỉ | C10: 63 | D10: 45609 | E10: Bông Cải Xanh Baby 13/11/2024 | F10: =VLOOKUP(E10,'[1]TIỀN MUA PHỤ'!$A:$B,2,0)/5 -> 11400 | G10: =F10*C10 -> 718200
A11: Cà Chua Beef | B11: Kg | C11: 160 | D11: 45609 | E11: Cà Chua Beef 13/11/2024 | F11: 23000 | G11: =F11*C11 -> 3680000
A12: Cà Chua Beef Trung | B12: Vỉ 500gr | C12: 100 | D12: 45609 | E12: Cà Chua Beef Trung 13/11/2024 | F12: 11000 | G12: =F12*C12 -> 1100000
A13: Cà Chua Bi Đỏ | B13: Kg | C13: 2.5 | D13: 45609 | E13: Cà Chua Bi Đỏ 13/11/2024 | F13: 33000 | G13: =F13*C13 -> 82500
A14: Cà Chua Bi Đỏ | B14: Hộp 300gr | C14: 100 | D14: 45609 | E14: Cà Chua Bi Đỏ 13/11/2024 | F14: =F13*0.3 -> 9900 | G14: =F14*C14 -> 990000
A15: Cà Chua Bi Mix | B15: Hộp | C15: 72 | D15: 45609 | E15: Cà Chua Bi Mix 13/11/2024 | F15: =VLOOKUP(E15,'[1]TIỀN MUA PHỤ'!$A:$B,2,0)*0.3 -> 16500 | G15: =F15*C15 -> 1188000
A16: Cà Chua Socola | B16: Hộp 300gr | C16: 300 | D16: 45609 | E16: Cà Chua Socola 13/11/2024 | F16: 14000 | G16: =F16*C16 -> 4200000
A17: Cà Rốt | B17: Kg | C17: 180 | D17: 45609 | E17: Cà Rốt 13/11/2024 | F17: =VLOOKUP(E17,'[1]TIỀN MUA PHỤ'!$A:$B,2,0) -> 15000 | G17: =F17*C17 -> 2700000
A18: Cà Rốt Baby | B18: Vỉ | C18: 50 | D18: 45609 | E18: Cà Rốt Baby 13/11/2024 | F18: 11000 | G18: =F18*C18 -> 550000
A19: Cải Bó Xôi | B19: Kg | C19: 40 | D19: 45609 | E19: Cải Bó Xôi 13/11/2024 | F19: =VLOOKUP(E19,'[1]TIỀN MUA PHỤ'!$A:$B,2,0) -> 30000 | G19: =F19*C19 -> 1200000
A20: Cải Kale | B20: Kg | C20: 3 | D20: 45609 | E20: Cải Kale 13/11/2024 | F20: =VLOOKUP(E20,'[1]TIỀN MUA PHỤ'!$A:$B,2,0) -> 35000 | G20: =F20*C20 -> 105000
A21: Cải Kale | B21: Túi | C21: 100 | D21: 45609 | E21: Cải Kale 13/11/2024 | F21: =F20*0.3 -> 10500 | G21: =F21*C21 -> 1050000
A22: Cải Kale | B22: Túi 150gr | C22: 10 | D22: 45609 | E22: Cải Kale 13/11/2024 | F22: =F21/2 -> 5250 | G22: =F22*C22 -> 52500
A23: Cải Thảo | B23: Kg | C23: 12 | D23: 45609 | E23: Cải Thảo 13/11/2024 | F23: =VLOOKUP(E23,'[1]TIỀN MUA PHỤ'!$A:$B,2,0) -> 7500 | G23: =F23*C23 -> 90000
A24: Cần Tây | B24: Cây | C24: 200 | D24: 45609 | E24: Cần Tây 13/11/2024 | F24: 6000 | G24: =F24*C24 -> 1200000
A25: Chanh Không Hạt | B25: Vỉ | C25: 20 | D25: 45609 | E25: Chanh Không Hạt 13/11/2024 | F25: =VLOOKUP(E25,'[1]TIỀN MUA PHỤ'!$A:$B,2,0)/4 -> 6500 | G25: =F25*C25 -> 130000
A26: Củ Dền | B26: Kg | C26: 30 | D26: 45609 | E26: Củ Dền 13/11/2024 | F26: =VLOOKUP(E26,'[1]TIỀN MUA PHỤ'!$A:$B,2,0) -> 17000 | G26: =F26*C26 -> 510000
A27: Củ Hành Tây | B27: Kg | C27: 120 | D27: 45609 | E27: Củ Hành Tây 13/11/2024 | F27: 22000 | G27: =F27*C27 -> 2640000
A28: Củ Khoai Lang Mật Size 46 | B28: Kg | C28: 100 | D28: 45609 | E28: Củ Khoai Lang Mật Size 46 13/11/2024 | F28: 23000 | G28: =F28*C28 -> 2300000
A29: Củ Khoai Tây Bi Vàng | B29: Kg | C29: 9 | D29: 45609 | E29: Củ Khoai Tây Bi Vàng 13/11/2024 | F29: =VLOOKUP(E29,'[1]TIỀN MUA PHỤ'!$A:$B,2,0) -> 12000 | G29: =F29*C29 -> 108000
A30: Củ Khoai Tây Vàng | B30: Kg | C30: 20 | D30: 45609 | E30: Củ Khoai Tây Vàng 13/11/2024 | F30: =VLOOKUP(E30,'[1]TIỀN MUA PHỤ'!$A:$B,2,0) -> 15000 | G30: =F30*C30 -> 300000
A31: Đậu Cove Nhật | B31: Kg | C31: 1 | D31: 45609 | E31: Đậu Cove Nhật 13/11/2024 | F31: =VLOOKUP(E31,'[1]TIỀN MUA PHỤ'!$A:$B,2,0)*3 -> 18000 | G31: =F31*C31 -> 18000
A32: Dưa Leo Baby | B32: Kg | C32: 30 | D32: 45609 | E32: Dưa Leo Baby 13/11/2024 | F32: 10000 | G32: =F32*C32 -> 300000
A33: Dưa Leo Baby | B33: Vỉ | C33: 770 | D33: 45609 | E33: Dưa Leo Baby 13/11/2024 | F33: =VLOOKUP(E33,'[1]TIỀN MUA PHỤ'!$A:$B,2,0) -> 5000 | G33: =F33*C33 -> 3850000
A34: Dưa Leo Nhật | B34: Túi | C34: 20 | D34: 45609 | E34: Dưa Leo Nhật 13/11/2024 | F34: 6000 | G34: =F34*C34 -> 120000
A35: Dưa Leo Thường | B35: Kg | C35: 38 | D35: 45609 | E35: Dưa Leo Thường 13/11/2024 | F35: =VLOOKUP(E35,'[1]TIỀN MUA PHỤ'!$A:$B,2,0) -> 4500 | G35: =F35*C35 -> 171000
A36: Hành Paro | B36: Kg | C36: 1 | D36: 45609 | E36: Hành Paro 13/11/2024 | F36: =VLOOKUP(E36,'[1]TIỀN MUA PHỤ'!$A:$B,2,0) -> 38000 | G36: =F36*C36 -> 38000
A37: Hành Paro | B37: Cây | C37: 100 | D37: 45609 | E37: Hành Paro 13/11/2024 | F37: =VLOOKUP(E37,'[1]TIỀN MUA PHỤ'!$A:$B,2,0)/5 -> 7600 | G37: =F37*C37 -> 760000
A38: Lá Hương Thảo | B38: Kg | C38: 1 | D38: 45609 | E38: Lá Hương Thảo 13/11/2024 | F38: =VLOOKUP(E38,'[1]TIỀN MUA PHỤ'!$A:$B,2,0) -> 100000 | G38: =F38*C38 -> 100000
A39: Lá Mè | B39: Túi | C39: 100 | D39: 45609 | E39: Lá Mè 13/11/2024 | F39: =VLOOKUP(E39,'[1]TIỀN MUA PHỤ'!$A:$B,2,0)/20 -> 1900 | G39: =F39*C39 -> 190000
A40: Lá Nha Đam | B40: Kg | C40: 0.5 | D40: 45609 | E40: Lá Nha Đam 13/11/2024 | F40: =VLOOKUP(E40,'[1]TIỀN MUA PHỤ'!$A:$B,2,0) -> 14000 | G40: =F40*C40 -> 7000
A41: Lá Tía Tô | B41: Kg | C41: 2 | D41: 45609 | E41: Lá Tía Tô 13/11/2024 | F41: =VLOOKUP(E41,'[1]TIỀN MUA PHỤ'!$A:$B,2,0) -> 32000 | G41: =F41*C41 -> 64000
A42: Măng Tây | B42: Kg | C42: 20 | D42: 45609 | E42: Măng Tây 13/11/2024 | F42: =VLOOKUP(E42,'[1]TIỀN MUA PHỤ'!$A:$B,2,0) -> 58000 | G42: =F42*C42 -> 1160000
A43: Ớt Chuông Ba Màu | B43: Vỉ | C43: 10 | D43: 45609 | E43: Ớt Chuông Ba Màu 13/11/2024 | F43: 23000 | G43: =F43*C43 -> 230000
A44: Ớt Chuông Baby | B44: Kg | C44: 27 | D44: 45609 | E44: Ớt Chuông Baby 13/11/2024 | F44: =VLOOKUP(E44,'[1]TIỀN MUA PHỤ'!$A:$B,2,0) -> 48000 | G44: =F44*C44 -> 1296000
A45: Ớt Chuông Đỏ | B45: Kg | C45: 3.5 | D45: 45609 | E45: Ớt Chuông Đỏ 13/11/2024 | F45: 40000 | G45: =F45*C45 -> 140000
A46: Ớt Chuông Đỏ | B46: Trái 180gr | C46: 200 | D46: 45609 | E46: Ớt Chuông Đỏ 13/11/2024 | F46: 10000 | G46: =F46*C46 -> 2000000
A47: Ớt Chuông Snack | B47: Kg | C47: 12 | D47: 45609 | E47: Ớt Chuông Snack 13/11/2024 | F47: =VLOOKUP(E47,'[1]TIỀN MUA PHỤ'!$A:$B,2,0) -> 58000 | G47: =F47*C47 -> 696000
A48: Ớt Chuông Vàng | B48: Kg | C48: 16 | D48: 45609 | E48: Ớt Chuông Vàng 13/11/2024 | F48: 20000 | G48: =F48*C48 -> 320000
A49: Ớt Chuông Vàng | B49: Trái 180gr | C49: 150 | D49: 45609 | E49: Ớt Chuông Vàng 13/11/2024 | F49: 5000 | G49: =F49*C49 -> 750000
A50: Ớt Chuông Xanh | B50: Kg | C50: 2.5 | D50: 45609 | E50: Ớt Chuông Xanh 13/11/2024 | F50: =VLOOKUP(E50,'[1]TIỀN MUA PHỤ'!$A:$B,2,0) -> 27000 | G50: =F50*C50 -> 67500
A51: Ớt Chuông Xanh | B51: Trái 180gr | C51: 40 | D51: 45609 | E51: Ớt Chuông Xanh 13/11/2024 | F51: =VLOOKUP(E51,'[1]TIỀN MUA PHỤ'!$A:$B,2,0)/4 -> 6750 | G51: =F51*C51 -> 270000
A52: Ớt Sweet Palemo | B52: Túi | C52: 142 | D52: 45609 | E52: Ớt Sweet Palemo 13/11/2024 | F52: 22000 | G52: =F52*C52 -> 3124000
A53: Rau Ngò Rí | B53: Kg | C53: 5 | D53: 45609 | E53: Rau Ngò Rí 13/11/2024 | F53: =VLOOKUP(E53,'[1]TIỀN MUA PHỤ'!$A:$B,2,0) -> 35000 | G53: =F53*C53 -> 175000
A54: Xà Lách Lolo Tím | B54: Kg | C54: 10 | D54: 45609 | E54: Xà Lách Lolo Tím 13/11/2024 | F54: =VLOOKUP(E54,'[1]TIỀN MUA PHỤ'!$A:$B,2,0) -> 50000 | G54: =F54*C54 -> 500000
A55: Xà Lách Lolo Xanh | B55: Kg | C55: 110 | D55: 45609 | E55: Xà Lách Lolo Xanh 13/11/2024 | F55: =VLOOKUP(E55,'[1]TIỀN MUA PHỤ'!$A:$B,2,0) -> 33000 | G55: =F55*C55 -> 3630000
A56: Xà Lách Lolo Xanh T.C | B56: Kg | C56: 5 | D56: 45609 | E56: Xà Lách Lolo Xanh T.C 13/11/2024 | F56: =VLOOKUP(E56,'[1]TIỀN MUA PHỤ'!$A:$B,2,0) -> 28000 | G56: =F56*C56 -> 140000
A57: Xà Lách Lolo Xanh T.C Cây | B57: Cây | C57: 50 | D57: 45609 | E57: Xà Lách Lolo Xanh T.C Cây 13/11/2024 | F57: =VLOOKUP(E57,'[1]TIỀN MUA PHỤ'!$A:$B,2,0) -> 6800 | G57: =F57*C57 -> 340000
A58: Xà Lách Mỡ | B58: Kg | C58: 30 | D58: 45609 | E58: Xà Lách Mỡ 13/11/2024 | F58: 28000 | G58: =F58*C58 -> 840000
A59: Xà Lách Mỹ | B59: Kg | C59: 20 | D59: 45609 | E59: Xà Lách Mỹ 13/11/2024 | F59: =VLOOKUP(E59,'[1]TIỀN MUA PHỤ'!$A:$B,2,0) -> 35000 | G59: =F59*C59 -> 700000
A60: Xà Lách Thủy Tinh T.C Cây | B60: Cây | C60: 5 | D60: 45609 | E60: Xà Lách Thủy Tinh T.C Cây 13/11/2024 | F60: =VLOOKUP(E60,'[1]TIỀN MUA PHỤ'!$A:$B,2,0) -> 6800 | G60: =F60*C60 -> 34000
A61: Trái Mâm Xôi | B61: Hộp | C61: 10 | D61: 45609 | E61: Trái Mâm Xôi 13/11/2024 | F61: =VLOOKUP(E61,'[1]TIỀN MUA PHỤ'!$A:$B,2,0) -> 35000 | G61: =F61*C61 -> 350000
A62: Cà Chua Thường | B62: Kg | C62: 100 | D62: 45609 | E62: Cà Chua Thường 13/11/2024 | F62: =VLOOKUP(E62,'[1]TIỀN MUA PHỤ'!$A:$B,2,0) -> 18000 | G62: =F62*C62 -> 1800000
A63: Dưa Leo Baby | B63: Kg | C63: 40 | D63: 45609 | E63: Dưa Leo Baby 13/11/2024 | F63: 10000 | G63: =F63*C63 -> 400000
A64: Cà Chua Beef Trung | B64: Kg | C64: 40 | D64: 45609 | E64: Cà Chua Beef Trung 13/11/2024 | F64: =VLOOKUP(E64,'[1]TIỀN MUA PHỤ'!$A:$B,2,0) -> 17000 | G64: =F64*C64 -> 680000
A65: Ớt Chuông Đỏ | B65: Kg | C65: 25 | D65: 45609 | E65: Ớt Chuông Đỏ 13/11/2024 | F65: =VLOOKUP(E65,'[1]TIỀN MUA PHỤ'!$A:$B,2,0) -> 38000 | G65: =F65*C65 -> 950000
A66: Cà Chua Bi Đỏ | B66: Kg | C66: 25 | D66: 45609 | E66: Cà Chua Bi Đỏ 13/11/2024 | F66: 38000 | G66: =F66*C66 -> 950000
A67: Bí Ngòi Xanh | B67: Kg | C67: 40 | D67: 45609 | E67: Bí Ngòi Xanh 13/11/2024 | F67: =VLOOKUP(E67,'[1]TIỀN MUA PHỤ'!$A:$B,2,0) -> 14000 | G67: =F67*C67 -> 560000
A68: Ớt Sweet Palemo | B68: Kg | C68: 15 | D68: 45609 | E68: Ớt Sweet Palemo 13/11/2024 | F68: =VLOOKUP(E68,'[1]TIỀN MUA PHỤ'!$A:$B,2,0)*3 -> 63000 | G68: =F68*C68 -> 945000
A69: Củ Dền | B69: Kg | C69: 10 | D69: 45609 | E69: Củ Dền 13/11/2024 | F69: =VLOOKUP(E69,'[1]TIỀN MUA PHỤ'!$A:$B,2,0) -> 17000 | G69: =F69*C69 -> 170000
A70: Bí Non Nhật | B70: Kg | C70: 15 | D70: 45609 | E70: Bí Non Nhật 13/11/2024 | F70: =VLOOKUP(E70,'[1]TIỀN MUA PHỤ'!$A:$B,2,0) -> 14000 | G70: =F70*C70 -> 210000
A71: Ớt Chuông Vàng | B71: Kg | C71: 8 | D71: 45609 | E71: Ớt Chuông Vàng 13/11/2024 | F71: =VLOOKUP(E71,'[1]TIỀN MUA PHỤ'!$A:$B,2,0) -> 18000 | G71: =F71*C71 -> 144000
A72: Đậu Cove Trắng | B72: Kg | C72: 10 | D72: 45609 | E72: Đậu Cove Trắng 13/11/2024 | F72: 33000 | G72: =F72*C72 -> 330000
A73: Lá Mè | B73: Kg | C73: 8 | D73: 45609 | E73: Lá Mè 13/11/2024 | F73: =VLOOKUP(E73,'[1]TIỀN MUA PHỤ'!$A:$B,2,0) -> 38000 | G73: =F73*C73 -> 304000
A74: Cà Rốt Baby | B74: Kg | C74: 10 | D74: 45609 | E74: Cà Rốt Baby 13/11/2024 | F74: =VLOOKUP(E74,'[1]TIỀN MUA PHỤ'!$A:$B,2,0) -> 55000 | G74: =F74*C74 -> 550000
A75: Xà Lách Mỡ T.C | B75: Kg | C75: 8 | D75: 45609 | E75: Xà Lách Mỡ T.C 13/11/2024 | F75: =VLOOKUP(E75,'[1]TIỀN MUA PHỤ'!$A:$B,2,0) -> 28000 | G75: =F75*C75 -> 224000
A76: Hành Paro | B76: Kg | C76: 5.2 | D76: 45609 | E76: Hành Paro 13/11/2024 | F76: =VLOOKUP(E76,'[1]TIỀN MUA PHỤ'!$A:$B,2,0) -> 38000 | G76: =F76*C76 -> 197600

Sheet 1211
A1: Tên hàng | B1: ĐVT | C1: Số lượng | D1: NGÀY | E1: CỘT PHỤ | F1: GIÁ | G1: THÀNH TIỀN
A2: Bắp Cải Tím | B2: Kg | C2: 40 | D2: 45608 | E2: Bắp Cải Tím 12/11/2024 | F2: =VLOOKUP(E2,'[1]TIỀN MUA PHỤ'!$A:$B,2,0) -> 28000 | G2: =F2*C2 -> 1120000 | H2: 28000 | I2: 1120000
A3: Bắp Cải Trái Tim | B3: Kg | C3: 20 | D3: 45608 | E3: Bắp Cải Trái Tim 12/11/2024 | F3: =VLOOKUP(E3,'[1]TIỀN MUA PHỤ'!$A:$B,2,0) -> 14000 | G3: =F3*C3 -> 280000 | H3: 14000 | I3: 280000
A4: Bắp Cải Trắng | B4: Kg | C4: 60 | D4: 45608 | E4: Bắp Cải Trắng 12/11/2024 | F4: =VLOOKUP(E4,'[1]TIỀN MUA PHỤ'!$A:$B,2,0) -> 11000 | G4: =F4*C4 -> 660000 | H4: 11000 | I4: 660000
A5: Bí Ngô Mini | B5: Kg | C5: 5 | D5: 45608 | E5: Bí Ngô Mini 12/11/2024 | F5: =VLOOKUP(E5,'[1]TIỀN MUA PHỤ'!$A:$B,2,0) -> 48000 | G5: =F5*C5 -> 240000 | H5: 48000 | I5: 240000
A6: Bí Ngòi Xanh | B6: Trái 280gr | C6: 240 | D6: 45608 | E6: Bí Ngòi Xanh 12/11/2024 | F6: =17000*0.3 -> 5100 | G6: =F6*C6 -> 1224000 | H6: 5100 | I6: 1224000
A7: Bí Non Nhật | B7: Trái | C7: 150 | D7: 45608 | E7: Bí Non Nhật 12/11/2024 | F7: =13000*0.3 -> 3900 | G7: =F7*C7 -> 585000 | H7: 3900 | I7: 585000
A8: Bơ Booth | B8: Kg | C8: 100 | D8: 45608 | E8: Bơ Booth 12/11/2024 | F8: =VLOOKUP(E8,'[1]TIỀN MUA PHỤ'!$A:$B,2,0) -> 26000 | G8: =F8*C8 -> 2600000 | H8: 26000 | I8: 2600000
A9: Bông Cải Xanh 7Cm | B9: Kg | C9: 50 | D9: 45608 | E9: Bông Cải Xanh 7Cm 12/11/2024 | F9: =VLOOKUP(E9,'[1]TIỀN MUA PHỤ'!$A:$B,2,0) -> 40000 | G9: =F9*C9 -> 2000000 | H9: 40000 | I9: 2000000
A10: Bông Cải Xanh Baby | B10: Kg | D10: 45608 | E10: Bông Cải Xanh Baby 12/11/2024 | G10: =F10*C10 -> 0 | I10: 0
A11: Bông Cải Xanh Baby | B11: Vỉ | C11: 64 | D11: 45608 | E11: Bông Cải Xanh Baby 12/11/2024 | F11: =58000/5 -> 11600 | G11: =F11*C11 -> 742400 | H11: 11600 | I11: 742400
A12: Cà Chua Beef | B12: Kg | C12: 80 | D12: 45608 | E12: Cà Chua Beef 12/11/2024 | F12: =VLOOKUP(E12,'[1]TIỀN MUA PHỤ'!$A:$B,2,0) -> 23000 | G12: =F12*C12 -> 1840000 | H12: 23000 | I12: 1840000
A13: Cà Chua Beef Trung | B13: Vỉ 500gr | C13: 100 | D13: 45608 | E13: Cà Chua Beef Trung 12/11/2024 | F13: 11500 | G13: =F13*C13 -> 1150000 | H13: 11500 | I13: 1150000
A14: Cà Chua Bi Mix | B14: Hộp | C14: 45 | D14: 45608 | E14: Cà Chua Bi Mix 12/11/2024 | F14: =56500*0.3 -> 16950 | G14: =F14*C14 -> 762750 | H14: 16950 | I14: 762750
A15: Cà Chua Socola | B15: Hộp 300gr | C15: 60 | D15: 45608 | E15: Cà Chua Socola 12/11/2024 | F15: =46500*0.3 -> 13950 | G15: =F15*C15 -> 837000 | H15: 13950 | I15: 837000
A16: Cà Rốt | B16: Kg | C16: 90 | D16: 45608 | E16: Cà Rốt 12/11/2024 | F16: =VLOOKUP(E16,'[1]TIỀN MUA PHỤ'!$A:$B,2,0) -> 16000 | G16: =F16*C16 -> 1440000 | H16: 16000 | I16: 1440000
A17: Cà Rốt Baby | B17: Vỉ | C17: 64 | D17: 45608 | E17: Cà Rốt Baby 12/11/2024 | F17: 11000 | G17: =F17*C17 -> 704000 | H17: 11000 | I17: 704000
A18: Cải Bó Xôi | B18: Kg | C18: 50 | D18: 45608 | E18: Cải Bó Xôi 12/11/2024 | F18: 34000 | G18: =F18*C18 -> 1700000 | H18: 34000 | I18: 1700000
A19: Cải Kale | B19: Túi | C19: 50 | D19: 45608 | E19: Cải Kale 12/11/2024 | F19: =33500*0.3 -> 10050 | G19: =F19*C19 -> 502500 | H19: 10050 | I19: 502500
A20: Cải Kale | B20: Túi 150gr | C20: 10 | D20: 45608 | E20: Cải Kale 12/11/2024 | F20: =35000*0.15 -> 5250 | G20: =F20*C20 -> 52500 | H20: 5250 | I20: 52500
A21: Cần Tây | B21: Cây | C21: 150 | D21: 45608 | E21: Cần Tây 12/11/2024 | F21: 6000 | G21: =F21*C21 -> 900000 | H21: 6000 | I21: 900000
A22: Chanh Không Hạt | B22: Vỉ | C22: 20 | D22: 45608 | E22: Chanh Không Hạt 12/11/2024 | F22: =26000/4 -> 6500 | G22: =F22*C22 -> 130000 | H22: 6500 | I22: 130000
A23: Củ Cải Đỏ | B23: Hộp | C23: 33 | D23: 45608 | E23: Củ Cải Đỏ 12/11/2024 | F23: =VLOOKUP(E23,'[1]TIỀN MUA PHỤ'!$A:$B,2,0) -> 14000 | G23: =F23*C23 -> 462000 | H23: 14000 | I23: 462000
A24: Củ Hành Tây | B24: Kg | C24: 100 | D24: 45608 | E24: Củ Hành Tây 12/11/2024 | F24: =VLOOKUP(E24,'[1]TIỀN MUA PHỤ'!$A:$B,2,0) -> 22000 | G24: =F24*C24 -> 2200000 | H24: 22000 | I24: 2200000
A25: Củ Khoai Lang Mật Size 46 | B25: Kg | C25: 100 | D25: 45608 | E25: Củ Khoai Lang Mật Size 46 12/11/2024 | F25: 23000 | G25: =F25*C25 -> 2300000 | H25: 23000 | I25: 2300000
A26: Củ Khoai Sâm | B26: Kg | D26: 45608 | E26: Củ Khoai Sâm 12/11/2024 | G26: =F26*C26 -> 0 | I26: 0
A27: Củ Su Hào | B27: Kg | C27: 10 | D27: 45608 | E27: Củ Su Hào 12/11/2024 | F27: =VLOOKUP(E27,'[1]TIỀN MUA PHỤ'!$A:$B,2,0) -> 18000 | G27: =F27*C27 -> 180000 | H27: 18000 | I27: 180000
A28: Đậu Cove Trắng | B28: Túi 300gr | C28: 20 | D28: 45608 | E28: Đậu Cove Trắng 12/11/2024 | F28: =VLOOKUP(E28,'[1]TIỀN MUA PHỤ'!$A:$B,2,0) -> 7000 | G28: =F28*C28 -> 140000 | H28: 7000 | I28: 140000
A29: Đậu Đỏ | B29: Kg | D29: 45608 | E29: Đậu Đỏ 12/11/2024 | F29: =VLOOKUP(E29,'[1]TIỀN MUA PHỤ'!$A:$B,2,0) -> 80000 | G29: =F29*C29 -> 0 | H29: 80000 | I29: 0
A30: Dưa Leo Baby | B30: Vỉ | C30: 140 | D30: 45608 | E30: Dưa Leo Baby 12/11/2024 | F30: 6000 | G30: =F30*C30 -> 840000 | H30: 6000 | I30: 840000
A31: Dưa Leo Nhật | B31: Túi | C31: 20 | D31: 45608 | E31: Dưa Leo Nhật 12/11/2024 | F31: =10000*0.6 -> 6000 | G31: =F31*C31 -> 120000 | H31: 6000 | I31: 120000
A32: Dưa Leo Thường | B32: Kg | C32: 60 | D32: 45608 | E32: Dưa Leo Thường 12/11/2024 | F32: =VLOOKUP(E32,'[1]TIỀN MUA PHỤ'!$A:$B,2,0) -> 4500 | G32: =F32*C32 -> 270000 | H32: 4500 | I32: 270000
A33: Hành Paro | B33: Cây | C33: 100 | D33: 45608 | E33: Hành Paro 12/11/2024 | F33: =39000/5 -> 7800 | G33: =F33*C33 -> 780000 | H33: 7800 | I33: 780000
A34: Lá É | B34: Gói | D34: 45608 | E34: Lá É 12/11/2024 | G34: =F34*C34 -> 0 | I34: 0
A35: Lá Hương Thảo | B35: Túi | D35: 45608 | E35: Lá Hương Thảo 12/11/2024 | G35: =F35*C35 -> 0 | I35: 0
A36: Lá Mè | B36: Túi | C36: 260 | D36: 45608 | E36: Lá Mè 12/11/2024 | F36: 2000 | G36: =F36*C36 -> 520000 | H36: 2000 | I36: 520000
A37: Lá Quế Tây | B37: Kg | C37: 1 | D37: 45608 | E37: Lá Quế Tây 12/11/2024 | F37: =VLOOKUP(E37,'[1]TIỀN MUA PHỤ'!$A:$B,2,0) -> 100000 | G37: =F37*C37 -> 100000 | H37: 100000 | I37: 100000
A38: Lá Tía Tô | B38: Kg | C38: 1.5 | D38: 45608 | E38: Lá Tía Tô 12/11/2024 | F38: =VLOOKUP(E38,'[1]TIỀN MUA PHỤ'!$A:$B,2,0) -> 32000 | G38: =F38*C38 -> 48000 | H38: 32000 | I38: 48000
A39: Măng Tây | B39: Kg | C39: 12 | D39: 45608 | E39: Măng Tây 12/11/2024 | F39: =VLOOKUP(E39,'[1]TIỀN MUA PHỤ'!$A:$B,2,0) -> 55000 | G39: =F39*C39 -> 660000 | H39: 55000 | I39: 660000
A40: Ớt Chuông Baby | B40: Kg | C40: 22 | D40: 45608 | E40: Ớt Chuông Baby 12/11/2024 | F40: =VLOOKUP(E40,'[1]TIỀN MUA PHỤ'!$A:$B,2,0) -> 48000 | G40: =F40*C40 -> 1056000 | H40: 48000 | I40: 1056000
A41: Ớt Chuông Đỏ | B41: Trái 180gr | C41: 150 | D41: 45608 | E41: Ớt Chuông Đỏ 12/11/2024 | F41: =42000/4 -> 10500 | G41: =F41*C41 -> 1575000 | H41: 10500 | I41: 1575000
A42: Ớt Chuông Snack | B42: Kg | C42: 12 | D42: 45608 | E42: Ớt Chuông Snack 12/11/2024 | F42: =VLOOKUP(E42,'[1]TIỀN MUA PHỤ'!$A:$B,2,0) -> 58000 | G42: =F42*C42 -> 696000 | H42: 58000 | I42: 696000
A43: Ớt Chuông Vàng | B43: Trái 180gr | C43: 160 | D43: 45608 | E43: Ớt Chuông Vàng 12/11/2024 | F43: =22000/4 -> 5500 | G43: =F43*C43 -> 880000 | H43: 5500 | I43: 880000
A44: Ớt Chuông Xanh | B44: Trái 180gr | C44: 40 | D44: 45608 | E44: Ớt Chuông Xanh 12/11/2024 | F44: =25000/4 -> 6250 | G44: =F44*C44 -> 250000 | H44: 6250 | I44: 250000
A45: Ớt Sweet Palemo | B45: Túi | C45: 180 | D45: 45608 | E45: Ớt Sweet Palemo 12/11/2024 | F45: =VLOOKUP(E45,'[1]TIỀN MUA PHỤ'!$A:$B,2,0) -> 22000 | G45: =F45*C45 -> 3960000 | H45: 22000 | I45: 3960000
A46: Trái Mâm Xôi | B46: Hộp | C46: 8 | D46: 45608 | E46: Trái Mâm Xôi 12/11/2024 | F46: =VLOOKUP(E46,'[1]TIỀN MUA PHỤ'!$A:$B,2,0) -> 35000 | G46: =F46*C46 -> 280000 | H46: 35000 | I46: 280000
A47: Trái Mít Thái | B47: Kg | D47: 45608 | E47: Trái Mít Thái 12/11/2024 | G47: =F47*C47 -> 0 | I47: 0
A48: Xà Lách Lolo Xanh | B48: Kg | C48: 60 | D48: 45608 | E48: Xà Lách Lolo Xanh 12/11/2024 | F48: =VLOOKUP(E48,'[1]TIỀN MUA PHỤ'!$A:$B,2,0) -> 30000 | G48: =F48*C48 -> 1800000 | H48: 30000 | I48: 1800000
A49: Xà Lách Lolo Xanh T.C | B49: Kg | C49: 30 | D49: 45608 | E49: Xà Lách Lolo Xanh T.C 12/11/2024 | F49: =VLOOKUP(E49,'[1]TIỀN MUA PHỤ'!$A:$B,2,0) -> 28000 | G49: =F49*C49 -> 840000 | H49: 28000 | I49: 840000
A50: Xà Lách Lolo Xanh T.C Cây | B50: Cây | C50: 100 | D50: 45608 | E50: Xà Lách Lolo Xanh T.C Cây 12/11/2024 | F50: =VLOOKUP(E50,'[1]TIỀN MUA PHỤ'!$A:$B,2,0) -> 6800 | G50: =F50*C50 -> 680000 | H50: 6800 | I50: 680000
A51: Xà Lách Mỡ | B51: Kg | C51: 55 | D51: 45608 | E51: Xà Lách Mỡ 12/11/2024 | F51: 28000 | G51: =F51*C51 -> 1540000 | H51: 28000 | I51: 1540000
A52: Xà Lách Mỡ T.C Cây | B52: Cây | D52: 45608 | E52: Xà Lách Mỡ T.C Cây 12/11/2024 | F52: =VLOOKUP(E52,'[1]TIỀN MUA PHỤ'!$A:$B,2,0) -> 6800 | G52: =F52*C52 -> 0 | H52: 6800 | I52: 0
A53: Xà Lách Mỹ | B53: Kg | C53: 38 | D53: 45608 | E53: Xà Lách Mỹ 12/11/2024 | F53: =VLOOKUP(E53,'[1]TIỀN MUA PHỤ'!$A:$B,2,0) -> 38000 | G53: =F53*C53 -> 1444000 | H53: 38000 | I53: 1444000
A54: Xà Lách Rocket | B54: Kg | C54: 2.5 | D54: 45608 | E54: Xà Lách Rocket 12/11/2024 | F54: =VLOOKUP(E54,'[1]TIỀN MUA PHỤ'!$A:$B,2,0) -> 120000 | G54: =F54*C54 -> 300000 | H54: 120000 | I54: 300000
A55: Xà Lách Thủy Tinh T.C Cây | B55: Cây | C55: 10 | D55: 45608 | E55: Xà Lách Thủy Tinh T.C Cây 12/11/2024 | F55: =VLOOKUP(E55,'[1]TIỀN MUA PHỤ'!$A:$B,2,0) -> 8000 | G55: =F55*C55 -> 80000 | H55: 8000 | I55: 80000
A56: Cà Chua Bi Đỏ | B56: Kg | C56: 5 | D56: 45608 | E56: Cà Chua Bi Đỏ 12/11/2024 | F56: 33000 | G56: =F56*C56 -> 165000 | H56: 33000 | I56: 165000
A57: Cà Tím | B57: Kg | C57: 2 | D57: 45608 | E57: Cà Tím 12/11/2024 | F57: =VLOOKUP(E57,'[1]TIỀN MUA PHỤ'!$A:$B,2,0) -> 9000 | G57: =F57*C57 -> 18000 | H57: 9000 | I57: 18000
A58: Bắp Cải Trắng | B58: Kg | C58: 3 | D58: 45608 | E58: Bắp Cải Trắng 12/11/2024 | F58: =VLOOKUP(E58,'[1]TIỀN MUA PHỤ'!$A:$B,2,0) -> 11000 | G58: =F58*C58 -> 33000 | H58: 11000 | I58: 33000
A59: Bí Ngòi Xanh | B59: Kg | C59: 33 | D59: 45608 | E59: Bí Ngòi Xanh 12/11/2024 | F59: =VLOOKUP(E59,'[1]TIỀN MUA PHỤ'!$A:$B,2,0) -> 17000 | G59: =F59*C59 -> 561000 | H59: 17000 | I59: 561000
A60: Cà Rốt | B60: Kg | C60: 63 | D60: 45608 | E60: Cà Rốt 12/11/2024 | F60: =VLOOKUP(E60,'[1]TIỀN MUA PHỤ'!$A:$B,2,0) -> 16000 | G60: =F60*C60 -> 1008000 | H60: 16000 | I60: 1008000
A61: Đậu Cove Nhật | B61: Túi | C61: 15 | D61: 45608 | E61: Đậu Cove Nhật 12/11/2024 | F61: =VLOOKUP(E61,'[1]TIỀN MUA PHỤ'!$A:$B,2,0) -> 6000 | G61: =F61*C61 -> 90000 | H61: 6000 | I61: 90000
A62: Dưa Leo Thường | B62: Kg | C62: 2 | D62: 45608 | E62: Dưa Leo Thường 12/11/2024 | F62: 9000 | G62: =F62*C62 -> 18000 | H62: 9000 | I62: 18000
A63: Củ Khoai Lang Mật Size 46 | B63: Kg | C63: 6.5 | D63: 45608 | E63: Củ Khoai Lang Mật Size 46 12/11/2024 | F63: 23000 | G63: =F63*C63 -> 149500 | H63: 23000 | I63: 149500
A64: Củ Khoai Tây Vàng | B64: Kg | C64: 11.5 | D64: 45608 | E64: Củ Khoai Tây Vàng 12/11/2024 | F64: =VLOOKUP(E64,'[1]TIỀN MUA PHỤ'!$A:$B,2,0) -> 15000 | G64: =F64*C64 -> 172500 | H64: 15000 | I64: 172500
A65: Ớt Chuông Đỏ | B65: Kg | C65: 2 | D65: 45608 | E65: Ớt Chuông Đỏ 12/11/2024 | F65: =VLOOKUP(E65,'[1]TIỀN MUA PHỤ'!$A:$B,2,0) -> 42000 | G65: =F65*C65 -> 84000 | H65: 42000 | I65: 84000
A66: Ớt Chuông Vàng | B66: Kg | C66: 1 | D66: 45608 | E66: Ớt Chuông Vàng 12/11/2024 | F66: =VLOOKUP(E66,'[1]TIỀN MUA PHỤ'!$A:$B,2,0) -> 22000 | G66: =F66*C66 -> 22000 | H66: 22000 | I66: 22000
A67: Ớt Chuông Xanh | B67: Kg | C67: 4 | D67: 45608 | E67: Ớt Chuông Xanh 12/11/2024 | F67: =VLOOKUP(E67,'[1]TIỀN MUA PHỤ'!$A:$B,2,0) -> 25000 | G67: =F67*C67 -> 100000 | H67: 25000 | I67: 100000
A68: Cải Kale | B68: Kg | C68: 6 | D68: 45608 | E68: Cải Kale 12/11/2024 | F68: =VLOOKUP(E68,'[1]TIỀN MUA PHỤ'!$A:$B,2,0) -> 33500 | G68: =F68*C68 -> 201000 | H68: 33500 | I68: 201000
A69: Bông Cải Xanh 7Cm | B69: Kg | C69: 44 | D69: 45608 | E69: Bông Cải Xanh 7Cm 12/11/2024 | F69: =VLOOKUP(E69,'[1]TIỀN MUA PHỤ'!$A:$B,2,0) -> 40000 | G69: =F69*C69 -> 1760000 | H69: 40000 | I69: 1760000
A70: Xà Lách Lolo Xanh | B70: Kg | C70: 7 | D70: 45608 | E70: Xà Lách Lolo Xanh 12/11/2024 | F70: =VLOOKUP(E70,'[1]TIỀN MUA PHỤ'!$A:$B,2,0) -> 30000 | G70: =F70*C70 -> 210000 | H70: 30000 | I70: 210000
A71: Lá Mè | B71: Túi | C71: 128 | D71: 45608 | E71: Lá Mè 12/11/2024 | F71: =VLOOKUP(E71,'[1]TIỀN MUA PHỤ'!$A:$B,2,0) -> 40000 | G71: =F71*C71 -> 5120000 | H71: 40000 | I71: 5120000
G72: =SUM(G2:G71) -> 53183150

Sheet 1111
A1: Tên hàng | B1: ĐVT | C1: Số lượng | D1: NGÀY | E1: CỘT PHỤ | F1: GIÁ | G1: THÀNH TIỀN
A2: Bắp Cải Tím | B2: Kg | C2: 2 | D2: 45607 | E2: Bắp Cải Tím 11/11/2024 | F2: =VLOOKUP(E2,'[1]TIỀN MUA PHỤ'!$A:$B,2,0) -> 30000 | G2: =F2*C2 -> 60000 | H2: 30000 | I2: 60000
A3: Bắp Cải Trái Tim | B3: Kg | C3: 20 | D3: 45607 | E3: Bắp Cải Trái Tim 11/11/2024 | F3: =VLOOKUP(E3,'[1]TIỀN MUA PHỤ'!$A:$B,2,0) -> 18000 | G3: =F3*C3 -> 360000 | H3: 18000 | I3: 360000
A4: Bí Đao Xanh | B4: Trái | C4: 25 | D4: 45607 | E4: Bí Đao Xanh 11/11/2024 | F4: =7500/2 -> 3750 | G4: =F4*C4 -> 93750 | H4: 3750 | I4: 93750
A5: Bí Ngô Mini | B5: Kg | C5: 5 | D5: 45607 | E5: Bí Ngô Mini 11/11/2024 | F5: =VLOOKUP(E5,'[1]TIỀN MUA PHỤ'!$A:$B,2,0) -> 55000 | G5: =F5*C5 -> 275000 | H5: 55000 | I5: 275000
A6: Bí Ngòi Xanh | B6: Trái 280gr | C6: 400 | D6: 45607 | E6: Bí Ngòi Xanh 11/11/2024 | F6: =20000*0.3 -> 6000 | G6: =F6*C6 -> 2400000 | H6: 6000 | I6: 2400000
A7: Bí Non Nhật | B7: Trái | C7: 140 | D7: 45607 | E7: Bí Non Nhật 11/11/2024 | F7: =13000*0.3 -> 3900 | G7: =F7*C7 -> 546000 | H7: 3900 | I7: 546000
A8: Bơ Booth | B8: Kg | C8: 90 | D8: 45607 | E8: Bơ Booth 11/11/2024 | F8: =VLOOKUP(E8,'[1]TIỀN MUA PHỤ'!$A:$B,2,0) -> 26000 | G8: =F8*C8 -> 2340000 | H8: 26000 | I8: 2340000
A9: Bông Cải Xanh 7Cm | B9: Kg | C9: 40 | D9: 45607 | E9: Bông Cải Xanh 7Cm 11/11/2024 | F9: =VLOOKUP(E9,'[1]TIỀN MUA PHỤ'!$A:$B,2,0) -> 39000 | G9: =F9*C9 -> 1560000 | H9: 39000 | I9: 1560000
A10: Bông Cải Xanh Baby | B10: Vỉ | C10: 35 | D10: 45607 | E10: Bông Cải Xanh Baby 11/11/2024 | F10: =VLOOKUP(E10,'[1]TIỀN MUA PHỤ'!$A:$B,2,0) -> 57000 | G10: =F10*C10 -> 1995000 | H10: 58000 | I10: 2030000
A11: Cà Chua Beef | B11: Kg | C11: 170 | D11: 45607 | E11: Cà Chua Beef 11/11/2024 | F11: =VLOOKUP(E11,'[1]TIỀN MUA PHỤ'!$A:$B,2,0) -> 24000 | G11: =F11*C11 -> 4080000 | H11: 24000 | I11: 4080000
A12: Cà Chua Beef Trung | B12: Kg | C12: 40 | D12: 45607 | E12: Cà Chua Beef Trung 11/11/2024 | F12: =VLOOKUP(E12,'[1]TIỀN MUA PHỤ'!$A:$B,2,0) -> 21000 | G12: =F12*C12 -> 840000 | H12: 21000 | I12: 840000
A13: Cà Chua Beef Trung | B13: Vỉ 500gr | C13: 100 | D13: 45607 | E13: Cà Chua Beef Trung 11/11/2024 | F13: 11500 | G13: =F13*C13 -> 1150000 | H13: 11500 | I13: 1150000
A14: Cà Chua Bi Đỏ | B14: Kg | C14: 5 | D14: 45607 | E14: Cà Chua Bi Đỏ 11/11/2024 | F14: 33000 | G14: =F14*C14 -> 165000 | H14: 33000 | I14: 165000
A15: Cà Chua Bi Đỏ | B15: Hộp 300gr | C15: 60 | D15: 45607 | E15: Cà Chua Bi Đỏ 11/11/2024 | F15: =VLOOKUP(E15,'[1]TIỀN MUA PHỤ'!$A:$B,2,0) -> 16500 | G15: =F15*C15 -> 990000 | H15: 16500 | I15: 990000
A16: Cà Chua Socola | B16: Hộp 300gr | C16: 244 | D16: 45607 | E16: Cà Chua Socola 11/11/2024 | F16: 14000 | G16: =F16*C16 -> 3416000 | H16: 14000 | I16: 3416000
A17: Cà Chua Thường | B17: Kg | C17: 40 | D17: 45607 | E17: Cà Chua Thường 11/11/2024 | F17: =VLOOKUP(E17,'[1]TIỀN MUA PHỤ'!$A:$B,2,0) -> 18000 | G17: =F17*C17 -> 720000 | H17: 18000 | I17: 720000
A18: Cà Rốt | B18: Kg | C18: 120 | D18: 45607 | E18: Cà Rốt 11/11/2024 | F18: =VLOOKUP(E18,'[1]TIỀN MUA PHỤ'!$A:$B,2,0) -> 15000 | G18: =F18*C18 -> 1800000 | H18: 15000 | I18: 1800000
A19: Cà Rốt Baby | B19: Vỉ | C19: 90 | D19: 45607 | E19: Cà Rốt Baby 11/11/2024 | F19: 11000 | G19: =F19*C19 -> 990000 | H19: 11000 | I19: 990000
A20: Cải Bó Xôi | B20: Kg | C20: 30 | D20: 45607 | E20: Cải Bó Xôi 11/11/2024 | F20: =VLOOKUP(E20,'[1]TIỀN MUA PHỤ'!$A:$B,2,0) -> 32000 | G20: =F20*C20 -> 960000 | H20: 32000 | I20: 960000
A21: Cải Kale | B21: Túi | C21: 175 | D21: 45607 | E21: Cải Kale 11/11/2024 | F21: =VLOOKUP(E21,'[1]TIỀN MUA PHỤ'!$A:$B,2,0)*0.3 -> 10050 | G21: =F21*C21 -> 1758750 | H21: 10050 | I21: 1758750
A22: Cải Kale | B22: Túi 150gr | C22: 10 | D22: 45607 | E22: Cải Kale 11/11/2024 | F22: =VLOOKUP(E22,'[1]TIỀN MUA PHỤ'!$A:$B,2,0)*0.15 -> 5025 | G22: =F22*C22 -> 50250 | H22: 5025 | I22: 50250
A23: Cải Thảo | B23: Kg | C23: 60 | D23: 45607 | E23: Cải Thảo 11/11/2024 | F23: =VLOOKUP(E23,'[1]TIỀN MUA PHỤ'!$A:$B,2,0) -> 7500 | G23: =F23*C23 -> 450000 | H23: 7500 | I23: 450000
A24: Cần Tây | B24: Cây | C24: 200 | D24: 45607 | E24: Cần Tây 11/11/2024 | F24: 6000 | G24: =F24*C24 -> 1200000 | H24: 6000 | I24: 1200000
A25: Chanh Không Hạt | B25: Vỉ | C25: 42 | D25: 45607 | E25: Chanh Không Hạt 11/11/2024 | F25: =VLOOKUP(E25,'[1]TIỀN MUA PHỤ'!$A:$B,2,0)/4 -> 6500 | G25: =F25*C25 -> 273000 | H25: 6500 | I25: 273000
A26: Củ Cải Đỏ | B26: Hộp | C26: 5 | D26: 45607 | E26: Củ Cải Đỏ 11/11/2024 | F26: =VLOOKUP(E26,'[1]TIỀN MUA PHỤ'!$A:$B,2,0) -> 13000 | G26: =F26*C26 -> 65000 | H26: 13000 | I26: 65000
A27: Củ Hành Tây | B27: Kg | C27: 60 | D27: 45607 | E27: Củ Hành Tây 11/11/2024 | F27: 22000 | G27: =F27*C27 -> 1320000 | H27: 22000 | I27: 1320000
A28: Củ Hành Tây Tím | B28: Kg | C28: 20 | D28: 45607 | E28: Củ Hành Tây Tím 11/11/2024 | F28: =VLOOKUP(E28,'[1]TIỀN MUA PHỤ'!$A:$B,2,0) -> 20000 | G28: =F28*C28 -> 400000 | H28: 20000 | I28: 400000
A29: Củ Khoai Lang Mật Size 46 | B29: Kg | C29: 100 | D29: 45607 | E29: Củ Khoai Lang Mật Size 46 11/11/2024 | F29: 23000 | G29: =F29*C29 -> 2300000 | H29: 23000 | I29: 2300000
A30: Củ Khoai Lang Nhật | B30: Kg | C30: 100 | D30: 45607 | E30: Củ Khoai Lang Nhật 11/11/2024 | F30: =VLOOKUP(E30,'[1]TIỀN MUA PHỤ'!$A:$B,2,0) -> 19000 | G30: =F30*C30 -> 1900000 | H30: 19000 | I30: 1900000
A31: Củ Su Hào | B31: Kg | C31: 10 | D31: 45607 | E31: Củ Su Hào 11/11/2024 | F31: =VLOOKUP(E31,'[1]TIỀN MUA PHỤ'!$A:$B,2,0) -> 18000 | G31: =F31*C31 -> 180000 | H31: 18000 | I31: 180000
A32: Đậu Cove Trắng | B32: Túi 300gr | C32: 30 | D32: 45607 | E32: Đậu Cove Trắng 11/11/2024 | F32: =VLOOKUP(E32,'[1]TIỀN MUA PHỤ'!$A:$B,2,0)*2/3 -> 6666.6667 | G32: =F32*C32 -> 200000 | H32: 6666.6667 | I32: 200000
A33: Đậu Đỏ | B33: Kg | C33: 4 | D33: 45607 | E33: Đậu Đỏ 11/11/2024 | F33: =VLOOKUP(E33,'[1]TIỀN MUA PHỤ'!$A:$B,2,0) -> 80000 | G33: =F33*C33 -> 320000 | H33: 80000 | I33: 320000
