Workbook

Sheet 1.1
A1: hàng tồn cuối ngày 1/1 vr
A2: Tên Sản phẩm | B2: ĐVT | C2: tồn | D2: giá | E2: thành tiền
A3: Bắp Cải Tím | B3: Kg | C3: 0 | E3: =C3*D3 -> 0
A4: Bắp Cải Trái Tim | B4: Kg | C4: 310 | D4: 7500 | E4: =C4*D4 -> 2325000
A5: Bắp Cải Trắng | B5: Kg | C5: 462 | D5: 5500 | E5: =C5*D5 -> 2541000
A6: Bí Đỏ Hồ Lô | B6: Kg | C6: 3 | D6: 11500 | E6: =C6*D6 -> 34500
A7: Bí Đỏ Tròn | B7: Kg | C7: 108 | D7: 11000 | E7: =C7*D7 -> 1188000
A8: Bí Ngòi Xanh | B8: Kg | C8: 465 | D8: 10000 | E8: =C8*D8 -> 4650000
A9: Bí Ngòi Xanh | B9: Trái | C9: 0 | E9: =C9*D9 -> 0
A10: Bí Non Nhật | B10: Kg | C10: 0 | E10: =C10*D10 -> 0
A11: Bí Non Nhật | B11: Trái | C11: 0 | E11: =C11*D11 -> 0
A12: Bơ Booth | B12: Kg | C12: 0 | E12: =C12*D12 -> 0
A13: Bông Cải Trắng | B13: Kg | C13: 12 | D13: 15000 | E13: =C13*D13 -> 180000
A14: Bông Cải Xanh 10Cm | B14: Kg | C14: 24 | D14: 20000 | E14: =C14*D14 -> 480000
A15: Bông Cải Xanh 12Cm | B15: Kg | C15: 0 | E15: =C15*D15 -> 0
A16: Bông Cải Xanh 7Cm | B16: Kg | C16: 34 | D16: 33000 | E16: =C16*D16 -> 1122000
A17: Bông Cải Xanh Baby | B17: Vỉ | C17: 22 | D17: 8000 | E17: =C17*D17 -> 176000
A18: Cà Chua Beef | B18: Kg | C18: 85 | D18: 15000 | E18: =C18*D18 -> 1275000
A19: Cà Chua Beef | B19: Vỉ | C19: 0 | E19: =C19*D19 -> 0
A20: Cà Chua Beef | B20: Vỉ 650gr | C20: 0 | E20: =C20*D20 -> 0
A21: Cà Chua Beef Trung | B21: Kg | C21: 13 | D21: 14000 | E21: =C21*D21 -> 182000
A22: Cà Chua Beef Trung | B22: Vỉ 500gr | C22: 95 | D22: 7000 | E22: =C22*D22 -> 665000
A23: Cà Chua Bi Đỏ | B23: Kg | C23: 5 | D23: 24000 | E23: =C23*D23 -> 120000
A24: Cà Chua Bi Đỏ | B24: Hộp 300gr | C24: 73 | D24: 7200 | E24: =C24*D24 -> 525600
A25: Cà Chua Bi Mix | B25: Hộp | C25: 5 | D25: 12000 | E25: =C25*D25 -> 60000
A26: Cà Chua Socola | B26: Kg | C26: 5 | D26: 28000 | E26: =C26*D26 -> 140000
A27: Cà Chua Socola | B27: Hộp 250GR | C27: 370 | D27: 9000 | E27: =C27*D27 -> 3330000
A28: Cà Chua Thường | B28: Kg | C28: 532 | D28: 16000 | E28: =C28*D28 -> 8512000
A29: Cà Chua Thường | B29: Vỉ | C29: 0 | E29: =C29*D29 -> 0
A30: Cà Chua Thường Trung | B30: Túi | C30: 140 | D30: 14000 | E30: =C30*D30 -> 1960000
A31: Cà Rốt | B31: Kg | C31: 67 | D31: 11000 | E31: =C31*D31 -> 737000
A32: Cà Rốt | B32: Túi | C32: 0 | E32: =C32*D32 -> 0
A33: Cà Rốt Baby | B33: Vỉ | C33: 7 | D33: 10000 | E33: =C33*D33 -> 70000
A34: Cà Tím | B34: Kg | C34: 69 | D34: 8000 | E34: =C34*D34 -> 552000
A35: Cà Tím | B35: Cặp | C35: 0 | E35: =C35*D35 -> 0
A36: Cải Bó Xôi | B36: Kg | C36: 20 | D36: 28000 | E36: =C36*D36 -> 560000
A37: Cải Bó Xôi | B37: Túi | C37: 0 | E37: =C37*D37 -> 0
A38: Cải Cầu Vồng | B38: Túi | C38: 11 | D38: 5000 | E38: =C38*D38 -> 55000
A39: Cải Kale | B39: Túi | C39: 12 | D39: 4000 | E39: =C39*D39 -> 48000
A40: Cải Thảo | B40: Kg | C40: 717 | D40: 7500 | E40: =C40*D40 -> 5377500
A41: Cần Tây | B41: Cây | C41: 0 | E41: =C41*D41 -> 0
A42: Cần Tây | B42: Kg | C42: 40 | D42: 9000 | E42: =C42*D42 -> 360000
A43: Chuối Laba | B43: Kg | C43: 0 | E43: =C43*D43 -> 0
A44: Củ Cải Đỏ | B44: Hộp | C44: 0 | E44: =C44*D44 -> 0
A45: Củ Cải Muối | B45: Kg | C45: 9 | D45: 16000 | E45: =C45*D45 -> 144000
A46: Củ Cải Trắng | B46: Kg | C46: 93 | D46: 6500 | E46: =C46*D46 -> 604500
A47: Củ Dền | B47: Kg | C47: 112 | D47: 10000 | E47: =C47*D47 -> 1120000
A48: Củ Dền | B48: Túi | C48: 0 | E48: =C48*D48 -> 0
A49: Củ Gừng | B49: Kg | C49: 6 | D49: 17000 | E49: =C49*D49 -> 102000
A50: Củ Hành Tây | B50: Kg | C50: 710 | D50: 15000 | E50: =C50*D50 -> 10650000
A51: Củ Hành Tây | B51: Túi 300gr | C51: 0 | E51: =C51*D51 -> 0
A52: Củ Hành Tây Tím | B52: Kg | C52: 7 | D52: 20000 | E52: =C52*D52 -> 140000
A53: Củ Hành Tây Trung | B53: Túi | C53: 126 | D53: 3600 | E53: =C53*D53 -> 453600
A54: Củ Khoai Lang Mật Size 23 | B54: Kg | C54: 305 | D54: 28000 | E54: =C54*D54 -> 8540000
A55: Củ Khoai Lang Mật Size 46 | B55: Kg | C55: 405 | D55: 28000 | E55: =C55*D55 -> 11340000
A56: Củ Khoai Lang Mật Size 78 | B56: Kg | C56: 200 | D56: 17000 | E56: =C56*D56 -> 3400000
A57: Củ Khoai Lang Nhật | B57: Kg | C57: 366 | D57: 17000 | E57: =C57*D57 -> 6222000
A58: Củ Khoai Mỡ | B58: Kg | C58: 0 | E58: =C58*D58 -> 0
A59: Củ Khoai Sâm | B59: Kg | C59: 0 | E59: =C59*D59 -> 0
A60: Củ Khoai Tây Bi Vàng | B60: Túi | C60: 0 | E60: =C60*D60 -> 0
A61: Củ Khoai Tây Hồng | B61: Kg | C61: 60 | D61: 30000 | E61: =C61*D61 -> 1800000
A62: Củ Khoai Tây Vàng | B62: Kg | C62: 55 | D62: 17000 | E62: =C62*D62 -> 935000
A63: Củ Khoai Tây Vàng | B63: Túi | C63: 0 | E63: =C63*D63 -> 0
A64: Củ Khoai Tây Vàng Trung | B64: Túi | C64: 40 | D64: 7500 | E64: =C64*D64 -> 300000
A65: Củ Su Hào | B65: Kg | C65: 110 | D65: 13000 | E65: =C65*D65 -> 1430000
A66: Đậu Cove Nhật | B66: Túi | C66: 39 | D66: 9000 | E66: =C66*D66 -> 351000
A67: Đậu Cove Trắng | B67: Kg | C67: 0 | E67: =C67*D67 -> 0
A68: Đậu Cove Trắng | B68: Túi 500gr | C68: 0 | E68: =C68*D68 -> 0
A69: Đậu Đỏ | B69: Kg | C69: 0 | E69: =C69*D69 -> 0
A70: Đậu Ngự | B70: Kg | C70: 0 | E70: =C70*D70 -> 0
A71: Đậu Trắng | B71: Kg | C71: 0 | E71: =C71*D71 -> 0
A72: Dưa Leo Baby | B72: Kg | C72: 0 | E72: =C72*D72 -> 0
A73: Dưa Leo Baby | B73: Vỉ | C73: 66 | D73: 5500 | E73: =C73*D73 -> 363000
A74: Dưa Leo Nhật | B74: Kg | C74: 5 | D74: 14000 | E74: =C74*D74 -> 70000
A75: Dưa Leo Thường | B75: Kg | C75: 34 | D75: 8000 | E75: =C75*D75 -> 272000
A76: Hành Paro | B76: Cây | C76: 0 | E76: =C76*D76 -> 0
A77: Hành Paro | B77: Kg | C77: 0 | E77: =C77*D77 -> 0
A78: Hạt Dẻ Ngố | B78: Kg | C78: 0 | E78: =C78*D78 -> 0
A79: Hồng Giòn Đà Lạt | B79: Kg | C79: 0 | E79: =C79*D79 -> 0
A80: Lá Mè | B80: Túi | C80: 0 | E80: =C80*D80 -> 0
A81: Lá Nha Đam | B81: Kg | C81: 12 | D81: 14000 | E81: =C81*D81 -> 168000
A82: Ớt Chuông Ba Màu | B82: Vỉ | C82: 0 | E82: =C82*D82 -> 0
A83: Ớt Chuông Baby | B83: Hộp | C83: 0 | E83: =C83*D83 -> 0
A84: Ớt Chuông Baby | B84: Kg | C84: 11 | D84: 45000 | E84: =C84*D84 -> 495000
A85: Ớt Chuông Đỏ | B85: Kg | C85: 45 | D85: 30000 | E85: =C85*D85 -> 1350000
A86: Ớt Chuông Đỏ | B86: Trái | C86: 0 | E86: =C86*D86 -> 0
A87: Ớt Chuông Đỏ Trung | B87: Kg | C87: 20 | D87: 25000 | E87: =C87*D87 -> 500000
A88: Ớt Chuông Vàng | B88: Kg | C88: 100 | D88: 30000 | E88: =C88*D88 -> 3000000
A89: Ớt Chuông Vàng | B89: Trái | C89: 0 | E89: =C89*D89 -> 0
A90: Ớt Chuông Vàng Trung | B90: Kg | C90: 20 | D90: 25000 | E90: =C90*D90 -> 500000
A91: Ớt Chuông Xanh | B91: Kg | C91: 115 | D91: 31000 | E91: =C91*D91 -> 3565000
A92: Ớt Chuông Xanh | B92: Trái | C92: 0 | E92: =C92*D92 -> 0
A93: Ớt Chuông Xanh Trung | B93: Kg | C93: 8 | D93: 26000 | E93: =C93*D93 -> 208000
A94: Ớt Sweet Palemo | B94: Kg | C94: 60 | D94: 50000 | E94: =C94*D94 -> 3000000
A95: Ớt Sweet Palemo | B95: Túi | C95: 90 | D95: 22000 | E95: =C95*D95 -> 1980000
A96: Rau Bầu Đất | B96: Túi | C96: 0 | E96: =C96*D96 -> 0
A97: Trái Bưởi Diễn L2 | B97: Trái | C97: 379 | D97: 10000 | E97: =C97*D97 -> 3790000
A98: Trái Bưởi Diễn Xô | B98: Trái | C98: 1960 | D98: 10000 | E98: =C98*D98 -> 19600000
A99: Trái Bưởi Đường | B99: Trái | C99: 651 | D99: 17000 | E99: =C99*D99 -> 11067000
A100: Trái Cam Canh | B100: Kg | C100: 0 | E100: =C100*D100 -> 0
...

Sheet 2.1
A1: hàng tồn cuối ngày 2.1 vr
A2: Tên Sản phẩm | B2: ĐVT | C2: tồn | D2: giá | E2: thành tiền
A3: Bắp Cải Tím | B3: Kg | C3: 14 | D3: 17000 | E3: =C3*D3 -> 238000
A4: Bắp Cải Trái Tim | B4: Kg | C4: 213 | D4: 7500 | E4: =C4*D4 -> 1597500
A5: Bắp Cải Trắng | B5: Kg | C5: 84 | D5: 5500 | E5: =C5*D5 -> 462000
A6: Bí Đỏ Hồ Lô | B6: Kg | C6: 3 | D6: 11500 | E6: =C6*D6 -> 34500
A7: Bí Đỏ Tròn | B7: Kg | C7: 130 | D7: 10000 | E7: =C7*D7 -> 1300000
A8: Bí Ngòi Vàng | B8: Kg | C8: 0 | E8: =C8*D8 -> 0
A9: Bí Ngòi Xanh | B9: Kg | C9: 120 | D9: 10000 | E9: =C9*D9 -> 1200000
A10: Bí Ngòi Xanh | B10: Trái | C10: 0 | E10: =C10*D10 -> 0
A11: Bí Non Nhật | B11: Kg | C11: 60 | D11: 19000 | E11: =C11*D11 -> 1140000
A12: Bí Non Nhật | B12: Trái | C12: 0 | E12: =C12*D12 -> 0
A13: Bơ Booth | B13: Kg | C13: 0 | E13: =C13*D13 -> 0
A14: Bông Cải Trắng | B14: Kg | C14: 20 | D14: 16000 | E14: =C14*D14 -> 320000
A15: Bông Cải Xanh 10Cm | B15: Kg | C15: 27 | D15: 20000 | E15: =C15*D15 -> 540000
A16: Bông Cải Xanh 12Cm | B16: Kg | C16: 0 | E16: =C16*D16 -> 0
A17: Bông Cải Xanh 7Cm | B17: Kg | C17: 0 | E17: =C17*D17 -> 0
A18: Bông Cải Xanh Baby | B18: Vỉ | C18: 0 | E18: =C18*D18 -> 0
A19: Cà Chua Beef | B19: Kg | C19: 697 | D19: 15000 | E19: =C19*D19 -> 10455000
A20: Cà Chua Beef | B20: Vỉ | C20: 0 | E20: =C20*D20 -> 0
A21: Cà Chua Beef | B21: Vỉ 650gr | C21: 0 | E21: =C21*D21 -> 0
A22: Cà Chua Beef Trung | B22: Kg | C22: 0 | E22: =C22*D22 -> 0
A23: Cà Chua Beef Trung | B23: Vỉ 500gr | C23: 50 | D23: 7000 | E23: =C23*D23 -> 350000
A24: Cà Chua Bi Đỏ | B24: Kg | C24: 6 | D24: 24000 | E24: =C24*D24 -> 144000
A25: Cà Chua Bi Đỏ | B25: Hộp 300gr | C25: 83 | D25: 7200 | E25: =C25*D25 -> 597600
A26: Cà Chua Bi Mix | B26: Hộp | C26: 5 | D26: 12000 | E26: =C26*D26 -> 60000
A27: Cà Chua Socola | B27: Kg | C27: 0 | E27: =C27*D27 -> 0
A28: Cà Chua Socola | B28: Hộp 250GR | C28: 310 | D28: 9000 | E28: =C28*D28 -> 2790000
A29: Cà Chua Thường | B29: Kg | C29: 212 | D29: 18000 | E29: =C29*D29 -> 3816000
A30: Cà Chua Thường | B30: Vỉ | C30: 0 | E30: =C30*D30 -> 0
A31: Cà Chua Thường Trung | B31: Túi | C31: 110 | D31: 14000 | E31: =C31*D31 -> 1540000
A32: Cà Rốt | B32: Kg | C32: 118 | D32: 11500 | E32: =C32*D32 -> 1357000
A33: Cà Rốt | B33: Túi | C33: 0 | E33: =C33*D33 -> 0
A34: Cà Rốt Baby | B34: Kg | C34: 0 | E34: =C34*D34 -> 0
A35: Cà Rốt Baby | B35: Vỉ | C35: 7 | D35: 9500 | E35: =C35*D35 -> 66500
A36: Cà Tím | B36: Kg | C36: 0 | E36: =C36*D36 -> 0
A37: Cà Tím | B37: Cặp | C37: 0 | E37: =C37*D37 -> 0
A38: Cải Bó Xôi | B38: Kg | C38: 5 | D38: 28000 | E38: =C38*D38 -> 140000
A39: Cải Bó Xôi | B39: Túi | C39: 7 | D39: 9000 | E39: =C39*D39 -> 63000
A40: Cải Cầu Vồng | B40: Kg | C40: 0 | E40: =C40*D40 -> 0
A41: Cải Cầu Vồng | B41: Túi | C41: 0 | E41: =C41*D41 -> 0
A42: Cải Kale | B42: Túi | C42: 15 | D42: 4000 | E42: =C42*D42 -> 60000
A43: Cải Thảo | B43: Kg | C43: 980 | D43: 7500 | E43: =C43*D43 -> 7350000
A44: Cải Thảo Hỏa Tiễn | B44: Kg | C44: 0 | E44: =C44*D44 -> 0
A45: Cần Tây | B45: Cây | C45: 0 | E45: =C45*D45 -> 0
A46: Cần Tây | B46: Kg | C46: 50 | D46: 9000 | E46: =C46*D46 -> 450000
A47: Chuối Laba | B47: Kg | C47: 0 | E47: =C47*D47 -> 0
A48: Củ Cải Đỏ | B48: Hộp | C48: 5 | D48: 11000 | E48: =C48*D48 -> 55000
A49: Củ Cải Đỏ | B49: Kg | C49: 0 | E49: =C49*D49 -> 0
A50: Củ Cải Muối | B50: Kg | C50: 9 | D50: 16000 | E50: =C50*D50 -> 144000
A51: Củ Cải Trắng | B51: Kg | C51: 0 | E51: =C51*D51 -> 0
A52: Củ Dền | B52: Kg | C52: 25 | D52: 10000 | E52: =C52*D52 -> 250000
A53: Củ Dền | B53: Túi | C53: 0 | E53: =C53*D53 -> 0
A54: Củ Gừng | B54: Kg | C54: 5 | D54: 17000 | E54: =C54*D54 -> 85000
A55: Củ Hành Tây | B55: Kg | C55: 320 | D55: 12500 | E55: =C55*D55 -> 4000000
A56: Củ Hành Tây | B56: Túi 300gr | C56: 0 | E56: =C56*D56 -> 0
A57: Củ Hành Tây Tím | B57: Kg | C57: 7 | D57: 20000 | E57: =C57*D57 -> 140000
A58: Củ Hành Tây Trung | B58: Túi | C58: 43 | D58: 3600 | E58: =C58*D58 -> 154800
A59: Củ Khoai Lang Mật Size 23 | B59: Kg | C59: 1400 | D59: 28000 | E59: =C59*D59 -> 39200000
A60: Củ Khoai Lang Mật Size 46 | B60: Kg | C60: 990 | D60: 28000 | E60: =C60*D60 -> 27720000
A61: Củ Khoai Lang Mật Size 46 | B61: Túi | C61: 0 | E61: =C61*D61 -> 0
A62: Củ Khoai Lang Mật Size 78 | B62: Kg | C62: 1300 | D62: 23000 | E62: =C62*D62 -> 29900000
A63: Củ Khoai Lang Nhật | B63: Kg | C63: 320 | D63: 17000 | E63: =C63*D63 -> 5440000
A64: Củ Khoai Mỡ | B64: Kg | C64: 0 | E64: =C64*D64 -> 0
A65: Củ Khoai Sâm | B65: Kg | C65: 0 | E65: =C65*D65 -> 0
A66: Củ Khoai Tây Bi Vàng | B66: Túi | C66: 0 | E66: =C66*D66 -> 0
A67: Củ Khoai Tây Hồng | B67: Kg | C67: 60 | D67: 30000 | E67: =C67*D67 -> 1800000
A68: Củ Khoai Tây Vàng | B68: Kg | C68: 30 | D68: 17000 | E68: =C68*D68 -> 510000
A69: Củ Khoai Tây Vàng | B69: Túi | C69: 0 | E69: =C69*D69 -> 0
A70: Củ Khoai Tây Vàng Trung | B70: Túi | C70: 50 | D70: 7500 | E70: =C70*D70 -> 375000
A71: Củ Su Hào | B71: Kg | C71: 48 | D71: 13000 | E71: =C71*D71 -> 624000
A72: Đậu Cove Nhật | B72: Túi | C72: 25 | D72: 8000 | E72: =C72*D72 -> 200000
A73: Đậu Cove Trắng | B73: Kg | C73: 0 | E73: =C73*D73 -> 0
A74: Đậu Cove Trắng | B74: Túi 500gr | C74: 29 | D74: 8000 | E74: =C74*D74 -> 232000
A75: Đậu Đỏ | B75: Kg | C75: 0.5 | D75: 80000 | E75: =C75*D75 -> 40000
A76: Đậu Hà Lan Trái | B76: Kg | C76: 0 | E76: =C76*D76 -> 0
A77: Đậu Ngự | B77: Kg | C77: 1 | D77: 70000 | E77: =C77*D77 -> 70000
A78: Đậu Trắng | B78: Kg | C78: 0.5 | D78: 70000 | E78: =C78*D78 -> 35000
A79: Dưa Leo Baby | B79: Kg | C79: 0 | E79: =C79*D79 -> 0
A80: Dưa Leo Baby | B80: Vỉ | C80: 484 | D80: 5000 | E80: =C80*D80 -> 2420000
A81: Dưa Leo Nhật | B81: Kg | C81: 0 | E81: =C81*D81 -> 0
A82: Dưa Leo Thường | B82: Kg | C82: 10 | D82: 8000 | E82: =C82*D82 -> 80000
A83: Hành Paro | B83: Cây | C83: 0 | E83: =C83*D83 -> 0
A84: Hành Paro | B84: Kg | C84: 0 | E84: =C84*D84 -> 0
A85: Hạt Dẻ Ngố | B85: Kg | C85: 2505 | D85: 27600 | E85: =C85*D85 -> 69138000
A86: Hồng Giòn Đà Lạt | B86: Kg | C86: 0 | E86: =C86*D86 -> 0
A87: Lá Mè | B87: Túi | C87: 0 | E87: =C87*D87 -> 0
A88: Lá Nha Đam | B88: Kg | C88: 15 | D88: 14000 | E88: =C88*D88 -> 210000
A89: Ớt Chuông Ba Màu | B89: Vỉ | C89: 0 | E89: =C89*D89 -> 0
A90: Ớt Chuông Baby | B90: Hộp | C90: 0 | E90: =C90*D90 -> 0
A91: Ớt Chuông Baby | B91: Kg | C91: 8 | D91: 45000 | E91: =C91*D91 -> 360000
A92: Ớt Chuông Đỏ | B92: Kg | C92: 79 | D92: 26000 | E92: =C92*D92 -> 2054000
A93: Ớt Chuông Đỏ | B93: Trái | C93: 0 | E93: =C93*D93 -> 0
A94: Ớt Chuông Vàng | B94: Kg | C94: 175 | D94: 26000 | E94: =C94*D94 -> 4550000
A95: Ớt Chuông Vàng | B95: Trái | C95: 0 | E95: =C95*D95 -> 0
A96: Ớt Chuông Xanh | B96: Kg | C96: 35 | D96: 31000 | E96: =C96*D96 -> 1085000
A97: Ớt Chuông Xanh | B97: Trái | C97: 0 | E97: =C97*D97 -> 0
A98: Ớt Sweet Palemo | B98: Kg | C98: 60 | D98: 50000 | E98: =C98*D98 -> 3000000
A99: Ớt Sweet Palemo | B99: Túi | C99: 0 | E99: =C99*D99 -> 0
A100: Rau Bầu Đất | B100: Túi | C100: 0 | E100: =C100*D100 -> 0
...

Sheet 3.1
A1: hàng tồn cuối ngày 3/1 vr
A2: Tên Sản phẩm | B2: ĐVT | C2: tồn | D2: giá | E2: thành tiền
A3: Bắp Cải Tím | B3: Kg | C3: 10 | D3: 15000 | E3: =C3*D3 -> 150000
A4: Bắp Cải Trái Tim | B4: Kg | C4: 105 | D4: 7500 | E4: =C4*D4 -> 787500
A5: Bắp Cải Trắng | B5: Kg | C5: 420 | D5: 5500 | E5: =C5*D5 -> 2310000
A6: Bí Đỏ Hồ Lô | B6: Kg | C6: 0 | E6: =C6*D6 -> 0
A7: Bí Đỏ Tròn | B7: Kg | C7: 15 | D7: 10000 | E7: =C7*D7 -> 150000
A8: Bí Ngòi Xanh | B8: Kg | C8: 201 | D8: 10000 | E8: =C8*D8 -> 2010000
A9: Bí Ngòi Xanh | B9: Trái | C9: 0 | E9: =C9*D9 -> 0
A10: Bí Non Nhật | B10: Kg | C10: 72 | D10: 19000 | E10: =C10*D10 -> 1368000
A11: Bí Non Nhật | B11: Trái | C11: 0 | E11: =C11*D11 -> 0
A12: Bơ Booth | B12: Kg | C12: 0 | E12: =C12*D12 -> 0
A13: Bông Cải Trắng | B13: Kg | C13: 0 | E13: =C13*D13 -> 0
A14: Bông Cải Xanh 10Cm | B14: Kg | C14: 0 | E14: =C14*D14 -> 0
A15: Bông Cải Xanh 12Cm | B15: Kg | C15: 0 | E15: =C15*D15 -> 0
A16: Bông Cải Xanh 7Cm | B16: Kg | C16: 0 | E16: =C16*D16 -> 0
A17: Bông Cải Xanh Baby | B17: Vỉ | C17: 0 | E17: =C17*D17 -> 0
A18: Cà Chua Beef | B18: Kg | C18: 43 | D18: 15000 | E18: =C18*D18 -> 645000
A19: Cà Chua Beef | B19: Vỉ | C19: 0 | E19: =C19*D19 -> 0
A20: Cà Chua Beef | B20: Vỉ 650gr | C20: 0 | E20: =C20*D20 -> 0
A21: Cà Chua Beef Trung | B21: Kg | C21: 29 | D21: 14000 | E21: =C21*D21 -> 406000
A22: Cà Chua Beef Trung | B22: Vỉ 500gr | C22: 15 | D22: 7000 | E22: =C22*D22 -> 105000
A23: Cà Chua Bi Đỏ | B23: Kg | C23: 5 | D23: 24000 | E23: =C23*D23 -> 120000
A24: Cà Chua Bi Đỏ | B24: Hộp 300gr | C24: 35 | D24: 7200 | E24: =C24*D24 -> 252000
A25: Cà Chua Bi Mix | B25: Hộp | C25: 5 | D25: 12000 | E25: =C25*D25 -> 60000
A26: Cà Chua Socola | B26: Kg | C26: 0 | E26: =C26*D26 -> 0
A27: Cà Chua Socola | B27: Hộp 250GR | C27: 0 | E27: =C27*D27 -> 0
A28: Cà Chua Thường | B28: Kg | C28: 660 | D28: 16000 | E28: =C28*D28 -> 10560000
A29: Cà Chua Thường | B29: Vỉ | C29: 0 | E29: =C29*D29 -> 0
A30: Cà Chua Thường Trung | B30: Túi | C30: 20 | D30: 14000 | E30: =C30*D30 -> 280000
A31: Cà Rốt | B31: Kg | C31: 90 | D31: 11500 | E31: =C31*D31 -> 1035000
A32: Cà Rốt | B32: Túi | C32: 0 | E32: =C32*D32 -> 0
A33: Cà Rốt Baby | B33: Vỉ | C33: 0 | E33: =C33*D33 -> 0
A34: Cà Tím | B34: Kg | C34: 0 | E34: =C34*D34 -> 0
A35: Cà Tím | B35: Cặp | C35: 0 | E35: =C35*D35 -> 0
A36: Cải Bó Xôi | B36: Kg | C36: 8 | D36: 26000 | E36: =C36*D36 -> 208000
A37: Cải Bó Xôi | B37: Túi | C37: 0 | E37: =C37*D37 -> 0
A38: Cải Cầu Vồng | B38: Túi | C38: 11 | D38: 5000 | E38: =C38*D38 -> 55000
A39: Cải Kale | B39: Túi | C39: 0 | E39: =C39*D39 -> 0
A40: Cải Thảo | B40: Kg | C40: 1110 | D40: 6500 | E40: =C40*D40 -> 7215000
A41: Cải Thảo Hỏa Tiễn | B41: Kg | C41: 0 | E41: =C41*D41 -> 0
A42: Cần Tây | B42: Cây | C42: 0 | E42: =C42*D42 -> 0
A43: Cần Tây | B43: Kg | C43: 50 | D43: 9000 | E43: =C43*D43 -> 450000
A44: Chuối Laba | B44: Kg | C44: 8 | D44: 14000 | E44: =C44*D44 -> 112000
A45: Củ Cải Đỏ | B45: Hộp | C45: 4 | D45: 12000 | E45: =C45*D45 -> 48000
A46: Củ Cải Trắng | B46: Kg | C46: 47 | D46: 6500 | E46: =C46*D46 -> 305500
A47: Củ Dền | B47: Kg | C47: 50 | D47: 10000 | E47: =C47*D47 -> 500000
A48: Củ Dền | B48: Túi | C48: 0 | E48: =C48*D48 -> 0
A49: Củ Gừng | B49: Kg | C49: 7 | D49: 17000 | E49: =C49*D49 -> 119000
A50: Củ Hành Tây | B50: Kg | C50: 545 | D50: 12500 | E50: =C50*D50 -> 6812500
A51: Củ Hành Tây | B51: Túi 300gr | C51: 0 | E51: =C51*D51 -> 0
A52: Củ Hành Tây Trung | B52: Túi | C52: 200 | D52: 3000 | E52: =C52*D52 -> 600000
A53: Củ Khoai Lang Mật Size 23 | B53: Kg | C53: 1200 | D53: 28000 | E53: =C53*D53 -> 33600000
A54: Củ Khoai Lang Mật Size 46 | B54: Kg | C54: 1390 | D54: 28000 | E54: =C54*D54 -> 38920000
A55: Củ Khoai Lang Mật Size 46 | B55: Túi | C55: 0 | E55: =C55*D55 -> 0
A56: Củ Khoai Lang Mật Size 78 | B56: Kg | C56: 750 | D56: 23000 | E56: =C56*D56 -> 17250000
A57: Củ Khoai Lang Nhật | B57: Kg | C57: 40 | D57: 16000 | E57: =C57*D57 -> 640000
A58: Củ Khoai Mỡ | B58: Kg | C58: 0 | E58: =C58*D58 -> 0
A59: Củ Khoai Sâm | B59: Kg | C59: 0 | E59: =C59*D59 -> 0
A60: Củ Khoai Tây Bi Vàng | B60: Túi | C60: 0 | E60: =C60*D60 -> 0
A61: Củ Khoai Tây Vàng | B61: Kg | C61: 537 | D61: 17000 | E61: =C61*D61 -> 9129000
A62: Củ Khoai Tây Vàng | B62: Túi | C62: 0 | E62: =C62*D62 -> 0
A63: Củ Khoai Tây Vàng Trung | B63: Túi | C63: 50 | D63: 7500 | E63: =C63*D63 -> 375000
A64: Củ Su Hào | B64: Kg | C64: 33 | D64: 13000 | E64: =C64*D64 -> 429000
A65: Đậu Cove Nhật | B65: Túi | C65: 0 | E65: =C65*D65 -> 0
A66: Đậu Cove Trắng | B66: Kg | C66: 0 | E66: =C66*D66 -> 0
A67: Đậu Cove Trắng | B67: Túi 500gr | C67: 32 | D67: 9000 | E67: =C67*D67 -> 288000
A68: Đậu Đỏ | B68: Kg | C68: 0.8 | D68: 80000 | E68: =C68*D68 -> 64000
A69: Đậu Ngự | B69: Kg | C69: 0 | E69: =C69*D69 -> 0
A70: Đậu Trắng | B70: Kg | C70: 0 | E70: =C70*D70 -> 0
A71: Dưa Leo Baby | B71: Kg | C71: 0 | E71: =C71*D71 -> 0
A72: Dưa Leo Baby | B72: Vỉ | C72: 95 | D72: 5000 | E72: =C72*D72 -> 475000
A73: Dưa Leo Nhật | B73: Kg | C73: 4 | D73: 10000 | E73: =C73*D73 -> 40000
A74: Dưa Leo Thường | B74: Kg | C74: 12 | D74: 8000 | E74: =C74*D74 -> 96000
A75: Hành Paro | B75: Cây | C75: 0 | E75: =C75*D75 -> 0
A76: Hành Paro | B76: Kg | C76: 70 | D76: 17000 | E76: =C76*D76 -> 1190000
A77: Hạt Dẻ Ngố | B77: Kg | C77: 2820 | D77: 27600 | E77: =C77*D77 -> 77832000
A78: Hồng Giòn Đà Lạt | B78: Kg | C78: 0 | E78: =C78*D78 -> 0
A79: Lá Mè | B79: Túi | C79: 0 | E79: =C79*D79 -> 0
A80: Lá Nha Đam | B80: Kg | C80: 7 | D80: 14000 | E80: =C80*D80 -> 98000
A81: Ớt Chuông Ba Màu | B81: Vỉ | C81: 0 | E81: =C81*D81 -> 0
A82: Ớt Chuông Baby | B82: Hộp | C82: 0 | E82: =C82*D82 -> 0
A83: Ớt Chuông Baby | B83: Kg | C83: 10 | D83: 45000 | E83: =C83*D83 -> 450000
A84: Ớt Chuông Đỏ | B84: Kg | C84: 73 | D84: 26000 | E84: =C84*D84 -> 1898000
A85: Ớt Chuông Đỏ | B85: Trái | C85: 0 | E85: =C85*D85 -> 0
A86: Ớt Chuông Vàng | B86: Kg | C86: 109 | D86: 26000 | E86: =C86*D86 -> 2834000
A87: Ớt Chuông Vàng | B87: Trái | C87: 0 | E87: =C87*D87 -> 0
A88: Ớt Chuông Xanh | B88: Kg | C88: 30 | D88: 31000 | E88: =C88*D88 -> 930000
A89: Ớt Chuông Xanh | B89: Trái | C89: 0 | E89: =C89*D89 -> 0
A90: Ớt Sweet Palemo | B90: Kg | C90: 9 | D90: 50000 | E90: =C90*D90 -> 450000
A91: Ớt Sweet Palemo | B91: Túi | C91: 25 | D91: 22000 | E91: =C91*D91 -> 550000
A92: Rau Bầu Đất | B92: Túi | C92: 0 | E92: =C92*D92 -> 0
A93: Trái Bưởi Diễn L2 | B93: Trái | C93: 339 | D93: 10000 | E93: =C93*D93 -> 3390000
A94: Trái Bưởi Đường | B94: Trái | C94: 601 | D94: 17000 | E94: =C94*D94 -> 10217000
A95: Trái Bưởi Đường XÔ | B95: Trái | C95: 1580 | D95: 10000 | E95: =C95*D95 -> 15800000
A96: Trái Cam Canh | B96: Kg | C96: 100 | D96: 28000 | E96: =C96*D96 -> 2800000
A97: Trái Khổ Qua | B97: Kg | C97: 0 | E97: =C97*D97 -> 0
A98: Trái Su Su | B98: Kg | C98: 60 | D98: 16000 | E98: =C98*D98 -> 960000
A99: Xà Lách Lolo Xanh | B99: Kg | C99: 0 | E99: =C99*D99 -> 0
A100: Xà Lách Lolo Xanh T.C | B100: Kg | C100: 0 | E100: =C100*D100 -> 0
...

Sheet 4.1
A2: hàng tồn cuối ngày 4/1 vr
A3: Tên Sản phẩm | B3: ĐVT | C3: tồn | D3: giá | E3: thành tiền
A4: Cà Rốt | B4: Kg | C4: 205 | D4: 11500 | E4: =C4*D4 -> 2357500
A5: Cà Rốt | B5: Túi | C5: 0 | E5: =C5*D5 -> 0
A6: Cà Rốt Baby | B6: Vỉ | C6: 9 | D6: 9500 | E6: =C6*D6 -> 85500
A7: Củ Cải Đỏ | B7: Hộp | C7: 0 | E7: =C7*D7 -> 0
A8: Củ Cải Đỏ | B8: Kg | C8: 0 | E8: =C8*D8 -> 0
A9: Củ Dền | B9: Kg | C9: 53 | D9: 10000 | E9: =C9*D9 -> 530000
A10: Củ Dền | B10: Túi | C10: 0 | E10: =C10*D10 -> 0
A11: Củ Hành Tây | B11: Kg | C11: 348 | D11: 12500 | E11: =C11*D11 -> 4350000
A12: Củ Hành Tây | B12: Túi 300gr | C12: 0 | E12: =C12*D12 -> 0
A13: Củ Hành Tây Trung | B13: Túi | C13: 133 | D13: 3000 | E13: =C13*D13 -> 399000
A14: Củ Khoai Lang Mật Size 46 | B14: Kg | C14: 1085 | D14: 28000 | E14: =C14*D14 -> 30380000
A15: Củ Khoai Lang Mật Size 46 | B15: Túi | C15: 0 | E15: =C15*D15 -> 0
A16: Củ Khoai Lang Nhật | B16: Kg | C16: 216 | D16: 16000 | E16: =C16*D16 -> 3456000
A17: Củ Khoai Tây Vàng | B17: Kg | C17: 217 | D17: 17000 | E17: =C17*D17 -> 3689000
A18: Củ Khoai Tây Vàng | B18: Túi | C18: 0 | E18: =C18*D18 -> 0
A19: Bông Cải Xanh Baby | B19: Vỉ | C19: 7 | D19: 8000 | E19: =C19*D19 -> 56000
A20: Bắp Cải Trắng | B20: Kg | C20: 79 | D20: 5500 | E20: =C20*D20 -> 434500
A21: Cải Bó Xôi | B21: Kg | C21: 8 | D21: 28000 | E21: =C21*D21 -> 224000
A22: Cải Bó Xôi | B22: Túi | C22: 13 | D22: 9000 | E22: =C22*D22 -> 117000
A23: Cải Kale | B23: Túi | C23: 21 | D23: 4300 | E23: =C23*D23 -> 90300
A24: Cải Thảo | B24: Kg | C24: 1523 | D24: 6500 | E24: =C24*D24 -> 9899500
A25: Cần Tây | B25: Cây | C25: 0 | E25: =C25*D25 -> 0
A26: Cần Tây | B26: Kg | C26: 30 | D26: 9000 | E26: =C26*D26 -> 270000
A27: Xà Lách Lolo Xanh T.C | B27: Kg | C27: 0 | E27: =C27*D27 -> 0
A28: Bí Đỏ Tròn | B28: Kg | C28: 0 | E28: =C28*D28 -> 0
A29: Bí Ngòi Xanh | B29: Kg | C29: 69 | D29: 8000 | E29: =C29*D29 -> 552000
A30: Bí Ngòi Xanh | B30: Trái | C30: 0 | E30: =C30*D30 -> 0
A31: Bí Non Nhật | B31: Kg | C31: 100 | D31: 19000 | E31: =C31*D31 -> 1900000
A32: Bí Non Nhật | B32: Trái | C32: 0 | E32: =C32*D32 -> 0
A33: Cà Chua Beef | B33: Kg | C33: 59 | D33: 17000 | E33: =C33*D33 -> 1003000
A34: Cà Chua Beef | B34: Vỉ | C34: 0 | E34: =C34*D34 -> 0
A35: Cà Chua Beef | B35: Vỉ 650gr | C35: 0 | E35: =C35*D35 -> 0
A36: Cà Chua Thường | B36: Kg | C36: 446 | D36: 16000 | E36: =C36*D36 -> 7136000
A37: Cà Chua Thường | B37: Vỉ | C37: 0 | E37: =C37*D37 -> 0
A38: Cà Chua Thường Trung | B38: Túi | C38: 80 | D38: 11000 | E38: =C38*D38 -> 880000
A39: Dưa Leo Baby | B39: Kg | C39: 0 | E39: =C39*D39 -> 0
A40: Dưa Leo Baby | B40: Vỉ | C40: 165 | D40: 6000 | E40: =C40*D40 -> 990000
A41: Dưa Leo Thường | B41: Kg | C41: 20 | D41: 12000 | E41: =C41*D41 -> 240000
A42: Ớt Chuông Đỏ | B42: Kg | C42: 0 | E42: =C42*D42 -> 0
A43: Ớt Chuông Đỏ | B43: Trái | C43: 0 | E43: =C43*D43 -> 0
A44: Ớt Chuông Vàng | B44: Kg | C44: 35 | D44: 26000 | E44: =C44*D44 -> 910000
A45: Ớt Chuông Vàng | B45: Trái | C45: 0 | E45: =C45*D45 -> 0
A46: Ớt Chuông Xanh | B46: Kg | C46: 0 | E46: =C46*D46 -> 0
A47: Ớt Chuông Xanh | B47: Trái | C47: 0 | E47: =C47*D47 -> 0
A48: Bơ Booth | B48: Kg | C48: 0 | E48: =C48*D48 -> 0
A49: Ớt Chuông Ba Màu | B49: Vỉ | C49: 0 | E49: =C49*D49 -> 0
A50: Củ Khoai Lang Mật Size 23 | B50: Kg | C50: 855 | D50: 28000 | E50: =C50*D50 -> 23940000
A51: Cà Chua Bi Đỏ | B51: Kg | C51: 22 | D51: 24000 | E51: =C51*D51 -> 528000
A52: Cà Chua Bi Đỏ | B52: Hộp 300gr | C52: 120 | D52: 7200 | E52: =C52*D52 -> 864000
A53: Củ Khoai Sâm | B53: Kg | C53: 0 | E53: =C53*D53 -> 0
A54: Hạt Dẻ Ngố | B54: Kg | C54: 1750 | D54: 27600 | E54: =C54*D54 -> 48300000
A55: Bắp Cải Tím | B55: Kg | C55: 18 | D55: 15000 | E55: =C55*D55 -> 270000
A56: Bắp Cải Trái Tim | B56: Kg | C56: 0 | E56: =C56*D56 -> 0
A57: Bông Cải Trắng | B57: Kg | C57: 8 | D57: 14000 | E57: =C57*D57 -> 112000
A58: Bông Cải Xanh 10Cm | B58: Kg | C58: 0 | E58: =C58*D58 -> 0
A59: Cà Chua Beef Trung | B59: Kg | C59: 30 | D59: 16000 | E59: =C59*D59 -> 480000
A60: Cà Chua Beef Trung | B60: Vỉ 500gr | C60: 0 | E60: =C60*D60 -> 0
A61: Cà Chua Bi Mix | B61: Hộp | C61: 5 | D61: 12000 | E61: =C61*D61 -> 60000
A62: Cà Chua Socola | B62: Kg | C62: 0 | E62: =C62*D62 -> 0
A63: Cà Chua Socola | B63: Hộp 250GR | C63: 67 | D63: 10000 | E63: =C63*D63 -> 670000
A64: Cà Tím | B64: Kg | C64: 37 | D64: 8000 | E64: =C64*D64 -> 296000
A65: Cà Tím | B65: Cặp | C65: 0 | E65: =C65*D65 -> 0
A66: Cải Cầu Vồng | B66: Túi | C66: 5 | D66: 6000 | E66: =C66*D66 -> 30000
A67: Chuối Laba | B67: Kg | C67: 10 | D67: 14000 | E67: =C67*D67 -> 140000
A68: Củ Cải Trắng | B68: Kg | C68: 30 | D68: 6500 | E68: =C68*D68 -> 195000
A69: Củ Gừng | B69: Kg | C69: 9 | D69: 17000 | E69: =C69*D69 -> 153000
A70: Củ Su Hào | B70: Kg | C70: 10 | D70: 13000 | E70: =C70*D70 -> 130000
A71: Đậu Cove Nhật | B71: Túi | C71: 29 | D71: 6000 | E71: =C71*D71 -> 174000
A72: Đậu Cove Trắng | B72: Kg | C72: 0 | E72: =C72*D72 -> 0
A73: Đậu Cove Trắng | B73: Túi 500gr | C73: 29 | D73: 7000 | E73: =C73*D73 -> 203000
A74: Đậu Đỏ | B74: Kg | C74: 0 | E74: =C74*D74 -> 0
A75: Đậu Ngự | B75: Kg | C75: 0 | E75: =C75*D75 -> 0
A76: Đậu Trắng | B76: Kg | C76: 0 | E76: =C76*D76 -> 0
A77: Hành Paro | B77: Cây | C77: 0 | E77: =C77*D77 -> 0
A78: Hành Paro | B78: Kg | C78: 35 | D78: 17000 | E78: =C78*D78 -> 595000
A79: Hồng Giòn Đà Lạt | B79: Kg | C79: 0 | E79: =C79*D79 -> 0
A80: Lá Mè | B80: Túi | C80: 0 | E80: =C80*D80 -> 0
A81: Lá Nha Đam | B81: Kg | C81: 27 | D81: 14000 | E81: =C81*D81 -> 378000
A82: Ớt Chuông Baby | B82: Hộp | C82: 0 | E82: =C82*D82 -> 0
A83: Ớt Chuông Baby | B83: Kg | C83: 6 | D83: 45000 | E83: =C83*D83 -> 270000
A84: Ớt Sweet Palemo | B84: Kg | C84: 10 | D84: 50000 | E84: =C84*D84 -> 500000
A85: Ớt Sweet Palemo | B85: Túi | C85: 0 | E85: =C85*D85 -> 0
A86: Trái Su Su | B86: Kg | C86: 125 | D86: 16000 | E86: =C86*D86 -> 2000000
A87: Trái Bưởi Diễn l2 | B87: Trái | C87: 895 | D87: 10000 | E87: =C87*D87 -> 8950000
A88: Xà Lách Mỡ T.C | B88: Kg | C88: 0 | E88: =C88*D88 -> 0
A89: Xà Lách Romaine T.C | B89: Kg | C89: 0 | E89: =C89*D89 -> 0
A90: Xà Lách Thủy Tinh T.C | B90: Kg | C90: 0 | E90: =C90*D90 -> 0
A91: Bông Cải Xanh 7Cm | B91: Kg | C91: 0 | E91: =C91*D91 -> 0
A92: Xà Lách Thủy Tinh T.C Cây | B92: Cây | C92: 0 | E92: =C92*D92 -> 0
A93: Xà Lách Lolo Xanh T.C Cây | B93: Cây | C93: 0 | E93: =C93*D93 -> 0
A94: Bí Đỏ Hồ Lô | B94: Kg | C94: 0 | E94: =C94*D94 -> 0
A95: Rau Bầu Đất | B95: Túi | C95: 19 | D95: 7000 | E95: =C95*D95 -> 133000
A96: Củ Khoai Tây Vàng Trung | B96: Túi | C96: 120 | D96: 7500 | E96: =C96*D96 -> 900000
A97: Xà Lách Mỡ T.C Cây | B97: Cây | C97: 0 | E97: =C97*D97 -> 0
A98: Rau Mầm | B98: Kg | C98: 0 | E98: =C98*D98 -> 0
A99: Xà Lách Lolo Xanh Sushi | B99: Kg | C99: 0 | E99: =C99*D99 -> 0
A100: Trái Cam Canh | B100: Kg | C100: 10 | D100: 28000 | E100: =C100*D100 -> 280000
A101: Củ Khoai Tây Bi Vàng | B101: Túi | C101: 0 | E101: =C101*D101 -> 0
...

Sheet 5.1
A1: hàng tồn cuối ngày 5/1 vr
A2: Tên Sản phẩm | B2: ĐVT | C2: tồn | D2: giá | E2: thành tiền
A3: Cà Rốt | B3: Kg | C3: 159 | D3: 11500 | E3: =C3*D3 -> 1828500
A4: Cà Rốt | B4: Túi | C4: 0 | E4: =C4*D4 -> 0
A5: Cà Rốt Baby | B5: Kg | C5: 0 | E5: =C5*D5 -> 0
A6: Cà Rốt Baby | B6: Vỉ | C6: 0 | E6: =C6*D6 -> 0
A7: Củ Cải Đỏ | B7: Hộp | C7: 0 | E7: =C7*D7 -> 0
A8: Củ Cải Đỏ | B8: Kg | C8: 0 | E8: =C8*D8 -> 0
A9: Củ Dền | B9: Kg | C9: 10 | D9: 10000 | E9: =C9*D9 -> 100000
A10: Củ Dền | B10: Túi | C10: 0 | E10: =C10*D10 -> 0
A11: Củ Hành Tây | B11: Kg | C11: 240 | D11: 12500 | E11: =C11*D11 -> 3000000
A12: Củ Hành Tây | B12: Túi 300gr | C12: 0 | E12: =C12*D12 -> 0
A13: Củ Hành Tây Trung | B13: Túi | C13: 123 | D13: 3000 | E13: =C13*D13 -> 369000
A14: Củ Khoai Lang Mật Size 46 | B14: Kg | C14: 965 | D14: 28000 | E14: =C14*D14 -> 27020000
A15: Củ Khoai Lang Mật Size 46 | B15: Túi | C15: 0 | E15: =C15*D15 -> 0
A16: Củ Khoai Lang Nhật | B16: Kg | C16: 191 | D16: 16000 | E16: =C16*D16 -> 3056000
A17: Củ Khoai Tây Vàng | B17: Kg | C17: 350 | D17: 17000 | E17: =C17*D17 -> 5950000
A18: Củ Khoai Tây Vàng | B18: Túi | C18: 0 | E18: =C18*D18 -> 0
A19: Bông Cải Xanh Baby | B19: Vỉ | C19: 0 | E19: =C19*D19 -> 0
A20: Bắp Cải Trắng | B20: Kg | C20: 40 | D20: 5500 | E20: =C20*D20 -> 220000
A21: Cải Bó Xôi | B21: Kg | C21: 3 | D21: 28000 | E21: =C21*D21 -> 84000
A22: Cải Bó Xôi | B22: Túi | C22: 10 | D22: 9000 | E22: =C22*D22 -> 90000
A23: Cải Kale | B23: Túi | C23: 12 | D23: 4300 | E23: =C23*D23 -> 51600
A24: Cải Thảo | B24: Kg | C24: 960 | D24: 6000 | E24: =C24*D24 -> 5760000
A25: Cần Tây | B25: Cây | C25: 0 | E25: =C25*D25 -> 0
A26: Cần Tây | B26: Kg | C26: 40 | D26: 9000 | E26: =C26*D26 -> 360000
A27: Xà Lách Lolo Xanh T.C | B27: Kg | C27: 0 | E27: =C27*D27 -> 0
A28: Bí Đỏ Tròn | B28: Kg | C28: 120 | D28: 10000 | E28: =C28*D28 -> 1200000
A29: Bí Ngòi Xanh | B29: Kg | C29: 83 | D29: 8000 | E29: =C29*D29 -> 664000
A30: Bí Ngòi Xanh | B30: Trái | C30: 0 | E30: =C30*D30 -> 0
A31: Bí Non Nhật | B31: Kg | C31: 70 | D31: 19000 | E31: =C31*D31 -> 1330000
A32: Bí Non Nhật | B32: Trái | C32: 0 | E32: =C32*D32 -> 0
A33: Cà Chua Beef | B33: Kg | C33: 195 | D33: 17000 | E33: =C33*D33 -> 3315000
A34: Cà Chua Beef | B34: Vỉ 650gr | C34: 0 | E34: =C34*D34 -> 0
A35: Cà Chua Thường | B35: Kg | C35: 199 | D35: 12000 | E35: =C35*D35 -> 2388000
A36: Cà Chua Thường | B36: Vỉ | C36: 0 | E36: =C36*D36 -> 0
A37: Cà Chua Thường Trung | B37: Túi | C37: 130 | D37: 9000 | E37: =C37*D37 -> 1170000
A38: Dưa Leo Baby | B38: Kg | C38: 0 | E38: =C38*D38 -> 0
A39: Dưa Leo Baby | B39: Vỉ | C39: 0 | E39: =C39*D39 -> 0
A40: Dưa Leo Thường | B40: Kg | C40: 10 | D40: 10000 | E40: =C40*D40 -> 100000
A41: Ớt Chuông Đỏ | B41: Kg | C41: 111 | D41: 26000 | E41: =C41*D41 -> 2886000
A42: Ớt Chuông Đỏ | B42: Trái | C42: 0 | E42: =C42*D42 -> 0
A43: Ớt Chuông Vàng | B43: Kg | C43: 77 | D43: 26000 | E43: =C43*D43 -> 2002000
A44: Ớt Chuông Vàng | B44: Trái | C44: 0 | E44: =C44*D44 -> 0
A45: Ớt Chuông Xanh | B45: Kg | C45: 34 | D45: 31000 | E45: =C45*D45 -> 1054000
A46: Ớt Chuông Xanh | B46: Trái | C46: 0 | E46: =C46*D46 -> 0
A47: Ớt Chuông Ba Màu | B47: Vỉ | C47: 0 | E47: =C47*D47 -> 0
A48: Củ Khoai Lang Mật Size 23 | B48: Kg | C48: 625 | D48: 28000 | E48: =C48*D48 -> 17500000
A49: Cà Chua Bi Đỏ | B49: Kg | C49: 8 | D49: 24000 | E49: =C49*D49 -> 192000
A50: Cà Chua Bi Đỏ | B50: Hộp 300gr | C50: 40 | D50: 7200 | E50: =C50*D50 -> 288000
A51: Hạt Dẻ Ngố | B51: Kg | C51: 1460 | D51: 27600 | E51: =C51*D51 -> 40296000
A52: Bắp Cải Tím | B52: Kg | C52: 11 | D52: 15000 | E52: =C52*D52 -> 165000
A53: Bắp Cải Trái Tim | B53: Kg | C53: 388 | D53: 7000 | E53: =C53*D53 -> 2716000
A54: Bông Cải Trắng | B54: Kg | C54: 0 | E54: =C54*D54 -> 0
A55: Bông Cải Xanh 10Cm | B55: Kg | C55: 69 | D55: 20000 | E55: =C55*D55 -> 1380000
A56: Cà Chua Beef Trung | B56: Vỉ 500gr | C56: 0 | E56: =C56*D56 -> 0
A57: Cà Chua Socola | B57: Kg | C57: 0 | E57: =C57*D57 -> 0
A58: Cà Chua Socola | B58: Hộp 250GR | C58: 68 | D58: 10000 | E58: =C58*D58 -> 680000
A59: Cà Tím | B59: Kg | C59: 25 | D59: 8000 | E59: =C59*D59 -> 200000
A60: Cà Tím | B60: Cặp | C60: 0 | E60: =C60*D60 -> 0
A61: Cải Cầu Vồng | B61: Kg | C61: 0 | E61: =C61*D61 -> 0
A62: Cải Cầu Vồng | B62: Túi | C62: 10 | D62: 6000 | E62: =C62*D62 -> 60000
A63: Chuối Laba | B63: Kg | C63: 14 | D63: 14000 | E63: =C63*D63 -> 196000
A64: Củ Cải Trắng | B64: Kg | C64: 25 | D64: 7000 | E64: =C64*D64 -> 175000
A65: Củ Gừng | B65: Kg | C65: 8 | D65: 17000 | E65: =C65*D65 -> 136000
A66: Củ Su Hào | B66: Kg | C66: 0 | E66: =C66*D66 -> 0
A67: Đậu Cove Nhật | B67: Túi | C67: 18 | D67: 6000 | E67: =C67*D67 -> 108000
A68: Đậu Cove Trắng | B68: Kg | C68: 0 | E68: =C68*D68 -> 0
A69: Đậu Cove Trắng | B69: Túi 500gr | C69: 31 | D69: 7000 | E69: =C69*D69 -> 217000
A70: Đậu Đỏ | B70: Kg | C70: 0 | E70: =C70*D70 -> 0
A71: Đậu Ngự | B71: Kg | C71: 0 | E71: =C71*D71 -> 0
A72: Đậu Trắng | B72: Kg | C72: 0 | E72: =C72*D72 -> 0
A73: Hành Paro | B73: Cây | C73: 0 | E73: =C73*D73 -> 0
A74: Hành Paro | B74: Kg | C74: 0 | E74: =C74*D74 -> 0
A75: Lá Mè | B75: Túi | C75: 0 | E75: =C75*D75 -> 0
A76: Lá Nha Đam | B76: Kg | C76: 10 | D76: 14000 | E76: =C76*D76 -> 140000
A77: Ớt Chuông Baby | B77: Hộp | C77: 0 | E77: =C77*D77 -> 0
A78: Ớt Chuông Baby | B78: Kg | C78: 16 | D78: 48000 | E78: =C78*D78 -> 768000
A79: Ớt Sweet Palemo | B79: Kg | C79: 10 | D79: 50000 | E79: =C79*D79 -> 500000
A80: Ớt Sweet Palemo | B80: Túi | C80: 85 | D80: 21000 | E80: =C80*D80 -> 1785000
A81: Trái Su Su | B81: Kg | C81: 52 | D81: 18000 | E81: =C81*D81 -> 936000
A82: Trái Bưởi Diễn | B82: Trái | C82: 870 | D82: 10000 | E82: =C82*D82 -> 8700000
A83: Xà Lách Mỡ T.C | B83: Kg | C83: 0 | E83: =C83*D83 -> 0
A84: Xà Lách Romaine T.C | B84: Kg | C84: 0 | E84: =C84*D84 -> 0
A85: Xà Lách Thủy Tinh T.C | B85: Kg | C85: 0 | E85: =C85*D85 -> 0
A86: Bông Cải Xanh 7Cm | B86: Kg | C86: 10 | D86: 31000 | E86: =C86*D86 -> 310000
A87: Xà Lách Lolo Xanh | B87: Kg | C87: 15 | D87: 33000 | E87: =C87*D87 -> 495000
A88: Bí Đao Xanh | B88: Kg | C88: 0 | E88: =C88*D88 -> 0
A89: Bí Ngòi Vàng | B89: Kg | C89: 0 | E89: =C89*D89 -> 0
A90: Đậu Hà Lan Trái | B90: Kg | C90: 0 | E90: =C90*D90 -> 0
A91: Dưa Leo Nhật | B91: Kg | C91: 0 | E91: =C91*D91 -> 0
A92: Củ Hành Tây Tím | B92: Kg | C92: 0 | E92: =C92*D92 -> 0
A93: Củ Khoai Tây Bi Vàng | B93: Kg | C93: 0 | E93: =C93*D93 -> 0
A94: Củ Khoai Tây Bi Vàng | B94: Túi | C94: 0 | E94: =C94*D94 -> 0
A95: Trái Bầu | B95: Kg | C95: 0 | E95: =C95*D95 -> 0
A96: Xà Lách Carol | B96: Kg | C96: 0 | E96: =C96*D96 -> 0
A97: Bí Đỏ Hồ Lô | B97: Kg | C97: 0 | E97: =C97*D97 -> 0
A98: Rau Bầu Đất | B98: Túi | C98: 0 | E98: =C98*D98 -> 0
A99: Củ Khoai Tây Vàng Trung | B99: Túi | C99: 200 | D99: 7500 | E99: =C99*D99 -> 1500000
A100: Xà Lách Thủy Tinh T.C Cây | B100: Cây | C100: 0 | E100: =C100*D100 -> 0
...

Sheet 6.1
A1: hàng tồn cuối ngày 6/1 vr
A2: Tên Sản phẩm VR | B2: ĐVT | C2: tồn | D2: giá | E2: thành tiền
A3: Bắp Cải Trái Tim | B3: Kg | C3: 271 | D3: 7000 | E3: =C3*D3 -> 1897000
A4: Bắp Cải Trắng | B4: Kg | C4: 380 | D4: 5500 | E4: =C4*D4 -> 2090000
A5: Bí Đỏ Hồ Lô | B5: Kg | C5: 0 | E5: =C5*D5 -> 0
A6: Bí Đỏ Tròn | B6: Kg | C6: 25 | D6: 10000 | E6: =C6*D6 -> 250000
A7: Bí Ngòi Xanh | B7: Kg | C7: 354 | D7: 8000 | E7: =C7*D7 -> 2832000
A8: Bí Ngòi Xanh | B8: Trái | C8: 0 | E8: =C8*D8 -> 0
A9: Bí Non Nhật | B9: Kg | C9: 55 | D9: 15000 | E9: =C9*D9 -> 825000
A10: Bí Non Nhật | B10: Trái | C10: 0 | E10: =C10*D10 -> 0
A11: Bông Cải Trắng | B11: Kg | C11: 0 | E11: =C11*D11 -> 0
A12: Bông Cải Xanh 12Cm | B12: Kg | C12: 40 | D12: 20000 | E12: =C12*D12 -> 800000
A13: Bông Cải Xanh 7Cm | B13: Kg | C13: 15 | D13: 31000 | E13: =C13*D13 -> 465000
A14: Bông Cải Xanh Baby | B14: Vỉ | C14: 0 | E14: =C14*D14 -> 0
A15: Bông Cải Xanh Gốc Dài | B15: Kg | C15: 20 | D15: 20000 | E15: =C15*D15 -> 400000
A16: Cà Chua Beef | B16: Kg | C16: 358 | D16: 17000 | E16: =C16*D16 -> 6086000
A17: Cà Chua Beef | B17: Vỉ 650gr | C17: 0 | E17: =C17*D17 -> 0
A18: Cà Chua Beef Trung | B18: Kg | C18: 25 | D18: 8000 | E18: =C18*D18 -> 200000
A19: Cà Chua Beef Trung | B19: Vỉ 500gr | C19: 0 | E19: =C19*D19 -> 0
A20: Cà Chua Bi Đỏ | B20: Kg | C20: 2 | D20: 24000 | E20: =C20*D20 -> 48000
A21: Cà Chua Bi Đỏ | B21: Hộp 300gr | C21: 118 | D21: 7200 | E21: =C21*D21 -> 849600
A22: Cà Chua Socola | B22: Kg | C22: 0 | E22: =C22*D22 -> 0
A23: Cà Chua Socola | B23: Hộp 250GR | C23: 322 | D23: 11000 | E23: =C23*D23 -> 3542000
A24: Cà Chua Thường | B24: Kg | C24: 312 | D24: 11000 | E24: =C24*D24 -> 3432000
A25: Cà Chua Thường | B25: Vỉ | C25: 0 | E25: =C25*D25 -> 0
A26: Cà Chua Thường Trung | B26: Túi | C26: 141 | D26: 9000 | E26: =C26*D26 -> 1269000
A27: Cà Rốt | B27: Kg | C27: 154 | D27: 11000 | E27: =C27*D27 -> 1694000
A28: Cà Rốt | B28: Túi | C28: 0 | E28: =C28*D28 -> 0
A29: Cà Rốt Baby | B29: Vỉ | C29: 7 | D29: 9500 | E29: =C29*D29 -> 66500
A30: Cà Tím | B30: Kg | C30: 69 | D30: 8000 | E30: =C30*D30 -> 552000
A31: Cà Tím | B31: Cặp | C31: 0 | E31: =C31*D31 -> 0
A32: Cải Bó Xôi | B32: Kg | C32: 7 | D32: 28000 | E32: =C32*D32 -> 196000
A33: Cải Bó Xôi | B33: Túi | C33: 6 | D33: 9000 | E33: =C33*D33 -> 54000
A34: Cải Cầu Vồng | B34: Túi | C34: 2 | D34: 6000 | E34: =C34*D34 -> 12000
A35: Cải Kale | B35: Túi | C35: 0 | E35: =C35*D35 -> 0
A36: Cải Thảo | B36: Kg | C36: 1541 | D36: 6000 | E36: =C36*D36 -> 9246000
A37: Cải Thảo Hỏa Tiễn | B37: Kg | C37: 4 | D37: 14000 | E37: =C37*D37 -> 56000
A38: Cần Tây | B38: Cây | C38: 0 | E38: =C38*D38 -> 0
A39: Cần Tây | B39: Kg | C39: 73 | D39: 9000 | E39: =C39*D39 -> 657000
A40: Chanh Dây Tím | B40: Kg | C40: 20 | D40: 27000 | E40: =C40*D40 -> 540000
A41: Chuối Laba | B41: Kg | C41: 24 | D41: 14000 | E41: =C41*D41 -> 336000
A42: Củ Cải Đỏ | B42: Hộp | C42: 0 | E42: =C42*D42 -> 0
A43: Củ Cải Muối | B43: Kg | C43: 2.5 | D43: 16000 | E43: =C43*D43 -> 40000
A44: Củ Cải Trắng | B44: Kg | C44: 33 | D44: 6000 | E44: =C44*D44 -> 198000
A45: Củ Dền | B45: Kg | C45: 43 | D45: 10000 | E45: =C45*D45 -> 430000
A46: Củ Dền | B46: Túi | C46: 0 | E46: =C46*D46 -> 0
A47: Củ Gừng | B47: Kg | C47: 14 | D47: 17000 | E47: =C47*D47 -> 238000
A48: Củ Hành Tây | B48: Kg | C48: 368 | D48: 12500 | E48: =C48*D48 -> 4600000
A49: Củ Hành Tây | B49: Túi 300gr | C49: 0 | E49: =C49*D49 -> 0
A50: Củ Hành Tây Trung | B50: Túi | C50: 0 | E50: =C50*D50 -> 0
A51: Củ Khoai Lang Mật Size 23 | B51: Kg | C51: 955 | D51: 28000 | E51: =C51*D51 -> 26740000
A52: Củ Khoai Lang Mật Size 46 | B52: Kg | C52: 1135 | D52: 28000 | E52: =C52*D52 -> 31780000
A53: Củ Khoai Lang Mật Size 46 | B53: Túi | C53: 0 | E53: =C53*D53 -> 0
A54: Củ Khoai Lang Mật Size 78 | B54: Kg | C54: 570 | D54: 23000 | E54: =C54*D54 -> 13110000
A55: Củ Khoai Lang Nhật | B55: Kg | C55: 216 | D55: 16000 | E55: =C55*D55 -> 3456000
A56: Củ Khoai Mỡ | B56: Kg | C56: 20 | D56: 25000 | E56: =C56*D56 -> 500000
A57: Củ Khoai Tây Bi Vàng | B57: Túi | C57: 0 | E57: =C57*D57 -> 0
A58: Củ Khoai Tây Bi Vàng | B58: Túi 500gr | C58: 20 | D58: 6000 | E58: =C58*D58 -> 120000
A59: Củ Khoai Tây Hồng | B59: Kg | C59: 60 | D59: 30000 | E59: =C59*D59 -> 1800000
A60: Củ Khoai Tây Vàng | B60: Kg | C60: 306 | D60: 17000 | E60: =C60*D60 -> 5202000
A61: Củ Khoai Tây Vàng | B61: Túi | C61: 0 | E61: =C61*D61 -> 0
A62: Củ Khoai Tây Vàng Trung | B62: Túi | C62: 150 | D62: 7500 | E62: =C62*D62 -> 1125000
A63: Củ Su Hào | B63: Kg | C63: 27 | D63: 13000 | E63: =C63*D63 -> 351000
A64: Đậu Cove Nhật | B64: Túi | C64: 13 | D64: 6000 | E64: =C64*D64 -> 78000
A65: Đậu Cove Trắng | B65: Kg | C65: 0 | E65: =C65*D65 -> 0
A66: Đậu Cove Trắng | B66: Túi 500gr | C66: 0 | E66: =C66*D66 -> 0
A67: Đậu Đỏ | B67: Kg | C67: 0 | E67: =C67*D67 -> 0
A68: Đậu Ngự | B68: Kg | C68: 0 | E68: =C68*D68 -> 0
A69: Đậu Trắng | B69: Kg | C69: 0 | E69: =C69*D69 -> 0
A70: Dưa Leo Baby | B70: Kg | C70: 0 | E70: =C70*D70 -> 0
A71: Dưa Leo Baby | B71: Vỉ | C71: 0 | E71: =C71*D71 -> 0
A72: Dưa Leo Nhật | B72: Kg | C72: 0 | E72: =C72*D72 -> 0
A73: Dưa Leo Thường | B73: Kg | C73: 50 | D73: 13000 | E73: =C73*D73 -> 650000
A74: Hành Paro | B74: Cây | C74: 0 | E74: =C74*D74 -> 0
A75: Hành Paro | B75: Kg | C75: 0 | E75: =C75*D75 -> 0
A76: Hạt Dẻ Ngố | B76: Kg | C76: 1310 | D76: 27600 | E76: =C76*D76 -> 36156000
A77: Hồng Treo Gió | B77: Hộp | C77: 23 | D77: 100000 | E77: =C77*D77 -> 2300000
A78: Lá Mè | B78: Túi | C78: 0 | E78: =C78*D78 -> 0
A79: Lá Nha Đam | B79: Kg | C79: 1 | D79: 14000 | E79: =C79*D79 -> 14000
A80: Ớt Chuông Ba Màu | B80: Vỉ | C80: 0 | E80: =C80*D80 -> 0
A81: Ớt Chuông Baby | B81: Hộp | C81: 0 | E81: =C81*D81 -> 0
A82: Ớt Chuông Baby | B82: Kg | C82: 4 | D82: 48000 | E82: =C82*D82 -> 192000
A83: Ớt Chuông Đỏ | B83: Kg | C83: 68 | D83: 26000 | E83: =C83*D83 -> 1768000
A84: Ớt Chuông Đỏ | B84: Trái | C84: 0 | E84: =C84*D84 -> 0
A85: Ớt Chuông Vàng | B85: Kg | C85: 23 | D85: 26000 | E85: =C85*D85 -> 598000
A86: Ớt Chuông Vàng | B86: Trái | C86: 0 | E86: =C86*D86 -> 0
A87: Ớt Chuông Xanh | B87: Kg | C87: 41 | D87: 31000 | E87: =C87*D87 -> 1271000
A88: Ớt Chuông Xanh | B88: Trái | C88: 0 | E88: =C88*D88 -> 0
A89: Ớt Sweet Palemo | B89: Túi | C89: 75 | D89: 22000 | E89: =C89*D89 -> 1650000
A90: Rau Bầu Đất | B90: Túi | C90: 0 | E90: =C90*D90 -> 0
A91: Trái Bưởi Diễn | B91: Trái | C91: 870 | D91: 10000 | E91: =C91*D91 -> 8700000
A92: Trái Bưởi Đường | B92: Trái | C92: 1011 | D92: 11361 | E92: =C92*D92 -> 11485971
A93: Trái Cam Canh | B93: Kg | C93: 340 | D93: 28000 | E93: =C93*D93 -> 9520000
A94: Trái Khổ Qua | B94: Kg | C94: 0 | E94: =C94*D94 -> 0
A95: Trái Mâm Xôi | B95: Hộp | C95: 0 | E95: =C95*D95 -> 0
A96: Trái Su Su | B96: Kg | C96: 0 | E96: =C96*D96 -> 0
A97: Xà Lách Lolo Xanh | B97: Kg | C97: 26 | D97: 38000 | E97: =C97*D97 -> 988000
A98: Xà Lách Lolo Xanh T.C | B98: Kg | C98: 2 | D98: 28000 | E98: =C98*D98 -> 56000
A99: Xà Lách Lolo Xanh T.C Cây | B99: Cây | C99: 0 | E99: =C99*D99 -> 0
A100: Xà Lách Mỡ T.C | B100: Kg | C100: 0 | E100: =C100*D100 -> 0
...

Sheet 7.1
A1: hàng tồn cuối ngày 7/1 vr
A2: Tên Sản phẩm | B2: ĐVT | C2: tồn | D2: giá | E2: thành tiền
A3: Cà Rốt | B3: Kg | C3: 296 | D3: 11000 | E3: =C3*D3 -> 3256000
A4: Cà Rốt | B4: Túi | C4: 0 | E4: =C4*D4 -> 0
A5: Cà Rốt Baby | B5: Vỉ | C5: 0 | E5: =C5*D5 -> 0
A6: Củ Cải Đỏ | B6: Hộp | C6: 0 | E6: =C6*D6 -> 0
A7: Củ Cải Đỏ | B7: Kg | C7: 0 | E7: =C7*D7 -> 0
A8: Củ Dền | B8: Kg | C8: 45 | D8: 10000 | E8: =C8*D8 -> 450000
A9: Củ Dền | B9: Túi | C9: 0 | E9: =C9*D9 -> 0
A10: Củ Hành Tây | B10: Kg | C10: 345 | D10: 12500 | E10: =C10*D10 -> 4312500
A11: Củ Hành Tây | B11: Túi 300gr | C11: 0 | E11: =C11*D11 -> 0
A12: Củ Hành Tây Trung | B12: Túi | C12: 0 | E12: =C12*D12 -> 0
A13: Củ Khoai Lang Mật Size 46 | B13: Kg | C13: 860 | D13: 28000 | E13: =C13*D13 -> 24080000
A14: Củ Khoai Lang Mật Size 46 | B14: Túi | C14: 0 | E14: =C14*D14 -> 0
A15: Củ Khoai Lang Nhật | B15: Kg | C15: 275 | D15: 29000 | E15: =C15*D15 -> 7975000
A16: Củ Khoai Tây Vàng | B16: Kg | C16: 425 | D16: 17000 | E16: =C16*D16 -> 7225000
A17: Củ Khoai Tây Vàng | B17: Túi | C17: 0 | E17: =C17*D17 -> 0
A18: Bông Cải Xanh Baby | B18: Vỉ | C18: 0 | E18: =C18*D18 -> 0
A19: Bắp Cải Trắng | B19: Kg | C19: 632 | D19: 5000 | E19: =C19*D19 -> 3160000
A20: Cải Bó Xôi | B20: Kg | C20: 15 | D20: 28000 | E20: =C20*D20 -> 420000
A21: Cải Bó Xôi | B21: Túi | C21: 0 | E21: =C21*D21 -> 0
A22: Cải Kale | B22: Túi | C22: 0 | E22: =C22*D22 -> 0
A23: Cải Thảo | B23: Kg | C23: 910 | D23: 6000 | E23: =C23*D23 -> 5460000
A24: Cần Tây | B24: Cây | C24: 0 | E24: =C24*D24 -> 0
A25: Cần Tây | B25: Kg | C25: 65 | D25: 9000 | E25: =C25*D25 -> 585000
A26: Xà Lách Lolo Xanh T.C | B26: Kg | C26: 0 | E26: =C26*D26 -> 0
A27: Bí Đỏ Tròn | B27: Kg | C27: 85 | D27: 10000 | E27: =C27*D27 -> 850000
A28: Bí Ngòi Xanh | B28: Kg | C28: 180 | D28: 8000 | E28: =C28*D28 -> 1440000
A29: Bí Ngòi Xanh | B29: Trái | C29: 0 | E29: =C29*D29 -> 0
A30: Bí Non Nhật | B30: Kg | C30: 0 | E30: =C30*D30 -> 0
A31: Bí Non Nhật | B31: Trái | C31: 0 | E31: =C31*D31 -> 0
A32: Cà Chua Beef | B32: Kg | C32: 560 | D32: 17000 | E32: =C32*D32 -> 9520000
A33: Cà Chua Beef | B33: Vỉ | C33: 0 | E33: =C33*D33 -> 0
A34: Cà Chua Beef | B34: Vỉ 650gr | C34: 0 | E34: =C34*D34 -> 0
A35: Cà Chua Thường | B35: Kg | C35: 450 | D35: 11000 | E35: =C35*D35 -> 4950000
A36: Cà Chua Thường | B36: Vỉ | C36: 0 | E36: =C36*D36 -> 0
A37: Cà Chua Thường Trung | B37: Túi | C37: 80 | D37: 9000 | E37: =C37*D37 -> 720000
A38: Dưa Leo Baby | B38: Kg | C38: 0 | E38: =C38*D38 -> 0
A39: Dưa Leo Baby | B39: Vỉ | C39: 650 | D39: 6000 | E39: =C39*D39 -> 3900000
A40: Dưa Leo Thường | B40: Kg | C40: 30 | D40: 13000 | E40: =C40*D40 -> 390000
A41: Ớt Chuông Đỏ | B41: Kg | C41: 60 | D41: 28000 | E41: =C41*D41 -> 1680000
A42: Ớt Chuông Đỏ | B42: Trái | C42: 0 | E42: =C42*D42 -> 0
A43: Ớt Chuông Vàng | B43: Kg | C43: 25 | D43: 25000 | E43: =C43*D43 -> 625000
A44: Ớt Chuông Vàng | B44: Trái | C44: 0 | E44: =C44*D44 -> 0
A45: Ớt Chuông Xanh | B45: Kg | C45: 55 | D45: 31000 | E45: =C45*D45 -> 1705000
A46: Ớt Chuông Xanh | B46: Trái | C46: 0 | E46: =C46*D46 -> 0
A47: Bơ Booth | B47: Kg | C47: 0 | E47: =C47*D47 -> 0
A48: Ớt Chuông Ba Màu | B48: Vỉ | C48: 0 | E48: =C48*D48 -> 0
A49: Củ Khoai Lang Mật Size 23 | B49: Kg | C49: 740 | D49: 29000 | E49: =C49*D49 -> 21460000
A50: Cà Chua Bi Đỏ | B50: Kg | C50: 0 | E50: =C50*D50 -> 0
A51: Cà Chua Bi Đỏ | B51: Hộp 300gr | C51: 83 | D51: 7200 | E51: =C51*D51 -> 597600
A52: Củ Khoai Sâm | B52: Kg | C52: 0 | E52: =C52*D52 -> 0
A53: Hạt Dẻ Ngố | B53: Kg | C53: 940 | D53: 27600 | E53: =C53*D53 -> 25944000
A54: Bắp Cải Tím | B54: Kg | C54: 0 | E54: =C54*D54 -> 0
A55: Bắp Cải Trái Tim | B55: Kg | C55: 408 | D55: 7000 | E55: =C55*D55 -> 2856000
A56: Bông Cải Trắng | B56: Kg | C56: 32 | D56: 13000 | E56: =C56*D56 -> 416000
A57: Bông Cải Xanh 10Cm | B57: Kg | C57: 50 | D57: 20000 | E57: =C57*D57 -> 1000000
A58: Cà Chua Beef Trung | B58: Kg | C58: 0 | E58: =C58*D58 -> 0
A59: Cà Chua Beef Trung | B59: Vỉ 500gr | C59: 0 | E59: =C59*D59 -> 0
A60: Cà Chua Bi Mix | B60: Hộp | C60: 0 | E60: =C60*D60 -> 0
A61: Cà Chua Socola | B61: Kg | C61: 0 | E61: =C61*D61 -> 0
A62: Cà Chua Socola | B62: Hộp 300gr | C62: 65 | D62: 8400 | E62: =C62*D62 -> 546000
A63: Cà Chua Socola | B63: Hộp 250GR | C63: 0 | E63: =C63*D63 -> 0
A64: Cà Tím | B64: Kg | C64: 30 | D64: 8000 | E64: =C64*D64 -> 240000
A65: Cà Tím | B65: Cặp | C65: 0 | E65: =C65*D65 -> 0
A66: Cải Cầu Vồng | B66: Kg | C66: 0 | E66: =C66*D66 -> 0
A67: Cải Cầu Vồng | B67: Túi | C67: 6 | D67: 6000 | E67: =C67*D67 -> 36000
A68: Chuối Laba | B68: Kg | C68: 25 | D68: 14000 | E68: =C68*D68 -> 350000
A69: Củ Cải Trắng | B69: Kg | C69: 75 | D69: 6500 | E69: =C69*D69 -> 487500
A70: Củ Gừng | B70: Kg | C70: 9 | D70: 17000 | E70: =C70*D70 -> 153000
A71: Củ Su Hào | B71: Kg | C71: 25 | D71: 13000 | E71: =C71*D71 -> 325000
A72: Đậu Cove Nhật | B72: Túi | C72: 9 | D72: 6000 | E72: =C72*D72 -> 54000
A73: Đậu Cove Trắng | B73: Kg | C73: 0 | E73: =C73*D73 -> 0
A74: Đậu Cove Trắng | B74: Túi 500gr | C74: 41 | D74: 7000 | E74: =C74*D74 -> 287000
A75: Đậu Đỏ | B75: Kg | C75: 1.5 | D75: 80000 | E75: =C75*D75 -> 120000
A76: Đậu Ngự | B76: Kg | C76: 2 | D76: 70000 | E76: =C76*D76 -> 140000
A77: Đậu Trắng | B77: Kg | C77: 1.5 | D77: 70000 | E77: =C77*D77 -> 105000
A78: Hành Paro | B78: Cây | C78: 0 | E78: =C78*D78 -> 0
A79: Hành Paro | B79: Kg | C79: 0 | E79: =C79*D79 -> 0
A80: Hồng Giòn Đà Lạt | B80: Kg | C80: 0 | E80: =C80*D80 -> 0
A81: Lá Mè | B81: Túi | C81: 0 | E81: =C81*D81 -> 0
A82: Lá Nha Đam | B82: Kg | C82: 10 | D82: 14000 | E82: =C82*D82 -> 140000
A83: Ớt Chuông Baby | B83: Hộp | C83: 0 | E83: =C83*D83 -> 0
A84: Ớt Chuông Baby | B84: Kg | C84: 15 | D84: 48000 | E84: =C84*D84 -> 720000
A85: Ớt Sweet Palemo | B85: Túi | C85: 90 | D85: 20000 | E85: =C85*D85 -> 1800000
A86: Trái Su Su | B86: Kg | C86: 91 | D86: 18000 | E86: =C86*D86 -> 1638000
A87: Trái Bưởi Diễn | B87: Trái | C87: 860 | D87: 10000 | E87: =C87*D87 -> 8600000
A88: Xà Lách Mỡ T.C | B88: Kg | C88: 0 | E88: =C88*D88 -> 0
A89: Xà Lách Romaine T.C | B89: Kg | C89: 0 | E89: =C89*D89 -> 0
A90: Xà Lách Thủy Tinh T.C | B90: Kg | C90: 0 | E90: =C90*D90 -> 0
A91: Bí Đao Xanh | B91: Kg | C91: 0 | E91: =C91*D91 -> 0
A92: Dưa Leo Nhật | B92: Kg | C92: 0 | E92: =C92*D92 -> 0
A93: Xà Lách Carol | B93: Kg | C93: 0 | E93: =C93*D93 -> 0
A94: Củ Hành Tây Tím | B94: Kg | C94: 0 | E94: =C94*D94 -> 0
A95: Củ Khoai Tây Bi Vàng | B95: Kg | C95: 0 | E95: =C95*D95 -> 0
A96: Củ Khoai Tây Bi Vàng | B96: Túi | C96: 0 | E96: =C96*D96 -> 0
A97: Bí Ngòi Vàng | B97: Kg | C97: 1 | D97: 25000 | E97: =C97*D97 -> 25000
A98: Xà Lách Lolo Xanh | B98: Kg | C98: 17 | D98: 30000 | E98: =C98*D98 -> 510000
A99: Đậu Hà Lan Trái | B99: Kg | C99: 0 | E99: =C99*D99 -> 0
A100: Bông Cải Xanh 12Cm | B100: Kg | C100: 0 | E100: =C100*D100 -> 0
...

Sheet 8.1
A1: hàng tồn cuối ngày 8/1 vr
A2: Tên Sản phẩm | B2: ĐVT | C2: tồn | D2: giá | E2: thành tiền
A3: Cà Rốt | B3: Kg | C3: 85 | D3: 10500 | E3: =C3*D3 -> 892500
A4: Cà Rốt | B4: Túi | C4: 0 | E4: =C4*D4 -> 0
A5: Cà Rốt Baby | B5: Vỉ | C5: 19 | D5: 8000 | E5: =C5*D5 -> 152000
A6: Củ Dền | B6: Kg | C6: 0 | E6: =C6*D6 -> 0
A7: Củ Dền | B7: Túi | C7: 0 | E7: =C7*D7 -> 0
A8: Củ Hành Tây | B8: Kg | C8: 235 | D8: 12500 | E8: =C8*D8 -> 2937500
A9: Củ Hành Tây | B9: Túi 300gr | C9: 0 | E9: =C9*D9 -> 0
A10: Củ Hành Tây Trung | B10: Túi | C10: 183 | D10: 2400 | E10: =C10*D10 -> 439200
A11: Củ Khoai Lang Mật Size 46 | B11: Kg | C11: 1180 | D11: 29000 | E11: =C11*D11 -> 34220000
A12: Củ Khoai Lang Mật Size 46 | B12: Túi | C12: 0 | E12: =C12*D12 -> 0
A13: Củ Khoai Lang Nhật | B13: Kg | C13: 240 | D13: 16000 | E13: =C13*D13 -> 3840000
A14: Củ Khoai Tây Vàng | B14: Kg | C14: 380 | D14: 17000 | E14: =C14*D14 -> 6460000
A15: Củ Khoai Tây Vàng | B15: Túi | C15: 0 | E15: =C15*D15 -> 0
A16: Bông Cải Xanh Baby | B16: Vỉ | C16: 26 | D16: 7000 | E16: =C16*D16 -> 182000
A17: Bắp Cải Trắng | B17: Kg | C17: 664 | D17: 5000 | E17: =C17*D17 -> 3320000
A18: Cải Bó Xôi | B18: Kg | C18: 3 | D18: 15000 | E18: =C18*D18 -> 45000
A19: Cải Bó Xôi | B19: Túi | C19: 0 | E19: =C19*D19 -> 0
A20: Cải Kale | B20: Túi | C20: 13 | D20: 4300 | E20: =C20*D20 -> 55900
A21: Cải Thảo | B21: Kg | C21: 720 | D21: 6000 | E21: =C21*D21 -> 4320000
A22: Cần Tây | B22: Cây | C22: 0 | E22: =C22*D22 -> 0
A23: Cần Tây | B23: Kg | C23: 37 | D23: 9000 | E23: =C23*D23 -> 333000
A24: Xà Lách Lolo Xanh T.C | B24: Kg | C24: 0 | E24: =C24*D24 -> 0
A25: Bí Đỏ Tròn | B25: Kg | C25: 167 | D25: 10500 | E25: =C25*D25 -> 1753500
A26: Bí Ngòi Xanh | B26: Kg | C26: 169 | D26: 8000 | E26: =C26*D26 -> 1352000
A27: Bí Ngòi Xanh | B27: Trái | C27: 0 | E27: =C27*D27 -> 0
A28: Bí Non Nhật | B28: Kg | C28: 50 | D28: 13000 | E28: =C28*D28 -> 650000
A29: Bí Non Nhật | B29: Trái | C29: 0 | E29: =C29*D29 -> 0
A30: Cà Chua Beef | B30: Kg | C30: 423 | D30: 17000 | E30: =C30*D30 -> 7191000
A31: Cà Chua Beef | B31: Vỉ 650gr | C31: 0 | E31: =C31*D31 -> 0
A32: Cà Chua Thường | B32: Kg | C32: 280 | D32: 11000 | E32: =C32*D32 -> 3080000
A33: Cà Chua Thường | B33: Vỉ | C33: 0 | E33: =C33*D33 -> 0
A34: Cà Chua Thường Trung | B34: Túi | C34: 100 | D34: 9000 | E34: =C34*D34 -> 900000
A35: Dưa Leo Baby | B35: Kg | C35: 0 | E35: =C35*D35 -> 0
A36: Dưa Leo Baby | B36: Vỉ | C36: 1028 | D36: 6000 | E36: =C36*D36 -> 6168000
A37: Dưa Leo Thường | B37: Kg | C37: 0 | E37: =C37*D37 -> 0
A38: Ớt Chuông Đỏ | B38: Kg | C38: 70 | D38: 25000 | E38: =C38*D38 -> 1750000
A39: Ớt Chuông Đỏ | B39: Trái | C39: 0 | E39: =C39*D39 -> 0
A40: Ớt Chuông Vàng | B40: Kg | C40: 118 | D40: 22000 | E40: =C40*D40 -> 2596000
A41: Ớt Chuông Vàng | B41: Trái | C41: 0 | E41: =C41*D41 -> 0
A42: Ớt Chuông Xanh | B42: Kg | C42: 50 | D42: 30000 | E42: =C42*D42 -> 1500000
A43: Ớt Chuông Xanh | B43: Trái | C43: 0 | E43: =C43*D43 -> 0
A44: Ớt Chuông Ba Màu | B44: Vỉ | C44: 0 | E44: =C44*D44 -> 0
A45: Củ Khoai Lang Mật Size 23 | B45: Kg | C45: 230 | D45: 29000 | E45: =C45*D45 -> 6670000
A46: Cà Chua Bi Đỏ | B46: Kg | C46: 0 | E46: =C46*D46 -> 0
A47: Cà Chua Bi Đỏ | B47: Hộp 300gr | C47: 43 | D47: 7200 | E47: =C47*D47 -> 309600
A48: Hạt Dẻ Ngố | B48: Kg | C48: 815 | D48: 27600 | E48: =C48*D48 -> 22494000
A49: Bắp Cải Tím | B49: Kg | C49: 10 | D49: 14000 | E49: =C49*D49 -> 140000
A50: Bắp Cải Trái Tim | B50: Kg | C50: 0 | E50: =C50*D50 -> 0
A51: Bông Cải Trắng | B51: Kg | C51: 21 | D51: 16000 | E51: =C51*D51 -> 336000
A52: Cà Chua Beef Trung | B52: Kg | C52: 36 | D52: 16000 | E52: =C52*D52 -> 576000
A53: Cà Chua Beef Trung | B53: Vỉ 500gr | C53: 0 | E53: =C53*D53 -> 0
A54: Cà Chua Socola | B54: Kg | C54: 0 | E54: =C54*D54 -> 0
A55: Cà Chua Socola | B55: Hộp 300gr | C55: 288 | D55: 8400 | E55: =C55*D55 -> 2419200
A56: Cà Chua Socola | B56: Hộp 250GR | C56: 455 | D56: 7000 | E56: =C56*D56 -> 3185000
A57: Cà Tím | B57: Kg | C57: 25 | D57: 8000 | E57: =C57*D57 -> 200000
A58: Cà Tím | B58: Cặp | C58: 0 | E58: =C58*D58 -> 0
A59: Cải Cầu Vồng | B59: Túi | C59: 5 | D59: 6000 | E59: =C59*D59 -> 30000
A60: Chuối Laba | B60: Kg | C60: 32 | D60: 14000 | E60: =C60*D60 -> 448000
A61: Củ Cải Trắng | B61: Kg | C61: 25 | D61: 6500 | E61: =C61*D61 -> 162500
A62: Củ Gừng | B62: Kg | C62: 0 | E62: =C62*D62 -> 0
A63: Củ Su Hào | B63: Kg | C63: 20 | D63: 11000 | E63: =C63*D63 -> 220000
A64: Đậu Cove Nhật | B64: Túi | C64: 21 | D64: 6000 | E64: =C64*D64 -> 126000
A65: Đậu Cove Trắng | B65: Kg | C65: 0 | E65: =C65*D65 -> 0
A66: Đậu Đỏ | B66: Kg | C66: 2 | D66: 80000 | E66: =C66*D66 -> 160000
A67: Đậu Ngự | B67: Kg | C67: 2 | D67: 70000 | E67: =C67*D67 -> 140000
A68: Đậu Trắng | B68: Kg | C68: 1.4 | D68: 70000 | E68: =C68*D68 -> 98000
A69: Hành Paro | B69: Cây | C69: 0 | E69: =C69*D69 -> 0
A70: Hành Paro | B70: Kg | C70: 22 | D70: 17000 | E70: =C70*D70 -> 374000
A71: Lá Mè | B71: Túi | C71: 0 | E71: =C71*D71 -> 0
A72: Lá Nha Đam | B72: Kg | C72: 0 | E72: =C72*D72 -> 0
A73: Ớt Chuông Baby | B73: Hộp | C73: 0 | E73: =C73*D73 -> 0
A74: Ớt Chuông Baby | B74: Kg | C74: 11 | D74: 38000 | E74: =C74*D74 -> 418000
A75: Ớt Sweet Palemo | B75: Túi | C75: 72 | D75: 20000 | E75: =C75*D75 -> 1440000
A76: Trái Su Su | B76: Kg | C76: 210 | D76: 16000 | E76: =C76*D76 -> 3360000
A77: Trái Bưởi Diễn | B77: Trái | C77: 845 | D77: 10000 | E77: =C77*D77 -> 8450000
A78: Trái Cam Canh | B78: Kg | C78: 95 | D78: 28000 | E78: =C78*D78 -> 2660000
A79: Xà Lách Mỡ T.C | B79: Kg | C79: 27 | D79: 28000 | E79: =C79*D79 -> 756000
A80: Xà Lách Thủy Tinh T.C | B80: Kg | C80: 0 | E80: =C80*D80 -> 0
A81: Bông Cải Xanh 7Cm | B81: Kg | C81: 0 | E81: =C81*D81 -> 0
A82: Bí Đỏ Hồ Lô | B82: Kg | C82: 5 | D82: 11000 | E82: =C82*D82 -> 55000
A83: Rau Bầu Đất | B83: Túi | C83: 0 | E83: =C83*D83 -> 0
A84: Củ Khoai Tây Vàng Trung | B84: Túi | C84: 0 | E84: =C84*D84 -> 0
A85: Xà Lách Thủy Tinh T.C Cây | B85: Cây | C85: 0 | E85: =C85*D85 -> 0
A86: Xà Lách Mỡ T.C Cây | B86: Cây | C86: 0 | E86: =C86*D86 -> 0
A87: Xà Lách Lolo Xanh T.C Cây | B87: Cây | C87: 0 | E87: =C87*D87 -> 0
A88: Trái Khổ Qua | B88: Kg | C88: 2 | D88: 30000 | E88: =C88*D88 -> 60000
A89: Củ Khoai Tây Bi Vàng | B89: Túi | C89: 0 | E89: =C89*D89 -> 0
A90: Bông Cải Xanh 12Cm | B90: Kg | C90: 0 | E90: =C90*D90 -> 0
A91: Xà Lách Lolo Xanh | B91: Kg | C91: 4 | D91: 33000 | E91: =C91*D91 -> 132000
A92: Dưa Leo Nhật | B92: Kg | C92: 0 | E92: =C92*D92 -> 0
A93: Hồng Treo Gió | B93: Hộp | C93: 0 | E93: =C93*D93 -> 0
A94: Trái Mâm Xôi | B94: Hộp | C94: 0 | E94: =C94*D94 -> 0
A95: Bông Cải Xanh Gốc Dài | B95: Kg | C95: 28 | D95: 20000 | E95: =C95*D95 -> 560000
A96: Củ Khoai Lang Mật Size 78 | B96: Kg | C96: 335 | D96: 23000 | E96: =C96*D96 -> 7705000
A97: Củ Khoai Tây Hồng | B97: Kg | C97: 60 | D97: 30000 | E97: =C97*D97 -> 1800000
A98: Đậu Hà Lan Trái | B98: Kg | C98: 0.5 | D98: 80000 | E98: =C98*D98 -> 40000
A99: Ớt Chuông Đỏ Trung | B99: Kg | C99: 27 | D99: 20000 | E99: =C99*D99 -> 540000
A100: Ớt Chuông Vàng Trung | B100: Kg | C100: 8 | D100: 20000 | E100: =C100*D100 -> 160000
...

Sheet 9.1
A2: hàng tồn cuối ngày 9/1 vr
A3: Tên Sản phẩm | B3: ĐVT | C3: tồn | D3: giá | E3: thành tiền
A4: Cà Rốt | B4: Kg | C4: 129 | D4: 10000 | E4: =C4*D4 -> 1290000
A5: Cà Rốt Baby | B5: Vỉ | C5: 18 | D5: 9000 | E5: =C5*D5 -> 162000
A6: Củ Dền | B6: Kg | C6: 60 | D6: 11000 | E6: =C6*D6 -> 660000
A7: Củ Hành Tây | B7: Kg | C7: 337 | D7: 12000 | E7: =C7*D7 -> 4044000
A8: Củ Hành Tây Trung | B8: Túi | C8: 15 | D8: 2400 | E8: =C8*D8 -> 36000
A9: Củ Khoai Lang Mật Size 46 | B9: Kg | C9: 1240 | D9: 28000 | E9: =C9*D9 -> 34720000
A10: Củ Khoai Lang Nhật | B10: Kg | C10: 190 | D10: 16000 | E10: =C10*D10 -> 3040000
A11: Củ Khoai Tây Vàng | B11: Kg | C11: 300 | D11: 17000 | E11: =C11*D11 -> 5100000
A12: Bắp Cải Trắng | B12: Kg | C12: 630 | D12: 5000 | E12: =C12*D12 -> 3150000
A13: Cải Bó Xôi | B13: Kg | C13: 20 | D13: 15000 | E13: =C13*D13 -> 300000
A14: Cải Kale | B14: Túi | C14: 2 | D14: 4300 | E14: =C14*D14 -> 8600
A15: Cải Thảo | B15: Kg | C15: 1185 | D15: 6000 | E15: =C15*D15 -> 7110000
... A65: Trái Bưởi Đường | B65: Trái | C65: 996 | D65: 11361 | E65: =C65*D65 -> 11315556
E66: =SUM(E4:E65) -> 158949756
A67: kq
A68: Tên Sản phẩm | B68: ĐVT | C68: tồn | D68: giá | E68: thành tiền
A69: Cà Rốt | B69: Kg | C69: 121 | D69: 10000 | E69: =C69*D69 -> 1210000
A70: Củ Cải Trắng | B70: Kg | C70: 20 | D70: 6500 | E70: =C70*D70 -> 130000
A71: Củ Dền | B71: Kg | C71: 5 | D71: 11000 | E71: =C71*D71 -> 55000
A72: Củ Hành Tây | B72: Kg | C72: 33 | D72: 12000 | E72: =C72*D72 -> 396000
A73: Củ Khoai Lang Nhật | B73: Kg | C73: 30 | D73: 16000 | E73: =C73*D73 -> 480000
A74: Củ Khoai Tây Vàng | B74: Kg | C74: 30 | D74: 18000 | E74: =C74*D74 -> 540000
A75: Củ Su Hào | B75: Kg | C75: 5 | D75: 11000 | E75: =C75*D75 -> 55000
A76: Bông Cải Trắng | B76: Kg | C76: 4 | D76: 16000 | E76: =C76*D76 -> 64000
A77: Bắp Cải Trái Tim | B77: Kg | C77: 290 | D77: 7000 | E77: =C77*D77 -> 2030000
A78: Bắp Cải Trắng | B78: Kg | C78: 110 | D78: 5500 | E78: =C78*D78 -> 605000
A79: Cải Thảo | B79: Kg | C79: 55 | D79: 6000 | E79: =C79*D79 -> 330000
A80: Cần Tây | B80: Kg | C80: 17 | D80: 9000 | E80: =C80*D80 -> 153000
... A94: Cải Thảo Kim Chi | B94: Kg | C94: 650 | D94: 6000 | E94: =C94*D94 -> 3900000
E95: =SUM(E69:E94) -> 17754000
E96: =E95+E66 -> 176703756

Sheet 10.1
A1: hàng tồn cuối ngày 10/1 vr
A2: Tên Sản phẩm | B2: ĐVT | C2: tồn | D2: giá | E2: thành tiền
A3: Bắp Cải Tím | B3: Kg | C3: 0 | E3: =C3*D3 -> 0
A4: Bắp Cải Trái Tim | B4: Kg | C4: 0 | E4: =C4*D4 -> 0
A5: Bắp Cải Trắng | B5: Kg | C5: 369 | D5: 5000 | E5: =C5*D5 -> 1845000
A6: Bí Đỏ Hồ Lô | B6: Kg | C6: 0 | E6: =C6*D6 -> 0
A7: Bí Đỏ Tròn | B7: Kg | C7: 0 | E7: =C7*D7 -> 0
A8: Bí Ngòi Xanh | B8: Kg | C8: 208 | D8: 8000 | E8: =C8*D8 -> 1664000
A9: Bí Ngòi Xanh | B9: Trái | C9: 0 | E9: =C9*D9 -> 0
A10: Bí Non Nhật | B10: Kg | C10: 50 | D10: 13000 | E10: =C10*D10 -> 650000
A11: Bí Non Nhật | B11: Trái | C11: 0 | E11: =C11*D11 -> 0
A12: Bơ Booth | B12: Kg | C12: 0 | E12: =C12*D12 -> 0
A13: Bông Cải Trắng | B13: Kg | C13: 26 | D13: 13000 | E13: =C13*D13 -> 338000
A14: Bông Cải Xanh 10Cm | B14: Kg | C14: 5 | D14: 14000 | E14: =C14*D14 -> 70000
A15: Bông Cải Xanh 12Cm | B15: Kg | C15: 0 | E15: =C15*D15 -> 0
A16: Bông Cải Xanh 7Cm | B16: Kg | C16: 0 | E16: =C16*D16 -> 0
A17: Bông Cải Xanh Baby | B17: Vỉ | C17: 20 | D17: 7000 | E17: =C17*D17 -> 140000
A18: Cà Chua Beef | B18: Kg | C18: 270 | D18: 19500 | E18: =C18*D18 -> 5265000
A19: Cà Chua Beef | B19: Vỉ | C19: 0 | E19: =C19*D19 -> 0
A20: Cà Chua Beef | B20: Vỉ 650gr | C20: 0 | E20: =C20*D20 -> 0
A21: Cà Chua Beef Trung | B21: Kg | C21: 40 | D21: 16000 | E21: =C21*D21 -> 640000
A22: Cà Chua Beef Trung | B22: Vỉ 500gr | C22: 0 | E22: =C22*D22 -> 0
A23: Cà Chua Bi Đỏ | B23: Kg | C23: 17 | D23: 24000 | E23: =C23*D23 -> 408000
A24: Cà Chua Bi Đỏ | B24: Hộp 300gr | C24: 70 | D24: 7200 | E24: =C24*D24 -> 504000
A25: Cà Chua Bi Mix | B25: Hộp | C25: 5 | D25: 12000 | E25: =C25*D25 -> 60000
A26: Cà Chua Socola | B26: Kg | C26: 0 | E26: =C26*D26 -> 0
A27: Cà Chua Socola | B27: Hộp 300gr | C27: 230 | D27: 8400 | E27: =C27*D27 -> 1932000
A28: Cà Chua Socola | B28: Hộp 250GR | C28: 270 | D28: 7000 | E28: =C28*D28 -> 1890000
A29: Cà Chua Thường | B29: Kg | C29: 190 | D29: 14000 | E29: =C29*D29 -> 2660000
A30: Cà Chua Thường | B30: Vỉ | C30: 0 | E30: =C30*D30 -> 0
A31: Cà Chua Thường Trung | B31: Túi | C31: 0 | E31: =C31*D31 -> 0
A32: Cà Rốt | B32: Kg | C32: 220 | D32: 10000 | E32: =C32*D32 -> 2200000
A33: Cà Rốt | B33: Túi | C33: 0 | E33: =C33*D33 -> 0
A34: Cà Rốt Baby | B34: Vỉ | C34: 0 | E34: =C34*D34 -> 0
A35: Cà Tím | B35: Kg | C35: 45 | D35: 8000 | E35: =C35*D35 -> 360000
A36: Cà Tím | B36: Cặp | C36: 0 | E36: =C36*D36 -> 0
A37: Cải Bó Xôi | B37: Kg | C37: 0 | E37: =C37*D37 -> 0
A38: Cải Bó Xôi | B38: Túi | C38: 0 | E38: =C38*D38 -> 0
A39: Cải Cầu Vồng | B39: Túi | C39: 8 | D39: 6000 | E39: =C39*D39 -> 48000
A40: Cải Kale | B40: Túi | C40: 9 | D40: 4300 | E40: =C40*D40 -> 38700
A41: Cải Thảo | B41: Kg | C41: 783 | D41: 6000 | E41: =C41*D41 -> 4698000
A42: Cải Thảo Hỏa Tiễn | B42: Kg | C42: 0 | E42: =C42*D42 -> 0
A43: Cần Tây | B43: Cây | C43: 0 | E43: =C43*D43 -> 0
A44: Cần Tây | B44: Kg | C44: 0 | E44: =C44*D44 -> 0
A45: Chuối Laba | B45: Kg | C45: 10 | D45: 14000 | E45: =C45*D45 -> 140000
A46: Củ Cải Đỏ | B46: Hộp | C46: 30 | D46: 11000 | E46: =C46*D46 -> 330000
A47: Củ Cải Muối | B47: Kg | C47: 1.5 | D47: 16000 | E47: =C47*D47 -> 24000
A48: Củ Cải Trắng | B48: Kg | C48: 25 | D48: 6500 | E48: =C48*D48 -> 162500
A49: Củ Dền | B49: Kg | C49: 27 | D49: 11000 | E49: =C49*D49 -> 297000
A50: Củ Dền | B50: Túi | C50: 0 | E50: =C50*D50 -> 0
A51: Củ Gừng | B51: Kg | C51: 10 | D51: 17000 | E51: =C51*D51 -> 170000
A52: Củ Hành Tây | B52: Kg | C52: 30 | D52: 12000 | E52: =C52*D52 -> 360000
A53: Củ Hành Tây | B53: Túi 300gr | C53: 0 | E53: =C53*D53 -> 0
A54: Củ Hành Tây Trung | B54: Túi | C54: 466 | D54: 2400 | E54: =C54*D54 -> 1118400
A55: Củ Khoai Lang Mật Size 23 | B55: Kg | C55: 765 | D55: 27000 | E55: =C55*D55 -> 20655000
A56: Củ Khoai Lang Mật Size 46 | B56: Kg | C56: 1045 | D56: 27000 | E56: =C56*D56 -> 28215000
A57: Củ Khoai Lang Mật Size 46 | B57: Túi | C57: 0 | E57: =C57*D57 -> 0
A58: Củ Khoai Lang Mật Size 78 | B58: Kg | C58: 235 | D58: 23000 | E58: =C58*D58 -> 5405000
A59: Củ Khoai Lang Nhật | B59: Kg | C59: 380 | D59: 16000 | E59: =C59*D59 -> 6080000
A60: Củ Khoai Mỡ | B60: Kg | C60: 0 | E60: =C60*D60 -> 0
A61: Củ Khoai Sâm | B61: Kg | C61: 0 | E61: =C61*D61 -> 0
A62: Củ Khoai Tây Bi Vàng | B62: Túi | C62: 0 | E62: =C62*D62 -> 0
A63: Củ Khoai Tây Hồng | B63: Kg | C63: 60 | D63: 30000 | E63: =C63*D63 -> 1800000
A64: Củ Khoai Tây Vàng | B64: Kg | C64: 196 | D64: 18000 | E64: =C64*D64 -> 3528000
A65: Củ Khoai Tây Vàng | B65: Túi | C65: 0 | E65: =C65*D65 -> 0
A66: Củ Khoai Tây Vàng Trung | B66: Túi | C66: 35 | D66: 7500 | E66: =C66*D66 -> 262500
A67: Củ Su Hào | B67: Kg | C67: 25 | D67: 11000 | E67: =C67*D67 -> 275000
A68: Đậu Cove Nhật | B68: Túi | C68: 30 | D68: 6000 | E68: =C68*D68 -> 180000
A69: Đậu Cove Trắng | B69: Kg | C69: 0 | E69: =C69*D69 -> 0
A70: Đậu Cove Trắng | B70: Túi 500gr | C70: 56 | D70: 9000 | E70: =C70*D70 -> 504000
A71: Đậu Đỏ | B71: Kg | C71: 0 | E71: =C71*D71 -> 0
A72: Đậu Ngự | B72: Kg | C72: 0 | E72: =C72*D72 -> 0
A73: Đậu Trắng | B73: Kg | C73: 0 | E73: =C73*D73 -> 0
A74: Dưa Leo Baby | B74: Kg | C74: 0 | E74: =C74*D74 -> 0
A75: Dưa Leo Baby | B75: Vỉ | C75: 665 | D75: 6000 | E75: =C75*D75 -> 3990000
A76: Dưa Leo Nhật | B76: Kg | C76: 0 | E76: =C76*D76 -> 0
A77: Dưa Leo Thường | B77: Kg | C77: 24 | D77: 13000 | E77: =C77*D77 -> 312000
A78: Hành Paro | B78: Cây | C78: 0 | E78: =C78*D78 -> 0
A79: Hành Paro | B79: Kg | C79: 19 | D79: 17000 | E79: =C79*D79 -> 323000
A80: Hạt Dẻ Ngố | B80: Kg | C80: 2470 | D80: 27600 | E80: =C80*D80 -> 68172000
A81: Hồng Giòn Đà Lạt | B81: Kg | C81: 0 | E81: =C81*D81 -> 0
A82: Lá Mè | B82: Túi | C82: 0 | E82: =C82*D82 -> 0
A83: Lá Nha Đam | B83: Kg | C83: 25 | D83: 14000 | E83: =C83*D83 -> 350000
A84: Ớt Chuông Ba Màu | B84: Vỉ | C84: 0 | E84: =C84*D84 -> 0
A85: Ớt Chuông Baby | B85: Hộp | C85: 0 | E85: =C85*D85 -> 0
A86: Ớt Chuông Baby | B86: Kg | C86: 5 | D86: 48000 | E86: =C86*D86 -> 240000
A87: Ớt Chuông Đỏ | B87: Kg | C87: 174 | D87: 26000 | E87: =C87*D87 -> 4524000
A88: Ớt Chuông Đỏ | B88: Trái | C88: 0 | E88: =C88*D88 -> 0
A89: Ớt Chuông Đỏ Trung | B89: Kg | C89: 20 | D89: 21000 | E89: =C89*D89 -> 420000
A90: Ớt Chuông Vàng | B90: Kg | C90: 75 | D90: 22000 | E90: =C90*D90 -> 1650000
A91: Ớt Chuông Vàng | B91: Trái | C91: 0 | E91: =C91*D91 -> 0
A92: Ớt Chuông Vàng Trung | B92: Kg | C92: 31 | D92: 17000 | E92: =C92*D92 -> 527000
A93: Ớt Chuông Xanh | B93: Kg | C93: 50 | D93: 31000 | E93: =C93*D93 -> 1550000
A94: Ớt Chuông Xanh | B94: Trái | C94: 0 | E94: =C94*D94 -> 0
A95: Ớt Chuông Xanh Trung | B95: Kg | C95: 50 | D95: 25000 | E95: =C95*D95 -> 1250000
A96: Ớt Sweet Palemo | B96: Túi | C96: 85 | D96: 18000 | E96: =C96*D96 -> 1530000
A97: Rau Bầu Đất | B97: Túi 250gr | C97: 0 | E97: =C97*D97 -> 0
A98: Trái Bưởi Diễn | B98: Trái | C98: 0 | E98: =C98*D98 -> 0
A99: Trái Bưởi Đường | B99: Trái | C99: 996 | D99: 11361 | E99: =C99*D99 -> 11315556
A100: Trái Cam Canh | B100: Kg | C100: 610 | D100: 28000 | E100: =C100*D100 -> 17080000
...

Sheet 11.11
A1: Tên Sản phẩm | B1: ĐVT | C1: Tồn ĐL 現在個 | D1: Gía nhập | E1: Thành tiền
A2: Bắp Cải Tím | B2: Kg | C2: 10 | D2: 11000 | E2: =+D2*C2 -> 110000
A3: Bắp Cải Trái Tim | B3: Kg | C3: 0
A4: Bắp Cải Trắng | B4: Kg | C4: 246 | D4: 5000 | E4: =+D4*C4 -> 1230000
A5: Bí Đỏ Hồ Lô | B5: Kg | C5: 3 | D5: 11000 | E5: =+D5*C5 -> 33000
A6: Bí Đỏ Tròn | B6: Kg | C6: 0
A7: Bí Ngòi Xanh | B7: Kg | C7: 135 | D7: 8000 | E7: =+D7*C7 -> 1080000
A8: Bí Ngòi Xanh | B8: Trái | C8: 0
A9: Bí Non Nhật | B9: Kg | C9: 50 | D9: 10000 | E9: =+D9*C9 -> 500000
A10: Bí Non Nhật | B10: Trái | C10: 0
A11: Bơ Booth | B11: Kg | C11: 0
A12: Bông Cải Trắng | B12: Kg | C12: 2 | D12: 13000 | E12: =+D12*C12 -> 26000
A13: Bông Cải Xanh 10Cm | B13: Kg | C13: 0
A14: Bông Cải Xanh 12Cm | B14: Kg | C14: 0
A15: Bông Cải Xanh 7Cm | B15: Kg | C15: 0
A16: Bông Cải Xanh Baby | B16: Vỉ | C16: 0
A17: Cà Chua Beef | B17: Kg | C17: 350 | D17: 20000 | E17: =+D17*C17 -> 7000000
A18: Cà Chua Beef | B18: Vỉ | C18: 0
A19: Cà Chua Beef | B19: Vỉ 650gr | C19: 0
A20: Cà Chua Beef Trung | B20: Kg | C20: 4 | D20: 15000 | E20: =+D20*C20 -> 60000
A21: Cà Chua Beef Trung | B21: Vỉ 500gr | C21: 85 | D21: 8500 | E21: =+D21*C21 -> 722500
A22: Cà Chua Bi Đỏ | B22: Kg | C22: 5 | D22: 24000 | E22: =+D22*C22 -> 120000
A23: Cà Chua Bi Đỏ | B23: Hộp 300gr | C23: 85 | D23: 7200 | E23: =+D23*C23 -> 612000
A24: Cà Chua Bi Mix | B24: Hộp | C24: 21 | D24: 11100 | E24: =+D24*C24 -> 233100
A25: Cà Chua Socola | B25: Kg | C25: 0
A26: Cà Chua Socola | B26: Hộp 300gr | C26: 180 | D26: 8400 | E26: =+D26*C26 -> 1512000
A27: Cà Chua Socola | B27: Hộp 250GR | C27: 110 | D27: 7000 | E27: =+D27*C27 -> 770000
A28: Cà Chua Thường | B28: Kg | C28: 340 | D28: 12000 | E28: =+D28*C28 -> 4080000
A29: Cà Chua Thường | B29: Vỉ | C29: 0
A30: Cà Chua Thường Trung | B30: Túi | C30: 120 | D30: 9000 | E30: =+D30*C30 -> 1080000
A31: Cà Rốt | B31: Kg | C31: 40 | D31: 10000 | E31: =+D31*C31 -> 400000
A32: Cà Rốt | B32: Túi | C32: 0
A33: Cà Rốt Baby | B33: Vỉ | C33: 12 | D33: 7800 | E33: =+D33*C33 -> 93600
A34: Cà Tím | B34: Kg | C34: 27 | D34: 8000 | E34: =+D34*C34 -> 216000
A35: Cà Tím | B35: Cặp | C35: 0
A36: Cải Bó Xôi | B36: Kg | C36: 40 | D36: 15000 | E36: =+D36*C36 -> 600000
A37: Cải Bó Xôi | B37: Túi | C37: 0
A38: Cải Cầu Vồng | B38: Túi | C38: 11 | D38: 6000 | E38: =+D38*C38 -> 66000
A39: Cải Kale | B39: Túi | C39: 2 | D39: 4500 | E39: =+D39*C39 -> 9000
A40: Cải Thảo | B40: Kg | C40: 880 | D40: 7000 | E40: =+D40*C40 -> 6160000
A41: Cải Thảo Hỏa Tiễn | B41: Kg | C41: 14 | D41: 14000 | E41: =+D41*C41 -> 196000
A42: Cần Tây | B42: Cây | C42: 0
A43: Cần Tây | B43: Kg | C43: 58 | D43: 9000 | E43: =+D43*C43 -> 522000
A44: Chuối Laba | B44: Kg | C44: 0
A45: Củ Cải Đỏ | B45: Hộp | C45: 24 | D45: 11000 | E45: =+D45*C45 -> 264000
A46: Củ Cải Muối | B46: Kg | C46: 1.5 | D46: 16000 | E46: =+D46*C46 -> 24000
A47: Củ Cải Trắng | B47: Kg | C47: 80 | D47: 6500 | E47: =+D47*C47 -> 520000
A48: Củ Dền | B48: Kg | C48: 49 | D48: 11000 | E48: =+D48*C48 -> 539000
A49: Củ Dền | B49: Túi | C49: 0
A50: Củ Gừng | B50: Kg | C50: 10 | D50: 17000 | E50: =+D50*C50 -> 170000
A51: Củ Hành Tây | B51: Kg | C51: 197 | D51: 10000 | E51: =+D51*C51 -> 1970000
A52: Củ Hành Tây | B52: Túi 300gr | C52: 0
A53: Củ Hành Tây Trung | B53: Túi | C53: 433 | D53: 2400 | E53: =+D53*C53 -> 1039200
A54: Củ Khoai Lang Mật Size 23 | B54: Kg | C54: =765+1300-300 -> 1765 | D54: 28000 | E54: =+D54*C54 -> 49420000
A55: Củ Khoai Lang Mật Size 46 | B55: Kg | C55: =1275+1045 -> 2320 | D55: 27000 | E55: =+D55*C55 -> 62640000
A56: Củ Khoai Lang Mật Size 78 | B56: Kg | C56: 225 | D56: 23000 | E56: =+D56*C56 -> 5175000
A57: Củ Khoai Lang Nhật | B57: Kg | C57: 266 | D57: 15000 | E57: =+D57*C57 -> 3990000
A58: Củ Khoai Mỡ | B58: Kg | C58: 0
A59: Củ Khoai Sâm | B59: Kg | C59: 0
A60: Củ Khoai Tây Bi Vàng | B60: Túi | C60: 0
A61: Củ Khoai Tây Vàng | B61: Kg | C61: 450 | D61: 18000 | E61: =+D61*C61 -> 8100000
A62: Củ Khoai Tây Vàng | B62: Túi | C62: 0
A63: Củ Khoai Tây Vàng Trung | B63: Túi | C63: 80 | D63: 8000 | E63: =+D63*C63 -> 640000
A64: Củ Kiệu | B64: Kg | C64: 0
A65: Củ Su Hào | B65: Kg | C65: 38 | D65: 11000 | E65: =+D65*C65 -> 418000
A66: Đậu Cove Nhật | B66: Túi | C66: 5 | D66: 6000 | E66: =+D66*C66 -> 30000
A67: Đậu Cove Trắng | B67: Kg | C67: 0
A68: Đậu Cove Trắng | B68: Túi 500gr | C68: 25 | D68: 9000 | E68: =+D68*C68 -> 225000
A69: Đậu Đỏ | B69: Kg | C69: 0
A70: Đậu Ngự | B70: Kg | C70: 0
A71: Đậu Trắng | B71: Kg | C71: 0
A72: Dưa Leo Baby | B72: Kg | C72: 0
A73: Dưa Leo Baby | B73: Vỉ | C73: 979 | D73: 6000 | E73: =+D73*C73 -> 5874000
A74: Dưa Leo Nhật | B74: Kg | C74: 0
A75: Dưa Leo Thường | B75: Kg | C75: 59 | D75: 13000 | E75: =+D75*C75 -> 767000
A76: Hành Paro | B76: Cây | C76: 0
A77: Hành Paro | B77: Kg | C77: 25 | D77: 15000 | E77: =+D77*C77 -> 375000
A78: Hạt Dẻ Ngố | B78: Kg | C78: 2410 | D78: 27600 | E78: =+D78*C78 -> 66516000
A79: Hồng Giòn Đà Lạt | B79: Kg | C79: 0
A80: Lá Mè | B80: Túi | C80: 0
A81: Lá Nha Đam | B81: Kg | C81: 8 | D81: 14000 | E81: =+D81*C81 -> 112000
A82: Ớt Chuông Ba Màu | B82: Vỉ | C82: 0
A83: Ớt Chuông Baby | B83: Hộp | C83: 0
A84: Ớt Chuông Baby | B84: Kg | C84: 4 | D84: 38000 | E84: =+D84*C84 -> 152000
A85: Ớt Chuông Đỏ | B85: Kg | C85: 170 | D85: 26000 | E85: =+D85*C85 -> 4420000
A86: Ớt Chuông Đỏ | B86: Trái | C86: 0
A87: Ớt Chuông Vàng | B87: Kg | C87: 45 | D87: 22000 | E87: =+D87*C87 -> 990000
A88: Ớt Chuông Vàng | B88: Trái | C88: 0
A89: Ớt Chuông Vàng Trung | B89: Kg | C89: 18 | D89: 17000 | E89: =+D89*C89 -> 306000
A90: Ớt Chuông Xanh | B90: Kg | C90: 40 | D90: 30000 | E90: =+D90*C90 -> 1200000
A91: Ớt Chuông Xanh | B91: Trái | C91: 0
A92: Ớt Chuông Xanh Trung | B92: Kg | C92: 12 | D92: 25000 | E92: =+D92*C92 -> 300000
A93: Ớt Sweet Palemo | B93: Túi | C93: 80 | D93: 18000 | E93: =+D93*C93 -> 1440000
A94: Rau Bầu Đất | B94: Túi | C94: 0
A95: Trái Bưởi Diễn | B95: Trái | C95: 0
A96: Trái Bưởi Đường | B96: Trái | C96: 926 | D96: 11361 | E96: =+D96*C96 -> 10520286
A97: Trái Cam Canh | B97: Kg | C97: 670 | D97: 29000 | E97: =+D97*C97 -> 19430000
A98: Trái Khổ Qua | B98: Kg | C98: 0
A99: Trái Mâm Xôi | B99: Hộp | C99: 0
A100: Trái Su Su | B100: Kg | C100: 160 | D100: 12000 | E100: =+D100*C100 -> 1920000
...

Sheet 12.1
A1: hàng tồn cuối ngày 12/1 vr
A2: Tên Sản phẩm | B2: ĐVT | C2: tồn | D2: giá | E2: thành tiền
A3: Bắp Cải Tím | B3: Kg | C3: 11 | D3: 11000 | E3: =C3*D3 -> 121000
A4: Bắp Cải Trái Tim | B4: Kg | C4: 0 | E4: =C4*D4 -> 0
A5: Bắp Cải Trắng | B5: Kg | C5: 210 | D5: 5000 | E5: =C5*D5 -> 1050000
A6: Bí Đao Xanh | B6: Kg | C6: 0 | E6: =C6*D6 -> 0
A7: Bí Đỏ Hồ Lô | B7: Kg | C7: 0 | E7: =C7*D7 -> 0
A8: Bí Đỏ Tròn | B8: Kg | C8: 125 | D8: 9000 | E8: =C8*D8 -> 1125000
A9: Bí Ngòi Vàng | B9: Kg | C9: 0 | E9: =C9*D9 -> 0
A10: Bí Ngòi Xanh | B10: Kg | C10: 125 | D10: 8000 | E10: =C10*D10 -> 1000000
A11: Bí Ngòi Xanh | B11: Trái | C11: 0 | E11: =C11*D11 -> 0
A12: Bí Non Nhật | B12: Kg | C12: 28 | D12: 14000 | E12: =C12*D12 -> 392000
A13: Bí Non Nhật | B13: Trái | C13: 0 | E13: =C13*D13 -> 0
A14: Bơ Booth | B14: Kg | C14: 0 | E14: =C14*D14 -> 0
A15: Bông Cải Trắng | B15: Kg | C15: 10 | D15: 13000 | E15: =C15*D15 -> 130000
A16: Bông Cải Xanh 10Cm | B16: Kg | C16: 0 | E16: =C16*D16 -> 0
A17: Bông Cải Xanh 12Cm | B17: Kg | C17: 0 | E17: =C17*D17 -> 0
A18: Bông Cải Xanh 7Cm | B18: Kg | C18: 0 | E18: =C18*D18 -> 0
A19: Bông Cải Xanh Baby | B19: Vỉ | C19: 0 | E19: =C19*D19 -> 0
A20: Cà Chua Beef | B20: Kg | C20: 218 | D20: 18000 | E20: =C20*D20 -> 3924000
A21: Cà Chua Beef | B21: Vỉ | C21: 0 | E21: =C21*D21 -> 0
A22: Cà Chua Beef | B22: Vỉ 650gr | C22: 0 | E22: =C22*D22 -> 0
A23: Cà Chua Beef Trung | B23: Kg | C23: 15 | D23: 16000 | E23: =C23*D23 -> 240000
A24: Cà Chua Beef Trung | B24: Vỉ 500gr | C24: 40 | D24: 8500 | E24: =C24*D24 -> 340000
A25: Cà Chua Bi Đỏ | B25: Kg | C25: 0 | E25: =C25*D25 -> 0
A26: Cà Chua Bi Đỏ | B26: Hộp 300gr | C26: 111 | D26: 7200 | E26: =C26*D26 -> 799200
A27: Cà Chua Bi Mix | B27: Hộp | C27: 11 | D27: 12000 | E27: =C27*D27 -> 132000
A28: Cà Chua Socola | B28: Kg | C28: 0 | E28: =C28*D28 -> 0
A29: Cà Chua Socola | B29: Hộp 300gr | C29: 200 | D29: 8400 | E29: =C29*D29 -> 1680000
A30: Cà Chua Socola | B30: Hộp 250GR | C30: 350 | D30: 7000 | E30: =C30*D30 -> 2450000
A31: Cà Chua Thường | B31: Kg | C31: 235 | D31: 11000 | E31: =C31*D31 -> 2585000
A32: Cà Chua Thường | B32: Vỉ | C32: 0 | E32: =C32*D32 -> 0
A33: Cà Chua Thường Trung | B33: Túi | C33: 90 | D33: 9000 | E33: =C33*D33 -> 810000
A34: Cà Rốt | B34: Kg | C34: 116 | D34: 10000 | E34: =C34*D34 -> 1160000
A35: Cà Rốt | B35: Túi | C35: 0 | E35: =C35*D35 -> 0
A36: Cà Rốt Baby | B36: Kg | C36: 0 | E36: =C36*D36 -> 0
A37: Cà Rốt Baby | B37: Vỉ | C37: 2 | D37: 7800 | E37: =C37*D37 -> 15600
A38: Cà Tím | B38: Kg | C38: 62 | D38: 8000 | E38: =C38*D38 -> 496000
A39: Cà Tím | B39: Cặp | C39: 0 | E39: =C39*D39 -> 0
A40: Cải Bó Xôi | B40: Kg | C40: 36 | D40: 15000 | E40: =C40*D40 -> 540000
A41: Cải Bó Xôi | B41: Túi | C41: 0 | E41: =C41*D41 -> 0
A42: Cải Cầu Vồng | B42: Kg | C42: 0 | E42: =C42*D42 -> 0
A43: Cải Cầu Vồng | B43: Túi | C43: 10 | D43: 6000 | E43: =C43*D43 -> 60000
A44: Cải Kale | B44: Kg | C44: 0 | E44: =C44*D44 -> 0
A45: Cải Kale | B45: Túi | C45: 0 | E45: =C45*D45 -> 0
A46: Cải Thảo | B46: Kg | C46: 134 | D46: 5500 | E46: =C46*D46 -> 737000
A47: Cải Thảo Hỏa Tiễn | B47: Kg | C47: 14 | D47: 14000 | E47: =C47*D47 -> 196000
A48: Cần Tây | B48: Cây | C48: 0 | E48: =C48*D48 -> 0
A49: Cần Tây | B49: Kg | C49: 23 | D49: 9000 | E49: =C49*D49 -> 207000
A50: Chuối Laba | B50: Kg | C50: 13 | D50: 14000 | E50: =C50*D50 -> 182000
A51: Củ Cải Đỏ | B51: Hộp | C51: 0 | E51: =C51*D51 -> 0
A52: Củ Cải Đỏ | B52: Kg | C52: 0 | E52: =C52*D52 -> 0
A53: Củ Cải Muối | B53: Kg | C53: 2 | D53: 16000 | E53: =C53*D53 -> 32000
A54: Củ Cải Trắng | B54: Kg | C54: 0 | E54: =C54*D54 -> 0
A55: Củ Dền | B55: Kg | C55: 25 | D55: 11000 | E55: =C55*D55 -> 275000
A56: Củ Dền | B56: Túi | C56: 0 | E56: =C56*D56 -> 0
A57: Củ Gừng | B57: Kg | C57: 14 | D57: 17000 | E57: =C57*D57 -> 238000
A58: Củ Hành Tây | B58: Kg | C58: 180 | D58: 10000 | E58: =C58*D58 -> 1800000
A59: Củ Hành Tây | B59: Túi 300gr | C59: 0 | E59: =C59*D59 -> 0
A60: Củ Hành Tây Trung | B60: Túi | C60: 383 | D60: 2400 | E60: =C60*D60 -> 919200
A61: Củ Khoai Lang Mật Size 23 | B61: Kg | C61: 1815 | D61: 28000 | E61: =C61*D61 -> 50820000
A62: Củ Khoai Lang Mật Size 46 | B62: Kg | C62: 2025 | D62: 27000 | E62: =C62*D62 -> 54675000
A63: Củ Khoai Lang Mật Size 78 | B63: Kg | C63: 225 | D63: 23000 | E63: =C63*D63 -> 5175000
A64: Củ Khoai Lang Nhật | B64: Kg | C64: 235 | D64: 15500 | E64: =C64*D64 -> 3642500
A65: Củ Khoai Mỡ | B65: Kg | C65: 0 | E65: =C65*D65 -> 0
A66: Củ Khoai Sâm | B66: Kg | C66: 0 | E66: =C66*D66 -> 0
A67: Củ Khoai Tây Bi Vàng | B67: Kg | C67: 0 | E67: =C67*D67 -> 0
A68: Củ Khoai Tây Bi Vàng | B68: Túi | C68: 0 | E68: =C68*D68 -> 0
A69: Củ Khoai Tây Hồng | B69: Kg | C69: 60 | D69: 30000 | E69: =C69*D69 -> 1800000
A70: Củ Khoai Tây Vàng | B70: Kg | C70: 440 | D70: 18000 | E70: =C70*D70 -> 7920000
A71: Củ Khoai Tây Vàng | B71: Túi | C71: 0 | E71: =C71*D71 -> 0
A72: Củ Khoai Tây Vàng Trung | B72: Túi | C72: 60 | D72: 8000 | E72: =C72*D72 -> 480000
A73: Củ Kiệu | B73: Kg | C73: 0 | E73: =C73*D73 -> 0
A74: Củ Su Hào | B74: Kg | C74: 10 | D74: 11000 | E74: =C74*D74 -> 110000
A75: Đậu Cove Nhật | B75: Túi | C75: 14 | D75: 6000 | E75: =C75*D75 -> 84000
A76: Đậu Cove Trắng | B76: Kg | C76: 0 | E76: =C76*D76 -> 0
A77: Đậu Cove Trắng | B77: Túi 500gr | C77: 44 | D77: 9000 | E77: =C77*D77 -> 396000
A78: Đậu Đỏ | B78: Kg | C78: 0.5 | D78: 80000 | E78: =C78*D78 -> 40000
A79: Đậu Hà Lan Trái | B79: Kg | C79: 0 | E79: =C79*D79 -> 0
A80: Đậu Ngự | B80: Kg | C80: 0.5 | D80: 70000 | E80: =C80*D80 -> 35000
A81: Đậu Trắng | B81: Kg | C81: 0.5 | D81: 70000 | E81: =C81*D81 -> 35000
A82: Dưa Leo Baby | B82: Kg | C82: 0 | E82: =C82*D82 -> 0
A83: Dưa Leo Baby | B83: Vỉ | C83: 754 | D83: 6000 | E83: =C83*D83 -> 4524000
A84: Dưa Leo Nhật | B84: Kg | C84: 5 | D84: 16000 | E84: =C84*D84 -> 80000
A85: Dưa Leo Thường | B85: Kg | C85: 18 | D85: 13000 | E85: =C85*D85 -> 234000
A86: Hành Paro | B86: Cây | C86: 0 | E86: =C86*D86 -> 0
A87: Hành Paro | B87: Kg | C87: 0 | E87: =C87*D87 -> 0
A88: Hạt Dẻ Ngố | B88: Kg | C88: 2410 | D88: 27600 | E88: =C88*D88 -> 66516000
A89: Hồng Giòn Đà Lạt | B89: Kg | C89: 0 | E89: =C89*D89 -> 0
A90: Lá Mè | B90: Túi | C90: 0 | E90: =C90*D90 -> 0
A91: Lá Nha Đam | B91: Kg | C91: 21 | D91: 14000 | E91: =C91*D91 -> 294000
A92: Ớt Chuông Ba Màu | B92: Vỉ | C92: 0 | E92: =C92*D92 -> 0
A93: Ớt Chuông Baby | B93: Hộp | C93: 0 | E93: =C93*D93 -> 0
A94: Ớt Chuông Baby | B94: Kg | C94: 7 | D94: 38000 | E94: =C94*D94 -> 266000
A95: Ớt Chuông Đỏ | B95: Kg | C95: 150 | D95: 26000 | E95: =C95*D95 -> 3900000
A96: Ớt Chuông Đỏ | B96: Trái | C96: 0 | E96: =C96*D96 -> 0
A97: Ớt Chuông Đỏ Trung | B97: Kg | C97: 5 | D97: 21000 | E97: =C97*D97 -> 105000
A98: Ớt Chuông Vàng | B98: Kg | C98: 93 | D98: 22000 | E98: =C98*D98 -> 2046000
A99: Ớt Chuông Vàng | B99: Trái | C99: 0 | E99: =C99*D99 -> 0
A100: Ớt Chuông Vàng Trung | B100: Kg | C100: 14 | D100: 17000 | E100: =C100*D100 -> 238000
...

Sheet 13.1
A1: hàng tồn cuối ngày 13/1 vr
A2: Tên Sản phẩm VR | B2: ĐVT | C2: tồn | D2: giá | E2: thành tiền
A3: Bắp Cải Tím | B3: Kg | C3: 20 | D3: 12000 | E3: =C3*D3 -> 240000
A4: Bắp Cải Trái Tim | B4: Kg | C4: 0 | E4: =C4*D4 -> 0
A5: Bắp Cải Trắng | B5: Kg | C5: 185 | D5: 5000 | E5: =C5*D5 -> 925000
A6: Bí Đỏ Hồ Lô | B6: Kg | C6: 28 | D6: 9500 | E6: =C6*D6 -> 266000
A7: Bí Đỏ Tròn | B7: Kg | C7: 0 | E7: =C7*D7 -> 0
A8: Bí Ngòi Xanh | B8: Kg | C8: 120 | D8: 8000 | E8: =C8*D8 -> 960000
A9: Bí Ngòi Xanh | B9: Trái | C9: 0 | E9: =C9*D9 -> 0
A10: Bí Non Nhật | B10: Kg | C10: 40 | D10: 14000 | E10: =C10*D10 -> 560000
A11: Bí Non Nhật | B11: Trái | C11: 0 | E11: =C11*D11 -> 0
A12: Bông Cải Trắng | B12: Kg | C12: 7 | D12: 12000 | E12: =C12*D12 -> 84000
A13: Bông Cải Xanh 10Cm | B13: Kg | C13: 50 | D13: 12000 | E13: =C13*D13 -> 600000
A14: Bông Cải Xanh 12Cm | B14: Kg | C14: 0 | E14: =C14*D14 -> 0
A15: Bông Cải Xanh 7Cm | B15: Kg | C15: 0 | E15: =C15*D15 -> 0
A16: Bông Cải Xanh Baby | B16: Vỉ | C16: 10 | D16: 7000 | E16: =C16*D16 -> 70000
A17: Cà Chua Beef | B17: Kg | C17: 505 | D17: 19000 | E17: =C17*D17 -> 9595000
A18: Cà Chua Beef | B18: Vỉ 650gr | C18: 0 | E18: =C18*D18 -> 0
A19: Cà Chua Beef Trung | B19: Kg | C19: 42 | D19: 16000 | E19: =C19*D19 -> 672000
A20: Cà Chua Beef Trung | B20: Vỉ 500gr | C20: 0 | E20: =C20*D20 -> 0
A21: Cà Chua Bi Đỏ | B21: Kg | C21: 6 | D21: 21000 | E21: =C21*D21 -> 126000
A22: Cà Chua Bi Đỏ | B22: Hộp 300gr | C22: 75 | D22: 6300 | E22: =C22*D22 -> 472500
A23: Cà Chua Bi Mix | B23: Hộp | C23: 3 | D23: 11200 | E23: =C23*D23 -> 33600
A24: Cà Chua Socola | B24: Kg | C24: 0 | E24: =C24*D24 -> 0
A25: Cà Chua Socola | B25: Hộp 300gr | C25: 110 | D25: 8400 | E25: =C25*D25 -> 924000
A26: Cà Chua Socola | B26: Hộp 250GR | C26: 190 | D26: 7000 | E26: =C26*D26 -> 1330000
A27: Cà Chua Thường | B27: Kg | C27: 365 | D27: 11000 | E27: =C27*D27 -> 4015000
A28: Cà Chua Thường | B28: Vỉ | C28: 0 | E28: =C28*D28 -> 0
A29: Cà Chua Thường Trung | B29: Túi | C29: 90 | D29: 6000 | E29: =C29*D29 -> 540000
A30: Cà Rốt | B30: Kg | C30: 97 | D30: 10000 | E30: =C30*D30 -> 970000
A31: Cà Rốt | B31: Túi | C31: 0 | E31: =C31*D31 -> 0
A32: Cà Rốt Baby | B32: Vỉ | C32: 8 | D32: 7800 | E32: =C32*D32 -> 62400
A33: Cà Tím | B33: Kg | C33: 83 | D33: 8000 | E33: =C33*D33 -> 664000
A34: Cà Tím | B34: Cặp | C34: 0 | E34: =C34*D34 -> 0
A35: Cải Bó Xôi | B35: Kg | C35: 8 | D35: 15000 | E35: =C35*D35 -> 120000
A36: Cải Bó Xôi | B36: Túi | C36: 0 | E36: =C36*D36 -> 0
A37: Cải Cầu Vồng | B37: Túi | C37: 8 | D37: 6000 | E37: =C37*D37 -> 48000
A38: Cải Kale | B38: Túi | C38: 6 | D38: 4300 | E38: =C38*D38 -> 25800
A39: Cải Thảo | B39: Kg | C39: 465 | D39: 5500 | E39: =C39*D39 -> 2557500
A40: Cải Thảo Hỏa Tiễn | B40: Kg | C40: 9 | D40: 14000 | E40: =C40*D40 -> 126000
A41: Cần Tây | B41: Cây | C41: 0 | E41: =C41*D41 -> 0
A42: Cần Tây | B42: Kg | C42: 20 | D42: 9000 | E42: =C42*D42 -> 180000
A43: Chuối Laba | B43: Kg | C43: 18 | D43: 14000 | E43: =C43*D43 -> 252000
A44: Củ Cải Đỏ | B44: Hộp | C44: 20 | D44: 11000 | E44: =C44*D44 -> 220000
A45: Củ Cải Trắng | B45: Kg | C45: 68 | D45: 6000 | E45: =C45*D45 -> 408000
A46: Củ Dền | B46: Kg | C46: 52 | D46: 11000 | E46: =C46*D46 -> 572000
A47: Củ Dền | B47: Túi | C47: 0 | E47: =C47*D47 -> 0
A48: Củ Gừng | B48: Kg | C48: 3 | D48: 17000 | E48: =C48*D48 -> 51000
A49: Củ Hành Tây | B49: Kg | C49: 167 | D49: 10000 | E49: =C49*D49 -> 1670000
A50: Củ Hành Tây | B50: Túi 300gr | C50: 0 | E50: =C50*D50 -> 0
A51: Củ Hành Tây Trung | B51: Túi | C51: 310 | D51: 2400 | E51: =C51*D51 -> 744000
A52: Củ Khoai Lang Mật Size 23 | B52: Kg | C52: 1200 | D52: 28000 | E52: =C52*D52 -> 33600000
A53: Củ Khoai Lang Mật Size 23 | B53: Túi | C53: 0 | E53: =C53*D53 -> 0
A54: Củ Khoai Lang Mật Size 46 | B54: Kg | C54: 2420 | D54: 27000 | E54: =C54*D54 -> 65340000
A55: Củ Khoai Lang Mật Size 46 | B55: Túi | C55: 0 | E55: =C55*D55 -> 0
A56: Củ Khoai Lang Mật Size 78 | B56: Kg | C56: 700 | D56: 23000 | E56: =C56*D56 -> 16100000
A57: Củ Khoai Lang Nhật | B57: Kg | C57: 320 | D57: 15500 | E57: =C57*D57 -> 4960000
A58: Củ Khoai Mỡ | B58: Kg | C58: 0 | E58: =C58*D58 -> 0
A59: Củ Khoai Tây Bi Vàng | B59: Túi | C59: 0 | E59: =C59*D59 -> 0
A60: Củ Khoai Tây Hồng | B60: Kg | C60: 60 | D60: 30000 | E60: =C60*D60 -> 1800000
A61: Củ Khoai Tây Vàng | B61: Kg | C61: 367 | D61: 18000 | E61: =C61*D61 -> 6606000
A62: Củ Khoai Tây Vàng | B62: Túi | C62: 0 | E62: =C62*D62 -> 0
A63: Củ Khoai Tây Vàng Trung | B63: Túi | C63: 80 | D63: 8000 | E63: =C63*D63 -> 640000
A64: Củ Su Hào | B64: Kg | C64: 28 | D64: 11000 | E64: =C64*D64 -> 308000
A65: Đậu Cove Nhật | B65: Túi | C65: 25 | D65: 6000 | E65: =C65*D65 -> 150000
A66: Đậu Cove Trắng | B66: Kg | C66: 0 | E66: =C66*D66 -> 0
A67: Đậu Hà Lan Trái | B67: Kg | C67: 0.3 | D67: 80000 | E67: =C67*D67 -> 24000
A68: Dưa Leo Baby | B68: Kg | C68: 0 | E68: =C68*D68 -> 0
A69: Dưa Leo Baby | B69: Vỉ | C69: 570 | D69: 6000 | E69: =C69*D69 -> 3420000
A70: Dưa Leo Nhật | B70: Kg | C70: 0 | E70: =C70*D70 -> 0
A71: Dưa Leo Thường | B71: Kg | C71: 0 | E71: =C71*D71 -> 0
A72: Hành Paro | B72: Cây | C72: 0 | E72: =C72*D72 -> 0
A73: Hành Paro | B73: Kg | C73: 10 | D73: 15000 | E73: =C73*D73 -> 150000
A74: Hạt Dẻ Ngố | B74: Kg | C74: 2400 | D74: 27600 | E74: =C74*D74 -> 66240000
A75: Hồng Treo Gió | B75: Hộp | C75: 0 | E75: =C75*D75 -> 0
A76: Lá Mè | B76: Túi | C76: 0 | E76: =C76*D76 -> 0
A77: Lá Nha Đam | B77: Kg | C77: 18 | D77: 14000 | E77: =C77*D77 -> 252000
A78: Ớt Chuông Ba Màu | B78: Vỉ | C78: 0 | E78: =C78*D78 -> 0
A79: Ớt Chuông Baby | B79: Hộp | C79: 0 | E79: =C79*D79 -> 0
A80: Ớt Chuông Đỏ | B80: Kg | C80: 130 | D80: 26000 | E80: =C80*D80 -> 3380000
A81: Ớt Chuông Đỏ | B81: Trái | C81: 0 | E81: =C81*D81 -> 0
A82: Ớt Chuông Đỏ Trung | B82: Kg | C82: 20 | D82: 21000 | E82: =C82*D82 -> 420000
A83: Ớt Chuông Vàng | B83: Kg | C83: 15 | D83: 22000 | E83: =C83*D83 -> 330000
A84: Ớt Chuông Vàng | B84: Trái | C84: 0 | E84: =C84*D84 -> 0
A85: Ớt Chuông Vàng Trung | B85: Kg | C85: 15 | D85: 17000 | E85: =C85*D85 -> 255000
A86: Ớt Chuông Xanh | B86: Kg | C86: 85 | D86: 30000 | E86: =C86*D86 -> 2550000
A87: Ớt Chuông Xanh | B87: Trái | C87: 0 | E87: =C87*D87 -> 0
A88: Ớt Chuông Xanh Trung | B88: Kg | C88: 20 | D88: 25000 | E88: =C88*D88 -> 500000
A89: Ớt Sweet Palemo | B89: Kg | C89: 15 | D89: 50000 | E89: =C89*D89 -> 750000 | F89: l1 60. l2 40
A90: Ớt Sweet Palemo | B90: Túi | C90: 90 | D90: 18000 | E90: =C90*D90 -> 1620000
A91: Rau Bầu Đất | B91: Túi | C91: 0 | E91: =C91*D91 -> 0
A92: Trái Bưởi Đường | B92: Trái | C92: 835 | D92: 11361 | E92: =C92*D92 -> 9486435
A93: Trái Cam Canh | B93: Kg | C93: 2215 | D93: 31000 | E93: =C93*D93 -> 68665000
A94: Trái Khổ Qua | B94: Kg | C94: 2 | D94: 30000 | E94: =C94*D94 -> 60000
A95: Trái Mâm Xôi | B95: Hộp | C95: 0 | E95: =C95*D95 -> 0
A96: Trái Su Su | B96: Kg | C96: 126 | D96: 11000 | E96: =C96*D96 -> 1386000
A97: Xà Lách Lolo Xanh | B97: Kg | C97: 7 | D97: 33000 | E97: =C97*D97 -> 231000
A98: Xà Lách Lolo Xanh T.C | B98: Kg | C98: 0 | E98: =C98*D98 -> 0
A99: Xà Lách Lolo Xanh T.C Cây | B99: Cây | C99: 0 | E99: =C99*D99 -> 0
A100: Xà Lách Mỡ T.C | B100: Kg | C100: 0 | E100: =C100*D100 -> 0
...

Sheet 14.1
A1: hàng tồn cuối ngày 14/1 vr
A2: tên sản phẩm | B2: dvt | C2: tồn | D2: giá | E2: thành tiền
A3: Bắp Cải Tím | B3: Kg | C3: 0 | E3: =C3*D3 -> 0
A4: Bắp Cải Trái Tim | B4: Kg | C4: 0 | E4: =C4*D4 -> 0
A5: Bắp Cải Trắng | B5: Kg | C5: 476 | D5: 5000 | E5: =C5*D5 -> 2380000
A6: Bí Đao Xanh | B6: Kg | C6: 0 | E6: =C6*D6 -> 0
A7: Bí Đỏ Hồ Lô | B7: Kg | C7: 12 | D7: 9500 | E7: =C7*D7 -> 114000
A8: Bí Đỏ Tròn | B8: Kg | C8: 255 | D8: 9000 | E8: =C8*D8 -> 2295000
A9: Bí Ngòi Vàng | B9: Kg | C9: 0 | E9: =C9*D9 -> 0
A10: Bí Ngòi Xanh | B10: Kg | C10: 115 | D10: 8000 | E10: =C10*D10 -> 920000
A11: Bí Ngòi Xanh | B11: Trái | C11: 0 | E11: =C11*D11 -> 0
A12: Bí Non Nhật | B12: Kg | C12: 100 | D12: 16000 | E12: =C12*D12 -> 1600000
A13: Bí Non Nhật | B13: Trái | C13: 0 | E13: =C13*D13 -> 0
A14: Bơ Booth | B14: Kg | C14: 0 | E14: =C14*D14 -> 0
A15: Bông Cải Trắng | B15: Kg | C15: 0 | E15: =C15*D15 -> 0
A16: Bông Cải Xanh 10Cm | B16: Kg | C16: 5 | D16: 12000 | E16: =C16*D16 -> 60000
A17: Bông Cải Xanh 12Cm | B17: Kg | C17: 0 | E17: =C17*D17 -> 0
A18: Bông Cải Xanh 7Cm | B18: Kg | C18: 52 | D18: 23000 | E18: =C18*D18 -> 1196000
A19: Bông Cải Xanh Baby | B19: Vỉ | C19: 12 | D19: 7000 | E19: =C19*D19 -> 84000
A20: Cà Chua Beef | B20: Kg | C20: 435 | D20: 19000 | E20: =C20*D20 -> 8265000
A21: Cà Chua Beef | B21: Vỉ | C21: 0 | E21: =C21*D21 -> 0
A22: Cà Chua Beef | B22: Vỉ 650gr | C22: 0 | E22: =C22*D22 -> 0
A23: Cà Chua Beef Trung | B23: Kg | C23: 14 | D23: 16000 | E23: =C23*D23 -> 224000
A24: Cà Chua Beef Trung | B24: Vỉ 500gr | C24: 0 | E24: =C24*D24 -> 0
A25: Cà Chua Bi Đỏ | B25: Kg | C25: 24 | D25: 21000 | E25: =C25*D25 -> 504000
A26: Cà Chua Bi Đỏ | B26: Hộp 300gr | C26: 62 | D26: 6300 | E26: =C26*D26 -> 390600
A27: Cà Chua Bi Mix | B27: Hộp | C27: 4 | D27: 11100 | E27: =C27*D27 -> 44400
A28: Cà Chua Socola | B28: Kg | C28: 0 | E28: =C28*D28 -> 0
A29: Cà Chua Socola | B29: Hộp 300gr | C29: 85 | D29: 8400 | E29: =C29*D29 -> 714000
A30: Cà Chua Socola | B30: Hộp 250GR | C30: 108 | D30: 7000 | E30: =C30*D30 -> 756000
A31: Cà Chua Thường | B31: Kg | C31: 175 | D31: 10000 | E31: =C31*D31 -> 1750000
A32: Cà Chua Thường | B32: Vỉ | C32: 0 | E32: =C32*D32 -> 0
A33: Cà Chua Thường Trung | B33: Túi | C33: 135 | D33: 6000 | E33: =C33*D33 -> 810000
A34: Cà Rốt | B34: Kg | C34: 305 | D34: 9500 | E34: =C34*D34 -> 2897500
A35: Cà Rốt | B35: Túi | C35: 0 | E35: =C35*D35 -> 0
A36: Cà Rốt Baby | B36: Kg | C36: 0 | E36: =C36*D36 -> 0
A37: Cà Rốt Baby | B37: Vỉ | C37: 0 | E37: =C37*D37 -> 0
A38: Cà Tím | B38: Kg | C38: 0 | E38: =C38*D38 -> 0
A39: Cà Tím | B39: Cặp | C39: 0 | E39: =C39*D39 -> 0
A40: Cải Bó Xôi | B40: Kg | C40: 25 | D40: 15000 | E40: =C40*D40 -> 375000
A41: Cải Bó Xôi | B41: Túi | C41: 0 | E41: =C41*D41 -> 0
A42: Cải Cầu Vồng | B42: Kg | C42: 0 | E42: =C42*D42 -> 0
A43: Cải Cầu Vồng | B43: Túi | C43: 0 | E43: =C43*D43 -> 0
A44: Cải Kale | B44: Kg | C44: 0 | E44: =C44*D44 -> 0
A45: Cải Kale | B45: Túi | C45: 17 | D45: 4300 | E45: =C45*D45 -> 73100
A46: Cải Thảo | B46: Kg | C46: 1130 | D46: 5500 | E46: =C46*D46 -> 6215000
A47: Cần Tây | B47: Cây | C47: 0 | E47: =C47*D47 -> 0
A48: Cần Tây | B48: Kg | C48: 0 | E48: =C48*D48 -> 0
A49: Chuối Laba | B49: Kg | C49: 0 | E49: =C49*D49 -> 0
A50: Củ Cải Đỏ | B50: Hộp | C50: 20 | D50: 11000 | E50: =C50*D50 -> 220000
A51: Củ Cải Đỏ | B51: Kg | C51: 0 | E51: =C51*D51 -> 0
A52: Củ Cải Trắng | B52: Kg | C52: 0 | E52: =C52*D52 -> 0
A53: Củ Dền | B53: Kg | C53: 50 | D53: 11000 | E53: =C53*D53 -> 550000
A54: Củ Dền | B54: Túi | C54: 0 | E54: =C54*D54 -> 0
A55: Củ Gừng | B55: Kg | C55: 12 | D55: 17000 | E55: =C55*D55 -> 204000
A56: Củ Hành Tây | B56: Kg | C56: 230 | D56: 10000 | E56: =C56*D56 -> 2300000
A57: Củ Hành Tây | B57: Túi 300gr | C57: 0 | E57: =C57*D57 -> 0
A58: Củ Hành Tây Tím | B58: Kg | C58: 0 | E58: =C58*D58 -> 0
A59: Củ Hành Tây Trung | B59: Túi | C59: 266 | D59: 2400 | E59: =C59*D59 -> 638400
A60: Củ Khoai Lang Mật Size 23 | B60: Kg | C60: 1160 | D60: 28000 | E60: =C60*D60 -> 32480000
A61: Củ Khoai Lang Mật Size 46 | B61: Kg | C61: 1875 | D61: 27000 | E61: =C61*D61 -> 50625000
A62: Củ Khoai Lang Mật Size 46 | B62: Túi | C62: 0 | E62: =C62*D62 -> 0
A63: Củ Khoai Lang Mật Size 78 | B63: Kg | C63: 175 | D63: 23000 | E63: =C63*D63 -> 4025000
A64: Củ Khoai Lang Nhật | B64: Kg | C64: 440 | D64: 15500 | E64: =C64*D64 -> 6820000
A65: Củ Khoai Mỡ | B65: Kg | C65: 57 | D65: 23000 | E65: =C65*D65 -> 1311000
A66: Củ Khoai Sâm | B66: Kg | C66: 0 | E66: =C66*D66 -> 0
A67: Củ Khoai Tây Bi Vàng | B67: Kg | C67: 0 | E67: =C67*D67 -> 0
A68: Củ Khoai Tây Bi Vàng | B68: Túi | C68: 0 | E68: =C68*D68 -> 0
A69: Củ Khoai Tây Hồng | B69: Kg | C69: 60 | D69: 30000 | E69: =C69*D69 -> 1800000
A70: Củ Khoai Tây Vàng | B70: Kg | C70: 366 | D70: 18000 | E70: =C70*D70 -> 6588000
A71: Củ Khoai Tây Vàng | B71: Túi | C71: 0 | E71: =C71*D71 -> 0
A72: Củ Khoai Tây Vàng Trung | B72: Túi | C72: 50 | D72: 8000 | E72: =C72*D72 -> 400000
A73: Củ Kiệu | B73: Kg | C73: 0 | E73: =C73*D73 -> 0
A74: Củ Su Hào | B74: Kg | C74: 50 | D74: 11000 | E74: =C74*D74 -> 550000
A75: Đậu Cove Nhật | B75: Túi | C75: 12 | D75: 6000 | E75: =C75*D75 -> 72000
A76: Đậu Cove Trắng | B76: Kg | C76: 0 | E76: =C76*D76 -> 0
A77: Đậu Cove Trắng | B77: Túi 500gr | C77: 11 | D77: 9000 | E77: =C77*D77 -> 99000
A78: Đậu Đỏ | B78: Kg | C78: 0 | E78: =C78*D78 -> 0
A79: Đậu Hà Lan Trái | B79: Kg | C79: 0 | E79: =C79*D79 -> 0
A80: Đậu Ngự | B80: Kg | C80: 0 | E80: =C80*D80 -> 0
A81: Đậu Trắng | B81: Kg | C81: 0 | E81: =C81*D81 -> 0
A82: Dưa Leo Baby | B82: Kg | C82: 0 | E82: =C82*D82 -> 0
A83: Dưa Leo Baby | B83: Vỉ | C83: 700 | D83: 6000 | E83: =C83*D83 -> 4200000
A84: Dưa Leo Nhật | B84: Kg | C84: 9 | D84: 14000 | E84: =C84*D84 -> 126000
A85: Dưa Leo Thường | B85: Kg | C85: 28 | D85: 8000 | E85: =C85*D85 -> 224000
A86: Hành Paro | B86: Cây | C86: 0 | E86: =C86*D86 -> 0
A87: Hành Paro | B87: Kg | C87: 0 | E87: =C87*D87 -> 0
A88: Hạt Dẻ Ngố | B88: Kg | C88: 2400 | D88: 27600 | E88: =C88*D88 -> 66240000
A89: Lá Mè | B89: Túi | C89: 0 | E89: =C89*D89 -> 0
A90: Lá Nha Đam | B90: Kg | C90: 12 | D90: 14000 | E90: =C90*D90 -> 168000
A91: Ớt Chuông Ba Màu | B91: Vỉ | C91: 0 | E91: =C91*D91 -> 0
A92: Ớt Chuông Baby | B92: Hộp | C92: 0 | E92: =C92*D92 -> 0
A93: Ớt Chuông Baby | B93: Kg | C93: 16 | D93: 35000 | E93: =C93*D93 -> 560000
A94: Ớt Chuông Đỏ | B94: Kg | C94: 243 | D94: 28000 | E94: =C94*D94 -> 6804000
A95: Ớt Chuông Đỏ | B95: Trái | C95: 0 | E95: =C95*D95 -> 0
A96: Ớt Chuông Đỏ Trung | B96: Kg | C96: 15 | D96: 23000 | E96: =C96*D96 -> 345000
A97: Ớt Chuông Vàng | B97: Kg | C97: 140 | D97: 22000 | E97: =C97*D97 -> 3080000
A98: Ớt Chuông Vàng | B98: Trái | C98: 0 | E98: =C98*D98 -> 0
A99: Ớt Chuông Vàng Trung | B99: Kg | C99: 15 | D99: 17000 | E99: =C99*D99 -> 255000
A100: Ớt Chuông Xanh | B100: Kg | C100: 72 | D100: 34000 | E100: =C100*D100 -> 2448000
...

Sheet 15.1
A1: hàng tồn cuối ngày 15/1 vr
A2: Tên Sản phẩm | B2: ĐVT | C2: tồn | D2: giá | E2: thành tiền
A3: Cà Rốt | B3: Kg | C3: 380 | D3: 9500 | E3: =C3*D3 -> 3610000
A4: Cà Rốt | B4: Túi | C4: 0 | E4: =C4*D4 -> 0
A5: Cà Rốt Baby | B5: Vỉ | C5: 0 | E5: =C5*D5 -> 0
A6: Củ Cải Đỏ | B6: Hộp | C6: 6 | D6: 11000 | E6: =C6*D6 -> 66000
A7: Củ Cải Đỏ | B7: Kg | C7: 0 | E7: =C7*D7 -> 0
A8: Củ Dền | B8: Kg | C8: 30 | D8: 11000 | E8: =C8*D8 -> 330000
A9: Củ Dền | B9: Túi | C9: 0 | E9: =C9*D9 -> 0
A10: Củ Hành Tây | B10: Kg | C10: 200 | D10: 10000 | E10: =C10*D10 -> 2000000
A11: Củ Hành Tây | B11: Túi 300gr | C11: 0 | E11: =C11*D11 -> 0
A12: Củ Hành Tây Trung | B12: Túi | C12: 230 | D12: 2400 | E12: =C12*D12 -> 552000
A13: Củ Khoai Lang Mật Size 46 | B13: Kg | C13: 1737 | D13: 27000 | E13: =C13*D13 -> 46899000
A14: Củ Khoai Lang Mật Size 46 | B14: Túi | C14: 0 | E14: =C14*D14 -> 0
A15: Củ Khoai Lang Nhật | B15: Kg | C15: 415 | D15: 15500 | E15: =C15*D15 -> 6432500
A16: Củ Khoai Tây Vàng | B16: Kg | C16: 160 | D16: 18000 | E16: =C16*D16 -> 2880000
A17: Củ Khoai Tây Vàng | B17: Túi | C17: 0 | E17: =C17*D17 -> 0
A18: Bông Cải Xanh Baby | B18: Vỉ | C18: 5 | D18: 7000 | E18: =C18*D18 -> 35000
A19: Bắp Cải Trắng | B19: Kg | C19: 457 | D19: 5000 | E19: =C19*D19 -> 2285000
A20: Cải Bó Xôi | B20: Kg | C20: 12 | D20: 15000 | E20: =C20*D20 -> 180000
A21: Cải Bó Xôi | B21: Túi | C21: 0 | E21: =C21*D21 -> 0
A22: Cải Kale | B22: Túi | C22: 8 | D22: 4300 | E22: =C22*D22 -> 34400
A23: Cải Thảo | B23: Kg | C23: 1190 | D23: 5000 | E23: =C23*D23 -> 5950000
A24: Cần Tây | B24: Cây | C24: 0 | E24: =C24*D24 -> 0
A25: Cần Tây | B25: Kg | C25: 79 | D25: 9000 | E25: =C25*D25 -> 711000
A26: Xà Lách Lolo Xanh T.C | B26: Kg | C26: 0 | E26: =C26*D26 -> 0
A27: Bí Đỏ Tròn | B27: Kg | C27: 46 | D27: 12000 | E27: =C27*D27 -> 552000
A28: Bí Ngòi Xanh | B28: Kg | C28: 420 | D28: 8500 | E28: =C28*D28 -> 3570000
A29: Bí Ngòi Xanh | B29: Trái | C29: 0 | E29: =C29*D29 -> 0
A30: Bí Non Nhật | B30: Kg | C30: 42 | D30: 14000 | E30: =C30*D30 -> 588000
A31: Bí Non Nhật | B31: Trái | C31: 0 | E31: =C31*D31 -> 0
A32: Cà Chua Beef | B32: Kg | C32: 460 | D32: 19000 | E32: =C32*D32 -> 8740000
A33: Cà Chua Beef | B33: Vỉ 650gr | C33: 0 | E33: =C33*D33 -> 0
A34: Cà Chua Thường | B34: Kg | C34: 430 | D34: 11000 | E34: =C34*D34 -> 4730000
A35: Cà Chua Thường | B35: Vỉ | C35: 0 | E35: =C35*D35 -> 0
A36: Cà Chua Thường Trung | B36: Túi | C36: 90 | D36: 6000 | E36: =C36*D36 -> 540000
A37: Dưa Leo Baby | B37: Kg | C37: 0 | E37: =C37*D37 -> 0
A38: Dưa Leo Baby | B38: Vỉ | C38: 539 | D38: 6000 | E38: =C38*D38 -> 3234000
A39: Dưa Leo Thường | B39: Kg | C39: 7 | D39: 8000 | E39: =C39*D39 -> 56000
A40: Ớt Chuông Đỏ | B40: Kg | C40: 125 | D40: 28000 | E40: =C40*D40 -> 3500000
A41: Ớt Chuông Đỏ | B41: Trái | C41: 0 | E41: =C41*D41 -> 0
A42: Ớt Chuông Vàng | B42: Kg | C42: 145 | D42: 22000 | E42: =C42*D42 -> 3190000
A43: Ớt Chuông Vàng | B43: Trái | C43: 0 | E43: =C43*D43 -> 0
A44: Ớt Chuông Xanh | B44: Kg | C44: 25 | D44: 34000 | E44: =C44*D44 -> 850000
A45: Ớt Chuông Xanh | B45: Trái | C45: 0 | E45: =C45*D45 -> 0
A46: Ớt Chuông Ba Màu | B46: Vỉ | C46: 0 | E46: =C46*D46 -> 0
A47: Củ Khoai Lang Mật Size 23 | B47: Kg | C47: 910 | D47: 28000 | E47: =C47*D47 -> 25480000
A48: Cà Chua Bi Đỏ | B48: Kg | C48: 10 | D48: 21000 | E48: =C48*D48 -> 210000
A49: Cà Chua Bi Đỏ | B49: Hộp 300gr | C49: 55 | D49: 6300 | E49: =C49*D49 -> 346500
A50: Hạt Dẻ Ngố | B50: Kg | C50: 2390 | D50: 27600 | E50: =C50*D50 -> 65964000
A51: Bắp Cải Tím | B51: Kg | C51: 7 | D51: 12000 | E51: =C51*D51 -> 84000
A52: Bắp Cải Trái Tim | B52: Kg | C52: 89 | D52: 6000 | E52: =C52*D52 -> 534000
A53: Bông Cải Trắng | B53: Kg | C53: 13 | D53: 12000 | E53: =C53*D53 -> 156000
A54: Bông Cải Xanh 10Cm | B54: Kg | C54: 93 | D54: 12000 | E54: =C54*D54 -> 1116000
A55: Cà Chua Beef Trung | B55: Kg | C55: 0 | E55: =C55*D55 -> 0
A56: Cà Chua Beef Trung | B56: Vỉ 500gr | C56: 0 | E56: =C56*D56 -> 0
A57: Cà Chua Bi Mix | B57: Hộp | C57: 16 | D57: 11100 | E57: =C57*D57 -> 177600
A58: Cà Chua Socola | B58: Kg | C58: 0 | E58: =C58*D58 -> 0
A59: Cà Chua Socola | B59: Hộp 300gr | C59: 72 | D59: 8400 | E59: =C59*D59 -> 604800
A60: Cà Chua Socola | B60: Hộp 250GR | C60: 176 | D60: 7000 | E60: =C60*D60 -> 1232000
A61: Cà Tím | B61: Kg | C61: 50 | D61: 17000 | E61: =C61*D61 -> 850000
A62: Cà Tím | B62: Cặp | C62: 0 | E62: =C62*D62 -> 0
A63: Cải Cầu Vồng | B63: Túi | C63: 11 | D63: 6000 | E63: =C63*D63 -> 66000
A64: Củ Khoai Mỡ | B64: Kg | C64: 26 | D64: 23000 | E64: =C64*D64 -> 598000
A65: Chuối Laba | B65: Kg | C65: 12 | D65: 14000 | E65: =C65*D65 -> 168000
A66: Củ Cải Trắng | B66: Kg | C66: 15 | D66: 6000 | E66: =C66*D66 -> 90000
A67: Củ Gừng | B67: Kg | C67: 8 | D67: 17000 | E67: =C67*D67 -> 136000
A68: Củ Su Hào | B68: Kg | C68: 55 | D68: 11000 | E68: =C68*D68 -> 605000
A69: Đậu Cove Nhật | B69: Túi | C69: 10 | D69: 6000 | E69: =C69*D69 -> 60000
A70: Đậu Cove Trắng | B70: Kg | C70: 20 | D70: 23000 | E70: =C70*D70 -> 460000
A71: Đậu Cove Trắng | B71: Túi 500gr | C71: 83 | D71: 11500 | E71: =C71*D71 -> 954500
A72: Hành Paro | B72: Cây | C72: 0 | E72: =C72*D72 -> 0
A73: Trái Khổ Qua | B73: Kg | C73: 32 | D73: 30000 | E73: =C73*D73 -> 960000
A74: Lá Mè | B74: Túi | C74: 0 | E74: =C74*D74 -> 0
A75: Lá Nha Đam | B75: Kg | C75: 0 | E75: =C75*D75 -> 0
A76: Ớt Chuông Baby | B76: Hộp | C76: 0 | E76: =C76*D76 -> 0
A77: Ớt Chuông Baby | B77: Kg | C77: 13 | D77: 35000 | E77: =C77*D77 -> 455000
A78: Ớt Sweet Palemo | B78: Kg | C78: 15 | D78: 50000 | E78: =C78*D78 -> 750000
A79: Ớt Sweet Palemo | B79: Túi | C79: 35 | D79: 18000 | E79: =C79*D79 -> 630000
A80: Trái Su Su | B80: Kg | C80: 219 | D80: 10000 | E80: =C80*D80 -> 2190000
A81: Trái Bưởi Diễn | B81: Trái | C81: 228 | D81: 8000 | E81: =C81*D81 -> 1824000
A82: Trái Cam Canh | B82: Kg | C82: 4043 | D82: 31000 | E82: =C82*D82 -> 125333000
A83: Xà Lách Mỡ T.C | B83: Kg | C83: 20 | D83: 26000 | E83: =C83*D83 -> 520000
A84: Xà Lách Thủy Tinh T.C | B84: Kg | C84: 0 | E84: =C84*D84 -> 0
A85: Củ Kiệu | B85: Kg | C85: 0 | E85: =C85*D85 -> 0
A86: Bông Cải Xanh 7Cm | B86: Kg | C86: 0 | E86: =C86*D86 -> 0
A87: Bí Đỏ Hồ Lô | B87: Kg | C87: 0 | E87: =C87*D87 -> 0
A88: Rau Bầu Đất | B88: Túi | C88: 0 | E88: =C88*D88 -> 0
A89: Xà Lách Lolo Xanh T.C Cây | B89: Cây | C89: 0 | E89: =C89*D89 -> 0
A90: Xà Lách Thủy Tinh T.C Cây | B90: Cây | C90: 0 | E90: =C90*D90 -> 0
A91: Xà Lách Mỡ T.C Cây | B91: Cây | C91: 0 | E91: =C91*D91 -> 0
A92: Củ Khoai Tây Vàng Trung | B92: Túi | C92: 100 | D92: 8000 | E92: =C92*D92 -> 800000
A93: Rau Mầm | B93: Kg | C93: 0 | E93: =C93*D93 -> 0
A94: Xà Lách Lolo Xanh Sushi | B94: Kg | C94: 0 | E94: =C94*D94 -> 0
A95: Bông Cải Xanh 12Cm | B95: Kg | C95: 0 | E95: =C95*D95 -> 0
A96: Xà Lách Lolo Xanh | B96: Kg | C96: 10 | D96: 13000 | E96: =C96*D96 -> 130000
A97: Dưa Leo Nhật | B97: Kg | C97: 4 | D97: 16000 | E97: =C97*D97 -> 64000
A98: Ớt Chuông Vàng Trung | B98: Túi | C98: 20 | D98: 17000 | E98: =C98*D98 -> 340000
A99: Củ Cải Muối | B99: Kg | C99: 2 | D99: 16000 | E99: =C99*D99 -> 32000
A100: Củ Hành Tây Tím | B100: Kg | C100: 15 | D100: 20000 | E100: =C100*D100 -> 300000
...

Sheet 16.1
A1: Tên Sản phẩm VR | B1: ĐVT | C1: Tồn ĐL 現在個 | D1: Gía nhập | E1: Thành tiền
A2: Bắp Cải Tím | B2: Kg | C2: 23 | D2: 10000 | E2: =+D2*C2 -> 230000
A3: Bắp Cải Trái Tim | B3: Kg | C3: 0
A4: Bắp Cải Trắng | B4: Kg | C4: 505 | D4: 5500 | E4: =+D4*C4 -> 2777500
A5: Bí Đao Xanh | B5: Kg | C5: 0
A6: Bí Đỏ Hồ Lô | B6: Kg | C6: 0
A7: Bí Đỏ Tròn | B7: Kg | C7: 1825 | D7: 8000 | E7: =+D7*C7 -> 14600000
A8: Bí Ngòi Vàng | B8: Kg | C8: 0
A9: Bí Ngòi Xanh | B9: Kg | C9: 239 | D9: 8500 | E9: =+D9*C9 -> 2031500
A10: Bí Ngòi Xanh | B10: Trái | C10: 0
A11: Bí Non Nhật | B11: Kg | C11: 67 | D11: 10000 | E11: =+D11*C11 -> 670000
A12: Bí Non Nhật | B12: Trái | C12: 0
A13: Bơ 034 L1 | B13: Kg | C13: 0
A14: Bơ Booth | B14: Kg | C14: 0
A15: Bông Cải Trắng | B15: Kg | C15: 0
A16: Bông Cải Xanh 10Cm | B16: Kg | C16: 0
A17: Bông Cải Xanh 12Cm | B17: Kg | C17: 10 | D17: 10000 | E17: =+D17*C17 -> 100000
A18: Bông Cải Xanh 7Cm | B18: Kg | C18: 37 | D18: 21000 | E18: =+D18*C18 -> 777000
A19: Bông Cải Xanh Baby | B19: Vỉ | C19: 18 | D19: 7000 | E19: =+D19*C19 -> 126000
A20: Cà Chua Beef | B20: Kg | C20: 335 | D20: 18000 | E20: =+D20*C20 -> 6030000
A21: Cà Chua Beef | B21: Vỉ | C21: 0
A22: Cà Chua Beef | B22: Vỉ 650gr | C22: 70 | D22: 13650 | E22: =+D22*C22 -> 955500
A23: Cà Chua Beef Trung | B23: Kg | C23: 5 | D23: 14000 | E23: =+D23*C23 -> 70000
A24: Cà Chua Beef Trung | B24: Vỉ 500gr | C24: 70 | D24: 8000 | E24: =+D24*C24 -> 560000
A25: Cà Chua Bi Đỏ | B25: Kg | C25: 13 | D25: 21000 | E25: =+D25*C25 -> 273000
A26: Cà Chua Bi Đỏ | B26: Hộp 300gr | C26: 94 | D26: 6300 | E26: =+D26*C26 -> 592200
A27: Cà Chua Bi Mix | B27: Hộp | C27: 18 | D27: 11100 | E27: =+D27*C27 -> 199800
A28: Cà Chua Socola | B28: Kg | C28: 0
A29: Cà Chua Socola | B29: Hộp 300gr | C29: 60 | D29: 9750 | E29: =+D29*C29 -> 585000
A30: Cà Chua Socola | B30: Hộp 250GR | C30: 40 | D30: 7000 | E30: =+D30*C30 -> 280000
A31: Cà Chua Thường | B31: Kg | C31: 290 | D31: 10000 | E31: =+D31*C31 -> 2900000
A32: Cà Chua Thường | B32: Vỉ | C32: 0
A33: Cà Chua Thường Trung | B33: Túi | C33: 90 | D33: 6000 | E33: =+D33*C33 -> 540000
A34: Cà Rốt | B34: Kg | C34: 455 | D34: 8500 | E34: =+D34*C34 -> 3867500
A35: Cà Rốt | B35: Túi | C35: 0
A36: Cà Rốt Baby | B36: Kg | C36: 0
A37: Cà Rốt Baby | B37: Vỉ | C37: 0
A38: Cà Tím | B38: Kg | C38: 84 | D38: 8000 | E38: =+D38*C38 -> 672000
A39: Cà Tím | B39: Cặp | C39: 0
A40: Cải Bó Xôi | B40: Kg | C40: 3 | D40: 26000 | E40: =+D40*C40 -> 78000
A41: Cải Bó Xôi | B41: Túi | C41: 0
A42: Cải Cầu Vồng | B42: Kg | C42: 0
A43: Cải Cầu Vồng | B43: Túi | C43: 10 | D43: 6000 | E43: =+D43*C43 -> 60000
A44: Cải Kale | B44: Túi | C44: 0
A45: Cải Thảo | B45: Kg | C45: 1005 | D45: 5000 | E45: =+D45*C45 -> 5025000
A46: Cải Thảo Hỏa Tiễn | B46: Kg | C46: 0
A47: Cần Tây | B47: Cây | C47: 0
A48: Cần Tây | B48: Kg | C48: 68 | D48: 12000 | E48: =+D48*C48 -> 816000
A49: Chuối Laba | B49: Kg | C49: 22 | D49: 9000 | E49: =+D49*C49 -> 198000
A50: Củ Cải Đỏ | B50: Hộp | C50: 6 | D50: 11000 | E50: =+D50*C50 -> 66000
A51: Củ Cải Đỏ | B51: Kg | C51: 0
A52: Củ Cải Muối | B52: Kg | C52: 2 | D52: 16000 | E52: =+D52*C52 -> 32000
A53: Củ Cải Trắng | B53: Kg | C53: 38 | D53: 6000 | E53: =+D53*C53 -> 228000
A54: Củ Dền | B54: Kg | C54: 30 | D54: 11000 | E54: =+D54*C54 -> 330000
A55: Củ Dền | B55: Túi | C55: 0
A56: Củ Gừng | B56: Kg | C56: 15 | D56: 17000 | E56: =+D56*C56 -> 255000
A57: Củ Hành Tây | B57: Kg | C57: 110 | D57: 9000 | E57: =+D57*C57 -> 990000
A58: Củ Hành Tây | B58: Túi 300gr | C58: 0
A59: Củ Hành Tây Tím | B59: Kg | C59: 15 | D59: 20000 | E59: =+D59*C59 -> 300000
A60: Củ Hành Tây Trung | B60: Túi | C60: 150 | D60: 2400 | E60: =+D60*C60 -> 360000
A61: Củ Khoai Lang Mật Size 23 | B61: Kg | C61: 1280 | D61: 28000 | E61: =+D61*C61 -> 35840000
A62: Củ Khoai Lang Mật Size 46 | B62: Kg | C62: 4500 | D62: 27000 | E62: =+D62*C62 -> 121500000
A63: Củ Khoai Lang Mật Size 46 | B63: Túi | C63: 0
A64: Củ Khoai Lang Nhật | B64: Kg | C64: 280 | D64: 15000 | E64: =+D64*C64 -> 4200000
A65: Củ Khoai Mỡ | B65: Kg | C65: 30 | D65: 23000 | E65: =+D65*C65 -> 690000
A66: Củ Khoai Sâm | B66: Kg | C66: 0
A67: Củ Khoai Tây Bi Vàng | B67: Kg | C67: 0
A68: Củ Khoai Tây Bi Vàng | B68: Túi | C68: 0
A69: Củ Khoai Tây Hồng | B69: Kg | C69: 0
A70: Củ Khoai Tây Vàng | B70: Kg | C70: 190 | D70: 15000 | E70: =+D70*C70 -> 2850000
A71: Củ Khoai Tây Vàng | B71: Túi | C71: 0
A72: Củ Khoai Tây Vàng Trung | B72: Túi | C72: 170 | D72: 16000 | E72: =+D72*C72 -> 2720000
A73: Củ Kiệu | B73: Kg | C73: 0
A74: Củ Su Hào | B74: Kg | C74: 47 | D74: 11000 | E74: =+D74*C74 -> 517000
A75: Đậu Cove Nhật | B75: Túi | C75: 12 | D75: 6000 | E75: =+D75*C75 -> 72000
A76: Đậu Cove Trắng | B76: Kg | C76: 0
A77: Đậu Cove Trắng | B77: Túi 500gr | C77: 40 | D77: 8000 | E77: =+D77*C77 -> 320000
A78: Đậu Đỏ | B78: Kg | C78: 0
A79: Đậu Hà Lan Trái | B79: Kg | C79: 0
A80: Đậu Ngự | B80: Kg | C80: 0
A81: Đậu Trắng | B81: Kg | C81: 0
A82: Đậu Tươi Hỗn Hợp Túi 100gr | B82: Túi | C82: 0
A83: Dưa Leo Baby | B83: Kg | C83: 0
A84: Dưa Leo Baby | B84: Vỉ | C84: 1000 | D84: 5500 | E84: =+D84*C84 -> 5500000
A85: Dưa Leo Nhật | B85: Kg | C85: 4 | D85: 14000 | E85: =+D85*C85 -> 56000
A86: Dưa Leo Thường | B86: Kg | C86: 10 | D86: 10000 | E86: =+D86*C86 -> 100000
A87: Hành Paro | B87: Cây | C87: 0
A88: Hành Paro | B88: Kg | C88: 0
A89: Hạt Dẻ Ngố | B89: Kg | C89: 0
A90: Hồng Giòn Đà Lạt | B90: Kg | C90: 0
A91: Lá Mè | B91: Túi | C91: 63 | D91: 3500 | E91: =+D91*C91 -> 220500
A92: Lá Nha Đam | B92: Kg | C92: 20 | D92: 14000 | E92: =+D92*C92 -> 280000
A93: Ớt Chuông Ba Màu | B93: Vỉ | C93: 0
A94: Ớt Chuông Baby | B94: Hộp | C94: 0
A95: Ớt Chuông Baby | B95: Kg | C95: 12 | D95: 35000 | E95: =+D95*C95 -> 420000
A96: Ớt Chuông Đỏ | B96: Kg | C96: 70 | D96: 30000 | E96: =+D96*C96 -> 2100000
A97: Ớt Chuông Đỏ | B97: Trái | C97: 0
A98: Ớt Chuông Đỏ Trung | B98: Kg | C98: 12 | D98: 25000 | E98: =+D98*C98 -> 300000
A99: Ớt Chuông Vàng | B99: Kg | C99: 15 | D99: 19000 | E99: =+D99*C99 -> 285000
A100: Ớt Chuông Vàng | B100: Trái | C100: 0
...

Sheet 17.1
A1: hàng tồn cuối ngày 17/1 vr
A2: Tên Sản phẩm | B2: ĐVT | C2: tồn | D2: giá | E2: thành tiền
A3: Bắp Cải Tím | B3: Kg | C3: 10 | D3: 10000 | E3: =C3*D3 -> 100000
A4: Bắp Cải Trái Tim | B4: Kg | C4: 150 | D4: 6000 | E4: =C4*D4 -> 900000 | F4: hùng báo sáng 18/1
A5: Bắp Cải Trắng | B5: Kg | C5: 150 | D5: 5000 | E5: =C5*D5 -> 750000 | F5: hùng báo sáng 18/1
A6: Bí Đỏ Hồ Lô | B6: Kg | C6: 0 | E6: =C6*D6 -> 0
A7: Bí Đỏ Tròn | B7: Kg | C7: 1505 | D7: 8000 | E7: =C7*D7 -> 12040000
A8: Bí Ngòi Vàng | B8: Kg | C8: 2 | D8: 9000 | E8: =C8*D8 -> 18000
A9: Bí Ngòi Xanh | B9: Kg | C9: 225 | D9: 8500 | E9: =C9*D9 -> 1912500
A10: Bí Ngòi Xanh | B10: Trái | C10: 0 | E10: =C10*D10 -> 0
A11: Bí Non Nhật | B11: Kg | C11: 52 | D11: 10000 | E11: =C11*D11 -> 520000
A12: Bí Non Nhật | B12: Trái | C12: 0 | E12: =C12*D12 -> 0
A13: Bơ Booth | B13: Kg | C13: 0 | E13: =C13*D13 -> 0
A14: Bông Cải Trắng | B14: Kg | C14: 16 | D14: 12000 | E14: =C14*D14 -> 192000
A15: Bông Cải Xanh 10Cm | B15: Kg | C15: 10 | D15: 12000 | E15: =C15*D15 -> 120000
A16: Bông Cải Xanh 12Cm | B16: Kg | C16: 25 | D16: 10000 | E16: =C16*D16 -> 250000
A17: Bông Cải Xanh 7Cm | B17: Kg | C17: 43 | D17: 21000 | E17: =C17*D17 -> 903000
A18: Bông Cải Xanh Baby | B18: Vỉ | C18: 9 | D18: 7000 | E18: =C18*D18 -> 63000
A19: Cà Chua Beef | B19: Kg | C19: 265 | D19: 19000 | E19: =C19*D19 -> 5035000
A20: Cà Chua Beef | B20: Vỉ | C20: 0 | E20: =C20*D20 -> 0
A21: Cà Chua Beef | B21: Vỉ 650gr | C21: 0 | E21: =C21*D21 -> 0
A22: Cà Chua Beef Trung | B22: Kg | C22: 15 | D22: 16000 | E22: =C22*D22 -> 240000
A23: Cà Chua Beef Trung | B23: Vỉ 500gr | C23: 45 | D23: 8500 | E23: =C23*D23 -> 382500
A24: Cà Chua Bi Đỏ | B24: Kg | C24: 4 | D24: 21000 | E24: =C24*D24 -> 84000
A25: Cà Chua Bi Đỏ | B25: Hộp 300gr | C25: 70 | D25: 6300 | E25: =C25*D25 -> 441000
A26: Cà Chua Bi Mix | B26: Hộp | C26: 5 | D26: 11100 | E26: =C26*D26 -> 55500
A27: Cà Chua Socola | B27: Kg | C27: 0 | E27: =C27*D27 -> 0
A28: Cà Chua Socola | B28: Hộp 300gr | C28: 141 | D28: 8400 | E28: =C28*D28 -> 1184400
A29: Cà Chua Socola | B29: Hộp 250GR | C29: 28 | D29: 7000 | E29: =C29*D29 -> 196000
A30: Cà Chua Thường | B30: Kg | C30: 0 | E30: =C30*D30 -> 0
A31: Cà Chua Thường | B31: Vỉ | C31: 0 | E31: =C31*D31 -> 0
A32: Cà Chua Thường Trung | B32: Túi | C32: 70 | D32: 6000 | E32: =C32*D32 -> 420000
A33: Cà Rốt | B33: Kg | C33: 120 | D33: 10000 | E33: =C33*D33 -> 1200000
A34: Cà Rốt | B34: Túi | C34: 0 | E34: =C34*D34 -> 0
A35: Cà Rốt Baby | B35: Vỉ | C35: 0 | E35: =C35*D35 -> 0
A36: Cà Tím | B36: Kg | C36: 57 | D36: 8000 | E36: =C36*D36 -> 456000
A37: Cà Tím | B37: Cặp | C37: 0 | E37: =C37*D37 -> 0
A38: Cải Bó Xôi | B38: Kg | C38: 0 | E38: =C38*D38 -> 0
A39: Cải Bó Xôi | B39: Túi | C39: 0 | E39: =C39*D39 -> 0
A40: Cải Cầu Vồng | B40: Túi | C40: 8 | D40: 6000 | E40: =C40*D40 -> 48000
A41: Cải Kale | B41: Túi | C41: 8 | D41: 4300 | E41: =C41*D41 -> 34400
A42: Cải Thảo | B42: Kg | C42: 2380 | D42: 5000 | E42: =C42*D42 -> 11900000
A43: Cải Thảo Hỏa Tiễn | B43: Kg | C43: 5 | D43: 14000 | E43: =C43*D43 -> 70000
A44: Cần Tây | B44: Cây | C44: 0 | E44: =C44*D44 -> 0
A45: Cần Tây | B45: Kg | C45: 12 | D45: 9000 | E45: =C45*D45 -> 108000
A46: Chuối Laba | B46: Kg | C46: 0 | E46: =C46*D46 -> 0
A47: Củ Cải Đỏ | B47: Hộp | C47: 5 | D47: 11000 | E47: =C47*D47 -> 55000
A48: Củ Cải Muối | B48: Kg | C48: 2 | D48: 16000 | E48: =C48*D48 -> 32000
A49: Củ Cải Trắng | B49: Kg | C49: 25 | D49: 6000 | E49: =C49*D49 -> 150000
A50: Củ Dền | B50: Kg | C50: 0 | E50: =C50*D50 -> 0
A51: Củ Dền | B51: Túi | C51: 0 | E51: =C51*D51 -> 0
A52: Củ Gừng | B52: Kg | C52: 0 | E52: =C52*D52 -> 0
A53: Củ Hành Tây | B53: Kg | C53: 125 | D53: 10000 | E53: =C53*D53 -> 1250000
A54: Củ Hành Tây | B54: Túi 300gr | C54: 0 | E54: =C54*D54 -> 0
A55: Củ Hành Tây Trung | B55: Túi | C55: 110 | D55: 2400 | E55: =C55*D55 -> 264000
A56: Củ Khoai Lang Mật Size 23 | B56: Kg | C56: 1050 | D56: 28000 | E56: =C56*D56 -> 29400000
A57: Củ Khoai Lang Mật Size 46 | B57: Kg | C57: 4460 | D57: 27000 | E57: =C57*D57 -> 120420000
A58: Củ Khoai Lang Mật Size XÔ | B58: Kg | C58: 800 | D58: 27000 | E58: =C58*D58 -> 21600000
A59: Củ Khoai Lang Nhật | B59: Kg | C59: 220 | D59: 15500 | E59: =C59*D59 -> 3410000
A60: Củ Khoai Mỡ | B60: Kg | C60: 0 | E60: =C60*D60 -> 0
A61: Củ Khoai Sâm | B61: Kg | C61: 0 | E61: =C61*D61 -> 0
A62: Củ Khoai Tây Bi Vàng | B62: Túi | C62: 0 | E62: =C62*D62 -> 0
A63: Củ Khoai Tây Vàng | B63: Kg | C63: 20 | D63: 18000 | E63: =C63*D63 -> 360000
A64: Củ Khoai Tây Vàng | B64: Túi | C64: 0 | E64: =C64*D64 -> 0
A65: Củ Khoai Tây Vàng Trung | B65: Túi | C65: 166 | D65: 8000 | E65: =C65*D65 -> 1328000
A66: Củ Kiệu | B66: Kg | C66: 0 | E66: =C66*D66 -> 0
A67: Củ Su Hào | B67: Kg | C67: 30 | D67: 11000 | E67: =C67*D67 -> 330000
A68: Đậu Cove Nhật | B68: Túi | C68: 20 | D68: 6000 | E68: =C68*D68 -> 120000
A69: Đậu Cove Trắng | B69: Kg | C69: 0 | E69: =C69*D69 -> 0
A70: Đậu Cove Trắng | B70: Túi 500gr | C70: 36 | D70: 11000 | E70: =C70*D70 -> 396000
A71: Đậu Đỏ | B71: Kg | C71: 1 | D71: 80000 | E71: =C71*D71 -> 80000
A72: Đậu Ngự | B72: Kg | C72: 1.5 | D72: 70000 | E72: =C72*D72 -> 105000
A73: Đậu Trắng | B73: Kg | C73: 1.5 | D73: 70000 | E73: =C73*D73 -> 105000
A74: Dưa Leo Baby | B74: Kg | C74: 0 | E74: =C74*D74 -> 0
A75: Dưa Leo Baby | B75: Vỉ | C75: 1096 | D75: 6000 | E75: =C75*D75 -> 6576000
A76: Dưa Leo Nhật | B76: Kg | C76: 7 | D76: 14000 | E76: =C76*D76 -> 98000
A77: Dưa Leo Thường | B77: Kg | C77: 4 | D77: 16000 | E77: =C77*D77 -> 64000
A78: Hành Paro | B78: Cây | C78: 0 | E78: =C78*D78 -> 0
A79: Hành Paro | B79: Kg | C79: 34 | D79: 14000 | E79: =C79*D79 -> 476000
A80: Hạt Dẻ Ngố | B80: Kg | C80: 2340 | D80: 27600 | E80: =C80*D80 -> 64584000
A81: Hồng Treo Gió | B81: Hộp | C81: 0 | E81: =C81*D81 -> 0
A82: Lá Mè | B82: Túi | C82: 44 | D82: 3500 | E82: =C82*D82 -> 154000 | F82: hùng báo sáng 18/1
A83: Lá Nha Đam | B83: Kg | C83: 13 | D83: 14000 | E83: =C83*D83 -> 182000
A84: Ớt Chuông Ba Màu | B84: Vỉ | C84: 0 | E84: =C84*D84 -> 0
A85: Ớt Chuông Baby | B85: Hộp | C85: 0 | E85: =C85*D85 -> 0
A86: Ớt Chuông Baby | B86: Kg | C86: 3 | D86: 35000 | E86: =C86*D86 -> 105000
A87: Ớt Chuông Đỏ | B87: Kg | C87: 45 | D87: 32000 | E87: =C87*D87 -> 1440000
A88: Ớt Chuông Đỏ | B88: Trái | C88: 0 | E88: =C88*D88 -> 0
A89: Ớt Chuông Đỏ Trung | B89: Kg | C89: 29 | D89: 27000 | E89: =C89*D89 -> 783000
A90: Ớt Chuông Vàng | B90: Kg | C90: 135 | D90: 24000 | E90: =C90*D90 -> 3240000
A91: Ớt Chuông Vàng | B91: Trái | C91: 0 | E91: =C91*D91 -> 0
A92: Ớt Chuông Vàng Trung | B92: Kg | C92: 23 | D92: 19000 | E92: =C92*D92 -> 437000
A93: Ớt Chuông Xanh | B93: Kg | C93: 22 | D93: 30000 | E93: =C93*D93 -> 660000
A94: Ớt Chuông Xanh | B94: Trái | C94: 0 | E94: =C94*D94 -> 0
A95: Ớt Sweet Palemo | B95: Kg | C95: 30 | D95: 50000 | E95: =C95*D95 -> 1500000
A96: Ớt Sweet Palemo | B96: Túi | C96: 10 | D96: 18000 | E96: =C96*D96 -> 180000
A97: Rau Bầu Đất | B97: Túi | C97: 0 | E97: =C97*D97 -> 0
A98: Trái Bưởi Diễn | B98: Trái | C98: 2332 | D98: 8000 | E98: =C98*D98 -> 18656000
A99: Trái Bưởi Đường | B99: Trái | C99: 805 | D99: 11361 | E99: =C99*D99 -> 9145605
A100: Trái Bưởi Tiến Vua | B100: Trái | C100: 22 | D100: 90000 | E100: =C100*D100 -> 1980000
...

Sheet 18.1
A1: hàng tồn cuối ngày 18/1 vr
A2: Tên Sản phẩm VR | B2: ĐVT | C2: tồn | D2: giá | E2: thành tiền
A3: Bắp Cải Tím | B3: Kg | C3: 24 | D3: 10000 | E3: =C3*D3 -> 240000
A4: Bắp Cải Trái Tim | B4: Kg | C4: 624 | D4: 6000 | E4: =C4*D4 -> 3744000
A5: Bắp Cải Trắng | B5: Kg | C5: 255 | D5: 5500 | E5: =C5*D5 -> 1402500
A6: Bí Đỏ Hồ Lô | B6: Kg | C6: 0 | E6: =C6*D6 -> 0
A7: Bí Đỏ Tròn | B7: Kg | C7: 1235 | D7: 8000 | E7: =C7*D7 -> 9880000
A8: Bí Ngòi Vàng | B8: Kg | C8: 2 | D8: 9000 | E8: =C8*D8 -> 18000
A9: Bí Ngòi Xanh | B9: Kg | C9: 154 | D9: 8500 | E9: =C9*D9 -> 1309000
A10: Bí Ngòi Xanh | B10: Trái | C10: 0 | E10: =C10*D10 -> 0
A11: Bí Non Nhật | B11: Kg | C11: 65 | D11: 14000 | E11: =C11*D11 -> 910000
A12: Bí Non Nhật | B12: Trái | C12: 0 | E12: =C12*D12 -> 0
A13: Bơ Booth | B13: Kg | C13: 0 | E13: =C13*D13 -> 0
A14: Bông Cải Trắng | B14: Kg | C14: 0 | E14: =C14*D14 -> 0
A15: Bông Cải Xanh 10Cm | B15: Kg | C15: 35 | D15: 12000 | E15: =C15*D15 -> 420000
A16: Bông Cải Xanh 12Cm | B16: Kg | C16: 0 | E16: =C16*D16 -> 0
A17: Bông Cải Xanh 7Cm | B17: Kg | C17: 40 | D17: 21000 | E17: =C17*D17 -> 840000
A18: Bông Cải Xanh Baby | B18: Vỉ | C18: 10 | D18: 7000 | E18: =C18*D18 -> 70000
A19: Cà Chua Beef | B19: Kg | C19: 195 | D19: 19000 | E19: =C19*D19 -> 3705000
A20: Cà Chua Beef | B20: Vỉ | C20: 0 | E20: =C20*D20 -> 0
A21: Cà Chua Beef | B21: Vỉ 650gr | C21: 0 | E21: =C21*D21 -> 0
A22: Cà Chua Beef Trung | B22: Kg | C22: 20 | D22: 14000 | E22: =C22*D22 -> 280000
A23: Cà Chua Beef Trung | B23: Vỉ 500gr | C23: 33 | D23: 8000 | E23: =C23*D23 -> 264000
A24: Cà Chua Bi Đỏ | B24: Kg | C24: 0 | E24: =C24*D24 -> 0
A25: Cà Chua Bi Đỏ | B25: Hộp 300gr | C25: 89 | D25: 6300 | E25: =C25*D25 -> 560700
A26: Cà Chua Bi Mix | B26: Hộp | C26: 10 | D26: 11100 | E26: =C26*D26 -> 111000
A27: Cà Chua Socola | B27: Kg | C27: 0 | E27: =C27*D27 -> 0
A28: Cà Chua Socola | B28: Hộp 250GR | C28: 60 | D28: 7000 | E28: =C28*D28 -> 420000
A29: Cà Chua Thường | B29: Kg | C29: 470 | D29: 10000 | E29: =C29*D29 -> 4700000
A30: Cà Chua Thường | B30: Vỉ | C30: 0 | E30: =C30*D30 -> 0
A31: Cà Chua Thường Trung | B31: Túi | C31: 130 | D31: 6000 | E31: =C31*D31 -> 780000
A32: Cà Rốt | B32: Kg | C32: 143 | D32: 8500 | E32: =C32*D32 -> 1215500
A33: Cà Rốt | B33: Túi | C33: 0 | E33: =C33*D33 -> 0
A34: Cà Rốt Baby | B34: Vỉ | C34: 16 | D34: 7000 | E34: =C34*D34 -> 112000
A35: Cà Tím | B35: Kg | C35: 89 | D35: 8000 | E35: =C35*D35 -> 712000
A36: Cà Tím | B36: Cặp | C36: 0 | E36: =C36*D36 -> 0
A37: Cải Bó Xôi | B37: Kg | C37: 0 | E37: =C37*D37 -> 0
A38: Cải Bó Xôi | B38: Túi | C38: 0 | E38: =C38*D38 -> 0
A39: Cải Cầu Vồng | B39: Túi | C39: 6 | D39: 6000 | E39: =C39*D39 -> 36000
A40: Cải Kale | B40: Túi | C40: 15 | D40: 4300 | E40: =C40*D40 -> 64500
A41: Cải Thảo | B41: Kg | C41: 4068 | D41: 5500 | E41: =C41*D41 -> 22374000
A42: Cần Tây | B42: Cây | C42: 0 | E42: =C42*D42 -> 0
A43: Cần Tây | B43: Kg | C43: 0 | E43: =C43*D43 -> 0
A44: Chanh Dây Tím | B44: Kg | C44: 19 | D44: 27000 | E44: =C44*D44 -> 513000
A45: Chuối Laba | B45: Kg | C45: 13 | D45: 14000 | E45: =C45*D45 -> 182000
A46: Củ Cải Đỏ | B46: Hộp | C46: 12 | D46: 11000 | E46: =C46*D46 -> 132000
A47: Củ Cải Muối | B47: Kg | C47: 3 | D47: 16000 | E47: =C47*D47 -> 48000
A48: Củ Cải Trắng | B48: Kg | C48: 60 | D48: 6000 | E48: =C48*D48 -> 360000
A49: Củ Dền | B49: Kg | C49: 49 | D49: 11000 | E49: =C49*D49 -> 539000
A50: Củ Dền | B50: Túi | C50: 0 | E50: =C50*D50 -> 0
A51: Củ Gừng | B51: Kg | C51: 17 | D51: 17000 | E51: =C51*D51 -> 289000
A52: Củ Hành Tây | B52: Kg | C52: 216 | D52: 9000 | E52: =C52*D52 -> 1944000
A53: Củ Hành Tây | B53: Túi 300gr | C53: 0 | E53: =C53*D53 -> 0
A54: Củ Hành Tây Tím | B54: Kg | C54: 15 | D54: 20000 | E54: =C54*D54 -> 300000
A55: Củ Hành Tây Trung | B55: Túi | C55: 210 | D55: 2400 | E55: =C55*D55 -> 504000
A56: Củ Khoai Lang Mật Size 23 | B56: Kg | C56: 1025 | D56: 28000 | E56: =C56*D56 -> 28700000
A57: Củ Khoai Lang Mật Size 46 | B57: Kg | C57: 3725 | D57: 27000 | E57: =C57*D57 -> 100575000
A58: Củ Khoai Lang Mật Xô | B58: Kg | C58: 800 | D58: 27000 | E58: =C58*D58 -> 21600000
A59: Củ Khoai Lang Nhật | B59: Kg | C59: 296 | D59: 15500 | E59: =C59*D59 -> 4588000
A60: Củ Khoai Mỡ | B60: Kg | C60: 5 | D60: 23000 | E60: =C60*D60 -> 115000
A61: Củ Khoai Sâm | B61: Kg | C61: 0 | E61: =C61*D61 -> 0
A62: Củ Khoai Tây Bi Vàng | B62: Túi | C62: 0 | E62: =C62*D62 -> 0
A63: Củ Khoai Tây Vàng | B63: Kg | C63: 1190 | D63: 15000 | E63: =C63*D63 -> 17850000
A64: Củ Khoai Tây Vàng | B64: Túi | C64: 0 | E64: =C64*D64 -> 0
A65: Củ Khoai Tây Vàng Trung | B65: Túi | C65: 110 | D65: 8000 | E65: =C65*D65 -> 880000
A66: Củ Kiệu | B66: Kg | C66: 0 | E66: =C66*D66 -> 0
A67: Củ Su Hào | B67: Kg | C67: 65 | D67: 11000 | E67: =C67*D67 -> 715000
A68: Đậu Cove Nhật | B68: Túi | C68: 17 | D68: 6000 | E68: =C68*D68 -> 102000
A69: Đậu Cove Trắng | B69: Kg | C69: 0 | E69: =C69*D69 -> 0
A70: Đậu Cove Trắng | B70: Túi 500gr | C70: 3 | D70: 8500 | E70: =C70*D70 -> 25500
A71: Đậu Đỏ | B71: Kg | C71: 0 | E71: =C71*D71 -> 0
A72: Đậu Ngự | B72: Kg | C72: 0 | E72: =C72*D72 -> 0
A73: Đậu Trắng | B73: Kg | C73: 0 | E73: =C73*D73 -> 0
A74: Dưa Leo Baby | B74: Kg | C74: 0 | E74: =C74*D74 -> 0
A75: Dưa Leo Baby | B75: Vỉ | C75: 1170 | D75: 6000 | E75: =C75*D75 -> 7020000
A76: Dưa Leo Nhật | B76: Kg | C76: 5 | D76: 16000 | E76: =C76*D76 -> 80000
A77: Dưa Leo Thường | B77: Kg | C77: 10 | D77: 12000 | E77: =C77*D77 -> 120000
A78: Hành Paro | B78: Cây | C78: 0 | E78: =C78*D78 -> 0
A79: Hành Paro | B79: Kg | C79: 19 | D79: 14000 | E79: =C79*D79 -> 266000
A80: Hạt Dẻ Ngố | B80: Kg | C80: 2330 | D80: 27600 | E80: =C80*D80 -> 64308000
A81: Hồng Treo Gió | B81: Hộp | C81: 0 | E81: =C81*D81 -> 0
A82: Lá Mè | B82: Túi | C82: 15 | D82: 3400 | E82: =C82*D82 -> 51000
A83: Lá Nha Đam | B83: Kg | C83: 20 | D83: 14000 | E83: =C83*D83 -> 280000
A84: Ớt Chuông Ba Màu | B84: Vỉ | C84: 8 | D84: 12000 | E84: =C84*D84 -> 96000
A85: Ớt Chuông Baby | B85: Hộp | C85: 0 | E85: =C85*D85 -> 0
A86: Ớt Chuông Baby | B86: Kg | C86: 10 | D86: 38000 | E86: =C86*D86 -> 380000
A87: Ớt Chuông Đỏ | B87: Kg | C87: 65 | D87: 34000 | E87: =C87*D87 -> 2210000
A88: Ớt Chuông Đỏ | B88: Trái | C88: 0 | E88: =C88*D88 -> 0
A89: Ớt Chuông Đỏ Trung | B89: Kg | C89: 35 | D89: 29000 | E89: =C89*D89 -> 1015000
A90: Ớt Chuông Vàng | B90: Kg | C90: 75 | D90: 25000 | E90: =C90*D90 -> 1875000
A91: Ớt Chuông Vàng | B91: Trái | C91: 0 | E91: =C91*D91 -> 0
A92: Ớt Chuông Xanh | B92: Kg | C92: 45 | D92: 30000 | E92: =C92*D92 -> 1350000
A93: Ớt Chuông Xanh | B93: Trái | C93: 0 | E93: =C93*D93 -> 0
A94: Ớt Sweet Palemo | B94: Kg | C94: 25 | D94: 50000 | E94: =C94*D94 -> 1250000
A95: Ớt Sweet Palemo | B95: Túi | C95: 8 | D95: 18000 | E95: =C95*D95 -> 144000
A96: Rau Bầu Đất | B96: Túi | C96: 0 | E96: =C96*D96 -> 0
A97: Trái Bưởi Diễn | B97: Trái | C97: 2307 | D97: 8000 | E97: =C97*D97 -> 18456000
A98: Trái Bưởi Đường | B98: Trái | C98: 805 | D98: 11361 | E98: =C98*D98 -> 9145605
A99: Trái Bưởi Tiến Vua | B99: Trái | C99: 482 | D99: 90000 | E99: =C99*D99 -> 43380000
A100: Trái Cam Canh | B100: Kg | C100: 3190 | D100: 31000 | E100: =C100*D100 -> 98890000
...

Sheet 19.1
A1: Tên Sản phẩm VR | B1: ĐVT | C1: Tồn ĐL 現在個 | D1: Gía nhập | E1: Thành tiền
A2: Bắp Cải Tím | B2: Kg | C2: 27 | D2: 11000 | E2: =+D2*C2 -> 297000
A3: Bắp Cải Trái Tim | B3: Kg | C3: 0
A4: Bắp Cải Trắng | B4: Kg | C4: 354 | D4: 5500 | E4: =+D4*C4 -> 1947000
A5: Bí Đao Xanh | B5: Kg | C5: 0
A6: Bí Đỏ Hồ Lô | B6: Kg | C6: 0
A7: Bí Đỏ Tròn | B7: Kg | C7: 996 | D7: 8000 | E7: =+D7*C7 -> 7968000
A8: Bí Ngòi Vàng | B8: Kg | C8: 2.5 | D8: 9000 | E8: =+D8*C8 -> 22500
A9: Bí Ngòi Xanh | B9: Kg | C9: 87 | D9: 10000 | E9: =+D9*C9 -> 870000
A10: Bí Ngòi Xanh | B10: Trái | C10: 0
A11: Bí Non Nhật | B11: Kg | C11: 33 | D11: 10000 | E11: =+D11*C11 -> 330000
A12: Bí Non Nhật | B12: Trái | C12: 0
A13: Bơ Booth | B13: Kg | C13: 0
A14: Bông Cải Trắng | B14: Kg | C14: 10 | D14: 12000 | E14: =+D14*C14 -> 120000
A15: Bông Cải Xanh 10Cm | B15: Kg | C15: 10 | D15: 12000 | E15: =+D15*C15 -> 120000
A16: Bông Cải Xanh 12Cm | B16: Kg | C16: 0
A17: Bông Cải Xanh 7Cm | B17: Kg | C17: 12 | D17: 17000 | E17: =+D17*C17 -> 204000
A18: Bông Cải Xanh Baby | B18: Vỉ | C18: 7 | D18: 7000 | E18: =+D18*C18 -> 49000
A19: Cà Chua Beef | B19: Kg | C19: 297 | D19: 15000 | E19: =+D19*C19 -> 4455000
A20: Cà Chua Beef | B20: Vỉ | C20: 0
A21: Cà Chua Beef | B21: Vỉ 650gr | C21: 0
A22: Cà Chua Beef Trung | B22: Kg | C22: 10 | D22: 8000 | E22: =+D22*C22 -> 80000
A23: Cà Chua Beef Trung | B23: Vỉ 500gr | C23: 0
A24: Cà Chua Bi Đỏ | B24: Kg | C24: 5 | D24: 6300 | E24: =+D24*C24 -> 31500
A25: Cà Chua Bi Đỏ | B25: Hộp 300gr | C25: 116 | D25: 6300 | E25: =+D25*C25 -> 730800
A26: Cà Chua Bi Mix | B26: Hộp | C26: 4 | D26: 10500 | E26: =+D26*C26 -> 42000
A27: Cà Chua Socola | B27: Kg | C27: 0
A28: Cà Chua Socola | B28: Hộp 250GR | C28: 0
A29: Cà Chua Thường | B29: Kg | C29: 200 | D29: 10000 | E29: =+D29*C29 -> 2000000
A30: Cà Chua Thường | B30: Vỉ | C30: 0
A31: Cà Chua Thường Trung | B31: Túi | C31: 100 | D31: 7000 | E31: =+D31*C31 -> 700000
A32: Cà Rốt | B32: Kg | C32: 191 | D32: 8500 | E32: =+D32*C32 -> 1623500
A33: Cà Rốt | B33: Túi | C33: 0
A34: Cà Rốt Baby | B34: Kg | C34: 0
A35: Cà Rốt Baby | B35: Vỉ | C35: 0
A36: Cà Tím | B36: Kg | C36: 32 | D36: 8000 | E36: =+D36*C36 -> 256000
A37: Cà Tím | B37: Cặp | C37: 0
A38: Cải Bó Xôi | B38: Kg | C38: 27 | D38: 26000 | E38: =+D38*C38 -> 702000
A39: Cải Bó Xôi | B39: Túi | C39: 0
A40: Cải Cầu Vồng | B40: Kg | C40: 0
A41: Cải Cầu Vồng | B41: Túi | C41: 9 | D41: 6000 | E41: =+D41*C41 -> 54000
A42: Cải Kale | B42: Túi | C42: 8 | D42: 4200 | E42: =+D42*C42 -> 33600
A43: Cải Thảo | B43: Kg | C43: 3250 | D43: 5500 | E43: =+D43*C43 -> 17875000
A44: Cải Thảo Hỏa Tiễn | B44: Kg | C44: 6 | D44: 14000 | E44: =+D44*C44 -> 84000
A45: Cần Tây | B45: Cây | C45: 0
A46: Cần Tây | B46: Kg | C46: 0
A47: Chanh Dây Tím | B47: Kg | C47: 30 | D47: 27000 | E47: =+D47*C47 -> 810000
A48: Chuối Laba | B48: Kg | C48: 9 | D48: 14000 | E48: =+D48*C48 -> 126000
A49: Củ Cải Đỏ | B49: Hộp | C49: 0
A50: Củ Cải Đỏ | B50: Kg | C50: 0
A51: Củ Cải Muối | B51: Kg | C51: 2 | D51: 16000 | E51: =+D51*C51 -> 32000
A52: Củ Cải Trắng | B52: Kg | C52: 50 | D52: 6000 | E52: =+D52*C52 -> 300000
A53: Củ Dền | B53: Kg | C53: 54 | D53: 11000 | E53: =+D53*C53 -> 594000
A54: Củ Dền | B54: Túi | C54: 0
A55: Củ Gừng | B55: Kg | C55: 0
A56: Củ Hành Tây | B56: Kg | C56: 76 | D56: 9000 | E56: =+D56*C56 -> 684000
A57: Củ Hành Tây | B57: Túi 300gr | C57: 0
A58: Củ Hành Tây Tím | B58: Kg | C58: 14 | D58: 20000 | E58: =+D58*C58 -> 280000
A59: Củ Hành Tây Trung | B59: Túi | C59: 133 | D59: 2400 | E59: =+D59*C59 -> 319200
A60: Củ Khoai Lang Mật Size 23 | B60: Kg | C60: 670 | D60: 28000 | E60: =+D60*C60 -> 18760000
A61: Củ Khoai Lang Mật Size 46 | B61: Kg | C61: 3715 | D61: 27000 | E61: =+D61*C61 -> 100305000
A62: Củ Khoai Lang Mật Size XÔ | B62: Kg | C62: 800 | D62: 27000 | E62: =+D62*C62 -> 21600000
A63: Củ Khoai Lang Nhật | B63: Kg | C63: 316 | D63: 15000 | E63: =+D63*C63 -> 4740000
A64: Củ Khoai Mỡ | B64: Kg | C64: 15 | D64: 24000 | E64: =+D64*C64 -> 360000
A65: Củ Khoai Sâm | B65: Kg | C65: 0
A66: Củ Khoai Tây Bi Vàng | B66: Kg | C66: 0
A67: Củ Khoai Tây Bi Vàng | B67: Túi | C67: 0
A68: Củ Khoai Tây Hồng | B68: Kg | C68: 0
A69: Củ Khoai Tây Vàng | B69: Kg | C69: 960 | D69: 18000 | E69: =+D69*C69 -> 17280000
A70: Củ Khoai Tây Vàng | B70: Túi | C70: 0
A71: Củ Khoai Tây Vàng Trung | B71: Túi | C71: 70 | D71: 8000 | E71: =+D71*C71 -> 560000
A72: Củ Su Hào | B72: Kg | C72: 60 | D72: 11000 | E72: =+D72*C72 -> 660000
A73: Đậu Cove Nhật | B73: Túi | C73: 12 | D73: 6000 | E73: =+D73*C73 -> 72000
A74: Đậu Cove Trắng | B74: Kg | C74: 0
A75: Đậu Cove Trắng | B75: Túi 500gr | C75: 34 | D75: 8500 | E75: =+D75*C75 -> 289000
A76: Đậu Đỏ | B76: Kg | C76: 0.5 | D76: 80000 | E76: =+D76*C76 -> 40000
A77: Đậu Hà Lan Trái | B77: Kg | C77: 0
A78: Đậu Ngự | B78: Kg | C78: 0.5 | D78: 70000 | E78: =+D78*C78 -> 35000
A79: Đậu Trắng | B79: Kg | C79: 0.5 | D79: 70000 | E79: =+D79*C79 -> 35000
A80: Dưa Leo Baby | B80: Kg | C80: 0
A81: Dưa Leo Baby | B81: Vỉ | C81: 480 | D81: 9500 | E81: =+D81*C81 -> 4560000
A82: Dưa Leo Nhật | B82: Kg | C82: 5 | D82: 12000 | E82: =+D82*C82 -> 60000
A83: Dưa Leo Thường | B83: Kg | C83: 28 | D83: 10000 | E83: =+D83*C83 -> 280000
A84: Hành Paro | B84: Cây | C84: 0
A85: Hành Paro | B85: Kg | C85: 12 | D85: 14000 | E85: =+D85*C85 -> 168000
A86: Hạt Dẻ Ngố | B86: Kg | C86: 2327 | D86: 27600 | E86: =+D86*C86 -> 64225200
A87: Lá Mè | B87: Túi | C87: 0
A88: Lá Nha Đam | B88: Kg | C88: 14 | D88: 14000 | E88: =+D88*C88 -> 196000
A89: Ớt Chuông Ba Màu | B89: Kg | C89: 8 | D89: 12000 | E89: =+D89*C89 -> 96000
A90: Ớt Chuông Ba Màu | B90: Vỉ | C90: 0
A91: Ớt Chuông Baby | B91: Hộp | C91: 0
A92: Ớt Chuông Baby | B92: Kg | C92: 4 | D92: 38000 | E92: =+D92*C92 -> 152000
A93: Ớt Chuông Đỏ | B93: Kg | C93: 70 | D93: 32000 | E93: =+D93*C93 -> 2240000
A94: Ớt Chuông Đỏ | B94: Trái | C94: 0
A95: Ớt Chuông Đỏ Trung | B95: Kg | C95: 5 | D95: 27000 | E95: =+D95*C95 -> 135000
A96: Ớt Chuông Vàng | B96: Kg | C96: 160 | D96: 18000 | E96: =+D96*C96 -> 2880000
A97: Ớt Chuông Vàng | B97: Trái | C97: 0
A98: Ớt Chuông Vàng Trung | B98: Kg | C98: 12 | D98: 21000 | E98: =+D98*C98 -> 252000
A99: Ớt Chuông Xanh | B99: Kg | C99: 65 | D99: 30000 | E99: =+D99*C99 -> 1950000
A100: Ớt Chuông Xanh | B100: Trái | C100: 0
...

Sheet 20.1
A1: Tên Sản phẩm VR | B1: ĐVT | C1: Tồn ĐL 現在個 | D1: Gía nhập | E1: Thành tiền
A2: Bắp Cải Tím | B2: Kg | C2: 10 | D2: 10000 | E2: =+D2*C2 -> 100000
A3: Bắp Cải Trái Tim | B3: Kg | C3: 315 | D3: 4000 | E3: =+D3*C3 -> 1260000
A4: Bắp Cải Trắng | B4: Kg | C4: 569 | D4: 5500 | E4: =+D4*C4 -> 3129500
A5: Bí Đao Xanh | B5: Kg | C5: 12 | D5: 10000 | E5: =+D5*C5 -> 120000
A6: Bí Đỏ Hồ Lô | B6: Kg | C6: 0 | E6: =+D6*C6 -> 0
A7: Bí Đỏ Tròn | B7: Kg | C7: 665 | D7: 8000 | E7: =+D7*C7 -> 5320000
A8: Bí Ngòi Xanh | B8: Kg | C8: 92 | D8: 8000 | E8: =+D8*C8 -> 736000
A9: Bí Ngòi Xanh | B9: Trái | C9: 0 | E9: =+D9*C9 -> 0
A10: Bí Non Nhật | B10: Kg | C10: 72 | D10: 10000 | E10: =+D10*C10 -> 720000
A11: Bí Non Nhật | B11: Trái | C11: 0 | E11: =+D11*C11 -> 0
A12: Bơ Booth | B12: Kg | C12: 0 | E12: =+D12*C12 -> 0
A13: Bông Cải Trắng | B13: Kg | C13: 0 | E13: =+D13*C13 -> 0
A14: Bông Cải Xanh 10Cm | B14: Kg | C14: 45 | D14: 12000 | E14: =+D14*C14 -> 540000
A15: Bông Cải Xanh 12Cm | B15: Kg | C15: 0 | E15: =+D15*C15 -> 0
A16: Bông Cải Xanh 7Cm | B16: Kg | C16: 45 | D16: 21000 | E16: =+D16*C16 -> 945000
A17: Bông Cải Xanh Baby | B17: Vỉ | C17: 0 | E17: =+D17*C17 -> 0
A18: Cà Chua Beef | B18: Kg | C18: 200 | D18: 15000 | E18: =+D18*C18 -> 3000000
A19: Cà Chua Beef | B19: Vỉ | C19: 0 | E19: =+D19*C19 -> 0
A20: Cà Chua Beef | B20: Vỉ 650gr | C20: 0 | E20: =+D20*C20 -> 0
A21: Cà Chua Beef Trung | B21: Kg | C21: 15 | D21: 8000 | E21: =+D21*C21 -> 120000
A22: Cà Chua Beef Trung | B22: Vỉ 500gr | C22: 0 | E22: =+D22*C22 -> 0
A23: Cà Chua Bi Đỏ | B23: Kg | C23: 0 | E23: =+D23*C23 -> 0
A24: Cà Chua Bi Đỏ | B24: Hộp 300gr | C24: 74 | D24: 5400 | E24: =+D24*C24 -> 399600
A25: Cà Chua Bi Mix | B25: Hộp | C25: 5 | D25: 10500 | E25: =+D25*C25 -> 52500
A26: Cà Chua Socola | B26: Kg | C26: 0 | E26: =+D26*C26 -> 0
A27: Cà Chua Socola | B27: Hộp 250GR | C27: 250 | D27: 10000 | E27: =+D27*C27 -> 2500000
A28: Cà Chua Thường | B28: Kg | C28: 145 | D28: 10000 | E28: =+D28*C28 -> 1450000
A29: Cà Chua Thường | B29: Vỉ | C29: 0 | E29: =+D29*C29 -> 0
A30: Cà Chua Thường Trung | B30: Túi | C30: 60 | D30: 7000 | E30: =+D30*C30 -> 420000
A31: Cà Rốt | B31: Kg | C31: 115 | D31: 9000 | E31: =+D31*C31 -> 1035000
A32: Cà Rốt | B32: Túi | C32: 0 | E32: =+D32*C32 -> 0
A33: Cà Rốt Baby | B33: Vỉ | C33: 27 | D33: 6000 | E33: =+D33*C33 -> 162000
A34: Cà Tím | B34: Kg | C34: 75 | D34: 8000 | E34: =+D34*C34 -> 600000
A35: Cà Tím | B35: Cặp | C35: 0 | E35: =+D35*C35 -> 0
A36: Cải Bó Xôi | B36: Kg | C36: 23 | D36: 25000 | E36: =+D36*C36 -> 575000
A37: Cải Bó Xôi | B37: Túi | C37: 0 | E37: =+D37*C37 -> 0
A38: Cải Cầu Vồng | B38: Túi | C38: 0 | E38: =+D38*C38 -> 0
A39: Cải Kale | B39: Túi | C39: 12 | D39: 4200 | E39: =+D39*C39 -> 50400
A40: Cải Thảo | B40: Kg | C40: 220 | D40: 6500 | E40: =+D40*C40 -> 1430000
A41: Cải Thảo Hỏa Tiễn | B41: Kg | C41: 5 | D41: 14000 | E41: =+D41*C41 -> 70000
A42: Cần Tây | B42: Cây | C42: 0 | E42: =+D42*C42 -> 0
A43: Cần Tây | B43: Kg | C43: 20 | D43: 15000 | E43: =+D43*C43 -> 300000
A44: Chanh Dây Tím | B44: Kg | C44: 18 | D44: 27000 | E44: =+D44*C44 -> 486000
A45: Chuối Laba | B45: Kg | C45: 0 | E45: =+D45*C45 -> 0
A46: Củ Cải Đỏ | B46: Hộp | C46: 11 | D46: 11000 | E46: =+D46*C46 -> 121000
A47: Củ Cải Muối | B47: Kg | C47: 2 | D47: 16000 | E47: =+D47*C47 -> 32000
A48: Củ Cải Trắng | B48: Kg | C48: 25 | D48: 6000 | E48: =+D48*C48 -> 150000
A49: Củ Dền | B49: Kg | C49: 96 | D49: 11000 | E49: =+D49*C49 -> 1056000
A50: Củ Dền | B50: Túi | C50: 0 | E50: =+D50*C50 -> 0
A51: Củ Gừng | B51: Kg | C51: 5 | D51: 18000 | E51: =+D51*C51 -> 90000
A52: Củ Hành Tây | B52: Kg | C52: 155 | D52: 9000 | E52: =+D52*C52 -> 1395000
A53: Củ Hành Tây | B53: Túi 300gr | C53: 0 | E53: =+D53*C53 -> 0
A54: Củ Hành Tây Tím | B54: Kg | C54: 13 | D54: 20000 | E54: =+D54*C54 -> 260000
A55: Củ Hành Tây Trung | B55: Túi | C55: 260 | D55: 8000 | E55: =+D55*C55 -> 2080000
A56: Củ Khoai Lang Mật Size 23 | B56: Kg | C56: 450 | D56: 28000 | E56: =+D56*C56 -> 12600000
A57: Củ Khoai Lang Mật Size 46 | B57: Kg | C57: 3530 | D57: 27000 | E57: =+D57*C57 -> 95310000
A58: Củ Khoai Lang Mật Size 46 | B58: Túi | C58: 0 | E58: =+D58*C58 -> 0
A59: Củ Khoai Lang Mật XÔ | B59: Kg | C59: 800 | D59: 27000 | E59: =+D59*C59 -> 21600000
A60: Củ Khoai Lang Nhật | B60: Kg | C60: 170 | D60: 15000 | E60: =+D60*C60 -> 2550000
A61: Củ Khoai Mỡ | B61: Kg | C61: 0 | E61: =+D61*C61 -> 0
A62: Củ Khoai Sâm | B62: Kg | C62: 0 | E62: =+D62*C62 -> 0
A63: Củ Khoai Tây Bi Vàng | B63: Túi | C63: 0 | E63: =+D63*C63 -> 0
A64: Củ Khoai Tây Vàng | B64: Kg | C64: 640 | D64: 18000 | E64: =+D64*C64 -> 11520000
A65: Củ Khoai Tây Vàng | B65: Túi | C65: 0 | E65: =+D65*C65 -> 0
A66: Củ Khoai Tây Vàng Trung | B66: Túi | C66: 50 | D66: 8000 | E66: =+D66*C66 -> 400000
A67: Củ Kiệu | B67: Kg | C67: 0 | E67: =+D67*C67 -> 0
A68: Củ Su Hào | B68: Kg | C68: 16 | D68: 11000 | E68: =+D68*C68 -> 176000
A69: Đậu Cove Nhật | B69: Túi | C69: 0 | E69: =+D69*C69 -> 0
A70: Đậu Cove Trắng | B70: Kg | C70: 0 | E70: =+D70*C70 -> 0
A71: Đậu Cove Trắng | B71: Túi 500gr | C71: 30 | D71: 6000 | E71: =+D71*C71 -> 180000
A72: Đậu Đỏ | B72: Kg | C72: 0 | E72: =+D72*C72 -> 0
A73: Đậu Hà Lan Trái | B73: Kg | C73: 0.5 | D73: 70000 | E73: =+D73*C73 -> 35000
A74: Đậu Ngự | B74: Kg | C74: 0 | E74: =+D74*C74 -> 0
A75: Đậu Trắng | B75: Kg | C75: 0 | E75: =+D75*C75 -> 0
A76: Dưa Leo Baby | B76: Kg | C76: 0 | E76: =+D76*C76 -> 0
A77: Dưa Leo Baby | B77: Vỉ | C77: 212 | D77: 6000 | E77: =+D77*C77 -> 1272000
A78: Dưa Leo Nhật | B78: Kg | C78: 2 | D78: 12000 | E78: =+D78*C78 -> 24000
A79: Dưa Leo Thường | B79: Kg | C79: 6 | D79: 16000 | E79: =+D79*C79 -> 96000
A80: Hành Paro | B80: Cây | C80: 0 | E80: =+D80*C80 -> 0
A81: Hành Paro | B81: Kg | C81: 0 | E81: =+D81*C81 -> 0
A82: Hạt Dẻ Ngố | B82: Kg | C82: 0 | E82: =+D82*C82 -> 0
A83: Hạt Dẻ Tươi | B83: Kg | C83: 2300 | D83: 27600 | E83: =+D83*C83 -> 63480000
A84: Hồng Treo Gió | B84: Hộp | C84: 5 | D84: 245000 | E84: =+D84*C84 -> 1225000
A85: Lá Mè | B85: Túi | C85: 0 | E85: =+D85*C85 -> 0
A86: Lá Nha Đam | B86: Kg | C86: 10 | D86: 14000 | E86: =+D86*C86 -> 140000
A87: Ớt Chuông Ba Màu | B87: Vỉ | C87: 9 | D87: 12000 | E87: =+D87*C87 -> 108000
A88: Ớt Chuông Baby | B88: Hộp | C88: 0 | E88: =+D88*C88 -> 0
A89: Ớt Chuông Baby | B89: Kg | C89: 7 | D89: 38000 | E89: =+D89*C89 -> 266000
A90: Ớt Chuông Đỏ | B90: Kg | C90: 162 | D90: 37000 | E90: =+D90*C90 -> 5994000
A91: Ớt Chuông Đỏ | B91: Trái | C91: 0 | E91: =+D91*C91 -> 0
A92: Ớt Chuông Vàng | B92: Kg | C92: 158 | D92: 28000 | E92: =+D92*C92 -> 4424000
A93: Ớt Chuông Vàng | B93: Trái | C93: 0 | E93: =+D93*C93 -> 0
A94: Ớt Chuông Xanh | B94: Kg | C94: 70 | D94: 32000 | E94: =+D94*C94 -> 2240000
A95: Ớt Chuông Xanh | B95: Trái | C95: 0 | E95: =+D95*C95 -> 0
A96: Ớt Sweet Palemo | B96: Kg | C96: 36 | D96: 60000 | E96: =+D96*C96 -> 2160000
A97: Ớt Sweet Palemo | B97: Túi | C97: 0 | E97: =+D97*C97 -> 0
A98: Rau Bầu Đất | B98: Túi | C98: 0 | E98: =+D98*C98 -> 0
A99: Trái Bưởi Diễn | B99: Trái | C99: 1642 | D99: 8000 | E99: =+D99*C99 -> 13136000
A100: Trái Bưởi Đường | B100: Trái | C100: 805 | D100: 11361 | E100: =+D100*C100 -> 9145605
...

Sheet 21.1
A1: hàng tồn cuối ngày 21/1 vr
A2: Tên Sản phẩm | B2: ĐVT | C2: tồn | D2: giá | E2: thành tiền
A3: Bắp Cải Tím | B3: Kg | C3: 12 | D3: 10000 | E3: =C3*D3 -> 120000
A4: Bắp Cải Trái Tim | B4: Kg | C4: 0 | E4: =C4*D4 -> 0
A5: Bắp Cải Trắng | B5: Kg | C5: 779 | D5: 5500 | E5: =C5*D5 -> 4284500
A6: Bí Đao Xanh | B6: Kg | C6: 15 | D6: 10000 | E6: =C6*D6 -> 150000
A7: Bí Đỏ Hồ Lô | B7: Kg | C7: 0 | E7: =C7*D7 -> 0
A8: Bí Đỏ Tròn | B8: Kg | C8: 457 | D8: 8000 | E8: =C8*D8 -> 3656000
A9: Bí Ngòi Vàng | B9: Kg | C9: 0 | E9: =C9*D9 -> 0
A10: Bí Ngòi Xanh | B10: Kg | C10: 109 | D10: 10000 | E10: =C10*D10 -> 1090000
A11: Bí Ngòi Xanh | B11: Trái | C11: 0 | E11: =C11*D11 -> 0
A12: Bí Non Nhật | B12: Kg | C12: 68 | D12: 14000 | E12: =C12*D12 -> 952000
A13: Bí Non Nhật | B13: Trái | C13: 0 | E13: =C13*D13 -> 0
A14: Bơ Booth | B14: Kg | C14: 0 | E14: =C14*D14 -> 0
A15: Bông Cải Trắng | B15: Kg | C15: 4 | D15: 12000 | E15: =C15*D15 -> 48000
A16: Bông Cải Xanh 10Cm | B16: Kg | C16: 8 | D16: 10000 | E16: =C16*D16 -> 80000
A17: Bông Cải Xanh 12Cm | B17: Kg | C17: 0 | E17: =C17*D17 -> 0
A18: Bông Cải Xanh 7Cm | B18: Kg | C18: 0 | E18: =C18*D18 -> 0
A19: Bông Cải Xanh Baby | B19: Vỉ | C19: 20 | D19: 7000 | E19: =C19*D19 -> 140000
A20: Cà Chua Beef | B20: Kg | C20: 102 | D20: 17000 | E20: =C20*D20 -> 1734000
A21: Cà Chua Beef | B21: Vỉ | C21: 0 | E21: =C21*D21 -> 0
A22: Cà Chua Beef | B22: Vỉ 650gr | C22: 0 | E22: =C22*D22 -> 0
A23: Cà Chua Beef Trung | B23: Kg | C23: 24 | D23: 14000 | E23: =C23*D23 -> 336000
A24: Cà Chua Beef Trung | B24: Vỉ 500gr | C24: 0 | E24: =C24*D24 -> 0
A25: Cà Chua Bi Đỏ | B25: Kg | C25: 5 | D25: 18000 | E25: =C25*D25 -> 90000
A26: Cà Chua Bi Đỏ | B26: Hộp 300gr | C26: 87 | D26: 5400 | E26: =C26*D26 -> 469800
A27: Cà Chua Bi Mix | B27: Hộp | C27: 5 | D27: 11100 | E27: =C27*D27 -> 55500
A28: Cà Chua Socola | B28: Kg | C28: 0 | E28: =C28*D28 -> 0
A29: Cà Chua Socola | B29: Hộp 250GR | C29: 7 | D29: 10000 | E29: =C29*D29 -> 70000
A30: Cà Chua Thường | B30: Kg | C30: 57 | D30: 11000 | E30: =C30*D30 -> 627000
A31: Cà Chua Thường | B31: Vỉ | C31: 0 | E31: =C31*D31 -> 0
A32: Cà Chua Thường Trung | B32: Túi | C32: 80 | D32: 8000 | E32: =C32*D32 -> 640000
A33: Cà Rốt | B33: Kg | C33: 540 | D33: 9000 | E33: =C33*D33 -> 4860000
A34: Cà Rốt | B34: Túi | C34: 0 | E34: =C34*D34 -> 0
A35: Cà Rốt Baby | B35: Vỉ | C35: 3 | D35: 7000 | E35: =C35*D35 -> 21000
A36: Cà Tím | B36: Kg | C36: 98 | D36: 8000 | E36: =C36*D36 -> 784000
A37: Cà Tím | B37: Cặp | C37: 0 | E37: =C37*D37 -> 0
A38: Cải Bó Xôi | B38: Kg | C38: 0 | E38: =C38*D38 -> 0
A39: Cải Bó Xôi | B39: Túi | C39: 0 | E39: =C39*D39 -> 0
A40: Cải Cầu Vồng | B40: Kg | C40: 0 | E40: =C40*D40 -> 0
A41: Cải Cầu Vồng | B41: Túi | C41: 4 | D41: 5000 | E41: =C41*D41 -> 20000
A42: Cải Kale | B42: Túi | C42: 8 | D42: 4300 | E42: =C42*D42 -> 34400
A43: Cải Thảo | B43: Kg | C43: 0 | E43: =C43*D43 -> 0
A44: Cải Thảo Hỏa Tiễn | B44: Kg | C44: 10 | D44: 14000 | E44: =C44*D44 -> 140000
A45: Cần Tây | B45: Cây | C45: 0 | E45: =C45*D45 -> 0
A46: Cần Tây | B46: Kg | C46: 30 | D46: 10000 | E46: =C46*D46 -> 300000
A47: Chuối Laba | B47: Kg | C47: 13 | D47: 14000 | E47: =C47*D47 -> 182000
A48: Củ Cải Đỏ | B48: Hộp | C48: 0 | E48: =C48*D48 -> 0
A49: Củ Cải Muối | B49: Kg | C49: 2 | D49: 16000 | E49: =C49*D49 -> 32000
A50: Củ Cải Trắng | B50: Kg | C50: 40 | D50: 6000 | E50: =C50*D50 -> 240000
A51: Củ Dền | B51: Kg | C51: 4 | D51: 11000 | E51: =C51*D51 -> 44000
A52: Củ Dền | B52: Túi | C52: 0 | E52: =C52*D52 -> 0
A53: Củ Gừng | B53: Kg | C53: 7 | D53: 17000 | E53: =C53*D53 -> 119000
A54: Củ Hành Tây | B54: Kg | C54: 306 | D54: 9000 | E54: =C54*D54 -> 2754000
A55: Củ Hành Tây | B55: Túi 300gr | C55: 0 | E55: =C55*D55 -> 0
A56: Củ Hành Tây Trung | B56: Túi | C56: 250 | D56: 2400 | E56: =C56*D56 -> 600000
A57: Củ Khoai Lang Mật Size 23 | B57: Kg | C57: 790 | D57: 28000 | E57: =C57*D57 -> 22120000
A58: Củ Khoai Lang Mật Size 46 | B58: Kg | C58: 3140 | D58: 27000 | E58: =C58*D58 -> 84780000
A59: Củ Khoai Lang Mật Xô | B59: Kg | C59: 800 | D59: 27000 | E59: =C59*D59 -> 21600000
A60: Củ Khoai Lang Nhật | B60: Kg | C60: 185 | D60: 15000 | E60: =C60*D60 -> 2775000
A61: Củ Khoai Mỡ | B61: Kg | C61: 13 | D61: 24000 | E61: =C61*D61 -> 312000
A62: Củ Khoai Sâm | B62: Kg | C62: 0 | E62: =C62*D62 -> 0
A63: Củ Khoai Tây Bi Vàng | B63: Kg | C63: 0 | E63: =C63*D63 -> 0
A64: Củ Khoai Tây Bi Vàng | B64: Túi | C64: 0 | E64: =C64*D64 -> 0
A65: Củ Khoai Tây Hồng | B65: Kg | C65: 0 | E65: =C65*D65 -> 0
A66: Củ Khoai Tây Vàng | B66: Kg | C66: 395 | D66: 16000 | E66: =C66*D66 -> 6320000
A67: Củ Khoai Tây Vàng | B67: Túi | C67: 0 | E67: =C67*D67 -> 0
A68: Củ Khoai Tây Vàng Trung | B68: Túi | C68: 58 | D68: 8000 | E68: =C68*D68 -> 464000
A69: Củ Kiệu | B69: Kg | C69: 0 | E69: =C69*D69 -> 0
A70: Củ Su Hào | B70: Kg | C70: 10 | D70: 11000 | E70: =C70*D70 -> 110000
A71: Đậu Cove Nhật | B71: Túi | C71: 0 | E71: =C71*D71 -> 0
A72: Đậu Cove Trắng | B72: Kg | C72: 0 | E72: =C72*D72 -> 0
A73: Đậu Cove Trắng | B73: Túi 500gr | C73: 23 | D73: 8500 | E73: =C73*D73 -> 195500
A74: Đậu Đỏ | B74: Kg | C74: 2 | D74: 80000 | E74: =C74*D74 -> 160000
A75: Đậu Hà Lan Trái | B75: Kg | C75: 0 | E75: =C75*D75 -> 0
A76: Đậu Ngự | B76: Kg | C76: 2 | D76: 70000 | E76: =C76*D76 -> 140000
A77: Đậu Trắng | B77: Kg | C77: 2 | D77: 70000 | E77: =C77*D77 -> 140000
A78: Đậu Tươi Hỗn Hợp Túi 100gr | B78: Túi | C78: 0 | E78: =C78*D78 -> 0
A79: Dưa Leo Baby | B79: Kg | C79: 0 | E79: =C79*D79 -> 0
A80: Dưa Leo Baby | B80: Vỉ | C80: 379 | D80: 6000 | E80: =C80*D80 -> 2274000
A81: Dưa Leo Nhật | B81: Kg | C81: 5 | D81: 16000 | E81: =C81*D81 -> 80000
A82: Dưa Leo Thường | B82: Kg | C82: 24 | D82: 20000 | E82: =C82*D82 -> 480000
A83: Hành Paro | B83: Cây | C83: 0 | E83: =C83*D83 -> 0
A84: Hành Paro | B84: Kg | C84: 9 | D84: 14000 | E84: =C84*D84 -> 126000
A85: Hạt Dẻ Ngố | B85: Kg | C85: 0 | E85: =C85*D85 -> 0
A86: Hạt Dẻ Tươi | B86: Kg | C86: 2285 | D86: 27600 | E86: =C86*D86 -> 63066000
A87: Hồng Treo Gió | B87: Hộp | C87: 10 | D87: 100000 | E87: =C87*D87 -> 1000000
A88: Lá Mè | B88: Túi | C88: 0 | E88: =C88*D88 -> 0
A89: Lá Nha Đam | B89: Kg | C89: 10 | D89: 14000 | E89: =C89*D89 -> 140000
A90: Ớt Chuông Ba Màu | B90: Vỉ | C90: 0 | E90: =C90*D90 -> 0
A91: Ớt Chuông Baby | B91: Hộp | C91: 0 | E91: =C91*D91 -> 0
A92: Ớt Chuông Baby | B92: Kg | C92: 7 | D92: 38000 | E92: =C92*D92 -> 266000
A93: Ớt Chuông Đỏ | B93: Kg | C93: 231 | D93: 40000 | E93: =C93*D93 -> 9240000
A94: Ớt Chuông Đỏ | B94: Trái | C94: 0 | E94: =C94*D94 -> 0
A95: Ớt Chuông Đỏ Trung | B95: Kg | C95: 20 | D95: 35000 | E95: =C95*D95 -> 700000
A96: Ớt Chuông Vàng | B96: Kg | C96: 155 | D96: 30000 | E96: =C96*D96 -> 4650000
A97: Ớt Chuông Vàng | B97: Trái | C97: 0 | E97: =C97*D97 -> 0
A98: Ớt Chuông Vàng Trung | B98: Kg | C98: 20 | D98: 25000 | E98: =C98*D98 -> 500000
A99: Ớt Chuông Xanh | B99: Kg | C99: 55 | D99: 30000 | E99: =C99*D99 -> 1650000
A100: Ớt Chuông Xanh | B100: Trái | C100: 0 | E100: =C100*D100 -> 0
...

Sheet 22.1
A1: hàng tồn cuối ngày 22/1 vr
A2: Tên Sản phẩm | B2: ĐVT | C2: tồn | D2: giá | E2: thành tiền
A3: Bắp Cải Tím | B3: Kg | C3: 20 | D3: 8000 | E3: =C3*D3 -> 160000
A4: Bắp Cải Trái Tim | B4: Kg | C4: 205 | D4: 4000 | E4: =C4*D4 -> 820000
A5: Bắp Cải Trắng | B5: Kg | C5: 586 | D5: 6000 | E5: =C5*D5 -> 3516000
A6: Bí Đỏ Hồ Lô | B6: Kg | C6: 0 | E6: =C6*D6 -> 0
A7: Bí Đỏ Tròn | B7: Kg | C7: 269 | D7: 7800 | E7: =C7*D7 -> 2098200
A8: Bí Ngòi Vàng | B8: Kg | C8: 1 | D8: 12000 | E8: =C8*D8 -> 12000
A9: Bí Ngòi Xanh | B9: Kg | C9: 109 | D9: 10000 | E9: =C9*D9 -> 1090000
A10: Bí Ngòi Xanh | B10: Trái | C10: 0 | E10: =C10*D10 -> 0
A11: Bí Non Nhật | B11: Kg | C11: 45 | D11: 14000 | E11: =C11*D11 -> 630000
A12: Bí Non Nhật | B12: Trái | C12: 0 | E12: =C12*D12 -> 0
A13: Bơ Booth | B13: Kg | C13: 0 | E13: =C13*D13 -> 0
A14: Bông Cải Trắng | B14: Kg | C14: 17 | D14: 12000 | E14: =C14*D14 -> 204000
A15: Bông Cải Xanh 10Cm | B15: Kg | C15: 0 | E15: =C15*D15 -> 0
A16: Bông Cải Xanh 12Cm | B16: Kg | C16: 25 | D16: 10000 | E16: =C16*D16 -> 250000
A17: Bông Cải Xanh 7Cm | B17: Kg | C17: 35 | D17: 21000 | E17: =C17*D17 -> 735000
A18: Bông Cải Xanh Baby | B18: Vỉ | C18: 0 | E18: =C18*D18 -> 0
A19: Cà Chua Beef | B19: Kg | C19: 127 | D19: 17000 | E19: =C19*D19 -> 2159000
A20: Cà Chua Beef | B20: Vỉ | C20: 0 | E20: =C20*D20 -> 0
A21: Cà Chua Beef | B21: Vỉ 650gr | C21: 0 | E21: =C21*D21 -> 0
A22: Cà Chua Beef Trung | B22: Kg | C22: 0 | E22: =C22*D22 -> 0
A23: Cà Chua Beef Trung | B23: Vỉ 500gr | C23: 70 | D23: 8000 | E23: =C23*D23 -> 560000
A24: Cà Chua Bi Đỏ | B24: Kg | C24: 0 | E24: =C24*D24 -> 0
A25: Cà Chua Bi Đỏ | B25: Hộp 300gr | C25: 68 | D25: 5400 | E25: =C25*D25 -> 367200
A26: Cà Chua Bi Mix | B26: Hộp | C26: 3 | D26: 11100 | E26: =C26*D26 -> 33300
A27: Cà Chua Socola | B27: Kg | C27: 0 | E27: =C27*D27 -> 0
A28: Cà Chua Socola | B28: Hộp 250GR | C28: 0 | E28: =C28*D28 -> 0
A29: Cà Chua Thường | B29: Kg | C29: 0 | E29: =C29*D29 -> 0
A30: Cà Chua Thường | B30: Vỉ | C30: 0 | E30: =C30*D30 -> 0
A31: Cà Chua Thường Trung | B31: Túi | C31: 60 | D31: 8000 | E31: =C31*D31 -> 480000
A32: Cà Rốt | B32: Kg | C32: 145 | D32: 9000 | E32: =C32*D32 -> 1305000
A33: Cà Rốt | B33: Túi | C33: 0 | E33: =C33*D33 -> 0
A34: Cà Rốt Baby | B34: Vỉ | C34: 12 | D34: 6000 | E34: =C34*D34 -> 72000
A35: Cà Tím | B35: Kg | C35: 116 | D35: 8000 | E35: =C35*D35 -> 928000
A36: Cà Tím | B36: Cặp | C36: 0 | E36: =C36*D36 -> 0
A37: Cải Bó Xôi | B37: Kg | C37: 25 | D37: 22000 | E37: =C37*D37 -> 550000
A38: Cải Bó Xôi | B38: Túi | C38: 0 | E38: =C38*D38 -> 0
A39: Cải Cầu Vồng | B39: Túi | C39: 4 | D39: 5000 | E39: =C39*D39 -> 20000
A40: Cải Kale | B40: Túi | C40: 25 | D40: 3500 | E40: =C40*D40 -> 87500
A41: Cải Thảo | B41: Kg | C41: 32 | D41: 6500 | E41: =C41*D41 -> 208000
A42: Cần Tây | B42: Cây | C42: 0 | E42: =C42*D42 -> 0
A43: Cần Tây | B43: Kg | C43: 95 | D43: 10000 | E43: =C43*D43 -> 950000
A44: Chuối Laba | B44: Kg | C44: 19 | D44: 14000 | E44: =C44*D44 -> 266000
A45: Củ Cải Đỏ | B45: Hộp | C45: 0 | E45: =C45*D45 -> 0
A46: Củ Cải Muối | B46: Kg | C46: 2 | D46: 16000 | E46: =C46*D46 -> 32000
A47: Củ Cải Trắng | B47: Kg | C47: 24 | D47: 6000 | E47: =C47*D47 -> 144000
A48: Củ Dền | B48: Kg | C48: 45 | D48: 11000 | E48: =C48*D48 -> 495000
A49: Củ Dền | B49: Túi | C49: 0 | E49: =C49*D49 -> 0
A50: Củ Gừng | B50: Kg | C50: 3 | D50: 18000 | E50: =C50*D50 -> 54000
A51: Củ Hành Tây | B51: Kg | C51: 297 | D51: 10000 | E51: =C51*D51 -> 2970000
A52: Củ Hành Tây | B52: Túi 300gr | C52: 0 | E52: =C52*D52 -> 0
A53: Củ Hành Tây Trung | B53: Túi | C53: 296 | D53: 2400 | E53: =C53*D53 -> 710400
A54: Củ Khoai Lang Mật Size 23 | B54: Kg | C54: 690 | D54: 28000 | E54: =C54*D54 -> 19320000
A55: Củ Khoai Lang Mật Size 46 | B55: Kg | C55: 2880 | D55: 27000 | E55: =C55*D55 -> 77760000
A56: Củ Khoai Lang Mật Size 46 | B56: Túi | C56: 0 | E56: =C56*D56 -> 0
A57: Củ Khoai Lang Mật Size 910 | B57: Kg | C57: 800 | D57: 23000 | E57: =C57*D57 -> 18400000
A58: Củ Khoai Lang Nhật | B58: Kg | C58: 60 | D58: 15000 | E58: =C58*D58 -> 900000
A59: Củ Khoai Mỡ | B59: Kg | C59: 25 | D59: 24000 | E59: =C59*D59 -> 600000
A60: Củ Khoai Sâm | B60: Kg | C60: 0 | E60: =C60*D60 -> 0
A61: Củ Khoai Tây Vàng | B61: Kg | C61: 330 | D61: 16000 | E61: =C61*D61 -> 5280000
A62: Củ Khoai Tây Vàng | B62: Túi | C62: 0 | E62: =C62*D62 -> 0
A63: Củ Khoai Tây Vàng Trung | B63: Túi | C63: 16 | D63: 8000 | E63: =C63*D63 -> 128000
A64: Củ Su Hào | B64: Kg | C64: 0 | E64: =C64*D64 -> 0
A65: Đậu Cove Nhật | B65: Túi | C65: 22 | D65: 6000 | E65: =C65*D65 -> 132000
A66: Đậu Cove Trắng | B66: Kg | C66: 0 | E66: =C66*D66 -> 0
A67: Đậu Cove Trắng | B67: Túi 500gr | C67: 36 | D67: 8500 | E67: =C67*D67 -> 306000
A68: Đậu Đỏ | B68: Kg | C68: 0.5 | D68: 80000 | E68: =C68*D68 -> 40000
A69: Đậu Ngự | B69: Kg | C69: 0.5 | D69: 70000 | E69: =C69*D69 -> 35000
A70: Đậu Trắng | B70: Kg | C70: 0.5 | D70: 70000 | E70: =C70*D70 -> 35000
A71: Dưa Leo Baby | B71: Kg | C71: 0 | E71: =C71*D71 -> 0
A72: Dưa Leo Baby | B72: Vỉ | C72: 12 | D72: 6000 | E72: =C72*D72 -> 72000
A73: Dưa Leo Nhật | B73: Kg | C73: 0 | E73: =C73*D73 -> 0
A74: Dưa Leo Thường | B74: Kg | C74: 18 | D74: 16000 | E74: =C74*D74 -> 288000
A75: Hành Paro | B75: Cây | C75: 0 | E75: =C75*D75 -> 0
A76: Hành Paro | B76: Kg | C76: 0 | E76: =C76*D76 -> 0
A77: Hạt Dẻ Ngố | B77: Kg | C77: 2270 | D77: 27600 | E77: =C77*D77 -> 62652000
A78: Hồng Treo Gió | B78: Hộp | C78: 0 | E78: =C78*D78 -> 0
A79: Lá Mè | B79: Túi | C79: 0 | E79: =C79*D79 -> 0
A80: Lá Nha Đam | B80: Kg | C80: 7 | D80: 14000 | E80: =C80*D80 -> 98000
A81: Ớt Chuông Ba Màu | B81: Vỉ | C81: 0 | E81: =C81*D81 -> 0
A82: Ớt Chuông Baby | B82: Hộp | C82: 0 | E82: =C82*D82 -> 0
A83: Ớt Chuông Baby | B83: Kg | C83: 5 | D83: 38000 | E83: =C83*D83 -> 190000
A84: Ớt Chuông Đỏ | B84: Kg | C84: 204 | D84: 42000 | E84: =C84*D84 -> 8568000
A85: Ớt Chuông Đỏ | B85: Trái | C85: 0 | E85: =C85*D85 -> 0
A86: Ớt Chuông Đỏ Trung | B86: Kg | C86: 20 | D86: 37000 | E86: =C86*D86 -> 740000
A87: Ớt Chuông Vàng | B87: Kg | C87: 176 | D87: 30000 | E87: =C87*D87 -> 5280000
A88: Ớt Chuông Vàng | B88: Trái | C88: 0 | E88: =C88*D88 -> 0
A89: Ớt Chuông Vàng Trung | B89: Kg | C89: 5 | D89: 25000 | E89: =C89*D89 -> 125000
A90: Ớt Chuông Xanh | B90: Kg | C90: 67 | D90: 30000 | E90: =C90*D90 -> 2010000
A91: Ớt Chuông Xanh | B91: Trái | C91: 0 | E91: =C91*D91 -> 0
A92: Ớt Chuông Xanh Trung | B92: Kg | C92: 20 | D92: 25000 | E92: =C92*D92 -> 500000
A93: Ớt Sweet Palemo | B93: Túi | C93: 0 | E93: =C93*D93 -> 0
A94: Rau Bầu Đất | B94: Túi | C94: 0 | E94: =C94*D94 -> 0
A95: Trái Bưởi Diễn | B95: Trái | C95: 1222 | D95: 8000 | E95: =C95*D95 -> 9776000
A96: Trái Bưởi Đường | B96: Trái | C96: 410 | D96: 11361 | E96: =C96*D96 -> 4658010
A97: Trái Bưởi Tiến Vua | B97: Trái | C97: 32 | D97: 9500 | E97: =C97*D97 -> 304000
A98: Trái Cam Canh | B98: Kg | C98: 4028 | D98: 24000 | E98: =C98*D98 -> 96672000
A99: Trái Khổ Qua | B99: Kg | C99: 30 | D99: 20000 | E99: =C99*D99 -> 600000
A100: Trái Phật Thủ | B100: Trái | C100: 1902 | D100: 36000 | E100: =C100*D100 -> 68472000
...

Sheet 23.1
A1: hàng tồn cuối ngày 23/1 vr
A2: Tên Sản phẩm | B2: ĐVT | C2: tồn | D2: giá | E2: thành tiền
A3: Cà Rốt | B3: Kg | C3: 80 | D3: 9500 | E3: =C3*D3 -> 760000
A4: Cà Rốt | B4: Túi | C4: 0 | E4: =C4*D4 -> 0
A5: Cà Rốt Baby | B5: Vỉ | C5: 15 | D5: 6000 | E5: =C5*D5 -> 90000
A6: Củ Cải Đỏ | B6: Hộp | C6: 0 | E6: =C6*D6 -> 0
A7: Củ Dền | B7: Kg | C7: 35 | D7: 11000 | E7: =C7*D7 -> 385000
A8: Củ Dền | B8: Túi | C8: 0 | E8: =C8*D8 -> 0
A9: Củ Hành Tây | B9: Kg | C9: 236 | D9: 10000 | E9: =C9*D9 -> 2360000
A10: Củ Hành Tây | B10: Túi 300gr | C10: 0 | E10: =C10*D10 -> 0
A11: Củ Hành Tây Trung | B11: Túi | C11: 100 | D11: 2400 | E11: =C11*D11 -> 240000
A12: Củ Khoai Lang Mật Size 46 | B12: Kg | C12: 2860 | D12: 27000 | E12: =C12*D12 -> 77220000
A13: Củ Khoai Lang Mật Size 46 | B13: Túi | C13: 0 | E13: =C13*D13 -> 0
A14: Củ Khoai Lang Nhật | B14: Kg | C14: 120 | D14: 15000 | E14: =C14*D14 -> 1800000
A15: Củ Khoai Tây Vàng | B15: Kg | C15: 640 | D15: 16000 | E15: =C15*D15 -> 10240000
A16: Củ Khoai Tây Vàng | B16: Túi | C16: 0 | E16: =C16*D16 -> 0
A17: Bông Cải Xanh Baby | B17: Vỉ | C17: 20 | D17: 6000 | E17: =C17*D17 -> 120000
A18: Bắp Cải Trắng | B18: Kg | C18: 299 | D18: 6000 | E18: =C18*D18 -> 1794000
A19: Cải Bó Xôi | B19: Kg | C19: 0 | E19: =C19*D19 -> 0
A20: Cải Bó Xôi | B20: Túi | C20: 0 | E20: =C20*D20 -> 0
A21: Cải Kale | B21: Kg | C21: 0 | E21: =C21*D21 -> 0
A22: Cải Kale | B22: Túi | C22: 20 | D22: 4300 | E22: =C22*D22 -> 86000
A23: Cải Thảo | B23: Kg | C23: 35 | D23: 6000 | E23: =C23*D23 -> 210000
A24: Cần Tây | B24: Cây | C24: 0 | E24: =C24*D24 -> 0
A25: Cần Tây | B25: Kg | C25: 35 | D25: 11000 | E25: =C25*D25 -> 385000
A26: Xà Lách Lolo Xanh T.C | B26: Kg | C26: 0 | E26: =C26*D26 -> 0
A27: Bí Đỏ Tròn | B27: Kg | C27: 114 | D27: 7800 | E27: =C27*D27 -> 889200
A28: Bí Ngòi Xanh | B28: Kg | C28: 220 | D28: 10000 | E28: =C28*D28 -> 2200000
A29: Bí Ngòi Xanh | B29: Trái | C29: 0 | E29: =C29*D29 -> 0
A30: Bí Non Nhật | B30: Kg | C30: 60 | D30: 14000 | E30: =C30*D30 -> 840000
A31: Bí Non Nhật | B31: Trái | C31: 0 | E31: =C31*D31 -> 0
A32: Cà Chua Beef | B32: Kg | C32: 176 | D32: 17000 | E32: =C32*D32 -> 2992000
A33: Cà Chua Beef | B33: Vỉ | C33: 0 | E33: =C33*D33 -> 0
A34: Cà Chua Thường | B34: Kg | C34: 280 | D34: 13000 | E34: =C34*D34 -> 3640000
A35: Cà Chua Thường | B35: Vỉ | C35: 0 | E35: =C35*D35 -> 0
A36: Cà Chua Thường Trung | B36: Túi | C36: 70 | D36: 8000 | E36: =C36*D36 -> 560000
A37: Dưa Leo Baby | B37: Kg | C37: 0 | E37: =C37*D37 -> 0
A38: Dưa Leo Baby | B38: Vỉ | C38: 119 | D38: 6000 | E38: =C38*D38 -> 714000
A39: Dưa Leo Thường | B39: Kg | C39: 60 | D39: 16000 | E39: =C39*D39 -> 960000
A40: Ớt Chuông Đỏ | B40: Kg | C40: 375 | D40: 42000 | E40: =C40*D40 -> 15750000
A41: Ớt Chuông Đỏ | B41: Trái | C41: 0 | E41: =C41*D41 -> 0
A42: Ớt Chuông Vàng | B42: Kg | C42: 224 | D42: 30000 | E42: =C42*D42 -> 6720000
A43: Ớt Chuông Vàng | B43: Trái | C43: 0 | E43: =C43*D43 -> 0
A44: Ớt Chuông Xanh | B44: Kg | C44: 60 | D44: 35000 | E44: =C44*D44 -> 2100000
A45: Ớt Chuông Xanh | B45: Trái | C45: 0 | E45: =C45*D45 -> 0
A46: Bơ Booth | B46: Kg | C46: 0 | E46: =C46*D46 -> 0
A47: Ớt Chuông Ba Màu | B47: Vỉ | C47: 0 | E47: =C47*D47 -> 0
A48: Củ Khoai Lang Mật Size 23 | B48: Kg | C48: 1110 | D48: 28000 | E48: =C48*D48 -> 31080000
A49: Cà Chua Bi Đỏ | B49: Kg | C49: 0 | E49: =C49*D49 -> 0
A50: Cà Chua Bi Đỏ | B50: Hộp 300gr | C50: 74 | D50: 5400 | E50: =C50*D50 -> 399600
A51: Củ Khoai Sâm | B51: Kg | C51: 0 | E51: =C51*D51 -> 0
A52: Hạt Dẻ Ngố | B52: Kg | C52: 2270 | D52: 27600 | E52: =C52*D52 -> 62652000
A53: Bắp Cải Tím | B53: Kg | C53: 15 | D53: 8000 | E53: =C53*D53 -> 120000
A54: Bắp Cải Trái Tim | B54: Kg | C54: 685 | D54: 4000 | E54: =C54*D54 -> 2740000
A55: Bông Cải Trắng | B55: Kg | C55: 0 | E55: =C55*D55 -> 0
A56: Bông Cải Xanh 10Cm | B56: Kg | C56: 0 | E56: =C56*D56 -> 0
A57: Cà Chua Beef Trung | B57: Kg | C57: 33 | D57: 14000 | E57: =C57*D57 -> 462000
A58: Cà Chua Beef Trung | B58: Vỉ 500gr | C58: 58 | D58: 8000 | E58: =C58*D58 -> 464000
A59: Cà Chua Bi Mix | B59: Hộp | C59: 0 | E59: =C59*D59 -> 0
A60: Cà Chua Socola | B60: Kg | C60: 0 | E60: =C60*D60 -> 0
A61: Cà Chua Socola | B61: Hộp 250GR | C61: 235 | D61: 9500 | E61: =C61*D61 -> 2232500
A62: Cà Tím | B62: Kg | C62: 85 | D62: 8000 | E62: =C62*D62 -> 680000
A63: Cà Tím | B63: Cặp | C63: 0 | E63: =C63*D63 -> 0
A64: Cải Cầu Vồng | B64: Kg | C64: 0 | E64: =C64*D64 -> 0
A65: Cải Cầu Vồng | B65: Túi | C65: 7 | D65: 5000 | E65: =C65*D65 -> 35000
A66: Củ Khoai Mỡ | B66: Kg | C66: 40 | D66: 24000 | E66: =C66*D66 -> 960000
A67: Chuối Laba | B67: Kg | C67: 20 | D67: 14000 | E67: =C67*D67 -> 280000
A68: Củ Cải Trắng | B68: Kg | C68: 25 | D68: 6000 | E68: =C68*D68 -> 150000
A69: Củ Gừng | B69: Kg | C69: 0 | E69: =C69*D69 -> 0
A70: Củ Su Hào | B70: Kg | C70: 0 | E70: =C70*D70 -> 0
A71: Đậu Cove Nhật | B71: Túi | C71: 0 | E71: =C71*D71 -> 0
A72: Đậu Cove Trắng | B72: Kg | C72: 0 | E72: =C72*D72 -> 0
A73: Đậu Cove Trắng | B73: Túi 500gr | C73: 38 | D73: 9000 | E73: =C73*D73 -> 342000
A74: Đậu Đỏ | B74: Kg | C74: 2 | D74: 80000 | E74: =C74*D74 -> 160000
A75: Đậu Ngự | B75: Kg | C75: 2 | D75: 70000 | E75: =C75*D75 -> 140000
A76: Đậu Trắng | B76: Kg | C76: 2 | D76: 70000 | E76: =C76*D76 -> 140000
A77: Hành Paro | B77: Cây | C77: 0 | E77: =C77*D77 -> 0
A78: Hành Paro | B78: Kg | C78: 0 | E78: =C78*D78 -> 0
A79: Trái Khổ Qua | B79: Kg | C79: 70 | D79: 20000 | E79: =C79*D79 -> 1400000
A80: Lá Mè | B80: Túi | C80: 18 | D80: 3400 | E80: =C80*D80 -> 61200
A81: Lá Nha Đam | B81: Kg | C81: 0 | E81: =C81*D81 -> 0
A82: Ớt Chuông Baby | B82: Hộp | C82: 0 | E82: =C82*D82 -> 0
A83: Ớt Chuông Baby | B83: Kg | C83: 0 | E83: =C83*D83 -> 0
A84: Ớt Sweet Palemo | B84: Kg | C84: 35 | D84: 50000 | E84: =C84*D84 -> 1750000
A85: Ớt Sweet Palemo | B85: Túi | C85: 90 | D85: 16000 | E85: =C85*D85 -> 1440000
A86: Trái Su Su | B86: Kg | C86: 215 | D86: 10000 | E86: =C86*D86 -> 2150000
A87: Trái Bưởi Diễn | B87: Trái | C87: 822 | D87: 8000 | E87: =C87*D87 -> 6576000
A88: Trái Cam Canh | B88: Kg | C88: 4340 | D88: 24000 | E88: =C88*D88 -> 104160000
A89: Xà Lách Mỡ T.C | B89: Kg | C89: 0 | E89: =C89*D89 -> 0
A90: Xà Lách Romaine T.C | B90: Kg | C90: 0 | E90: =C90*D90 -> 0
A91: Xà Lách Thủy Tinh T.C | B91: Kg | C91: 5 | D91: 30000 | E91: =C91*D91 -> 150000
A92: Bông Cải Xanh 7Cm | B92: Kg | C92: 40 | D92: 21000 | E92: =C92*D92 -> 840000
A93: Bí Ngòi Vàng | B93: Kg | C93: 1 | D93: 12000 | E93: =C93*D93 -> 12000
A94: Đậu Hà Lan Trái | B94: Kg | C94: 0 | E94: =C94*D94 -> 0
A95: Xà Lách Carol | B95: Kg | C95: 0 | E95: =C95*D95 -> 0
A96: Bí Đỏ Hồ Lô | B96: Kg | C96: 0 | E96: =C96*D96 -> 0
A97: Xà Lách Mỡ T.C Cây | B97: Cây | C97: 0 | E97: =C97*D97 -> 0
A98: Củ Khoai Tây Vàng Trung | B98: Túi | C98: 20 | D98: 8000 | E98: =C98*D98 -> 160000
A99: Xà Lách Thủy Tinh T.C Cây | B99: Cây | C99: 0 | E99: =C99*D99 -> 0
A100: Rau Bầu Đất | B100: Túi | C100: 0 | E100: =C100*D100 -> 0
...

Sheet 24.1
A1: hàng tồn cuối ngày 24/1 vr
A2: Tên Sản phẩm | B2: ĐVT | C2: tồn | D2: giá | E2: thành tiền
A3: Cà Rốt | B3: Kg | C3: 130 | D3: 10000 | E3: =C3*D3 -> 1300000
A4: Cà Rốt | B4: Túi | C4: 0 | E4: =C4*D4 -> 0
A5: Cà Rốt Baby | B5: Vỉ | C5: 0 | E5: =C5*D5 -> 0
A6: Củ Cải Đỏ | B6: Hộp | C6: 3 | D6: 11000 | E6: =C6*D6 -> 33000
A7: Củ Dền | B7: Kg | C7: 20 | D7: 11000 | E7: =C7*D7 -> 220000
A8: Củ Dền | B8: Túi | C8: 0 | E8: =C8*D8 -> 0
A9: Củ Hành Tây | B9: Kg | C9: 50 | D9: 10000 | E9: =C9*D9 -> 500000
A10: Củ Hành Tây | B10: Túi 300gr | C10: 0 | E10: =C10*D10 -> 0
A11: Củ Hành Tây Trung | B11: Túi | C11: 250 | D11: 2400 | E11: =C11*D11 -> 600000
A12: Củ Khoai Lang Mật Size 46 | B12: Kg | C12: 2380 | D12: 27000 | E12: =C12*D12 -> 64260000
A13: Củ Khoai Lang Mật Size 46 | B13: Túi | C13: 0 | E13: =C13*D13 -> 0
A14: Củ Khoai Lang Nhật | B14: Kg | C14: 1154 | D14: 15000 | E14: =C14*D14 -> 17310000
A15: Củ Khoai Tây Vàng | B15: Kg | C15: 231 | D15: 16000 | E15: =C15*D15 -> 3696000
A16: Củ Khoai Tây Vàng | B16: Túi | C16: 0 | E16: =C16*D16 -> 0
A17: Bông Cải Xanh Baby | B17: Vỉ | C17: 7 | D17: 6000 | E17: =C17*D17 -> 42000
A18: Bắp Cải Trắng | B18: Kg | C18: 0 | E18: =C18*D18 -> 0
A19: Cải Bó Xôi | B19: Kg | C19: 3 | D19: 22000 | E19: =C19*D19 -> 66000
A20: Cải Bó Xôi | B20: Túi | C20: 0 | E20: =C20*D20 -> 0
A21: Cải Kale | B21: Túi | C21: 25 | D21: 4300 | E21: =C21*D21 -> 107500
A22: Cải Thảo | B22: Kg | C22: 0 | E22: =C22*D22 -> 0
A23: Cần Tây | B23: Cây | C23: 0 | E23: =C23*D23 -> 0
A24: Cần Tây | B24: Kg | C24: 0 | E24: =C24*D24 -> 0
A25: Xà Lách Lolo Xanh T.C | B25: Kg | C25: 10 | D25: 28000 | E25: =C25*D25 -> 280000
A26: Bí Đỏ Tròn | B26: Kg | C26: 912 | D26: 11000 | E26: =C26*D26 -> 10032000
A27: Bí Ngòi Xanh | B27: Kg | C27: 233 | D27: 10000 | E27: =C27*D27 -> 2330000
A28: Bí Ngòi Xanh | B28: Trái | C28: 0 | E28: =C28*D28 -> 0
A29: Bí Ngòi Xanh | B29: Trái 250gr | C29: 0 | E29: =C29*D29 -> 0
A30: Bí Non Nhật | B30: Kg | C30: 110 | D30: 14000 | E30: =C30*D30 -> 1540000
A31: Bí Non Nhật | B31: Trái | C31: 0 | E31: =C31*D31 -> 0
A32: Cà Chua Beef | B32: Kg | C32: 212 | D32: 18000 | E32: =C32*D32 -> 3816000
A33: Cà Chua Beef | B33: Vỉ | C33: 0 | E33: =C33*D33 -> 0
A34: Cà Chua Thường | B34: Kg | C34: 30 | D34: 17000 | E34: =C34*D34 -> 510000
A35: Cà Chua Thường | B35: Vỉ | C35: 0 | E35: =C35*D35 -> 0
A36: Cà Chua Thường Trung | B36: Túi | C36: 110 | D36: 13000 | E36: =C36*D36 -> 1430000
A37: Dưa Leo Baby | B37: Kg | C37: 0 | E37: =C37*D37 -> 0
A38: Dưa Leo Baby | B38: Vỉ | C38: 25 | D38: 6500 | E38: =C38*D38 -> 162500
A39: Dưa Leo Thường | B39: Kg | C39: 40 | D39: 16000 | E39: =C39*D39 -> 640000
A40: Ớt Chuông Đỏ | B40: Kg | C40: 308 | D40: 42000 | E40: =C40*D40 -> 12936000
A41: Ớt Chuông Đỏ | B41: Trái | C41: 0 | E41: =C41*D41 -> 0
A42: Ớt Chuông Vàng | B42: Kg | C42: 139 | D42: 30000 | E42: =C42*D42 -> 4170000
A43: Ớt Chuông Vàng | B43: Trái | C43: 0 | E43: =C43*D43 -> 0
A44: Ớt Chuông Xanh | B44: Kg | C44: 93 | D44: 35000 | E44: =C44*D44 -> 3255000
A45: Ớt Chuông Xanh | B45: Trái | C45: 0 | E45: =C45*D45 -> 0
A46: Bơ Booth | B46: Kg | C46: 0 | E46: =C46*D46 -> 0
A47: Ớt Chuông Ba Màu | B47: Vỉ | C47: 0 | E47: =C47*D47 -> 0
A48: Củ Khoai Lang Mật Size 23 | B48: Kg | C48: 1515 | D48: 28000 | E48: =C48*D48 -> 42420000
A49: Cà Chua Bi Đỏ | B49: Kg | C49: 0 | E49: =C49*D49 -> 0
A50: Cà Chua Bi Đỏ | B50: Hộp 300gr | C50: 50 | D50: 5400 | E50: =C50*D50 -> 270000
A51: Củ Khoai Sâm | B51: Kg | C51: 0 | E51: =C51*D51 -> 0
A52: Hạt Dẻ Ngố | B52: Kg | C52: 1670 | D52: 27600 | E52: =C52*D52 -> 46092000
A53: Bắp Cải Tím | B53: Kg | C53: 0 | E53: =C53*D53 -> 0
A54: Bắp Cải Trái Tim | B54: Kg | C54: 0 | E54: =C54*D54 -> 0
A55: Bông Cải Trắng | B55: Kg | C55: 0 | E55: =C55*D55 -> 0
A56: Bông Cải Xanh 10Cm | B56: Kg | C56: 75 | D56: 12000 | E56: =C56*D56 -> 900000
A57: Cà Chua Beef Trung | B57: Kg | C57: 16 | D57: 16000 | E57: =C57*D57 -> 256000
A58: Cà Chua Beef Trung | B58: Vỉ 500gr | C58: 0 | E58: =C58*D58 -> 0
A59: Cà Chua Bi Mix | B59: Hộp | C59: 0 | E59: =C59*D59 -> 0
A60: Cà Chua Socola | B60: Kg | C60: 0 | E60: =C60*D60 -> 0
A61: Cà Chua Socola | B61: Hộp 250GR | C61: 140 | D61: 10000 | E61: =C61*D61 -> 1400000
A62: Cà Tím | B62: Kg | C62: 100 | D62: 10000 | E62: =C62*D62 -> 1000000
A63: Cà Tím | B63: Cặp | C63: 0 | E63: =C63*D63 -> 0
A64: Cải Cầu Vồng | B64: Túi | C64: 10 | D64: 5000 | E64: =C64*D64 -> 50000
A65: Củ Khoai Mỡ | B65: Kg | C65: 46 | D65: 24000 | E65: =C65*D65 -> 1104000
A66: Chuối Laba | B66: Kg | C66: 0 | E66: =C66*D66 -> 0
A67: Củ Cải Trắng | B67: Kg | C67: 35 | D67: 6000 | E67: =C67*D67 -> 210000
A68: Củ Gừng | B68: Kg | C68: 0 | E68: =C68*D68 -> 0
A69: Củ Su Hào | B69: Kg | C69: 0 | E69: =C69*D69 -> 0
A70: Đậu Cove Nhật | B70: Túi | C70: 5 | D70: 6000 | E70: =C70*D70 -> 30000
A71: Đậu Cove Trắng | B71: Kg | C71: 0 | E71: =C71*D71 -> 0
A72: Đậu Cove Trắng | B72: Túi 500gr | C72: 0 | E72: =C72*D72 -> 0
A73: Đậu Đỏ | B73: Kg | C73: 3 | D73: 80000 | E73: =C73*D73 -> 240000
A74: Đậu Ngự | B74: Kg | C74: 2.8 | D74: 70000 | E74: =C74*D74 -> 196000
A75: Đậu Trắng | B75: Kg | C75: 2.5 | D75: 70000 | E75: =C75*D75 -> 175000
A76: Hành Paro | B76: Cây | C76: 0 | E76: =C76*D76 -> 0
A77: Hành Paro | B77: Kg | C77: 20 | D77: 12000 | E77: =C77*D77 -> 240000
A78: Trái Khổ Qua | B78: Kg | C78: 65 | D78: 35000 | E78: =C78*D78 -> 2275000
A79: Lá Mè | B79: Túi | C79: 0 | E79: =C79*D79 -> 0
A80: Lá Nha Đam | B80: Kg | C80: 7 | D80: 14000 | E80: =C80*D80 -> 98000
A81: Ớt Chuông Baby | B81: Hộp | C81: 0 | E81: =C81*D81 -> 0
A82: Ớt Sweet Palemo | B82: Kg | C82: 30 | D82: 50000 | E82: =C82*D82 -> 1500000
A83: Ớt Sweet Palemo | B83: Túi | C83: 95 | D83: 16000 | E83: =C83*D83 -> 1520000
A84: Trái Su Su | B84: Kg | C84: 322 | D84: 7000 | E84: =C84*D84 -> 2254000
A85: Trái Bưởi Diễn | B85: Trái | C85: 200 | D85: 9000 | E85: =C85*D85 -> 1800000
A86: Trái Cam Canh | B86: Kg | C86: 1130 | D86: 24000 | E86: =C86*D86 -> 27120000
A87: Xà Lách Mỡ T.C | B87: Kg | C87: 0 | E87: =C87*D87 -> 0
A88: Xà Lách Romaine T.C | B88: Kg | C88: 0 | E88: =C88*D88 -> 0
A89: Xà Lách Thủy Tinh T.C | B89: Kg | C89: 3 | D89: 30000 | E89: =C89*D89 -> 90000
A90: Trái Bưởi Tiến Vua | B90: Trái | C90: 314 | D90: 100000 | E90: =C90*D90 -> 31400000
A91: Trái Phật Thủ | B91: Trái | C91: 1287 | D91: 26000 | E91: =C91*D91 -> 33462000
A92: Trái Bưởi Đường | B92: Trái | C92: 410 | D92: 11361 | E92: =C92*D92 -> 4658010
A93: Bông Cải Xanh 7Cm | B93: Kg | C93: 25 | D93: 21000 | E93: =C93*D93 -> 525000
A94: Bí Đỏ Hồ Lô | B94: Kg | C94: 185 | D94: 9500 | E94: =C94*D94 -> 1757500
A95: Xà Lách Mỡ T.C Cây | B95: Cây | C95: 0 | E95: =C95*D95 -> 0
A96: Củ Khoai Tây Vàng Trung | B96: Túi | C96: 0 | E96: =C96*D96 -> 0
A97: Xà Lách Thủy Tinh T.C Cây | B97: Cây | C97: 0 | E97: =C97*D97 -> 0
A98: Xà Lách Lolo Xanh T.C Cây | B98: Cây | C98: 0 | E98: =C98*D98 -> 0
A99: Hồng Treo Gió | B99: Hộp | C99: 0 | E99: =C99*D99 -> 0
A100: Rau Bầu Đất | B100: Túi | C100: 0 | E100: =C100*D100 -> 0
...

Sheet 25.1
A1: hàng tồn cuối ngày 25/1 vr
A2: Tên Sản phẩm | B2: ĐVT | C2: tồn | D2: giá | E2: thành tiền
A3: Cà Rốt | B3: Kg | C3: 0 | E3: =C3*D3 -> 0
A4: Cà Rốt | B4: Túi | C4: 0 | E4: =C4*D4 -> 0
A5: Cà Rốt Baby | B5: Vỉ | C5: 0 | E5: =C5*D5 -> 0
A6: Củ Cải Đỏ | B6: Hộp | C6: 0 | E6: =C6*D6 -> 0
A7: Củ Dền | B7: Kg | C7: 0 | E7: =C7*D7 -> 0
A8: Củ Dền | B8: Túi | C8: 0 | E8: =C8*D8 -> 0
A9: Củ Hành Tây | B9: Kg | C9: 382 | D9: 9000 | E9: =C9*D9 -> 3438000
A10: Củ Hành Tây | B10: Túi 300gr | C10: 0 | E10: =C10*D10 -> 0
A11: Củ Hành Tây Trung | B11: Túi | C11: 250 | D11: 2400 | E11: =C11*D11 -> 600000
A12: Củ Khoai Lang Mật Size 46 | B12: Kg | C12: 1845 | D12: 27000 | E12: =C12*D12 -> 49815000
A13: Củ Khoai Lang Mật Size 46 | B13: Túi | C13: 0 | E13: =C13*D13 -> 0
A14: Củ Khoai Lang Nhật | B14: Kg | C14: 40 | D14: 15000 | E14: =C14*D14 -> 600000
A15: Củ Khoai Tây Vàng | B15: Kg | C15: 940 | D15: 16000 | E15: =C15*D15 -> 15040000
A16: Củ Khoai Tây Vàng | B16: Túi | C16: 0 | E16: =C16*D16 -> 0
A17: Bông Cải Xanh Baby | B17: Vỉ | C17: 4 | D17: 6000 | E17: =C17*D17 -> 24000
A18: Bắp Cải Trắng | B18: Kg | C18: 330 | D18: 5500 | E18: =C18*D18 -> 1815000
A19: Cải Bó Xôi | B19: Kg | C19: 10 | D19: 22000 | E19: =C19*D19 -> 220000
A20: Cải Bó Xôi | B20: Túi | C20: 0 | E20: =C20*D20 -> 0
A21: Cải Kale | B21: Túi | C21: 34 | D21: 4300 | E21: =C21*D21 -> 146200
A22: Cải Thảo | B22: Kg | C22: 0 | E22: =C22*D22 -> 0
A23: Cần Tây | B23: Cây | C23: 0 | E23: =C23*D23 -> 0
A24: Cần Tây | B24: Kg | C24: 163 | D24: 13000 | E24: =C24*D24 -> 2119000
A25: Xà Lách Lolo Xanh T.C | B25: Kg | C25: 4 | D25: 28000 | E25: =C25*D25 -> 112000
A26: Bí Đỏ Tròn | B26: Kg | C26: 548 | D26: 11000 | E26: =C26*D26 -> 6028000
A27: Bí Ngòi Xanh | B27: Kg | C27: 178 | D27: 10000 | E27: =C27*D27 -> 1780000
A28: Bí Ngòi Xanh | B28: Trái | C28: 0 | E28: =C28*D28 -> 0
A29: Bí Non Nhật | B29: Kg | C29: 15 | D29: 14000 | E29: =C29*D29 -> 210000
A30: Bí Non Nhật | B30: Trái | C30: 0 | E30: =C30*D30 -> 0
A31: Cà Chua Beef | B31: Kg | C31: 126 | D31: 18000 | E31: =C31*D31 -> 2268000
A32: Cà Chua Beef | B32: Vỉ | C32: 0 | E32: =C32*D32 -> 0
A33: Cà Chua Thường | B33: Kg | C33: 0 | E33: =C33*D33 -> 0
A34: Cà Chua Thường | B34: Vỉ | C34: 0 | E34: =C34*D34 -> 0
A35: Cà Chua Thường Trung | B35: Túi | C35: 0 | E35: =C35*D35 -> 0
A36: Dưa Leo Baby | B36: Kg | C36: 55 | D36: 9500 | E36: =C36*D36 -> 522500
A37: Dưa Leo Baby | B37: Vỉ | C37: 100 | D37: 6500 | E37: =C37*D37 -> 650000
A38: Dưa Leo Thường | B38: Kg | C38: 45 | D38: 16000 | E38: =C38*D38 -> 720000
A39: Ớt Chuông Đỏ | B39: Kg | C39: 23 | D39: 42000 | E39: =C39*D39 -> 966000
A40: Ớt Chuông Đỏ | B40: Trái | C40: 0 | E40: =C40*D40 -> 0
A41: Ớt Chuông Vàng | B41: Kg | C41: 49 | D41: 30000 | E41: =C41*D41 -> 1470000
A42: Ớt Chuông Vàng | B42: Trái | C42: 0 | E42: =C42*D42 -> 0
A43: Ớt Chuông Xanh | B43: Kg | C43: 24 | D43: 35000 | E43: =C43*D43 -> 840000
A44: Ớt Chuông Xanh | B44: Trái | C44: 0 | E44: =C44*D44 -> 0
A45: Bơ Booth | B45: Kg | C45: 0 | E45: =C45*D45 -> 0
A46: Ớt Chuông Ba Màu | B46: Vỉ | C46: 0 | E46: =C46*D46 -> 0
A47: Củ Khoai Lang Mật Size 23 | B47: Kg | C47: 1915 | D47: 28000 | E47: =C47*D47 -> 53620000
A48: Cà Chua Bi Đỏ | B48: Kg | C48: 1.5 | D48: 18000 | E48: =C48*D48 -> 27000
A49: Cà Chua Bi Đỏ | B49: Hộp 300gr | C49: 56 | D49: 5400 | E49: =C49*D49 -> 302400
A50: Củ Khoai Sâm | B50: Kg | C50: 0 | E50: =C50*D50 -> 0
A51: Hạt Dẻ Ngố | B51: Kg | C51: 1270 | D51: 27600 | E51: =C51*D51 -> 35052000
A52: Bắp Cải Tím | B52: Kg | C52: 0 | E52: =C52*D52 -> 0
A53: Bắp Cải Trái Tim | B53: Kg | C53: 376 | D53: 4000 | E53: =C53*D53 -> 1504000
A54: Bông Cải Trắng | B54: Kg | C54: 7 | D54: 12000 | E54: =C54*D54 -> 84000
A55: Bông Cải Xanh 10Cm | B55: Kg | C55: 0 | E55: =C55*D55 -> 0
A56: Cà Chua Beef Trung | B56: Kg | C56: 25 | D56: 16000 | E56: =C56*D56 -> 400000
A57: Cà Chua Beef Trung | B57: Vỉ 500gr | C57: 0 | E57: =C57*D57 -> 0
A58: Cà Chua Bi Mix | B58: Hộp | C58: 26 | D58: 11100 | E58: =C58*D58 -> 288600
A59: Cà Chua Socola | B59: Kg | C59: 0 | E59: =C59*D59 -> 0
A60: Cà Chua Socola | B60: Hộp 250GR | C60: 205 | D60: 9500 | E60: =C60*D60 -> 1947500
A61: Cà Tím | B61: Kg | C61: 89 | D61: 8000 | E61: =C61*D61 -> 712000
A62: Cà Tím | B62: Cặp | C62: 0 | E62: =C62*D62 -> 0
A63: Cải Cầu Vồng | B63: Túi | C63: 30 | D63: 5000 | E63: =C63*D63 -> 150000
A64: Củ Khoai Mỡ | B64: Kg | C64: 8 | D64: 24000 | E64: =C64*D64 -> 192000
A65: Chuối Laba | B65: Kg | C65: 27 | D65: 14000 | E65: =C65*D65 -> 378000
A66: Củ Cải Trắng | B66: Kg | C66: 28 | D66: 6000 | E66: =C66*D66 -> 168000
A67: Củ Gừng | B67: Kg | C67: 5 | D67: 18000 | E67: =C67*D67 -> 90000
A68: Củ Su Hào | B68: Kg | C68: 0 | E68: =C68*D68 -> 0
A69: Đậu Cove Nhật | B69: Túi | C69: 5 | D69: 6000 | E69: =C69*D69 -> 30000
A70: Đậu Cove Trắng | B70: Kg | C70: 0 | E70: =C70*D70 -> 0
A71: Đậu Cove Trắng | B71: Túi 500gr | C71: 0 | E71: =C71*D71 -> 0
A72: Đậu Đỏ | B72: Kg | C72: 3 | D72: 80000 | E72: =C72*D72 -> 240000
A73: Đậu Ngự | B73: Kg | C73: 3 | D73: 70000 | E73: =C73*D73 -> 210000
A74: Đậu Trắng | B74: Kg | C74: 3 | D74: 70000 | E74: =C74*D74 -> 210000
A75: Hành Paro | B75: Cây | C75: 0 | E75: =C75*D75 -> 0
A76: Hành Paro | B76: Kg | C76: 0 | E76: =C76*D76 -> 0
A77: Trái Khổ Qua | B77: Kg | C77: 0 | E77: =C77*D77 -> 0
A78: Lá Mè | B78: Túi | C78: 0 | E78: =C78*D78 -> 0
A79: Lá Nha Đam | B79: Kg | C79: 0 | E79: =C79*D79 -> 0
A80: Ớt Chuông Baby | B80: Hộp | C80: 0 | E80: =C80*D80 -> 0
A81: Ớt Sweet Palemo | B81: Kg | C81: 30 | D81: 50000 | E81: =C81*D81 -> 1500000
A82: Ớt Sweet Palemo | B82: Túi | C82: 195 | D82: 17000 | E82: =C82*D82 -> 3315000
A83: Trái Su Su | B83: Kg | C83: 347 | D83: 8500 | E83: =C83*D83 -> 2949500
A84: Trái Bưởi Diễn | B84: Trái | C84: 1200 | D84: 9000 | E84: =C84*D84 -> 10800000
A85: Trái Cam Canh | B85: Kg | C85: 1940 | D85: 24000 | E85: =C85*D85 -> 46560000
A86: Xà Lách Mỡ T.C | B86: Kg | C86: 0 | E86: =C86*D86 -> 0
A87: Xà Lách Romaine T.C | B87: Kg | C87: 0 | E87: =C87*D87 -> 0
A88: Xà Lách Thủy Tinh T.C | B88: Kg | C88: 2 | D88: 30000 | E88: =C88*D88 -> 60000
A89: Trái Phật Thủ | B89: Trái | C89: 641 | D89: 26000 | E89: =C89*D89 -> 16666000
A90: Bông Cải Xanh 7Cm | B90: Kg | C90: 0 | E90: =C90*D90 -> 0
A91: Bí Đỏ Hồ Lô | B91: Kg | C91: 150 | D91: 9500 | E91: =C91*D91 -> 1425000
A92: Xà Lách Mỡ T.C Cây | B92: Cây | C92: 0 | E92: =C92*D92 -> 0
A93: Củ Khoai Tây Vàng Trung | B93: Túi | C93: 0 | E93: =C93*D93 -> 0
A94: Xà Lách Thủy Tinh T.C Cây | B94: Cây | C94: 0 | E94: =C94*D94 -> 0
A95: Xà Lách Lolo Xanh T.C Cây | B95: Cây | C95: 0 | E95: =C95*D95 -> 0
A96: Rau Bầu Đất | B96: Túi | C96: 0 | E96: =C96*D96 -> 0
A97: Củ Khoai Tây Bi Vàng | B97: Túi | C97: 0 | E97: =C97*D97 -> 0
A98: Bông Cải Xanh 12Cm | B98: Kg | C98: 0 | E98: =C98*D98 -> 0
A99: Xà Lách Lolo Xanh | B99: Kg | C99: 42 | D99: 13000 | E99: =C99*D99 -> 546000
A100: Dưa Leo Nhật | B100: Kg | C100: 0 | E100: =C100*D100 -> 0
...

Sheet 26.1
A1: Tên Sản phẩm KQ | B1: ĐVT | C1: Tồn ĐL 現在個 | D1: Gía nhập | E1: Thành tiền
A2: Bắp Cải Tím | B2: Kg | C2: 7 | D2: 8000 | E2: =+D2*C2 -> 56000
A3: Bắp Cải Trái Tim | B3: Kg | C3: 318 | D3: =VLOOKUP(A3,'25.1'!A10:E149,4,0) -> 4000 | E3: =+D3*C3 -> 1272000
A4: Bắp Cải Trắng | B4: Kg | C4: 348 | D4: =VLOOKUP(A4,'25.1'!A11:E150,4,0) -> 5500 | E4: =+D4*C4 -> 1914000
A5: Bí Đao Xanh | B5: Kg | C5: 54 | D5: =VLOOKUP(A5,'25.1'!A12:E151,4,0) -> 10000 | E5: =+D5*C5 -> 540000
A6: Bí Đỏ Hồ Lô | B6: Kg | C6: 150 | D6: =VLOOKUP(A6,'25.1'!A13:E152,4,0) -> 9500 | E6: =+D6*C6 -> 1425000
A7: Bí Đỏ Tròn | B7: Kg | C7: 348 | D7: =VLOOKUP(A7,'25.1'!A14:E153,4,0) -> 11000 | E7: =+D7*C7 -> 3828000
A8: Bí Ngòi Vàng | B8: Kg | C8: 1 | D8: =VLOOKUP(A8,'25.1'!A15:E154,4,0) -> 12000 | E8: =+D8*C8 -> 12000
A9: Bí Ngòi Xanh | B9: Kg | C9: 167 | D9: =VLOOKUP(A9,'25.1'!A16:E155,4,0) -> 10000 | E9: =+D9*C9 -> 1670000
A10: Bí Ngòi Xanh | B10: Trái | C10: 0
A11: Bí Non Nhật | B11: Kg | C11: 10 | D11: =VLOOKUP(A11,'25.1'!A18:E157,4,0) -> 14000 | E11: =+D11*C11 -> 140000
A12: Bông Cải Trắng | B12: Kg | C12: 0
A13: Bông Cải Xanh 7Cm | B13: Kg | C13: 0
A14: Bông Cải Xanh Baby | B14: Vỉ | C14: 26 | D14: 6000 | E14: =+D14*C14 -> 156000
A15: Cà Chua Beef | B15: Kg | C15: 92 | D15: =VLOOKUP(A15,'25.1'!A22:E161,4,0) -> 18000 | E15: =+D15*C15 -> 1656000
A16: Cà Chua Beef | B16: Vỉ 650gr | C16: 0
A17: Cà Chua Beef 650Gr | B17: Vỉ 650gr | C17: 80 | D17: 17000 | E17: =+D17*C17 -> 1360000
A18: Cà Chua Beef Trung | B18: Kg | C18: 30 | D18: =VLOOKUP(A18,'25.1'!A25:E164,4,0) -> 16000 | E18: =+D18*C18 -> 480000
A19: Cà Chua Beef Trung | B19: Vỉ 500gr | C19: 74 | D19: =VLOOKUP(A19,'25.1'!A26:E165,4,0) -> 16000 | E19: =+D19*C19 -> 1184000
A20: Cà Chua Bi Đỏ | B20: Hộp 300gr | C20: 103 | D20: =VLOOKUP(A20,'25.1'!A27:E166,4,0)*0.3 -> 5400 | E20: =+D20*C20 -> 556200
A21: Cà Chua Bi Mix | B21: Hộp | C21: 25 | D21: =VLOOKUP(A21,'25.1'!A28:E167,4,0) -> 11100 | E21: =+D21*C21 -> 277500
A22: Cà Chua Socola | B22: Hộp 250GR | C22: 0
A23: Cà Chua Thường | B23: Kg | C23: 494 | D23: 22000 | E23: =+D23*C23 -> 10868000
A24: Cà Chua Thường | B24: Vỉ | C24: 0
A25: Cà Chua Thường Trung | B25: Túi | C25: 215 | D25: 18000 | E25: =+D25*C25 -> 3870000
A26: Cà Rốt | B26: Kg | C26: 61 | D26: =VLOOKUP(A26,'25.1'!A33:E172,4,0) -> 10000 | E26: =+D26*C26 -> 610000
A27: Cà Rốt | B27: Túi | C27: 0
A28: Cà Rốt Baby | B28: Vỉ | C28: 9 | D28: 8000 | E28: =+D28*C28 -> 72000
A29: Cà Tím | B29: Kg | C29: 95 | D29: =VLOOKUP(A29,'25.1'!A36:E175,4,0) -> 8000 | E29: =+D29*C29 -> 760000
A30: Cà Tím | B30: Cặp | C30: 0
A31: Cải Bó Xôi | B31: Kg | C31: 19 | D31: 22000 | E31: =+D31*C31 -> 418000
A32: Cải Bó Xôi | B32: Túi | C32: 0
A33: Cải Cầu Vồng | B33: Túi | C33: 37 | D33: =VLOOKUP(A33,'25.1'!A40:E179,4,0) -> 5000 | E33: =+D33*C33 -> 185000
A34: Cải Kale | B34: Túi | C34: 42 | D34: 4300 | E34: =+D34*C34 -> 180600
A35: Cải Thảo | B35: Kg | C35: 0
A36: Cần Tây | B36: Cây | C36: 0
A37: Cần Tây | B37: Kg | C37: 100 | D37: =VLOOKUP(A37,'25.1'!A44:E183,4,0) -> 13000 | E37: =+D37*C37 -> 1300000
A38: Chuối Laba | B38: Kg | C38: 93 | D38: =VLOOKUP(A38,'25.1'!A45:E184,4,0) -> 14000 | E38: =+D38*C38 -> 1302000
A39: Củ Cải Muối | B39: Kg | C39: 2 | D39: =VLOOKUP(A39,'25.1'!A46:E185,4,0) -> 16000 | E39: =+D39*C39 -> 32000
A40: Củ Cải Trắng | B40: Kg | C40: 0
A41: Củ Dền | B41: Kg | C41: 30 | D41: 11000 | E41: =+D41*C41 -> 330000
A42: Củ Dền | B42: Túi | C42: 0
A43: Củ Gừng | B43: Kg | C43: 7 | D43: =VLOOKUP(A43,'27.1'!A2:D143,4,0) -> 18000 | E43: =+D43*C43 -> 126000
A44: Củ Hành Tây | B44: Kg | C44: 347 | D44: =VLOOKUP(A44,'27.1'!A3:D144,4,0) -> 10000 | E44: =+D44*C44 -> 3470000
A45: Củ Hành Tây | B45: Túi 300gr | C45: 0
A46: Củ Hành Tây Trung | B46: Túi | C46: 380 | D46: =VLOOKUP(A46,'27.1'!A5:D146,4,0) -> 2400 | E46: =+D46*C46 -> 912000
A47: Củ Khoai Lang Mật Size 23 | B47: Kg | C47: 1400 | D47: 28000 | E47: =+D47*C47 -> 39200000
A48: Củ Khoai Lang Mật Size 46 | B48: Kg | C48: 1940 | D48: 27000 | E48: =+D48*C48 -> 52380000
A49: Củ Khoai Lang Mật Size 46 | B49: Túi | C49: 0
A50: Củ Khoai Lang Mật XÔ | B50: Kg | C50: 350 | D50: 27000 | E50: =+D50*C50 -> 9450000
A51: Củ Khoai Lang Nhật | B51: Kg | C51: 76 | D51: =VLOOKUP(A51,'27.1'!A10:D151,4,0) -> 16000 | E51: =+D51*C51 -> 1216000
A52: Củ Khoai Mỡ | B52: Kg | C52: 8 | D52: =VLOOKUP(A52,'27.1'!A11:D152,4,0) -> 24000 | E52: =+D52*C52 -> 192000
A53: Củ Khoai Tây Bi Vàng | B53: Túi | C53: 0
A54: Củ Khoai Tây Vàng | B54: Kg | C54: 0
A55: Củ Khoai Tây Vàng | B55: Túi | C55: 0
A56: Củ Khoai Tây Vàng Trung | B56: Túi | C56: 300 | D56: =VLOOKUP(A56,'27.1'!A15:D156,4,0) -> 14000 | E56: =+D56*C56 -> 4200000
A57: Củ Su Hào | B57: Kg | C57: 0
A58: Đậu Cove Nhật | B58: Túi | C58: 7 | D58: 6000 | E58: =+D58*C58 -> 42000
A59: Đậu Cove Trắng | B59: Túi 500gr | C59: 25 | D59: 13000 | E59: =+D59*C59 -> 325000
A60: Đậu Đỏ | B60: Kg | C60: 3 | D60: 80000 | E60: =+D60*C60 -> 240000
A61: Đậu Ngự | B61: Kg | C61: 3 | D61: 70000 | E61: =+D61*C61 -> 210000
A62: Đậu Trắng | B62: Kg | C62: 3 | D62: 70000 | E62: =+D62*C62 -> 210000
A63: Dưa Leo Baby | B63: Kg | C63: 145 | D63: =VLOOKUP(A63,'27.1'!A22:D163,4,0) -> 6500 | E63: =+D63*C63 -> 942500
A64: Dưa Leo Baby | B64: Vỉ | C64: 0
A65: Dưa Leo Nhật | B65: Kg | C65: 4 | D65: =VLOOKUP(A65,'27.1'!A24:D165,4,0) -> 18000 | E65: =+D65*C65 -> 72000
A66: Dưa Leo Thường | B66: Kg | C66: 100 | D66: =VLOOKUP(A66,'27.1'!A25:D166,4,0) -> 16000 | E66: =+D66*C66 -> 1600000
A67: Hành Paro | B67: Cây | C67: 0
A68: Hành Paro | B68: Kg | C68: 5 | D68: 14000 | E68: =+D68*C68 -> 70000
A69: Hạt Dẻ Ngố | B69: Kg | C69: 820 | D69: 27600 | E69: =+D69*C69 -> 22632000
A70: Lá Mè | B70: Túi | C70: 140 | D70: =VLOOKUP(A70,'27.1'!A29:D170,4,0) -> 3200 | E70: =+D70*C70 -> 448000
A71: Lá Nha Đam | B71: Kg | C71: 7 | D71: =VLOOKUP(A71,'27.1'!A30:D171,4,0) -> 14000 | E71: =+D71*C71 -> 98000
A72: Ớt Chuông Ba Màu | B72: Vỉ | C72: 0
A73: Ớt Chuông Đỏ | B73: Kg | C73: 6 | D73: =VLOOKUP(A73,'27.1'!A32:D173,4,0) -> 40000 | E73: =+D73*C73 -> 240000
A74: Ớt Chuông Đỏ | B74: Trái | C74: 0
A75: Ớt Chuông Đỏ Trung | B75: Kg | C75: 20 | D75: 29000 | E75: =+D75*C75 -> 580000
A76: Ớt Chuông Vàng | B76: Kg | C76: 68 | D76: 26000 | E76: =+D76*C76 -> 1768000
A77: Ớt Chuông Vàng | B77: Trái | C77: 0
A78: Ớt Chuông Vàng Trung | B78: Kg | C78: 10 | D78: 21000 | E78: =+D78*C78 -> 210000
A79: Ớt Chuông Xanh | B79: Kg | C79: 23 | D79: 26000 | E79: =+D79*C79 -> 598000
A80: Ớt Chuông Xanh | B80: Trái | C80: 0
A81: Ớt Sweet Palemo | B81: Túi | C81: 26 | D81: =VLOOKUP(A81,'27.1'!A40:D181,4,0) -> 18000 | E81: =+D81*C81 -> 468000
A82: Rau Bầu Đất | B82: Túi | C82: 0
A83: Trái Bưởi Diễn | B83: Trái | C83: 30 | D83: =VLOOKUP(A83,'27.1'!A42:D183,4,0) -> 9000 | E83: =+D83*C83 -> 270000
A84: Trái Bưởi Đường | B84: Trái | C84: 270 | D84: 11361 | E84: =+D84*C84 -> 3067470
A85: Trái Cam Canh | B85: Kg | C85: 0
A86: Trái Khổ Qua | B86: Kg | C86: 0
A87: Trái Phật Thủ | B87: Trái | C87: 22 | D87: 26000 | E87: =+D87*C87 -> 572000
A88: Trái Su Su | B88: Kg | C88: 263 | D88: =VLOOKUP(A88,'27.1'!A47:D188,4,0) -> 8000 | E88: =+D88*C88 -> 2104000
A89: Xà Lách Lolo Xanh | B89: Kg | C89: 50 | D89: =VLOOKUP(A89,'27.1'!A48:D189,4,0) -> 25000 | E89: =+D89*C89 -> 1250000
A90: Xà Lách Lolo Xanh T.C | B90: Kg | C90: 6 | D90: 26000 | E90: =+D90*C90 -> 156000
A91: Xà Lách Lolo Xanh T.C Cây | B91: Cây | C91: 0
A92: Xà Lách Mỡ T.C Cây | B92: Cây | C92: 0
A93: Xà Lách Thủy Tinh T.C | B93: Kg | C93: 20 | D93: 26000 | E93: =+D93*C93 -> 520000
A94: Xà Lách Thủy Tinh T.C Cây | B94: Cây | C94: 0
A95: #N/A | B95: 0 | C95: 9914 | D95: 9914 | E95: =SUBTOTAL(9,E2:E93) -> 186293270
A96: Tên Sản phẩm KQ | B96: ĐVT | C96: Tồn ĐL 現在個 | D96: Gía nhập | E96: Thành tiền
A97: Bắp Cải Tím | B97: Kg | C97: 5.5 | D97: =VLOOKUP(A97,'27.1'!A56:D197,4,0) -> 8000 | E97: =+D97*C97 -> 44000
A98: Bắp Cải Trái Tim | B98: Kg | C98: 22 | D98: =VLOOKUP(A98,'27.1'!A57:D198,4,0) -> 4000 | E98: =+D98*C98 -> 88000
A99: Bắp Cải Trắng | B99: Kg | C99: 0
A100: Bí Đao Xanh | B100: Kg | C100: 11 | D100: =VLOOKUP(A100,'27.1'!A59:D200,4,0) -> 10000 | E100: =+D100*C100 -> 110000
...

Sheet 27.1
A1: Tên Sản phẩm VR | B1: ĐVT | C1: Tồn ĐL 現在個 | D1: Gía nhập | E1: Thành tiền
A2: Bắp Cải Tím | B2: Kg | C2: 9 | D2: 8000 | E2: 72000
A3: Bắp Cải Trái Tim | B3: Kg | C3: 180 | D3: 4000 | E3: 720000
A4: Bắp Cải Trắng | B4: Kg | C4: 980 | D4: 5500 | E4: 5390000
A5: Bí Đao Xanh | B5: Kg | C5: 35 | D5: 10000 | E5: 350000
A6: Bí Đỏ Hồ Lô | B6: Kg | C6: 205 | D6: 9500 | E6: 1947500
A7: Bí Đỏ Tròn | B7: Kg | C7: 1380 | D7: 11000 | E7: 15180000
A8: Bí Ngòi Vàng | B8: Kg | C8: 2 | D8: 15000 | E8: 30000
A9: Bí Ngòi Xanh | B9: Kg | C9: 190 | D9: 13000 | E9: 2470000
A10: Bí Ngòi Xanh | B10: Trái | C10: 0
A11: Bí Non Nhật | B11: Kg | C11: 60 | D11: 10000 | E11: 600000
A12: Bí Non Nhật | B12: Trái | C12: 0
A13: Bơ Booth | B13: Kg | C13: 0
A14: Bông Cải Trắng | B14: Kg | C14: 0
A15: Bông Cải Xanh 10Cm | B15: Kg | C15: 0
A16: Bông Cải Xanh 12Cm | B16: Kg | C16: 0
A17: Bông Cải Xanh 7Cm | B17: Kg | C17: 0
A18: Bông Cải Xanh Baby | B18: Vỉ | C18: 31 | D18: 6000 | E18: 186000
A19: Cà Chua Beef | B19: Kg | C19: 60 | D19: 16000 | E19: 960000
A20: Cà Chua Beef | B20: Vỉ | C20: 0
A21: Cà Chua Beef | B21: Vỉ 650gr | C21: 0
A22: Cà Chua Beef Trung | B22: Kg | C22: 65 | D22: 18000 | E22: 1170000
A23: Cà Chua Beef Trung | B23: Vỉ 500gr | C23: 0
A24: Cà Chua Bi Đỏ | B24: Kg | C24: 0
A25: Cà Chua Bi Đỏ | B25: Hộp 300gr | C25: 64.5 | D25: 45000 | E25: 2902500
A26: Cà Chua Bi Mix | B26: Hộp | C26: 25 | D26: 13500 | E26: 337500
A27: Cà Chua Socola | B27: Kg | C27: 0
A28: Cà Chua Socola | B28: Hộp 250GR | C28: 300 | D28: 11000 | E28: 3300000
A29: Cà Chua Thường | B29: Kg | C29: 90 | D29: 22000 | E29: 1980000
A30: Cà Chua Thường | B30: Vỉ | C30: 0
A31: Cà Chua Thường Trung | B31: Túi | C31: 180 | D31: 18000 | E31: 3240000
A32: Cà Rốt | B32: Kg | C32: 0
A33: Cà Rốt | B33: Túi | C33: 0
A34: Cà Rốt Baby | B34: Vỉ | C34: 8 | D34: 8000 | E34: 64000
A35: Cà Tím | B35: Kg | C35: 120 | D35: 8000 | E35: 960000
A36: Cà Tím | B36: Cặp | C36: 0
A37: Cải Bó Xôi | B37: Kg | C37: 15 | D37: 22000 | E37: 330000
A38: Cải Bó Xôi | B38: Túi | C38: 0
A39: Cải Cầu Vồng | B39: Túi | C39: 34 | D39: 5000 | E39: 170000
A40: Cải Kale | B40: Kg | C40: 10 | D40: 12900 | E40: 129000
A41: Cải Kale | B41: Túi | C41: 32 | D41: 4300 | E41: 137600
A42: Cải Thảo | B42: Kg | C42: 0
A43: Cải Thảo Kim Chi | B43: Kg | C43: 30 | D43: 4000 | E43: 120000
A44: Cần Tây | B44: Cây | C44: 0
A45: Cần Tây | B45: Kg | C45: 35 | D45: 18000 | E45: 630000
A46: Chuối Laba | B46: Kg | C46: 40 | D46: 14000 | E46: 560000
A47: Củ Cải Đỏ | B47: Hộp | C47: 0
A48: Củ Cải Đỏ | B48: Kg | C48: 50 | D48: 35000 | E48: 1750000
A49: Củ Cải Muối | B49: Kg | C49: 2 | D49: 16000 | E49: 32000
A50: Củ Cải Trắng | B50: Kg | C50: 0
A51: Củ Dền | B51: Kg | C51: 40 | D51: 11000 | E51: 440000
A52: Củ Dền | B52: Túi | C52: 0
A53: Củ Gừng | B53: Kg | C53: 7 | D53: 18000 | E53: 126000
A54: Củ Hành Tây | B54: Kg | C54: 295 | D54: 10000 | E54: 2950000
A55: Củ Hành Tây | B55: Túi 300gr | C55: 0
A56: Củ Hành Tây Trung | B56: Túi | C56: 380 | D56: 2400 | E56: 912000
A57: Củ Khoai Lang Mật Size 23 | B57: Kg | C57: 620 | D57: 28000 | E57: 17360000
A58: Củ Khoai Lang Mật Size 46 | B58: Kg | C58: 2250 | D58: 28000 | E58: 63000000
A59: Củ Khoai Lang Mật Size 46 | B59: Túi | C59: 0
A60: Củ Khoai Lang Mật XÔ | B60: Kg | C60: 450 | D60: 27000 | E60: 12150000
A61: Củ Khoai Lang Nhật | B61: Kg | C61: 330 | D61: 16000 | E61: 5280000
A62: Củ Khoai Mỡ | B62: Kg | C62: 8 | D62: 24000 | E62: 192000
A63: Củ Khoai Sâm | B63: Kg | C63: 0
A64: Củ Khoai Tây Bi Vàng | B64: Túi | C64: 0
A65: Củ Khoai Tây Vàng | B65: Kg | C65: 0
A66: Củ Khoai Tây Vàng | B66: Túi | C66: 0
A67: Củ Khoai Tây Vàng Trung | B67: Túi | C67: 280 | D67: 14000 | E67: 3920000
A68: Củ Su Hào | B68: Kg | C68: 0
A69: Đậu Cove Nhật | B69: Túi | C69: 0
A70: Đậu Cove Trắng | B70: Kg | C70: 0
A71: Đậu Cove Trắng | B71: Túi 500gr | C71: 0
A72: Đậu Đỏ | B72: Kg | C72: 3 | D72: 80000 | E72: 240000
A73: Đậu Ngự | B73: Kg | C73: 3 | D73: 70000 | E73: 210000
A74: Đậu Trắng | B74: Kg | C74: 3 | D74: 70000 | E74: 210000
A75: Dưa Leo Baby | B75: Kg | C75: 70 | D75: 6500 | E75: 455000
A76: Dưa Leo Baby | B76: Vỉ | C76: 525 | D76: 6500 | E76: 3412500
A77: Dưa Leo Nhật | B77: Kg | C77: 5 | D77: 18000 | E77: 90000
A78: Dưa Leo Thường | B78: Kg | C78: 11 | D78: 16000 | E78: 176000
A79: Hành Paro | B79: Cây | C79: 0
A80: Hành Paro | B80: Kg | C80: 0
A81: Hạt Dẻ Ngố | B81: Kg | C81: 0
A82: Lá Mè | B82: Túi | C82: 146 | D82: 3200 | E82: 467200
A83: Lá Mè | B83: Túi | C83: 0
A84: Lá Nha Đam | B84: Kg | C84: 5 | D84: 14000 | E84: 70000
A85: Ớt Chuông Ba Màu | B85: Vỉ | C85: 0
A86: Ớt Chuông Baby | B86: Hộp | C86: 0
A87: Ớt Chuông Baby | B87: Kg | C87: 5 | D87: 55000 | E87: 275000
A88: Ớt Chuông Đỏ | B88: Kg | C88: 83 | D88: 40000 | E88: 3320000
A89: Ớt Chuông Đỏ | B89: Trái | C89: 0
A90: Ớt Chuông Vàng | B90: Kg | C90: 0
A91: Ớt Chuông Vàng | B91: Trái | C91: 0
A92: Ớt Chuông Xanh | B92: Kg | C92: 0
A93: Ớt Chuông Xanh | B93: Trái | C93: 0
A94: Ớt Sweet Palemo | B94: Túi | C94: 20 | D94: 18000 | E94: 360000
A95: Rau Bầu Đất | B95: Túi | C95: 3 | D95: 35000 | E95: 105000
A96: Trái Bưởi Diễn | B96: Trái | C96: 370 | D96: 9000 | E96: 3330000
A97: Trái Bưởi Đường | B97: Trái | C97: 270 | D97: 11361 | E97: 3067470
A98: Trái Cam Canh | B98: Kg | C98: 0
A99: Trái Khổ Qua | B99: Kg | C99: 0
A100: Trái Su Su | B100: Kg | C100: 270 | D100: 8000 | E100: 2160000
...

Sheet 28.1
A1: Tên Sản phẩm VR | B1: ĐVT | C1: Tồn ĐL 現在個 | D1: Gía nhập | E1: Thành tiền
A2: Bắp Cải Tím | B2: Kg | C2: 9 | D2: 8000 | E2: =+D2*C2 -> 72000
A3: Bắp Cải Trái Tim | B3: Kg | C3: 180 | D3: 4000 | E3: =+D3*C3 -> 720000
A4: Bắp Cải Trắng | B4: Kg | C4: 980 | D4: 5500 | E4: =+D4*C4 -> 5390000
A5: Bí Đao Xanh | B5: Kg | C5: 35 | D5: 10000 | E5: =+D5*C5 -> 350000
A6: Bí Đỏ Hồ Lô | B6: Kg | C6: 205 | D6: 9500 | E6: =+D6*C6 -> 1947500
A7: Bí Đỏ Tròn | B7: Kg | C7: 1380 | D7: 11000 | E7: =+D7*C7 -> 15180000
A8: Bí Ngòi Vàng | B8: Kg | C8: 2 | D8: 15000 | E8: =+D8*C8 -> 30000
A9: Bí Ngòi Xanh | B9: Kg | C9: 190 | D9: 13000 | E9: =+D9*C9 -> 2470000
A10: Bí Ngòi Xanh | B10: Trái | C10: 0
A11: Bí Non Nhật | B11: Kg | C11: 60 | D11: 10000 | E11: =+D11*C11 -> 600000
A12: Bí Non Nhật | B12: Trái | C12: 0
A13: Bơ Booth | B13: Kg | C13: 0
A14: Bông Cải Trắng | B14: Kg | C14: 0
A15: Bông Cải Xanh 10Cm | B15: Kg | C15: 0
A16: Bông Cải Xanh 12Cm | B16: Kg | C16: 0
A17: Bông Cải Xanh 7Cm | B17: Kg | C17: 0
A18: Bông Cải Xanh Baby | B18: Vỉ | C18: 31 | D18: 6000 | E18: =+D18*C18 -> 186000
A19: Cà Chua Beef | B19: Kg | C19: 60 | D19: 16000 | E19: =+D19*C19 -> 960000
A20: Cà Chua Beef | B20: Vỉ | C20: 0
A21: Cà Chua Beef | B21: Vỉ 650gr | C21: 0
A22: Cà Chua Beef Trung | B22: Kg | C22: 65 | D22: 18000 | E22: =+D22*C22 -> 1170000
A23: Cà Chua Beef Trung | B23: Vỉ 500gr | C23: 0
A24: Cà Chua Bi Đỏ | B24: Kg | C24: 0
A25: Cà Chua Bi Đỏ | B25: Hộp 300gr | C25: 64.5 | D25: 45000 | E25: =+D25*C25 -> 2902500
A26: Cà Chua Bi Mix | B26: Hộp | C26: 25 | D26: 13500 | E26: =+D26*C26 -> 337500
A27: Cà Chua Socola | B27: Kg | C27: 0
A28: Cà Chua Socola | B28: Hộp 250GR | C28: 300 | D28: 11000 | E28: =+D28*C28 -> 3300000
A29: Cà Chua Thường | B29: Kg | C29: 90 | D29: 22000 | E29: =+D29*C29 -> 1980000
A30: Cà Chua Thường | B30: Vỉ | C30: 400 | D30: 18000 | E30: =+D30*C30 -> 7200000
A31: Cà Chua Thường Trung | B31: Túi | C31: =180+240 -> 420 | D31: 13000 | E31: =+D31*C31 -> 5460000
A32: Cà Rốt | B32: Kg | C32: 0
A33: Cà Rốt | B33: Túi | C33: 0
A34: Cà Rốt Baby | B34: Vỉ | C34: 8 | D34: 8000 | E34: =+D34*C34 -> 64000
A35: Cà Tím | B35: Kg | C35: 120 | D35: 8000 | E35: =+D35*C35 -> 960000
A36: Cà Tím | B36: Cặp | C36: 0
A37: Cải Bó Xôi | B37: Kg | C37: 15 | D37: 22000 | E37: =+D37*C37 -> 330000
A38: Cải Bó Xôi | B38: Túi | C38: 0
A39: Cải Cầu Vồng | B39: Túi | C39: 34 | D39: 5000 | E39: =+D39*C39 -> 170000
A40: Cải Kale | B40: Kg | C40: 10 | D40: 12900 | E40: =+D40*C40 -> 129000
A41: Cải Kale | B41: Túi | C41: 32 | D41: 4300 | E41: =+D41*C41 -> 137600
A42: Cải Thảo | B42: Kg | C42: 0
A43: Cải Thảo Kim Chi | B43: Kg | C43: 30 | D43: 4000 | E43: =+D43*C43 -> 120000
A44: Cần Tây | B44: Cây | C44: 0
A45: Cần Tây | B45: Kg | C45: 35 | D45: 18000 | E45: =+D45*C45 -> 630000
A46: Chuối Laba | B46: Kg | C46: 40 | D46: 14000 | E46: =+D46*C46 -> 560000
A47: Củ Cải Đỏ | B47: Hộp | C47: 0
A48: Củ Cải Đỏ | B48: Kg | C48: 50 | D48: 35000 | E48: =+D48*C48 -> 1750000
A49: Củ Cải Muối | B49: Kg | C49: 2 | D49: 16000 | E49: =+D49*C49 -> 32000
A50: Củ Cải Trắng | B50: Kg | C50: 0
A51: Củ Dền | B51: Kg | C51: 40 | D51: 11000 | E51: =+D51*C51 -> 440000
A52: Củ Dền | B52: Túi | C52: 0
A53: Củ Gừng | B53: Kg | C53: 7 | D53: 18000 | E53: =+D53*C53 -> 126000
A54: Củ Hành Tây | B54: Kg | C54: 295 | D54: 10000 | E54: =+D54*C54 -> 2950000
A55: Củ Hành Tây | B55: Túi 300gr | C55: 0
A56: Củ Hành Tây Trung | B56: Túi | C56: 380 | D56: 2400 | E56: =+D56*C56 -> 912000
A57: Củ Khoai Lang Mật Size 23 | B57: Kg | C57: 620 | D57: 28000 | E57: =+D57*C57 -> 17360000
A58: Củ Khoai Lang Mật Size 46 | B58: Kg | C58: 2250 | D58: 28000 | E58: =+D58*C58 -> 63000000
A59: Củ Khoai Lang Mật Size 46 | B59: Túi | C59: 0
A60: Củ Khoai Lang Mật XÔ | B60: Kg | C60: 450 | D60: 27000 | E60: =+D60*C60 -> 12150000
A61: Củ Khoai Lang Nhật | B61: Kg | C61: 330 | D61: 16000 | E61: =+D61*C61 -> 5280000
A62: Củ Khoai Mỡ | B62: Kg | C62: 8 | D62: 24000 | E62: =+D62*C62 -> 192000
A63: Củ Khoai Sâm | B63: Kg | C63: 0
A64: Củ Khoai Tây Bi Vàng | B64: Túi | C64: 0
A65: Củ Khoai Tây Vàng | B65: Kg | C65: 0
A66: Củ Khoai Tây Vàng | B66: Túi | C66: 0
A67: Củ Khoai Tây Vàng Trung | B67: Túi | C67: 280 | D67: 14000 | E67: =+D67*C67 -> 3920000
A68: Củ Su Hào | B68: Kg | C68: 0
A69: Đậu Cove Nhật | B69: Túi | C69: 0
A70: Đậu Cove Trắng | B70: Kg | C70: 0
A71: Đậu Cove Trắng | B71: Túi 500gr | C71: 0
A72: Đậu Đỏ | B72: Kg | C72: 3 | D72: 80000 | E72: =+D72*C72 -> 240000
A73: Đậu Ngự | B73: Kg | C73: 3 | D73: 70000 | E73: =+D73*C73 -> 210000
A74: Đậu Trắng | B74: Kg | C74: 3 | D74: 70000 | E74: =+D74*C74 -> 210000
A75: Dưa Leo Baby | B75: Kg | C75: 70 | D75: 6500 | E75: =+D75*C75 -> 455000
A76: Dưa Leo Baby | B76: Vỉ | C76: 525 | D76: 6500 | E76: =+D76*C76 -> 3412500
A77: Dưa Leo Nhật | B77: Kg | C77: 5 | D77: 18000 | E77: =+D77*C77 -> 90000
A78: Dưa Leo Thường | B78: Kg | C78: 11 | D78: 16000 | E78: =+D78*C78 -> 176000
A79: Hành Paro | B79: Cây | C79: 0
A80: Hành Paro | B80: Kg | C80: 0
A81: Hạt Dẻ Ngố | B81: Kg | C81: 0
A82: Lá Mè | B82: Túi | C82: 146 | D82: 3200 | E82: =+D82*C82 -> 467200
A83: Lá Mè | B83: Túi | C83: 0
A84: Lá Nha Đam | B84: Kg | C84: 5 | D84: 14000 | E84: =+D84*C84 -> 70000
A85: Ớt Chuông Ba Màu | B85: Vỉ | C85: 0
A86: Ớt Chuông Baby | B86: Hộp | C86: 0
A87: Ớt Chuông Baby | B87: Kg | C87: 5 | D87: 55000 | E87: =+D87*C87 -> 275000
A88: Ớt Chuông Đỏ | B88: Kg | C88: 83 | D88: 40000 | E88: =+D88*C88 -> 3320000
A89: Ớt Chuông Đỏ | B89: Trái | C89: 0
A90: Ớt Chuông Vàng | B90: Kg | C90: 0
A91: Ớt Chuông Vàng | B91: Trái | C91: 0
A92: Ớt Chuông Xanh | B92: Kg | C92: 0
A93: Ớt Chuông Xanh | B93: Trái | C93: 0
A94: Ớt Sweet Palemo | B94: Túi | C94: 20 | D94: 18000 | E94: =+D94*C94 -> 360000
A95: Rau Bầu Đất | B95: Túi | C95: 3 | D95: 35000 | E95: =+D95*C95 -> 105000
A96: Trái Bưởi Diễn | B96: Trái | C96: 370 | D96: 9000 | E96: =+D96*C96 -> 3330000
A97: Trái Bưởi Đường | B97: Trái | C97: 270 | D97: 11361 | E97: =+D97*C97 -> 3067470
A98: Trái Cam Canh | B98: Kg | C98: 0
A99: Trái Khổ Qua | B99: Kg | C99: 0
A100: Trái Su Su | B100: Kg | C100: 270 | D100: 8000 | E100: =+D100*C100 -> 2160000
...

Sheet 29.1
A2: Tên Sản phẩm VR | B2: ĐVT | C2: Tồn ĐL 現在個 | D2: Gía nhập | E2: Thành tiền
A3: Bắp Cải Tím | B3: Kg | C3: 15 | D3: =VLOOKUP(A3,'28.1'!A2:D108,4,0) -> 8000 | E3: =+D3*C3 -> 120000
A4: Bắp Cải Trái Tim | B4: Kg | C4: 100 | D4: =VLOOKUP(A4,'28.1'!A3:D109,4,0) -> 4000 | E4: =+D4*C4 -> 400000
A5: Bắp Cải Trắng | B5: Kg | C5: 930 | D5: =VLOOKUP(A5,'28.1'!A4:D110,4,0) -> 5500 | E5: =+D5*C5 -> 5115000
A6: Bí Đao Xanh | B6: Kg | C6: 21 | D6: =VLOOKUP(A6,'28.1'!A5:D111,4,0) -> 10000 | E6: =+D6*C6 -> 210000
A7: Bí Đỏ Hồ Lô | B7: Kg | C7: 130 | D7: =VLOOKUP(A7,'28.1'!A6:D112,4,0) -> 9500 | E7: =+D7*C7 -> 1235000
A8: Bí Đỏ Tròn | B8: Kg | C8: 1220 | D8: =VLOOKUP(A8,'28.1'!A7:D113,4,0) -> 11000 | E8: =+D8*C8 -> 13420000
A9: Bí Ngòi Vàng | B9: Kg | C9: 1 | D9: =VLOOKUP(A9,'28.1'!A8:D114,4,0) -> 15000 | E9: =+D9*C9 -> 15000
A10: Bí Ngòi Xanh | B10: Kg | C10: 245 | D10: =VLOOKUP(A10,'28.1'!A9:D115,4,0) -> 13000 | E10: =+D10*C10 -> 3185000
A11: Bí Ngòi Xanh | B11: Trái | C11: 0
A12: Bí Non Nhật | B12: Kg | C12: 85 | D12: =VLOOKUP(A12,'28.1'!A11:D117,4,0) -> 10000 | E12: =+D12*C12 -> 850000
A13: Bí Non Nhật | B13: Trái | C13: 0
A14: Bơ Booth | B14: Kg | C14: 0
A15: Bông Cải Trắng | B15: Kg | C15: 3 | D15: 12000 | E15: =+D15*C15 -> 36000
A16: Bông Cải Xanh 10Cm | B16: Kg | C16: 0
A17: Bông Cải Xanh 12Cm | B17: Kg | C17: 0
A18: Bông Cải Xanh 7Cm | B18: Kg | C18: 13 | D18: 22000 | E18: =+D18*C18 -> 286000
A19: Bông Cải Xanh Baby | B19: Vỉ | C19: 29 | D19: =VLOOKUP(A19,'28.1'!A18:D124,4,0) -> 6000 | E19: =+D19*C19 -> 174000
A20: Cà Chua Beef | B20: Kg | C20: 460 | D20: =VLOOKUP(A20,'28.1'!A19:D125,4,0) -> 16000 | E20: =+D20*C20 -> 7360000
A21: Cà Chua Beef | B21: Vỉ | C21: 0
A22: Cà Chua Beef | B22: Vỉ 650gr | C22: 0
A23: Cà Chua Beef Trung | B23: Kg | C23: 110 | D23: =VLOOKUP(A23,'28.1'!A22:D128,4,0) -> 18000 | E23: =+D23*C23 -> 1980000
A24: Cà Chua Beef Trung | B24: Vỉ 500gr | C24: 0
A25: Cà Chua Bi Đỏ | B25: Kg | C25: 4.5 | D25: =5400*3 -> 16200 | E25: =+D25*C25 -> 72900
A26: Cà Chua Bi Đỏ | B26: Hộp 300gr | C26: 140 | D26: 5400 | E26: =+D26*C26 -> 756000
A27: Cà Chua Bi Mix | B27: Hộp | C27: 22 | D27: =VLOOKUP(A27,'28.1'!A26:D132,4,0) -> 13500 | E27: =+D27*C27 -> 297000
A28: Cà Chua Bi Ngọc Bích | B28: Kg | C28: 24 | D28: 45000 | E28: =+D28*C28 -> 1080000
A29: Cà Chua Socola | B29: Kg | C29: 0
A30: Cà Chua Socola | B30: Hộp 250GR | C30: 87 | D30: 12000 | E30: =+D30*C30 -> 1044000
A31: Cà Chua Thường | B31: Kg | C31: 840 | D31: =VLOOKUP(A31,'28.1'!A30:D136,4,0) -> 18000 | E31: =+D31*C31 -> 15120000
A32: Cà Chua Thường | B32: Vỉ | C32: 0
A33: Cà Chua Thường Trung | B33: Túi | C33: 335 | D33: 13000 | E33: =+D33*C33 -> 4355000
A34: Cà Rốt | B34: Kg | C34: 220 | D34: 10000 | E34: =+D34*C34 -> 2200000
A35: Cà Rốt | B35: Túi | C35: 0
A36: Cà Rốt Baby | B36: Vỉ | C36: 6 | D36: 8000 | E36: =+D36*C36 -> 48000
A37: Cà Tím | B37: Kg | C37: 177 | D37: 8000 | E37: =+D37*C37 -> 1416000
A38: Cà Tím | B38: Cặp | C38: 0
A39: Cải Bó Xôi | B39: Kg | C39: 20 | D39: 22000 | E39: =+D39*C39 -> 440000
A40: Cải Bó Xôi | B40: Túi | C40: 0
A41: Cải Cầu Vồng | B41: Túi | C41: 34 | D41: 8000 | E41: =+D41*C41 -> 272000
A42: Cải Kale | B42: Kg | C42: 10 | D42: =4300*3 -> 12900 | E42: =+D42*C42 -> 129000
A43: Cải Kale | B43: Túi | C43: 37 | D43: 4300 | E43: =+D43*C43 -> 159100
A44: Cải Thảo | B44: Kg | C44: 0
A45: Cần Tây | B45: Cây | C45: 0
A46: Cần Tây | B46: Kg | C46: 0
A47: Chuối Laba | B47: Kg | C47: 60 | D47: =VLOOKUP(A47,'28.1'!A46:D152,4,0) -> 14000 | E47: =+D47*C47 -> 840000
A48: Củ Cải Đỏ | B48: Hộp | C48: 32 | D48: 12000 | E48: =+D48*C48 -> 384000
A49: Củ Cải Muối | B49: Kg | C49: 2 | D49: =VLOOKUP(A49,'28.1'!A48:D154,4,0) -> 16000 | E49: =+D49*C49 -> 32000
A50: Củ Cải Trắng | B50: Kg | C50: 50 | D50: 6500 | E50: =+D50*C50 -> 325000
A51: Củ Dền | B51: Kg | C51: 66 | D51: =VLOOKUP(A51,'28.1'!A50:D156,4,0) -> 11000 | E51: =+D51*C51 -> 726000
A52: Củ Dền | B52: Túi | C52: 0
A53: Củ Gừng | B53: Kg | C53: 11 | D53: =VLOOKUP(A53,'28.1'!A52:D158,4,0) -> 18000 | E53: =+D53*C53 -> 198000
A54: Củ Hành Tây | B54: Kg | C54: 380 | D54: =VLOOKUP(A54,'28.1'!A53:D159,4,0) -> 10000 | E54: =+D54*C54 -> 3800000
A55: Củ Hành Tây | B55: Túi 300gr | C55: 0
A56: Củ Hành Tây Trung | B56: Túi | C56: 360 | D56: =VLOOKUP(A56,'28.1'!A55:D161,4,0) -> 2400 | E56: =+D56*C56 -> 864000
A57: Củ Khoai Lang Mật Size 23 | B57: Kg | C57: 820 | D57: =VLOOKUP(A57,'28.1'!A56:D162,4,0) -> 28000 | E57: =+D57*C57 -> 22960000
A58: Củ Khoai Lang Mật Size 46 | B58: Kg | C58: 2230 | D58: =VLOOKUP(A58,'28.1'!A57:D163,4,0) -> 28000 | E58: =+D58*C58 -> 62440000
A59: Củ Khoai Lang Mật Size 46 | B59: Túi | C59: 0
A60: Củ Khoai Lang Mật xô | B60: Kg | C60: 450 | D60: =VLOOKUP(A60,'28.1'!A59:D165,4,0) -> 27000 | E60: =+D60*C60 -> 12150000
A61: Củ Khoai Lang Nhật | B61: Kg | C61: 310 | D61: =VLOOKUP(A61,'28.1'!A60:D166,4,0) -> 16000 | E61: =+D61*C61 -> 4960000
A62: Củ Khoai Mỡ | B62: Kg | C62: 17 | D62: =VLOOKUP(A62,'28.1'!A61:D167,4,0) -> 24000 | E62: =+D62*C62 -> 408000
A63: Củ Khoai Sâm | B63: Kg | C63: 0
A64: Củ Khoai Tây Bi Vàng | B64: Túi | C64: 0
A65: Củ Khoai Tây Vàng | B65: Kg | C65: 0
A66: Củ Khoai Tây Vàng | B66: Túi | C66: 0
A67: Củ Khoai Tây Vàng Trung | B67: Túi | C67: 220 | D67: =VLOOKUP(A67,'28.1'!A66:D172,4,0) -> 14000 | E67: =+D67*C67 -> 3080000
A68: Củ Su Hào | B68: Kg | C68: 6 | D68: 13000 | E68: =+D68*C68 -> 78000
A69: Đậu Cove Nhật | B69: Túi | C69: 12 | D69: 6000 | E69: =+D69*C69 -> 72000
A70: Đậu Cove Trắng | B70: Kg | C70: 0
A71: Đậu Cove Trắng | B71: Túi 500gr | C71: 43 | D71: 13000 | E71: =+D71*C71 -> 559000
A72: Đậu Đỏ | B72: Kg | C72: 3 | D72: =VLOOKUP(A72,'28.1'!A71:D177,4,0) -> 80000 | E72: =+D72*C72 -> 240000
A73: Đậu Ngự | B73: Kg | C73: 3 | D73: =VLOOKUP(A73,'28.1'!A72:D178,4,0) -> 70000 | E73: =+D73*C73 -> 210000
A74: Đậu Trắng | B74: Kg | C74: 3 | D74: =VLOOKUP(A74,'28.1'!A73:D179,4,0) -> 70000 | E74: =+D74*C74 -> 210000
A75: Dưa Leo Baby | B75: Kg | C75: 140 | D75: =VLOOKUP(A75,'28.1'!A74:D180,4,0) -> 6500 | E75: =+D75*C75 -> 910000
A76: Dưa Leo Baby | B76: Vỉ | C76: 930 | D76: =VLOOKUP(A76,'28.1'!A75:D181,4,0) -> 6500 | E76: =+D76*C76 -> 6045000
A77: Dưa Leo Nhật | B77: Kg | C77: 5 | D77: =VLOOKUP(A77,'28.1'!A76:D182,4,0) -> 18000 | E77: =+D77*C77 -> 90000
A78: Dưa Leo Thường | B78: Kg | C78: 63 | D78: =VLOOKUP(A78,'28.1'!A77:D183,4,0) -> 16000 | E78: =+D78*C78 -> 1008000
A79: Hành Paro | B79: Cây | C79: 0
A80: Hành Paro | B80: Kg | C80: 0
A81: Hạt Dẻ Ngố | B81: Kg | C81: 820 | D81: 27600 | E81: =+D81*C81 -> 22632000
A82: Lá Mè | B82: Túi | C82: 0
A83: Lá Nha Đam | B83: Kg | C83: 0
A84: Ớt Chuông Ba Màu | B84: Vỉ | C84: 0
A85: Ớt Chuông Baby | B85: Hộp | C85: 0
A86: Ớt Chuông Baby | B86: Kg | C86: 5 | D86: 50000 | E86: =+D86*C86 -> 250000
A87: Ớt Chuông Đỏ | B87: Kg | C87: 0
A88: Ớt Chuông Đỏ | B88: Trái | C88: 0
A89: Ớt Chuông Vàng | B89: Kg | C89: 0
A90: Ớt Chuông Vàng | B90: Trái | C90: 0
A91: Ớt Chuông Xanh | B91: Kg | C91: 120 | D91: 30000 | E91: =+D91*C91 -> 3600000
A92: Ớt Chuông Xanh | B92: Trái | C92: 0
A93: Ớt Sweet Palemo | B93: Kg | C93: 250 | D93: =VLOOKUP(A93,'28.1'!A92:D198,4,0) -> 18000 | E93: =+D93*C93 -> 4500000
A94: Ớt Sweet Palemo | B94: Túi | C94: 27 | D94: =VLOOKUP(A94,'28.1'!A93:D199,4,0) -> 18000 | E94: =+D94*C94 -> 486000
A95: Rau Bầu Đất | B95: Túi | C95: 6 | D95: =VLOOKUP(A95,'28.1'!A94:D200,4,0) -> 35000 | E95: =+D95*C95 -> 210000
A96: Trái Bưởi Diễn | B96: Trái | C96: 370 | D96: =VLOOKUP(A96,'28.1'!A95:D201,4,0) -> 9000 | E96: =+D96*C96 -> 3330000
A97: Trái Bưởi Đường | B97: Trái | C97: 270 | D97: =VLOOKUP(A97,'28.1'!A96:D202,4,0) -> 11361 | E97: =+D97*C97 -> 3067470
A98: Trái Bưởi Tiến Vua | B98: Trái | C98: 53 | D98: 100000 | E98: =+D98*C98 -> 5300000
A99: Trái Cam Canh | B99: Kg | C99: 0
A100: Trái Khổ Qua | B100: Kg | C100: 19 | D100: 32000 | E100: =+D100*C100 -> 608000
A101: Trái Phật Thủ | B101: Trái | C101: 21 | D101: 26000 | E101: =+D101*C101 -> 546000
...

Sheet 30.1
A1: Tên Sản phẩm VR | B1: ĐVT | C1: Tồn ĐL 現在個 | D1: Gía nhập | E1: Thành tiền
A2: Bắp Cải Tím | B2: Kg | C2: 14 | D2: =VLOOKUP(A2,'[1]SỔ CHI TIẾT MUA HÀNG'!$A$5:$C$82,3,0) -> 8000 | E2: =+D2*C2 -> 112000
A3: Bắp Cải Trái Tim | B3: Kg | C3: 740 | D3: =VLOOKUP(A3,'[1]SỔ CHI TIẾT MUA HÀNG'!$A$5:$C$82,3,0) -> 4000 | E3: =+D3*C3 -> 2960000
A4: Bắp Cải Trắng | B4: Kg | C4: 1214 | D4: =VLOOKUP(A4,'[1]SỔ CHI TIẾT MUA HÀNG'!$A$5:$C$82,3,0) -> 6000 | E4: =+D4*C4 -> 7284000
A5: Bí Đao Xanh | B5: Kg | C5: 18 | D5: =VLOOKUP(A5,'[1]SỔ CHI TIẾT MUA HÀNG'!$A$5:$C$82,3,0) -> 10000 | E5: =+D5*C5 -> 180000
A6: Bí Đỏ Hồ Lô | B6: Kg | C6: 85 | D6: 9500 | E6: =+D6*C6 -> 807500
A7: Bí Đỏ Tròn | B7: Kg | C7: 1025 | D7: 11000 | E7: =+D7*C7 -> 11275000
A8: Bí Ngòi Vàng | B8: Kg | C8: 1 | D8: 15000 | E8: =+D8*C8 -> 15000
A9: Bí Ngòi Xanh | B9: Kg | C9: 363 | D9: =VLOOKUP(A9,'[1]SỔ CHI TIẾT MUA HÀNG'!$A$5:$C$82,3,0) -> 13000 | E9: =+D9*C9 -> 4719000
A10: Bí Ngòi Xanh | B10: Trái | C10: 0
A11: Bí Non Nhật | B11: Kg | C11: 115 | D11: =VLOOKUP(A11,'[1]SỔ CHI TIẾT MUA HÀNG'!$A$5:$C$82,3,0) -> 15000 | E11: =+D11*C11 -> 1725000
A12: Bí Non Nhật | B12: Trái | C12: 0
A13: Bơ Booth | B13: Kg | C13: 0
A14: Bông Cải Trắng | B14: Kg | C14: 29 | D14: =VLOOKUP(A14,'[1]SỔ CHI TIẾT MUA HÀNG'!$A$5:$C$82,3,0) -> 12000 | E14: =+D14*C14 -> 348000
A15: Bông Cải Xanh 10Cm | B15: Kg | C15: 8 | D15: 10000 | E15: =+D15*C15 -> 80000
A16: Bông Cải Xanh 12Cm | B16: Cây | C16: 190 | D16: =VLOOKUP(A16,'[1]SỔ CHI TIẾT MUA HÀNG'!$A$5:$C$82,3,0) -> 10000 | E16: =+D16*C16 -> 1900000
A17: Bông Cải Xanh 7Cm | B17: Kg | C17: 60 | D17: =VLOOKUP(A17,'[1]SỔ CHI TIẾT MUA HÀNG'!$A$5:$C$82,3,0) -> 25000 | E17: =+D17*C17 -> 1500000
A18: Bông Cải Xanh Baby | B18: Vỉ | C18: 29 | D18: =VLOOKUP(A18,'[1]SỔ CHI TIẾT MUA HÀNG'!$A$5:$C$82,3,0) -> 25000 | E18: =+D18*C18 -> 725000
A19: Cà Chua Beef | B19: Kg | C19: 595 | D19: =VLOOKUP(A19,'[1]SỔ CHI TIẾT MUA HÀNG'!$A$5:$C$82,3,0) -> 22000 | E19: =+D19*C19 -> 13090000
A20: Cà Chua Beef | B20: Vỉ | C20: 0
A21: Cà Chua Beef Trung | B21: Kg | C21: 100 | D21: =VLOOKUP(A21,'[1]SỔ CHI TIẾT MUA HÀNG'!$A$5:$C$82,3,0) -> 17000 | E21: =+D21*C21 -> 1700000
A22: Cà Chua Beef Trung | B22: Vỉ 500gr | C22: 0
A23: Cà Chua Bi Đỏ | B23: Kg | C23: 4.5 | D23: 17000 | E23: =+D23*C23 -> 76500
A24: Cà Chua Bi Đỏ | B24: Hộp 300gr | C24: 220 | D24: =VLOOKUP(A24,'[1]SỔ CHI TIẾT MUA HÀNG'!$A$5:$C$82,3,0) -> 5400 | E24: =+D24*C24 -> 1188000
A25: Cà Chua Bi Mix | B25: Hộp | C25: 22 | D25: 12000 | E25: =+D25*C25 -> 264000
A26: Cà Chua Socola | B26: Kg | C26: 0
A27: Cà Chua Socola | B27: Hộp 250GR | C27: 0
A28: Cà Chua Thường | B28: Kg | C28: 240 | D28: 18000 | E28: =+D28*C28 -> 4320000
A29: Cà Chua Thường | B29: Vỉ | C29: 0
A30: Cà Chua Thường Trung | B30: Túi | C30: 500 | D30: 13000 | E30: =+D30*C30 -> 6500000
A31: Cà Rốt | B31: Kg | C31: 595 | D31: =VLOOKUP(A31,'[1]SỔ CHI TIẾT MUA HÀNG'!$A$5:$C$82,3,0) -> 10000 | E31: =+D31*C31 -> 5950000
A32: Cà Rốt | B32: Túi | C32: 0
A33: Cà Rốt Baby | B33: Vỉ | C33: 6 | D33: 8000 | E33: =+D33*C33 -> 48000
A34: Cà Tím | B34: Kg | C34: 240 | D34: =VLOOKUP(A34,'[1]SỔ CHI TIẾT MUA HÀNG'!$A$5:$C$82,3,0) -> 8000 | E34: =+D34*C34 -> 1920000
A35: Cà Tím | B35: Cặp | C35: 0
A36: Cải Bó Xôi | B36: Kg | C36: 25 | D36: =VLOOKUP(A36,'[1]SỔ CHI TIẾT MUA HÀNG'!$A$5:$C$82,3,0) -> 22000 | E36: =+D36*C36 -> 550000
A37: Cải Bó Xôi | B37: Túi | C37: 0
A38: Cải Cầu Vồng | B38: Túi | C38: 34 | D38: 8000 | E38: =+D38*C38 -> 272000
A39: Cải Kale | B39: Kg | C39: 10 | D39: =VLOOKUP(A39,'[1]SỔ CHI TIẾT MUA HÀNG'!$A$5:$C$82,3,0) -> 25000 | E39: =+D39*C39 -> 250000
A40: Cải Kale | B40: Túi | C40: 37 | D40: =VLOOKUP(A40,'[1]SỔ CHI TIẾT MUA HÀNG'!$A$5:$C$82,3,0) -> 25000 | E40: =+D40*C40 -> 925000
A41: Cải Thảo | B41: Kg | C41: 0
A42: Cần Tây | B42: Cây | C42: 0
A43: Cần Tây | B43: Kg | C43: 62 | D43: =VLOOKUP(A43,'[1]SỔ CHI TIẾT MUA HÀNG'!$A$5:$C$82,3,0) -> 19000 | E43: =+D43*C43 -> 1178000
A44: Chuối Laba | B44: Kg | C44: 61 | D44: =VLOOKUP(A44,'[1]SỔ CHI TIẾT MUA HÀNG'!$A$5:$C$82,3,0) -> 14000 | E44: =+D44*C44 -> 854000
A45: Củ Cải Đỏ | B45: Hộp | C45: 32 | D45: 11000 | E45: =+D45*C45 -> 352000
A46: Củ Cải Trắng | B46: Kg | C46: 45 | D46: =VLOOKUP(A46,'[1]SỔ CHI TIẾT MUA HÀNG'!$A$5:$C$82,3,0) -> 7000 | E46: =+D46*C46 -> 315000
A47: Củ Dền | B47: Kg | C47: 127 | D47: =VLOOKUP(A47,'[1]SỔ CHI TIẾT MUA HÀNG'!$A$5:$C$82,3,0) -> 11000 | E47: =+D47*C47 -> 1397000
A48: Củ Dền | B48: Túi | C48: 0
A49: Củ Gừng | B49: Kg | C49: 10 | D49: =VLOOKUP(A49,'[1]SỔ CHI TIẾT MUA HÀNG'!$A$5:$C$82,3,0) -> 18000 | E49: =+D49*C49 -> 180000
A50: Củ Hành Tây | B50: Kg | C50: 640 | D50: =VLOOKUP(A50,'[1]SỔ CHI TIẾT MUA HÀNG'!$A$5:$C$82,3,0) -> 9500 | E50: =+D50*C50 -> 6080000
A51: Củ Hành Tây | B51: Túi 300gr | C51: 0
A52: Củ Hành Tây Trung | B52: Túi | C52: 260 | D52: =7000*0.3 -> 2100 | E52: =+D52*C52 -> 546000
A53: Củ Khoai Lang Mật Size 23 | B53: Kg | C53: 700 | D53: 28000 | E53: =+D53*C53 -> 19600000
